{
    "train_loss": [
        0.3247382156550884,
        0.14812894893327244,
        0.13143369927140022,
        0.10446925875213411,
        0.08706954968403335,
        0.10630631669320995,
        0.07253111370287284,
        0.06073704637216266,
        0.07867939602066246,
        0.07234604834768645,
        0.061160337912884576,
        0.07887117863261935,
        0.06329249104277955,
        0.052127631553621205,
        0.042212422379870315,
        0.05710217321972811,
        0.04009816137194219,
        0.04796709518672691,
        0.04998855582649681,
        0.02991651431053739,
        0.04480906007207792,
        0.033714168959435215,
        0.03667351542861542,
        0.07897762296704093,
        0.03270112222095055,
        0.030512085616700695,
        0.01962206883386157,
        0.03014112627069052,
        0.032389877871739574,
        0.0257677284462261,
        0.03213821402298183,
        0.041638332899849584,
        0.02878228627135589,
        0.02347020357976564,
        0.014507371508106761,
        0.01821062913438288,
        0.04152630201295122,
        0.06525371341612535,
        0.04143231386357608,
        0.019353408016117842,
        0.01977955974925189,
        0.023383398268143302,
        0.014980128370182312,
        0.023092372927446075,
        0.036665198254114434,
        0.02067464968045156,
        0.020830988872654013,
        0.03794037921141825,
        0.021005683085537318,
        0.011532426089009581
    ],
    "val_loss": [
        0.14259106020576187,
        0.13657050265464932,
        0.09949274444287377,
        0.08499920030590147,
        0.09085205045994371,
        0.07796066776583237,
        0.07395211472508631,
        0.16746621738587106,
        0.1182804557361773,
        0.10295760633224356,
        0.09873036012452628,
        0.08513086979343955,
        0.10083559803648054,
        0.11303658937062469,
        0.10562823107466102,
        0.07982836073331002,
        0.1160147040749767,
        0.09661355619859283,
        0.07607572570123011,
        0.07577901268086862,
        0.12549515579926915,
        0.08108858515489763,
        0.4560211611346209,
        0.09655396501018133,
        0.07307595583759914,
        0.07824551858149269,
        0.08665219853511578,
        0.07232214012193643,
        0.08533497044637832,
        0.08057324658667701,
        0.19251197245570698,
        0.07890477007770512,
        0.08178500076194593,
        0.08306444791066626,
        0.084511481422721,
        0.11537675076085309,
        0.14480205757250328,
        0.09842729116124767,
        0.08324017088619128,
        0.11182457848501924,
        0.09794721383618057,
        0.14436695496676424,
        0.1156043380823186,
        0.11536199459806085,
        0.09021044375549536,
        0.12830345856283593,
        0.09406916774807021,
        0.11903525933822882,
        0.09878961772873092,
        0.08662988501496979
    ],
    "val_mcc": [
        0.8514557945660641,
        0.8688194756092978,
        0.9021401023934638,
        0.9221551409695049,
        0.8967976407972307,
        0.9195935176463644,
        0.930683219235419,
        0.8675263054619701,
        0.8750443868253742,
        0.889425245090578,
        0.8985801861076314,
        0.9253748706539908,
        0.8911796089521103,
        0.899273055594255,
        0.9018985790989862,
        0.9144196405512544,
        0.9052286565139813,
        0.9081729306547374,
        0.9298847321434731,
        0.9426374713345209,
        0.9078633954741174,
        0.9369246258352335,
        0.7877662592550724,
        0.9107559064989981,
        0.9231303325485058,
        0.9495973855605748,
        0.9357321688709929,
        0.9354358123278493,
        0.9203471597085752,
        0.9499630784679511,
        0.8703941964181476,
        0.9313418053554864,
        0.9052994856638014,
        0.9499163107367199,
        0.9499163107367199,
        0.9190216598398231,
        0.8855438227375434,
        0.9386879267923373,
        0.9257017316334207,
        0.9211590482306524,
        0.9437332850832514,
        0.928722570603339,
        0.9335834563731298,
        0.936393991397048,
        0.9499163107367199,
        0.9282886225275239,
        0.9225574375604702,
        0.939248949727991,
        0.9226647978696558,
        0.9499163107367199
    ],
    "val_auroc": [
        0.989388197036956,
        0.9910776852710018,
        0.9941213628974485,
        0.996007247066117,
        0.9960252176516174,
        0.9966069467569958,
        0.9969864069843415,
        0.9955955328576399,
        0.9967267471837596,
        0.9964091596846582,
        0.9964636545565918,
        0.9961207119957566,
        0.9951702194041335,
        0.9961177185531541,
        0.9955252366039385,
        0.9971523960093389,
        0.9961515748391733,
        0.996953221275858,
        0.9967367665607917,
        0.9968815702940187,
        0.9956601709782854,
        0.9966556693874687,
        0.9893193495934188,
        0.9965592530792519,
        0.9968434468460489,
        0.9967435646116304,
        0.9963740131294831,
        0.995858950926996,
        0.9971756595661678,
        0.997186711539111,
        0.99451678321418,
        0.9976112171369452,
        0.9966295163999478,
        0.9967243269267053,
        0.9967435579917074,
        0.9963571857717276,
        0.9943283581811847,
        0.9966018518796038,
        0.9970809532179313,
        0.997221834924555,
        0.996613027724227,
        0.995130444001853,
        0.9965813470952538,
        0.9946019522656476,
        0.9971712784624218,
        0.9963278212212879,
        0.997233238819379,
        0.99670725182559,
        0.997357549269816,
        0.9971338257585981
    ]
}