{
    "train_loss": [
        0.4260396122656487,
        0.16873198194015357,
        0.12825473284141886,
        0.10926917838622574,
        0.1022290695734598,
        0.11148815560672018,
        0.11426697175570384,
        0.1483840928585441,
        0.09348983350382359,
        0.07125908962916583,
        0.0764245558357625,
        0.05063385878586107,
        0.058785784437970036,
        0.04834871832281351,
        0.05814342312859716,
        0.048738379628587236,
        0.054456507690095655,
        0.04819728465992267,
        0.056282396372235206,
        0.0708691756568711,
        0.047688144632114994,
        0.03271657154416769,
        0.037472076174001105,
        0.02851869108983212,
        0.03319848121113696,
        0.040967288471114846,
        0.04241240482089644,
        0.027391680702513205,
        0.03173680847814669,
        0.03491236086712753,
        0.026843498826497968,
        0.048921163359881135,
        0.024435074113878526,
        0.02832096774266204,
        0.02153924661817857,
        0.03178936060295975,
        0.0423916997538914,
        0.07064275854780269,
        0.03305970781393289,
        0.021202105712964787,
        0.03183678439193129,
        0.03155308607879474,
        0.019732614108997275,
        0.016270226644539636,
        0.021982140613006237,
        0.018586447013620746,
        0.020694470083846547,
        0.020710237765645918,
        0.014963762458743682,
        0.015362107635020814
    ],
    "val_loss": [
        0.19567716547421046,
        0.12588342467123376,
        0.11383726367993015,
        0.14966036720267897,
        0.11401183101614672,
        0.12386223148288471,
        0.10207729602864545,
        0.09978721784760378,
        0.09312560540690486,
        0.08097490769536567,
        0.08212036775200561,
        0.096474811592738,
        0.08115519151760964,
        0.11965513309197766,
        0.0910371609622546,
        0.16371265881960945,
        0.07528291152474205,
        0.08706837225430977,
        0.08255163298053958,
        0.08116599883630572,
        0.0808388509238804,
        0.09536576574568503,
        0.06988356202366829,
        0.08495646182148318,
        0.12715001818599245,
        0.07908699732927614,
        0.08089710720482149,
        0.09997800590891918,
        0.15118483517692635,
        0.0816066189758463,
        0.15756749302298495,
        0.0726973518165843,
        0.09481657461115642,
        0.09923870022508449,
        0.0899604647337193,
        0.1140156502078753,
        0.12884913160814904,
        0.06061985432669254,
        0.11062975583938948,
        0.09950583639978763,
        0.09668701265971842,
        0.06629433963072577,
        0.09986069354324302,
        0.07625439718789753,
        0.0644756991615785,
        0.07932034854405044,
        0.0760209578896008,
        0.10193959642317298,
        0.07747953594818162,
        0.10153210310818395
    ],
    "val_mcc": [
        0.7940285570530793,
        0.8579405684911522,
        0.8990643345364333,
        0.8579024877598737,
        0.8955677736302834,
        0.8607251411096276,
        0.9053781986363997,
        0.9118017520266232,
        0.9057666834030637,
        0.9170052875198156,
        0.9108223650201687,
        0.9042019548996492,
        0.9238614538161016,
        0.9118017520266232,
        0.9171723843787567,
        0.8724583158504812,
        0.9490582409335285,
        0.936924476905459,
        0.9114315022359541,
        0.9490992219037092,
        0.943291732995032,
        0.9121461487363712,
        0.955425595901955,
        0.9618374039906638,
        0.8957861288693212,
        0.9555397605554034,
        0.936924476905459,
        0.9374064446803377,
        0.9135024732120542,
        0.9495349302066131,
        0.9170608595294929,
        0.9617849608539918,
        0.9429621648524545,
        0.9359133833962138,
        0.9617084932772507,
        0.9304313040915144,
        0.9078572393880098,
        0.9552005759561214,
        0.9263771656494149,
        0.9556672137091683,
        0.9376725186004047,
        0.9681677943821451,
        0.9377623979077317,
        0.9618374039906638,
        0.9620055488703331,
        0.9360426917915331,
        0.9619291608329114,
        0.9366296336550217,
        0.9619070362944399,
        0.9428052090773305
    ],
    "val_auroc": [
        0.9778432111116011,
        0.9893423736586824,
        0.9873613932520824,
        0.9910061674366878,
        0.9903761236599827,
        0.9911467890537208,
        0.9935631832916245,
        0.9920162826724073,
        0.9925036526055869,
        0.9945567373941079,
        0.9947817686412668,
        0.9938715678740181,
        0.9949123479126224,
        0.9934313770047369,
        0.9944568096416928,
        0.9838312725427881,
        0.9916281819992113,
        0.9928624590745948,
        0.9970686699031183,
        0.9950156018310651,
        0.9932699655905989,
        0.9907575349086649,
        0.992615390865807,
        0.9919871454069839,
        0.9915439725922065,
        0.9918942078918209,
        0.9922801390962498,
        0.9928952567198147,
        0.9890165657949762,
        0.9895645567956506,
        0.9852275694072423,
        0.993492952736486,
        0.9879205299527953,
        0.9864454727347177,
        0.9866624608822572,
        0.9865829234500688,
        0.9914717715830298,
        0.9941407596131476,
        0.9903813249129656,
        0.9913763767078402,
        0.9927365832457635,
        0.9932372447662328,
        0.9916948805085456,
        0.9944553019943196,
        0.9952783985792735,
        0.9939320753906663,
        0.9934574388192475,
        0.9943264910922146,
        0.9928547250881522,
        0.991130826443997
    ]
}