{
    "train_loss": [
        0.2785320095717907,
        0.1617910190726872,
        0.11873071906329305,
        0.09771668093485965,
        0.09080554869163919,
        0.09061922524469318,
        0.07740397750468994,
        0.06876759633801326,
        0.06882496424050596,
        0.0692752684570021,
        0.06715110406555512,
        0.055788185740648595,
        0.048582596458598144,
        0.052579432268868444,
        0.08727650321951066,
        0.04973150266731089,
        0.0385072677729315,
        0.033811667215087694,
        0.029456912542964682,
        0.041120178339446686,
        0.04487954938182762,
        0.028445490893689026,
        0.02594248980555373,
        0.04468755862419332,
        0.029536991605440294,
        0.03119581812973559,
        0.023042935509297254,
        0.045011619775862155,
        0.047348110028973746,
        0.03684338097944554,
        0.022849092591732862,
        0.01850529416131192,
        0.01667168042321363,
        0.020946941732728628,
        0.018489519530029846,
        0.01686871143034228,
        0.0305271772132848,
        0.018343535338940623,
        0.026983195633807487,
        0.014661690615866974,
        0.011093622251657373,
        0.007606707787932397,
        0.038442558615686184,
        0.031042676165119094,
        0.04853678466776467,
        0.024434594881313387,
        0.02107122028354314,
        0.012458761855668854,
        0.015501466885460238,
        0.0318666659079975
    ],
    "val_loss": [
        0.18748039000534586,
        0.20447850546666554,
        0.16655524018486695,
        0.15069123533820467,
        0.17619583324163354,
        0.16684390830674342,
        0.17654819009892112,
        0.23401288125231595,
        0.22768939068191685,
        0.1285710460672687,
        0.16389324337693065,
        0.1558966540282459,
        0.23065892878055042,
        0.1557609936987449,
        0.15243085729058034,
        0.17786128508929064,
        0.19763177013477876,
        0.1453933001196544,
        0.19358059093065094,
        0.1756576322597019,
        0.2182949666624024,
        0.18496747356506862,
        0.1944510838251777,
        0.17926850023962157,
        0.1904293031441609,
        0.19649800151403593,
        0.32043225955424404,
        0.14692160056438297,
        0.18816345013172914,
        0.1748730633033639,
        0.19279722247509717,
        0.20920000029043098,
        0.214879485032595,
        0.158531779049034,
        0.21617484760892175,
        0.2064888280548465,
        0.2254130318537396,
        0.27524523191758427,
        0.20412473577640153,
        0.22854201255852655,
        0.19545618167467183,
        0.2375984301279459,
        0.20199444659894134,
        0.17900258899550994,
        0.23722443935132884,
        0.19255933329571104,
        0.24911273094182565,
        0.24536054551500847,
        0.24168622590345226,
        0.22476189862572937
    ],
    "val_mcc": [
        0.8059184063353113,
        0.867508803519473,
        0.8750496755577462,
        0.911148103419508,
        0.8663059804151361,
        0.8869956889129308,
        0.88788845413387,
        0.8413681499826722,
        0.8755799884556972,
        0.9295488109949064,
        0.9169812168873911,
        0.9031759787881913,
        0.8732178854531233,
        0.8702455650426592,
        0.8989692377921862,
        0.9167834719722753,
        0.8957950369103493,
        0.9228496691463578,
        0.9230379654404941,
        0.9121327008355649,
        0.8768071825156415,
        0.9293333964057097,
        0.9020799266050081,
        0.9115283659918962,
        0.9288728399823153,
        0.9225574375604702,
        0.8681137130808858,
        0.9039154591005443,
        0.9225969462443023,
        0.9170970265855779,
        0.9116563412000178,
        0.9419196048165853,
        0.9289520198391132,
        0.935990776419827,
        0.9292151983159116,
        0.9355419105847878,
        0.9225574375604702,
        0.9089094745593781,
        0.9290599198446747,
        0.9154760059392018,
        0.9226647978696558,
        0.9226647978696558,
        0.9167395039030712,
        0.9296559373574403,
        0.9223010996629915,
        0.9167395039030712,
        0.9157309333698649,
        0.9290599198446747,
        0.8960358220314991,
        0.9289520198391132
    ],
    "val_auroc": [
        0.9836354216352406,
        0.98173744139812,
        0.9831073265867394,
        0.9861116303822094,
        0.9853895894457939,
        0.9858495353484039,
        0.9852151568689597,
        0.9860128929491744,
        0.9853023556541397,
        0.9875552200782826,
        0.9887760758315114,
        0.9887037342457571,
        0.9869967783177102,
        0.9895758175242407,
        0.9894163720201891,
        0.9868472177708795,
        0.9875591121486217,
        0.9894392441022087,
        0.9856770721411175,
        0.9889426884763367,
        0.9829003155380519,
        0.9886254801636646,
        0.9897451998228961,
        0.9904811987127548,
        0.9911973799456065,
        0.9882845348590976,
        0.985892565339178,
        0.9915304336210128,
        0.989185480414768,
        0.9903812420894692,
        0.9914077305237106,
        0.9921295940108154,
        0.9924061719412168,
        0.9928461709799045,
        0.991276037168716,
        0.9926845498188066,
        0.9904349027926491,
        0.9911392746311654,
        0.9894499573931176,
        0.9894009934725977,
        0.9918857926462036,
        0.9910676037895568,
        0.9901154847718486,
        0.9904253294195238,
        0.984814069892391,
        0.9881387086264543,
        0.988154557917396,
        0.9905944893364347,
        0.990360704372114,
        0.9905280810582546
    ]
}