{
    "train_loss": [
        0.3116119577790852,
        0.14325277809122647,
        0.12437838321137759,
        0.11431659870194616,
        0.10747154931434327,
        0.07694910807293598,
        0.08620110528405618,
        0.09538141858367319,
        0.09634806401165272,
        0.07362626083798844,
        0.06399427083993538,
        0.05852412896368791,
        0.055120642713046876,
        0.04601321514820921,
        0.06783650646469107,
        0.08312372289084899,
        0.051767050025605214,
        0.04286387631091876,
        0.03823531734653645,
        0.1047987744246644,
        0.03937938817910402,
        0.04518637453805207,
        0.036329505804503615,
        0.07040441158891621,
        0.03704773616509219,
        0.030077190363145847,
        0.027396678562783765,
        0.03544720513013157,
        0.059868540936063426,
        0.032974229693300675,
        0.022971888438472955,
        0.01755522910550806,
        0.032512249615845375,
        0.03032479717539563,
        0.027598071639658883,
        0.04181754439034396,
        0.06372524034695407,
        0.03541104112055446,
        0.017269510088091786,
        0.029734532140234176,
        0.04533525328830971,
        0.019409986258122243,
        0.01694867725260944,
        0.024119323622909614,
        0.021621638176535878,
        0.017241387319801207,
        0.021635431128541112,
        0.04465854775669329,
        0.0601528157319451,
        0.018757523990104715
    ],
    "val_loss": [
        0.13535859608756645,
        0.14257362828357145,
        0.21732433910282062,
        0.28604430708635065,
        0.07859122483724994,
        0.1510425937095923,
        0.10171875326029424,
        0.08841839263082615,
        0.09720917824389678,
        0.07581206325474861,
        0.10695251601282507,
        0.12490836168373269,
        0.07702945668383368,
        0.09571287724455553,
        0.10220479612637844,
        0.06940992438259334,
        0.12290533888153732,
        0.0828197781146238,
        0.1628628067638991,
        0.1003160319856501,
        0.07709687762378183,
        0.10643758465968338,
        0.07461511549315349,
        0.06405609984981961,
        0.06358460430055857,
        0.16491861482375367,
        0.07642244158029955,
        0.0913847532221033,
        0.1161619306076318,
        0.07690954271570913,
        0.08082059271068179,
        0.20949808979964604,
        0.07445150857425428,
        0.06898050743828728,
        0.1372872830335317,
        0.0954757956353985,
        0.10296740383845256,
        0.1147445082419186,
        0.08256687697732039,
        0.15485809311004622,
        0.08366032701035563,
        0.06508522511493149,
        0.1047824138908514,
        0.09813382988691696,
        0.1263767474447377,
        0.06105613908065217,
        0.05654002128202202,
        0.24951089247094518,
        0.12674307919431677,
        0.06686460881610401
    ],
    "val_mcc": [
        0.83569917315654,
        0.8069138720038894,
        0.7493521637425887,
        0.8088194191852605,
        0.8954806417672709,
        0.8661152608941722,
        0.887791007269195,
        0.8986363343893621,
        0.8821946859331128,
        0.9159289512738867,
        0.8959192878744725,
        0.9074330870251948,
        0.9284947187942449,
        0.9018016992877791,
        0.9228685714043462,
        0.9153584212719026,
        0.8881976462398651,
        0.9356331694406809,
        0.8701262039719959,
        0.9018980438319864,
        0.9426135727225636,
        0.9128919654532116,
        0.9361617863954883,
        0.9358891556075246,
        0.9423544847764458,
        0.8610028950910554,
        0.9360444151671204,
        0.8962934859587506,
        0.9065656693842445,
        0.9297743285836494,
        0.9375154353367039,
        0.8542928149601181,
        0.9423544847764458,
        0.9422119891182867,
        0.9105090497183366,
        0.9154011065023576,
        0.9164368642878314,
        0.9157176160533443,
        0.9287185125366232,
        0.8990787780411985,
        0.9028360219260827,
        0.9240571548775647,
        0.9247215566755996,
        0.9016986672652532,
        0.9224378454627347,
        0.9218291090953388,
        0.9550421304914171,
        0.8405495157066074,
        0.8748457137563067,
        0.929397701287664
    ],
    "val_auroc": [
        0.9876055302080093,
        0.991108559451331,
        0.9865114097146143,
        0.9767285181182999,
        0.99636137540146,
        0.9939715567991426,
        0.9950122739333072,
        0.9960672761994264,
        0.9956944669815088,
        0.9968177565788526,
        0.9960656472482362,
        0.994771437173111,
        0.9976271162439204,
        0.9952419494918292,
        0.9974507294403178,
        0.9976728323585548,
        0.9973593848397622,
        0.9973624112153701,
        0.994948958848212,
        0.9961840732537031,
        0.9976359793199716,
        0.9970895751705457,
        0.9986385003536227,
        0.9977668383396017,
        0.9984193065592367,
        0.9969325183975711,
        0.998619607970655,
        0.9974273517750837,
        0.9955192925816232,
        0.9970168271338129,
        0.9981466438689051,
        0.9966880571701648,
        0.9973698700804702,
        0.9979283784919094,
        0.9974089153259071,
        0.9976379567164706,
        0.9963880007059697,
        0.9975812400146394,
        0.9991096504834815,
        0.9966087969718535,
        0.9962208783831118,
        0.9991190999849269,
        0.9981422561452361,
        0.9975213248231253,
        0.9974558175311765,
        0.9983819909669389,
        0.9987433501171812,
        0.9948241729354722,
        0.9973732549978817,
        0.9987870012066034
    ]
}