{
    "train_loss": [
        0.3481732666216515,
        0.14257472687987266,
        0.12092750912739171,
        0.16138014778563822,
        0.13378547497645574,
        0.10084855497849209,
        0.08570721266894704,
        0.08135096820209313,
        0.10066957175041791,
        0.06928735242777125,
        0.06064765996955059,
        0.06488060771220329,
        0.06640619925369888,
        0.06117317058508181,
        0.05476959793250663,
        0.0500254265174994,
        0.04492366090158208,
        0.05769054699447696,
        0.03782653189005537,
        0.04236550057841534,
        0.06698850194354439,
        0.07609360458984694,
        0.05175142273030899,
        0.03784485934388444,
        0.05118700078714432,
        0.032205954592899176,
        0.02620588050706795,
        0.024094983435201424,
        0.033776332326750785,
        0.03584146185959172,
        0.04871487933538716,
        0.03234761316626747,
        0.02522090834746551,
        0.028164209075772238,
        0.025126688759579945,
        0.05997554701160105,
        0.07934702655378108,
        0.0198417257547758,
        0.021079055884372252,
        0.022827533385646314,
        0.025141382007320686,
        0.012875633548160462,
        0.010785428481573978,
        0.027779649497258814,
        0.01599816666216443,
        0.07692977507098543,
        0.03131970961408957,
        0.021835117736137128,
        0.015566186274453584,
        0.016211100595278874
    ],
    "val_loss": [
        0.15331779210828245,
        0.15174121497797646,
        0.21999093717230217,
        0.12473493029496499,
        0.14898999611614272,
        0.18494971292758627,
        0.0988098275847733,
        0.09676077333278954,
        0.08761304116342217,
        0.09143974138091185,
        0.11420274408633954,
        0.10818135578717504,
        0.13033991936078695,
        0.14413841492829046,
        0.1255198833366324,
        0.09753589039402348,
        0.11131123855843075,
        0.07891380073436137,
        0.08496421292407572,
        0.09245300518627378,
        0.10581645694245319,
        0.09413926593177686,
        0.08822604621361409,
        0.10069600686879962,
        0.0903798428231052,
        0.08865845263270396,
        0.12593995527380944,
        0.08725847941033342,
        0.1821047484221968,
        0.13754985161306518,
        0.11389149303431623,
        0.10347320143981571,
        0.08634754414379131,
        0.10818214795186318,
        0.144730593003,
        0.13148779520789894,
        0.08092237107380892,
        0.07500400298574407,
        0.1179503211923085,
        0.13927093276496244,
        0.10769327504801497,
        0.1398598462837981,
        0.11694790218150176,
        0.09125994151067321,
        0.1722512034549644,
        0.1225207532240477,
        0.08971897993719072,
        0.111462912708313,
        0.17057416698714536,
        0.15179612787324004
    ],
    "val_mcc": [
        0.8761414452810119,
        0.8273016449035425,
        0.7982126276711929,
        0.888691512178351,
        0.8678535376405645,
        0.873870609961732,
        0.896267719180852,
        0.9047984990672508,
        0.9154393513377098,
        0.9094154513977383,
        0.9026004893974875,
        0.9049458086328277,
        0.8957950369103493,
        0.9007381864506745,
        0.93033249611407,
        0.9156538354797992,
        0.8974195273759653,
        0.9359444682029826,
        0.922118061571763,
        0.9152555622909384,
        0.908765133825149,
        0.9302213284875165,
        0.9168130604834092,
        0.9369236660244137,
        0.9298593008213917,
        0.9223104209544747,
        0.9223344238281012,
        0.9293545080889019,
        0.9311819938892573,
        0.9154976236399632,
        0.9024907636711165,
        0.9369246258352335,
        0.921746003846786,
        0.9370941666858973,
        0.9080049235954974,
        0.8885446518595509,
        0.928597497952545,
        0.936236713441068,
        0.943666339512449,
        0.9176095138260627,
        0.9503273802640719,
        0.9370046839423127,
        0.9355770616615029,
        0.9119241837559133,
        0.9423932112356775,
        0.9172517501746873,
        0.9432840794678768,
        0.9237610739615173,
        0.9426878198483527,
        0.9556248109340362
    ],
    "val_auroc": [
        0.9903010400712363,
        0.9922606040039895,
        0.9887649909294884,
        0.9931043603742294,
        0.9910442830158402,
        0.9944875474190201,
        0.9965004035832646,
        0.9963271968166038,
        0.9962176206473418,
        0.997360098446798,
        0.9967907990456215,
        0.9976610997115811,
        0.9967993201296764,
        0.9969211045728626,
        0.9961742554471796,
        0.9976518716404134,
        0.9966594642324305,
        0.9985442795622211,
        0.997927866455382,
        0.9975126864873135,
        0.9968329352922588,
        0.9981757803691439,
        0.9982956882843902,
        0.9983310792729635,
        0.9969350393565747,
        0.997465485152938,
        0.9975966894745257,
        0.9968892671392043,
        0.9977682061409757,
        0.9956746658743098,
        0.9968540660549315,
        0.9972449136272935,
        0.9972196824372399,
        0.9969635960513422,
        0.9970654095094084,
        0.9964345379161222,
        0.9981939591450758,
        0.9985283740019328,
        0.9984440652656912,
        0.9982156334702529,
        0.9981167772118228,
        0.9982395876309971,
        0.9981931545993653,
        0.9968641434376332,
        0.9970371650169829,
        0.9982663336638353,
        0.9986726209328093,
        0.9971039145023027,
        0.9973137793569614,
        0.9970440803195787
    ]
}