{
    "train_loss": [
        0.5763670733129537,
        0.2437512376518161,
        0.1608600233922954,
        0.14239858829036908,
        0.12171773967781553,
        0.11171748972049465,
        0.09718484966153348,
        0.09905145420796341,
        0.1058854692167154,
        0.08268245543284272,
        0.0675832286770283,
        0.07757840317639488,
        0.0638538741213442,
        0.0701854759654789,
        0.09370520915318695,
        0.074594060441962,
        0.08689409023564723,
        0.0606589219532907,
        0.05333558220795735,
        0.048169252919723037,
        0.041497012695159624,
        0.031148071068821958,
        0.03865552625480901,
        0.03349547624519026,
        0.03930071864656552,
        0.03602240711916238,
        0.035115062642877025,
        0.04313964784335069,
        0.026820908764084044,
        0.020276616047205473,
        0.023232428510069708,
        0.03260550634607811,
        0.015855583443125296,
        0.019964948609143635,
        0.025434812100785267,
        0.04002948840692019,
        0.026027816263700113,
        0.04430220786404485,
        0.0543663768222797,
        0.023025548148089676,
        0.01580731752727405,
        0.01089176548433628,
        0.010290595804690383,
        0.010779058290171195,
        0.008852223138092086,
        0.008388117119870407,
        0.010558856912582458,
        0.029067970344503584,
        0.02453526161412743,
        0.022578433357584464
    ],
    "val_loss": [
        0.335581261664629,
        0.18203916613544738,
        0.16113839258572885,
        0.1549903507943132,
        0.13530564491104866,
        0.1208288323333753,
        0.1538129720138386,
        0.1231171130036403,
        0.11629813724929201,
        0.10892381688712963,
        0.1829352565442345,
        0.14292931135943426,
        0.09392000882819827,
        0.11085759093319732,
        0.1080947810800613,
        0.11601758346660063,
        0.12127789089156847,
        0.1509864445875532,
        0.08097856959128487,
        0.09073136657908824,
        0.0949024800710114,
        0.09912048335952152,
        0.09761436207086913,
        0.07981156617669123,
        0.15967519011714362,
        0.10270898672752082,
        0.16272648300426745,
        0.0808545916557445,
        0.09108793837367557,
        0.1067460258574491,
        0.07148398056493274,
        0.07790722039810914,
        0.17701620827054804,
        0.07531056287033218,
        0.09283938940747508,
        0.11131518364501451,
        0.07652916773388695,
        0.12758403235264787,
        0.06545591272463623,
        0.06114495865352053,
        0.06277969079591068,
        0.061613651261723135,
        0.07407693010463845,
        0.07366664582514204,
        0.0737856699810696,
        0.0756336234522418,
        0.09640096823984225,
        0.07006918219953409,
        0.07275537389796227,
        0.0945873411921119
    ],
    "val_mcc": [
        0.6411461665155447,
        0.824324222011908,
        0.8453664386095411,
        0.8363858048154149,
        0.8293309232536629,
        0.879099152947618,
        0.8566951940157062,
        0.8780129187261846,
        0.8706979827024268,
        0.8704304044793054,
        0.8222013498069595,
        0.8664313402127007,
        0.9099560636338652,
        0.8850724353825828,
        0.8846864241401172,
        0.8570816328496712,
        0.8635104528072272,
        0.8287397992590698,
        0.9302511443625332,
        0.9167841830968437,
        0.9298861879402808,
        0.917837613823698,
        0.9230802335714082,
        0.9239044162275546,
        0.8932476578434335,
        0.9042543373517536,
        0.873269986783266,
        0.9181402716093172,
        0.9099238349518283,
        0.9089173605391728,
        0.9300635170265665,
        0.9427488104808558,
        0.8748493454006278,
        0.9438621072070145,
        0.9130220105284687,
        0.9261139914654123,
        0.9500330975521304,
        0.923631913366468,
        0.9364892179895233,
        0.9427488104808558,
        0.9435462300268385,
        0.9554491065930414,
        0.9373468856421278,
        0.9434512100621956,
        0.9500330975521304,
        0.9500330975521304,
        0.9500330975521304,
        0.9490304120906934,
        0.9302213284875165,
        0.9085003758471245
    ],
    "val_auroc": [
        0.9653132059303083,
        0.9808166890303757,
        0.9852777543784672,
        0.984407377420707,
        0.9888292470093044,
        0.9899395716961884,
        0.9857782521796629,
        0.9911574951558353,
        0.9900305875445942,
        0.9917292858929718,
        0.9875286667677264,
        0.9886979120295032,
        0.993214816885097,
        0.9929083142919438,
        0.9914300010414818,
        0.9912426183676722,
        0.9900935258017546,
        0.9877745154896655,
        0.9952493210614367,
        0.9947208097986827,
        0.994808024348814,
        0.9960471266469185,
        0.994281359990956,
        0.9961672823055246,
        0.9935913798214099,
        0.9963367043237187,
        0.9921513053677411,
        0.9957383243584289,
        0.9972617146719668,
        0.9955778267319171,
        0.9976987771556441,
        0.996337421240716,
        0.9930256372851097,
        0.9976614582533848,
        0.9983695480228908,
        0.9970978103653406,
        0.9976158231475405,
        0.9941605006551986,
        0.9970803122634392,
        0.9977835583754849,
        0.9972484671822084,
        0.9981803961430136,
        0.997746695407017,
        0.9987008422555039,
        0.998669044374774,
        0.998717884423614,
        0.9973967169818678,
        0.9976339142947591,
        0.996615021837144,
        0.9979495210874004
    ]
}