{
    "train_loss": [
        0.5618218556046486,
        0.2447988050127471,
        0.18390732920832104,
        0.13483562375660296,
        0.11668114445206744,
        0.10947646316209877,
        0.09558461076166067,
        0.10147757731654027,
        0.0826830330511762,
        0.0775106610143902,
        0.07616880232968402,
        0.06607835577731883,
        0.07473075727035326,
        0.07569775425104631,
        0.049388244610141824,
        0.056456303793109126,
        0.04371542237802512,
        0.03223126699837545,
        0.05162346184995301,
        0.030282123583472438,
        0.040383178081052996,
        0.028461562801600882,
        0.03954655409971666,
        0.07476360453680779,
        0.023745728186676623,
        0.02604617639358535,
        0.032779547402040206,
        0.018540830683411547,
        0.025789325297982606,
        0.014362301589076028,
        0.013618924847967853,
        0.01724019135063928,
        0.02818370137915567,
        0.028360389387536863,
        0.013958348834421486,
        0.015050477949747195,
        0.011049019581319212,
        0.07558933711671098,
        0.040130953314709825,
        0.0210558399320925,
        0.018934482611021614,
        0.012702777073071856,
        0.01193346126281001,
        0.0163257238304208,
        0.015070032957872306,
        0.015466048055613,
        0.019947400728361337,
        0.01690720603370142,
        0.008739058362725363,
        0.013723273443584158
    ],
    "val_loss": [
        0.3303126549082143,
        0.171232020615467,
        0.15184343193790742,
        0.10966089800266283,
        0.09957807178476027,
        0.10091079505426544,
        0.1463549975638411,
        0.09064580027812294,
        0.10996893357618578,
        0.07395120262767055,
        0.12937404742530947,
        0.07598228137274939,
        0.10431072737888566,
        0.07428955744087164,
        0.08452768560631999,
        0.05873527814401314,
        0.06535587644404066,
        0.06238038116134703,
        0.06410359783330932,
        0.07285747175670362,
        0.04728949758490281,
        0.05510518150237788,
        0.05556033610732162,
        0.061062583658245524,
        0.04713646183621937,
        0.09283424227864348,
        0.06521082461404148,
        0.10363470163429156,
        0.0687464462202375,
        0.058617900046686246,
        0.061455100030538494,
        0.12391432129412092,
        0.07256990973837674,
        0.0710535677831753,
        0.053277990836899596,
        0.07810388074722141,
        0.127025942351403,
        0.07805805187672377,
        0.06145912266219966,
        0.0833921684534289,
        0.06161293774909739,
        0.057736559840642646,
        0.06086912293124312,
        0.058466787235894505,
        0.07992932859841469,
        0.07004907642424639,
        0.06422740902468961,
        0.09008806609199382,
        0.06001838412651393,
        0.07125354339950718
    ],
    "val_mcc": [
        0.6696464684965893,
        0.8418401502046163,
        0.8595731452475289,
        0.8996599639449604,
        0.8847641180937563,
        0.9107556233569014,
        0.8310525688490226,
        0.8977941275851442,
        0.8772723086190137,
        0.9426153701132779,
        0.8436930366644868,
        0.9432527830722174,
        0.8850801792936666,
        0.9445022294354769,
        0.9114442904615134,
        0.9562872609897567,
        0.9225914220438672,
        0.935696814723559,
        0.9562872609897567,
        0.9500280988089507,
        0.9748780942566412,
        0.9622266181792319,
        0.9499809614580383,
        0.9430258398546912,
        0.9619734012214888,
        0.90332563193549,
        0.9353586361771743,
        0.9074330870251948,
        0.9619756192817863,
        0.9683265634467363,
        0.9748780942566412,
        0.9068257733658073,
        0.956968479570621,
        0.9619734012214888,
        0.9748780942566412,
        0.9427663645211072,
        0.9061655286105775,
        0.9304296163146937,
        0.9553726834576977,
        0.9436492830460248,
        0.9557191835953124,
        0.9617665801210926,
        0.9553838492930192,
        0.9748780942566412,
        0.9430550104985088,
        0.9490620951166064,
        0.968565412020153,
        0.9318538995533504,
        0.9748780942566412,
        0.9688197491039638
    ],
    "val_auroc": [
        0.9750764292213269,
        0.9863906975829525,
        0.9895616447643686,
        0.9936808689942129,
        0.9942550963716013,
        0.9928800633462055,
        0.9897884227025626,
        0.9950906867230184,
        0.9940451491011243,
        0.9963916946823721,
        0.9947966850795825,
        0.996569768276224,
        0.9968902253462485,
        0.996791952203251,
        0.9979083132581533,
        0.9979680747883334,
        0.9979781107151733,
        0.9978987299551433,
        0.998185109308871,
        0.9960658489853548,
        0.9981353474625636,
        0.9971965031991626,
        0.9984539839407741,
        0.9972478774468526,
        0.9981542431554927,
        0.9975418824002499,
        0.997889410945301,
        0.9973877366540599,
        0.9970883279308899,
        0.9970125369687418,
        0.996634343840821,
        0.995959158770213,
        0.9965061296518741,
        0.9963423162839228,
        0.9978974727856031,
        0.9963333359561147,
        0.9969436613091891,
        0.9970360648187381,
        0.997177610816195,
        0.9962652582223495,
        0.9973161963040544,
        0.9983240334787649,
        0.9981614905201998,
        0.9975689209422715,
        0.9979737196815428,
        0.996699082830026,
        0.9980028694216277,
        0.9982010115591975,
        0.9969506642404978,
        0.9967499879040783
    ]
}