{
    "train_loss": [
        0.5658146002226405,
        0.22395658748293365,
        0.1721965274601071,
        0.1431810570259889,
        0.12213571855142989,
        0.1121437854340507,
        0.14675439573410484,
        0.10084379124627621,
        0.09577888581487867,
        0.0976847171679967,
        0.07938883641596746,
        0.06920940703195003,
        0.08537801164978494,
        0.07059216989997637,
        0.06459332799918398,
        0.05146172933314962,
        0.06756026867811603,
        0.06936917942086304,
        0.05880511677996428,
        0.05920550970498611,
        0.07548122531389473,
        0.04522684462265008,
        0.04748719762062171,
        0.049140314222313464,
        0.04311569282543604,
        0.027386827846014598,
        0.015915962988165794,
        0.015170314015079013,
        0.05283130234090128,
        0.03574770130648243,
        0.023683951318229514,
        0.017537559723240084,
        0.014255420356574986,
        0.012152650952985924,
        0.028240451403824543,
        0.01792720288115864,
        0.025576110968055826,
        0.028186021762882808,
        0.015809291749502772,
        0.03997406362624908,
        0.013946588293442296,
        0.01506316252872003,
        0.021709991084342753,
        0.020919113705059753,
        0.018292419727206126,
        0.019769359617149113,
        0.007564916605824018,
        0.007770180053301845,
        0.008515880045672896,
        0.00592906341653024
    ],
    "val_loss": [
        0.30957318416663576,
        0.23361455768878972,
        0.16304694109463266,
        0.2073652470883514,
        0.13953650097495743,
        0.2210848644109709,
        0.10234994145243295,
        0.09160108006160174,
        0.09509374350974602,
        0.08605422149412334,
        0.08866059563920967,
        0.1291172063210979,
        0.09816710388154856,
        0.06370105707485761,
        0.05857448274868408,
        0.13496697105334274,
        0.08570538893608111,
        0.05917233827390841,
        0.09218852019902053,
        0.06587161701671514,
        0.10330607806099579,
        0.06150610917913062,
        0.06618715480103024,
        0.14326330641883292,
        0.06345943529491446,
        0.050392857274606025,
        0.05936493072658777,
        0.05486849359086981,
        0.061022119783696586,
        0.06573776356110882,
        0.08197784413433899,
        0.052948209369787946,
        0.05764688057284469,
        0.08539856921041585,
        0.055046537558415105,
        0.10339247837795743,
        0.1046158239602976,
        0.07366796726273606,
        0.09518355191227913,
        0.07868443961238622,
        0.11864175196803574,
        0.06297459189123142,
        0.09152898752862322,
        0.09623034282620731,
        0.05709853316823553,
        0.04970324698764931,
        0.04789537476816414,
        0.06982048015093564,
        0.04957432591202503,
        0.05329048266451407
    ],
    "val_mcc": [
        0.7134767334017764,
        0.8411015820871882,
        0.9042873589693143,
        0.8752853786527006,
        0.9018059709202261,
        0.8271949236417991,
        0.9225051555341773,
        0.9289008723542165,
        0.9094186606998831,
        0.9482720680654891,
        0.9357321688709929,
        0.9251885159540146,
        0.9150534418322666,
        0.948193726717703,
        0.9417628921753943,
        0.9315005347014427,
        0.9228853440743812,
        0.9288682233387147,
        0.8964634389891021,
        0.9294675309581878,
        0.9495751421018228,
        0.9616005156832292,
        0.9547101390282681,
        0.9200204568315813,
        0.9679075017338542,
        0.9742626183665579,
        0.9681429497166165,
        0.9489318225970521,
        0.9358891556075246,
        0.9556578108452874,
        0.9618106456531138,
        0.961262438339698,
        0.9677876171514694,
        0.9681429497166165,
        0.9615984543383527,
        0.9490620951166064,
        0.9618106456531138,
        0.9679075017338542,
        0.9548879913207121,
        0.9420055133075645,
        0.9619756192817863,
        0.9679075017338542,
        0.9679075017338542,
        0.9492740025862861,
        0.9742989997320269,
        0.9742837526693073,
        0.9742837526693073,
        0.9615720787244945,
        0.9616005156832292,
        0.9678678334088183
    ],
    "val_auroc": [
        0.9867652613600635,
        0.9832933839927698,
        0.9910363898130413,
        0.9875221484821299,
        0.9854647786770835,
        0.9880789936023459,
        0.9910666266781355,
        0.9935550024097769,
        0.9954212673485957,
        0.9961550442419466,
        0.9966154843908583,
        0.9964880200519142,
        0.9942203893670203,
        0.9978286004360118,
        0.9982727996525625,
        0.9975098860923626,
        0.9919318258467801,
        0.9988657955412389,
        0.9977958741378915,
        0.9982827960264741,
        0.9988191476992525,
        0.9991469826255871,
        0.9961819042165803,
        0.9979625602201171,
        0.9976147410688162,
        0.9976737146030938,
        0.9993338184269307,
        0.998799994333079,
        0.9982002913322386,
        0.9993218413465587,
        0.9994328894957155,
        0.9977527401312815,
        0.9985983085704788,
        0.9988005774485117,
        0.9951124338634244,
        0.9969677938707108,
        0.9972662741764902,
        0.9980054813193059,
        0.9965158748058539,
        0.9964870902274957,
        0.9982221738478474,
        0.9980167711057244,
        0.9990809666070725,
        0.9949673956266837,
        0.9972863130971644,
        0.9976373141883403,
        0.9976951411849112,
        0.997484676665012,
        0.9977007860781204,
        0.9969758524010514
    ]
}