{
    "train_loss": [
        0.5740787609031907,
        0.2392885058566376,
        0.1690736332287391,
        0.1429645774403104,
        0.11109585920348763,
        0.10145653773927027,
        0.09875412214616383,
        0.08086217292239545,
        0.09207472588901443,
        0.07803529685501147,
        0.07749587697563348,
        0.06404012684813803,
        0.06006209876310701,
        0.06934016682552518,
        0.06641325713738937,
        0.06337655412843796,
        0.05473285327941455,
        0.048256211482954246,
        0.037559603190015035,
        0.035418932489981805,
        0.04771404727620797,
        0.04440982282782594,
        0.03692884389224842,
        0.15728670489086113,
        0.07362846705924582,
        0.0652279613250694,
        0.045597949591292826,
        0.04385732123369558,
        0.037649490314328835,
        0.02149202354916337,
        0.03522476251937742,
        0.03304906547311003,
        0.021171089113017336,
        0.020759900802254885,
        0.02308660430652607,
        0.029984354199970968,
        0.04903328723675157,
        0.02397637704335567,
        0.02802548846833546,
        0.020770064723264012,
        0.013430102762800676,
        0.011016947996621538,
        0.008194723842380982,
        0.006637667712143243,
        0.009641900126115177,
        0.018183486174503168,
        0.019375419316390804,
        0.014927984212624357,
        0.0117401832135834,
        0.007260187285956582
    ],
    "val_loss": [
        0.2959314728421824,
        0.16067718075854437,
        0.16597395297139883,
        0.10718729829282633,
        0.10095744836144149,
        0.165778176592929,
        0.1063183783387233,
        0.10186088199926806,
        0.0868916968382629,
        0.10187943529204599,
        0.07534125222757991,
        0.09492258058993944,
        0.08418370811601303,
        0.08004521443841181,
        0.06847922340966761,
        0.0908006669155189,
        0.09192426057831783,
        0.0990951939352921,
        0.07546459989888328,
        0.05962126925753962,
        0.1054956099334439,
        0.07177283953309857,
        0.11065305038521599,
        0.10845684817260397,
        0.07373826787807047,
        0.06685487831210983,
        0.08616044375230558,
        0.09017780732496508,
        0.05790799365162717,
        0.072638264046483,
        0.06342689962392407,
        0.06181413069550347,
        0.057795618417523134,
        0.07189306545478757,
        0.0501280551252421,
        0.23707982694863208,
        0.06809261824050086,
        0.0674270720399883,
        0.08925890514884875,
        0.06501959550223546,
        0.08682920233279999,
        0.0583060045287961,
        0.0521946592562017,
        0.053241456149927605,
        0.054004242341242,
        0.09221344731278285,
        0.06914320498097888,
        0.061918157243781025,
        0.05758184109592029,
        0.06235454770856969
    ],
    "val_mcc": [
        0.6879719300384136,
        0.8697090422802165,
        0.8647564076139166,
        0.8925306904818073,
        0.9049724179919775,
        0.864135018602266,
        0.88732170254483,
        0.8925948235958303,
        0.9047620545752523,
        0.8699970677619931,
        0.9109720421369645,
        0.9073243510095574,
        0.916324482939633,
        0.9245669802100682,
        0.9359133833962138,
        0.9070370487533556,
        0.9058964581559078,
        0.8861220806675527,
        0.9425624357173407,
        0.9554097610417792,
        0.8818718693067985,
        0.9300671321377105,
        0.9175758298583564,
        0.8823156655750333,
        0.9114778993287446,
        0.9230673853945576,
        0.9120131781144498,
        0.9181236545277666,
        0.9745755860776183,
        0.9303214063714729,
        0.942858418200082,
        0.9424843775533499,
        0.948969718503062,
        0.9363894050553551,
        0.9745036404753553,
        0.8209516714411454,
        0.9304313040915144,
        0.9423869442753755,
        0.9120131781144498,
        0.9488836811928114,
        0.956052545750341,
        0.9680832008848912,
        0.9680902439413235,
        0.9746194405552742,
        0.9745755860776183,
        0.8998760919828516,
        0.9365611950011825,
        0.9423869442753755,
        0.9618374039906638,
        0.9680902439413235
    ],
    "val_auroc": [
        0.9795985254835635,
        0.9896609544873648,
        0.9861156834259232,
        0.9916645867012038,
        0.9925864008948512,
        0.990992184027592,
        0.991670577315427,
        0.9947512373828787,
        0.99461589435749,
        0.9892493161737761,
        0.9956907291090391,
        0.993994953200696,
        0.9942029888339468,
        0.9952396068873067,
        0.9957395730498844,
        0.9952123416905604,
        0.9947449359810604,
        0.9950203522493735,
        0.989694283977473,
        0.9953327016320435,
        0.9942110354178707,
        0.9939572881537968,
        0.9940266343948584,
        0.9928478337540686,
        0.9948612976375499,
        0.9925787891341887,
        0.9948667600784371,
        0.9957126288865247,
        0.9954383591732426,
        0.9961755149509627,
        0.9947639306856843,
        0.9954560066535629,
        0.9957596442501719,
        0.9952134349026922,
        0.9957412713597673,
        0.988875770076559,
        0.9920266058889541,
        0.9951971179302078,
        0.9936548641334335,
        0.994297186797578,
        0.9932912671871619,
        0.9945435428284447,
        0.9942321796812981,
        0.9959572899882515,
        0.9933906884860905,
        0.9939261385137135,
        0.9954208487735045,
        0.9962777426784881,
        0.9948101905870543,
        0.9946158044917203
    ]
}