{
    "train_loss": [
        0.5688805461481765,
        0.23026990918097673,
        0.1524395350608285,
        0.12381199647293047,
        0.09826699009648075,
        0.095408011900468,
        0.09596702566422108,
        0.09157663859702923,
        0.06603378612608476,
        0.0714377438718522,
        0.06634907686599979,
        0.055082872699670216,
        0.0463216830458906,
        0.05358644875404597,
        0.03941141622554925,
        0.02400186205610495,
        0.0878381473917721,
        0.0724171334705143,
        0.04199964655735702,
        0.04015573386223642,
        0.018366645578579564,
        0.025415631215933158,
        0.02671527158236131,
        0.0378548332998805,
        0.020230776460030703,
        0.041954898600966704,
        0.026770408879167883,
        0.010819257530211299,
        0.013182231589410178,
        0.041757889699915215,
        0.01017974482049424,
        0.010727362098232671,
        0.07291175883815244,
        0.014091634902999632,
        0.018685354126824275,
        0.02677786789394708,
        0.010659861086255492,
        0.0049865219754994744,
        0.004760829037911241,
        0.05140968352174645,
        0.018782084123274586,
        0.017787997822139273,
        0.016801937274943123,
        0.00944464234581338,
        0.005075593282257345,
        0.00650164024948565,
        0.010036042136629543,
        0.013892429126254111,
        0.02448627189733088,
        0.006152355974740608
    ],
    "val_loss": [
        0.332728061825037,
        0.2256612917408347,
        0.21743334710065806,
        0.18545000048886454,
        0.17838164954446256,
        0.25942384850765976,
        0.19059744314290583,
        0.17673961816555156,
        0.18833069314548215,
        0.15862010628916323,
        0.17099988478834607,
        0.1676166248424644,
        0.17442132599119628,
        0.16378572961132573,
        0.17067669732828758,
        0.17295317380921915,
        0.2933874063850713,
        0.16593476097997545,
        0.1470127596361895,
        0.1709794095201817,
        0.17320971200076332,
        0.1623891916325582,
        0.3170157721241204,
        0.1909055355104751,
        0.16084678200007016,
        0.1457058082284805,
        0.17851568252081051,
        0.18015639123041183,
        0.18571896614905978,
        0.1822813399048755,
        0.18441610885098011,
        0.2132043973459596,
        0.19194222829953236,
        0.21800005191367486,
        0.21134882595755958,
        0.20118393955012184,
        0.18906294493249984,
        0.1858270196036236,
        0.19328479784910865,
        0.2314982863068248,
        0.20991367699337257,
        0.23965299613753036,
        0.20161117979504134,
        0.19051837905551242,
        0.19800647074069794,
        0.24256577452719544,
        0.18594124522132915,
        0.17913299348323822,
        0.17267430279129517,
        0.17021792530535354
    ],
    "val_mcc": [
        0.6927465121251885,
        0.8348507980588835,
        0.8161282167287769,
        0.8704851757460556,
        0.8639424020607059,
        0.7822823167386054,
        0.8345900144963565,
        0.8648962097555878,
        0.8610961788784409,
        0.8980678929705768,
        0.9034943698544164,
        0.9156069611189381,
        0.8836008447719237,
        0.9222210631002274,
        0.921949167130859,
        0.8926549446926708,
        0.8125318007559528,
        0.8843313906686925,
        0.9224682273503773,
        0.9160826515122009,
        0.9288852209709985,
        0.9353104286653001,
        0.8399314196706897,
        0.9220201454803852,
        0.9351101782141346,
        0.9352489491503386,
        0.9285173734384702,
        0.9353354306795337,
        0.9351101782141346,
        0.9418518212180359,
        0.9351101782141346,
        0.9095481131737708,
        0.9158037629110737,
        0.9091013106035526,
        0.8884941461162759,
        0.9097573840044318,
        0.9417281500960385,
        0.9417281500960385,
        0.9285063445880747,
        0.8595235906963765,
        0.9161712933804671,
        0.8705116025611161,
        0.9285063445880747,
        0.9353104286653001,
        0.9286003140105199,
        0.8955786990605555,
        0.9418444323720333,
        0.9418041191412337,
        0.9288277920645548,
        0.9286428195158538
    ],
    "val_auroc": [
        0.9689689508916922,
        0.9730485357569746,
        0.9763264484503922,
        0.9781204003487675,
        0.9824796567930975,
        0.9775249807264651,
        0.9849851525582878,
        0.9853982047784852,
        0.9869247289561133,
        0.9870351971331885,
        0.9880189825885571,
        0.988262616100522,
        0.9850380266686676,
        0.989062536194029,
        0.9878480627290221,
        0.9841671460306264,
        0.9714676257695333,
        0.988280619785638,
        0.9898919413996939,
        0.9894676671620223,
        0.9881558117769748,
        0.9910680970843919,
        0.9836138744917049,
        0.9890227235973149,
        0.9918157244427034,
        0.9909791659543573,
        0.9892725249203679,
        0.9891966132298909,
        0.989160786333906,
        0.9885469008059937,
        0.9875059819347105,
        0.9863143865534004,
        0.9871450183540952,
        0.9836968845986193,
        0.9873257566383998,
        0.9871855020281757,
        0.9877031989648515,
        0.9892047891785986,
        0.9880127914411281,
        0.9880824807914195,
        0.9889021690591203,
        0.9912536823361185,
        0.9899552960377175,
        0.9897300890450441,
        0.9888177865522577,
        0.9854674600761033,
        0.987031027030005,
        0.9909899933536717,
        0.9921716831331348,
        0.9918108872385559
    ]
}