{
    "train_loss": [
        0.6791415572166443,
        0.5822473645210267,
        0.5225816130638122,
        0.48256115317344667,
        0.46582009792327883,
        0.4405220627784729,
        0.41360979676246645,
        0.4159148931503296,
        0.37303380370140077,
        0.369941258430481,
        0.3410324931144714,
        0.3335283279418945,
        0.34372288584709165,
        0.3140367388725281,
        0.30841794013977053,
        0.30267134308815,
        0.2744417816400528,
        0.27404354214668275,
        0.24662485122680664,
        0.2660035669803619,
        0.22265413105487825,
        0.22032135725021362,
        0.22287586331367493,
        0.210519877076149,
        0.21471894681453704,
        0.2158343642950058,
        0.1665079653263092,
        0.16369251310825347,
        0.1690474569797516,
        0.17569981515407562,
        0.18468470871448517,
        0.1482859194278717,
        0.13926046788692475,
        0.14064060151576996,
        0.19111450612545014,
        0.1375866025686264,
        0.13679241985082627,
        0.16858859956264496,
        0.14779338389635086,
        0.12419925928115845,
        0.16337749361991882,
        0.13241227269172667,
        0.09189827889204025,
        0.10334457159042358,
        0.10848754346370697,
        0.10781051218509674,
        0.09908724129199982,
        0.09749281778931618,
        0.1041926920413971,
        0.14817588031291962
    ],
    "val_loss": [
        0.6828576326370239,
        0.6565704643726349,
        0.6215451061725616,
        0.5828046500682831,
        0.5499439239501953,
        0.5265144109725952,
        0.5058159381151199,
        0.49071940779685974,
        0.47734998166561127,
        0.468988835811615,
        0.46457915008068085,
        0.4592680037021637,
        0.4578884541988373,
        0.45185811817646027,
        0.4359217435121536,
        0.42773355543613434,
        0.41547806560993195,
        0.40814707428216934,
        0.39788680523633957,
        0.391845740377903,
        0.3878457173705101,
        0.3773522600531578,
        0.3720574378967285,
        0.37797606736421585,
        0.3887573778629303,
        0.4002236947417259,
        0.4013568311929703,
        0.3998231738805771,
        0.37475620955228806,
        0.367261677980423,
        0.36718107014894485,
        0.37523430585861206,
        0.37031958252191544,
        0.35517067462205887,
        0.35390105098485947,
        0.3370756730437279,
        0.3309296742081642,
        0.35413507372140884,
        0.35442309081554413,
        0.3507833331823349,
        0.36243151128292084,
        0.3628624975681305,
        0.33320336788892746,
        0.315642274916172,
        0.3046843856573105,
        0.3220939487218857,
        0.3029618263244629,
        0.3002774938941002,
        0.2966136038303375,
        0.27512918412685394
    ],
    "val_mcc": [
        0.0,
        0.4006264686689075,
        0.5146140167221416,
        0.41490371929283465,
        0.5813183589761798,
        0.7058865787567897,
        0.7058865787567897,
        0.626368234149017,
        0.7058865787567897,
        0.6758915427189726,
        0.6758915427189726,
        0.6758915427189726,
        0.6539886462510549,
        0.6758915427189726,
        0.6758915427189726,
        0.8063854544320416,
        0.7535992817105361,
        0.7933632757799682,
        0.8063854544320416,
        0.7310344827586207,
        0.6539886462510549,
        0.7310344827586207,
        0.7310344827586207,
        0.7310344827586207,
        0.6434589410887032,
        0.49044126607370664,
        0.49044126607370664,
        0.5742432269069425,
        0.6539886462510549,
        0.7933632757799682,
        0.7933632757799682,
        0.7933632757799682,
        0.7933632757799682,
        0.6434589410887032,
        0.7933632757799682,
        0.6539886462510549,
        0.7310344827586207,
        0.7933632757799682,
        0.7933632757799682,
        0.7933632757799682,
        0.7933632757799682,
        0.7933632757799682,
        0.7933632757799682,
        0.7310344827586207,
        0.7310344827586207,
        0.8063854544320416,
        0.8063854544320416,
        0.8063854544320416,
        0.8655172413793103,
        0.7535992817105361
    ],
    "val_auroc": [
        0.8275862068965517,
        0.8620689655172413,
        0.8689655172413793,
        0.903448275862069,
        0.9137931034482759,
        0.9172413793103448,
        0.9206896551724137,
        0.9241379310344827,
        0.9379310344827586,
        0.9517241379310345,
        0.9551724137931035,
        0.9551724137931035,
        0.9551724137931035,
        0.9551724137931035,
        0.9551724137931035,
        0.9655172413793104,
        0.9655172413793104,
        0.9862068965517241,
        0.9758620689655173,
        0.9689655172413794,
        0.9655172413793103,
        0.9758620689655173,
        0.9655172413793103,
        0.9689655172413794,
        0.9689655172413794,
        0.9655172413793103,
        0.9655172413793103,
        0.9655172413793103,
        0.9689655172413794,
        0.9689655172413794,
        0.9620689655172414,
        0.9655172413793104,
        0.9724137931034483,
        0.9827586206896552,
        0.9724137931034483,
        0.9689655172413794,
        0.9655172413793104,
        0.9620689655172414,
        0.9586206896551724,
        0.9620689655172414,
        0.9724137931034483,
        0.9689655172413794,
        0.9689655172413794,
        0.9689655172413794,
        0.9689655172413794,
        0.9689655172413794,
        0.9689655172413794,
        0.9758620689655173,
        0.9724137931034483,
        0.9689655172413794
    ]
}