{
    "train_loss": [
        0.6973251104354858,
        0.6243107914924622,
        0.5753988146781921,
        0.5733390092849732,
        0.5237650394439697,
        0.5120925426483154,
        0.47591426968574524,
        0.4636605381965637,
        0.44575390219688416,
        0.4563006043434143,
        0.3964249908924103,
        0.37918971180915834,
        0.36257832050323485,
        0.36367746591567995,
        0.33375712037086486,
        0.3192871153354645,
        0.2963288128376007,
        0.29012603461742403,
        0.28209270536899567,
        0.29140045046806334,
        0.28259379267692564,
        0.28795050978660586,
        0.244259512424469,
        0.2445869266986847,
        0.24299396276474,
        0.2116613954305649,
        0.21012433171272277,
        0.2253753125667572,
        0.21150951981544494,
        0.2232271045446396,
        0.1788905531167984,
        0.17064129412174225,
        0.18813871145248412,
        0.20246488451957703,
        0.18576464354991912,
        0.16938319355249404,
        0.18861742913722992,
        0.1780303105711937,
        0.13270094245672226,
        0.1301569625735283,
        0.15300400257110597,
        0.12472818642854691,
        0.1474577635526657,
        0.13501696437597274,
        0.12367033958435059,
        0.10632090270519257,
        0.12037799507379532,
        0.13740478456020355,
        0.11610682308673859,
        0.1058120533823967
    ],
    "val_loss": [
        0.6836771667003632,
        0.6602341830730438,
        0.6266535520553589,
        0.5872513353824615,
        0.5488104671239853,
        0.5170197188854218,
        0.48797090351581573,
        0.45977140963077545,
        0.43897251784801483,
        0.42258116602897644,
        0.41196827590465546,
        0.40407899022102356,
        0.3893052041530609,
        0.37473607063293457,
        0.3630640357732773,
        0.34889255464076996,
        0.33014169335365295,
        0.31371188163757324,
        0.3001425266265869,
        0.29118612408638,
        0.2861228436231613,
        0.2767461836338043,
        0.269305519759655,
        0.2607121989130974,
        0.2509135827422142,
        0.23573187738656998,
        0.2268686443567276,
        0.2262307032942772,
        0.22266366332769394,
        0.2109152227640152,
        0.20471516996622086,
        0.20106995105743408,
        0.18629251420497894,
        0.17573866248130798,
        0.17304027825593948,
        0.16717088967561722,
        0.17009475827217102,
        0.16115616261959076,
        0.17430824041366577,
        0.17751310020685196,
        0.16219765692949295,
        0.1479468047618866,
        0.14703261107206345,
        0.13369111716747284,
        0.12038304656744003,
        0.11880702152848244,
        0.12212270870804787,
        0.11869261413812637,
        0.12102845311164856,
        0.14399699494242668
    ],
    "val_mcc": [
        0.09525969852639353,
        0.2503915429180672,
        0.3448275862068966,
        0.39148014634313566,
        0.46423834544262965,
        0.5436602822195623,
        0.5436602822195623,
        0.572351471472339,
        0.6024752331287779,
        0.6680175630198975,
        0.6680175630198975,
        0.6680175630198975,
        0.6220793828931237,
        0.6220793828931237,
        0.6220793828931237,
        0.6622918857059334,
        0.6622918857059334,
        0.7058865787567897,
        0.7058865787567897,
        0.7058865787567897,
        0.8063854544320416,
        0.8063854544320416,
        0.8304547985373997,
        0.8304547985373997,
        0.8304547985373997,
        0.8063854544320416,
        0.9327379053088816,
        0.9327379053088816,
        0.9327379053088816,
        0.8655172413793103,
        0.9368793661451105,
        0.9368793661451105,
        0.9368793661451105,
        0.9368793661451105,
        0.9327379053088816,
        0.8063854544320416,
        0.8655172413793103,
        0.8304547985373997,
        0.8304547985373997,
        0.8808303292720552,
        0.8808303292720552,
        0.9368793661451105,
        0.8655172413793103,
        0.9368793661451105,
        0.9368793661451105,
        0.9368793661451105,
        0.9368793661451105,
        0.8808303292720552,
        0.8808303292720552,
        0.8655172413793103
    ],
    "val_auroc": [
        0.9413793103448276,
        0.9379310344827586,
        0.9413793103448276,
        0.9448275862068966,
        0.9482758620689655,
        0.9586206896551723,
        0.9655172413793104,
        0.9620689655172414,
        0.9517241379310346,
        0.9620689655172414,
        0.9655172413793104,
        0.9655172413793104,
        0.9689655172413794,
        0.9689655172413794,
        0.9758620689655173,
        0.9793103448275863,
        0.9827586206896552,
        0.9862068965517241,
        0.9862068965517241,
        0.9862068965517241,
        0.9827586206896552,
        0.9862068965517241,
        0.9896551724137932,
        0.993103448275862,
        0.996551724137931,
        0.993103448275862,
        0.993103448275862,
        0.9862068965517241,
        0.9862068965517241,
        0.996551724137931,
        0.996551724137931,
        0.996551724137931,
        1.0,
        1.0,
        0.993103448275862,
        0.993103448275862,
        0.996551724137931,
        0.996551724137931,
        1.0,
        1.0,
        1.0,
        0.996551724137931,
        0.996551724137931,
        1.0,
        1.0,
        1.0,
        1.0,
        1.0,
        1.0,
        0.996551724137931
    ]
}