{
    "train_loss": [
        0.7579792857170105,
        0.6687637209892273,
        0.6077596306800842,
        0.5683201551437378,
        0.5282670974731445,
        0.5089823007583618,
        0.49481167197227477,
        0.462496280670166,
        0.4481003522872925,
        0.4317072629928589,
        0.40744702219963075,
        0.3945236086845398,
        0.3678563952445984,
        0.3621943771839142,
        0.36624751687049867,
        0.3390186011791229,
        0.3315901279449463,
        0.3355081856250763,
        0.29127132296562197,
        0.31905598640441896,
        0.29685081243515016,
        0.27656999230384827,
        0.27846498787403107,
        0.23766525089740753,
        0.24074959754943848,
        0.22491986751556398,
        0.23541827499866486,
        0.21676893532276154,
        0.21950317323207855,
        0.19370555877685547,
        0.22204562425613403,
        0.19060470759868622,
        0.1868303745985031,
        0.18158062994480134,
        0.19665858745574952,
        0.15976862013339996,
        0.16262492835521697,
        0.15871571451425553,
        0.23318241238594056,
        0.1429218530654907,
        0.14809884279966354,
        0.13284660428762435,
        0.12429212331771851,
        0.12794914692640305,
        0.12561262845993043,
        0.12424643039703369,
        0.14326822608709336,
        0.14503975510597228,
        0.11149072051048278,
        0.13065585345029831
    ],
    "val_loss": [
        0.7024504244327545,
        0.6749654412269592,
        0.6405047178268433,
        0.6007945835590363,
        0.5656053423881531,
        0.5344077199697495,
        0.504554495215416,
        0.48379161953926086,
        0.4651355892419815,
        0.44621311128139496,
        0.42713114619255066,
        0.4197407066822052,
        0.4071117639541626,
        0.3958544582128525,
        0.38553695380687714,
        0.37643709778785706,
        0.3628457635641098,
        0.3453941196203232,
        0.34152910858392715,
        0.32878880947828293,
        0.3234453424811363,
        0.31847216933965683,
        0.3085794448852539,
        0.29744333028793335,
        0.2917468696832657,
        0.28388477861881256,
        0.28528259694576263,
        0.28081798553466797,
        0.27620670944452286,
        0.28458067774772644,
        0.2833465710282326,
        0.28201824426651,
        0.2766505926847458,
        0.26532182097435,
        0.2568077817559242,
        0.2530350498855114,
        0.25827744975686073,
        0.26047438383102417,
        0.2513968273997307,
        0.26244189590215683,
        0.2611517757177353,
        0.25611448660492897,
        0.24680586904287338,
        0.2395344078540802,
        0.23131993040442467,
        0.21971028298139572,
        0.20104967430233955,
        0.20631646364927292,
        0.2137606292963028,
        0.2192525528371334
    ],
    "val_mcc": [
        0.0,
        0.4098780306383839,
        0.41209775709594537,
        0.5003563792327016,
        0.6050580452280905,
        0.6050580452280905,
        0.7386222109866251,
        0.7386222109866251,
        0.7933632757799682,
        0.8555555555555555,
        0.8555555555555555,
        0.8555555555555555,
        0.8555555555555555,
        0.8555555555555555,
        0.8555555555555555,
        0.9274777915203366,
        0.9274777915203366,
        0.9274777915203366,
        0.9274777915203366,
        0.9274777915203366,
        0.9274777915203366,
        0.9274777915203366,
        0.9274777915203366,
        0.9274777915203366,
        0.9274777915203366,
        0.9274777915203366,
        0.9274777915203366,
        0.9274777915203366,
        0.9274777915203366,
        0.9274777915203366,
        0.9274777915203366,
        0.9274777915203366,
        0.9274777915203366,
        0.9274777915203366,
        0.9274777915203366,
        0.9274777915203366,
        0.9274777915203366,
        0.9274777915203366,
        0.9274777915203366,
        0.9274777915203366,
        0.9274777915203366,
        0.9274777915203366,
        0.9274777915203366,
        0.9274777915203366,
        0.9274777915203366,
        0.9274777915203366,
        0.9274777915203366,
        0.9274777915203366,
        0.9274777915203366,
        0.9274777915203366
    ],
    "val_auroc": [
        0.8296296296296297,
        0.9148148148148147,
        0.9148148148148147,
        0.9296296296296296,
        0.9444444444444444,
        0.9518518518518518,
        0.9592592592592593,
        0.9592592592592593,
        0.9592592592592593,
        0.9592592592592593,
        0.9629629629629629,
        0.9629629629629629,
        0.9629629629629629,
        0.9592592592592593,
        0.9592592592592593,
        0.9666666666666666,
        0.974074074074074,
        0.9777777777777777,
        0.9777777777777777,
        0.9777777777777777,
        0.9777777777777777,
        0.9777777777777777,
        0.974074074074074,
        0.9777777777777777,
        0.9777777777777777,
        0.9777777777777777,
        0.9777777777777777,
        0.9777777777777777,
        0.9777777777777777,
        0.9777777777777777,
        0.974074074074074,
        0.974074074074074,
        0.974074074074074,
        0.9777777777777777,
        0.974074074074074,
        0.9777777777777777,
        0.9777777777777777,
        0.9777777777777777,
        0.9777777777777777,
        0.974074074074074,
        0.9777777777777777,
        0.974074074074074,
        0.974074074074074,
        0.9777777777777777,
        0.9814814814814814,
        0.9888888888888888,
        0.9962962962962962,
        0.9851851851851852,
        0.9851851851851852,
        0.9851851851851852
    ]
}