{
    "train_loss": [
        0.6181123971939086,
        0.5460011839866639,
        0.5028655052185058,
        0.46946161389350893,
        0.4385646402835846,
        0.41579208374023435,
        0.39425026178359984,
        0.3814533710479736,
        0.3436333417892456,
        0.3527081310749054,
        0.3406036257743835,
        0.3155957520008087,
        0.3220831692218781,
        0.3008060693740845,
        0.2831545531749725,
        0.27308584451675416,
        0.27061579525470736,
        0.24488894045352935,
        0.2690763890743256,
        0.22053594887256622,
        0.2913447082042694,
        0.23678419589996338,
        0.2262338876724243,
        0.2004777580499649,
        0.22610868215560914,
        0.18433633148670198,
        0.1852572441101074,
        0.16986124515533446,
        0.16897366642951966,
        0.18084806799888611,
        0.17796987891197205,
        0.15617309361696244,
        0.15674179196357726,
        0.1277978852391243,
        0.1724150836467743,
        0.14480158537626267,
        0.1301920458674431,
        0.16375014781951905,
        0.13262672126293182,
        0.12040690332651138,
        0.11970614939928055,
        0.11213669329881668,
        0.10841508209705353,
        0.0985541895031929,
        0.10998464375734329,
        0.08662191778421402,
        0.15105813592672349,
        0.16534529030323028,
        0.10347835421562195,
        0.10932611376047134
    ],
    "val_loss": [
        0.6699452698230743,
        0.6473918557167053,
        0.6162376701831818,
        0.5796539783477783,
        0.5455421358346939,
        0.5122870802879333,
        0.48325176537036896,
        0.45541320741176605,
        0.43492038547992706,
        0.4199673980474472,
        0.41347432136535645,
        0.40231871604919434,
        0.38511310517787933,
        0.3750971257686615,
        0.36595219373703003,
        0.36142949759960175,
        0.344044953584671,
        0.33777791261672974,
        0.3062180057168007,
        0.2873934805393219,
        0.2799891456961632,
        0.2875872328877449,
        0.29767561703920364,
        0.2926788032054901,
        0.2911936715245247,
        0.2911484017968178,
        0.29001571238040924,
        0.29144035279750824,
        0.28256916999816895,
        0.27672211825847626,
        0.2816217318177223,
        0.27995508164167404,
        0.30152352154254913,
        0.29887765645980835,
        0.3075714260339737,
        0.3078210726380348,
        0.3375033661723137,
        0.3652912750840187,
        0.3277144879102707,
        0.31932488083839417,
        0.2888244688510895,
        0.2791789844632149,
        0.27528082579374313,
        0.3057846873998642,
        0.38857606053352356,
        0.36299724504351616,
        0.38576213642954826,
        0.3802761435508728,
        0.31805356964468956,
        0.3169485814869404
    ],
    "val_mcc": [
        0.0,
        0.3959251908590267,
        0.27122540144832413,
        0.4006264686689075,
        0.49044126607370664,
        0.49044126607370664,
        0.5633809715656511,
        0.5633809715656511,
        0.5633809715656511,
        0.5633809715656511,
        0.5633809715656511,
        0.5633809715656511,
        0.5633809715656511,
        0.5633809715656511,
        0.47739999005770767,
        0.47739999005770767,
        0.47739999005770767,
        0.47739999005770767,
        0.6434589410887032,
        0.6434589410887032,
        0.7261354744623948,
        0.7261354744623948,
        0.5633809715656511,
        0.5633809715656511,
        0.7261354744623948,
        0.7261354744623948,
        0.7261354744623948,
        0.7261354744623948,
        0.7261354744623948,
        0.7964766161036996,
        0.7964766161036996,
        0.8650936924831861,
        0.7964766161036996,
        0.8650936924831861,
        0.8650936924831861,
        0.7261354744623948,
        0.7261354744623948,
        0.7261354744623948,
        0.7964766161036996,
        0.7964766161036996,
        0.7964766161036996,
        0.7964766161036996,
        0.8650936924831861,
        0.8650936924831861,
        0.8650936924831861,
        0.8650936924831861,
        0.8650936924831861,
        0.8650936924831861,
        0.8650936924831861,
        0.8650936924831861
    ],
    "val_auroc": [
        0.7758620689655172,
        0.8206896551724138,
        0.8310344827586208,
        0.8551724137931034,
        0.8620689655172414,
        0.8655172413793104,
        0.8793103448275862,
        0.8862068965517241,
        0.9103448275862068,
        0.9275862068965517,
        0.9344827586206896,
        0.9448275862068966,
        0.9413793103448276,
        0.9517241379310345,
        0.9620689655172414,
        0.9620689655172414,
        0.9689655172413794,
        0.9689655172413794,
        0.9724137931034483,
        0.9827586206896552,
        0.9827586206896552,
        0.9827586206896552,
        0.9724137931034483,
        0.9793103448275863,
        0.9896551724137932,
        0.993103448275862,
        0.993103448275862,
        0.996551724137931,
        0.996551724137931,
        0.996551724137931,
        0.9931034482758622,
        0.9896551724137932,
        0.9862068965517242,
        0.9896551724137932,
        0.9896551724137932,
        0.9931034482758622,
        0.9827586206896552,
        0.9758620689655173,
        0.996551724137931,
        0.9931034482758622,
        1.0,
        0.9931034482758622,
        1.0,
        0.996551724137931,
        0.9620689655172414,
        0.9724137931034483,
        0.9689655172413794,
        0.9793103448275863,
        0.9862068965517242,
        0.9793103448275863
    ]
}