{
    "train_loss": [
        0.6880811810493469,
        0.5941727161407471,
        0.5606678128242493,
        0.5237992644309998,
        0.4887005269527435,
        0.4608965516090393,
        0.4477559685707092,
        0.44902871251106263,
        0.41099731922149657,
        0.4010538637638092,
        0.3747143089771271,
        0.3501349210739136,
        0.3636531114578247,
        0.3317603886127472,
        0.34458773136138915,
        0.3171025335788727,
        0.30464741587638855,
        0.26708060801029204,
        0.2592944771051407,
        0.24435747563838958,
        0.2425413727760315,
        0.23689039051532745,
        0.21367214024066924,
        0.21294572949409485,
        0.22556718289852143,
        0.1954530268907547,
        0.19033255875110627,
        0.19996162950992585,
        0.17805382013320922,
        0.18192674219608307,
        0.1577752336859703,
        0.16348490118980408,
        0.18019251078367232,
        0.14314780235290528,
        0.15125920623540878,
        0.14714163392782212,
        0.16632741689682007,
        0.13078369498252868,
        0.14972221702337266,
        0.1245331585407257,
        0.13330062925815583,
        0.11898665875196457,
        0.13277744203805925,
        0.10840613245964051,
        0.11850237101316452,
        0.12350275963544846,
        0.12371588498353958,
        0.08769948780536652,
        0.13101083636283875,
        0.08597012832760811
    ],
    "val_loss": [
        0.6501386761665344,
        0.6092885434627533,
        0.569701611995697,
        0.5379766225814819,
        0.5149185210466385,
        0.4948238730430603,
        0.4769880920648575,
        0.444934219121933,
        0.4152339994907379,
        0.4086577743291855,
        0.39622725546360016,
        0.3907129466533661,
        0.3835570365190506,
        0.3801371306180954,
        0.36656972765922546,
        0.3525381088256836,
        0.3470088690519333,
        0.3348451554775238,
        0.32577724754810333,
        0.3230379968881607,
        0.31815990805625916,
        0.3150675296783447,
        0.3122663050889969,
        0.2951950132846832,
        0.2803317755460739,
        0.27839651703834534,
        0.2786710411310196,
        0.2795161008834839,
        0.26860669255256653,
        0.27053943276405334,
        0.27093230187892914,
        0.269947811961174,
        0.26327988505363464,
        0.2656233683228493,
        0.27189967781305313,
        0.2796798348426819,
        0.2690390646457672,
        0.26605671644210815,
        0.2664124444127083,
        0.2712341398000717,
        0.25444164872169495,
        0.2409413456916809,
        0.23125196993350983,
        0.22401072084903717,
        0.21907871961593628,
        0.23040564358234406,
        0.2339172661304474,
        0.23772405833005905,
        0.2523401379585266,
        0.2527448907494545
    ],
    "val_mcc": [
        0.6098241729265262,
        0.5003563792327016,
        0.5003563792327016,
        0.5003563792327016,
        0.5163977794943222,
        0.5578655678293358,
        0.5578655678293358,
        0.5578655678293358,
        0.6454972243679028,
        0.6454972243679028,
        0.6454972243679028,
        0.6454972243679028,
        0.6454972243679028,
        0.6454972243679028,
        0.6897247020435424,
        0.6033815244679472,
        0.6033815244679472,
        0.6897247020435424,
        0.6897247020435424,
        0.6897247020435424,
        0.6033815244679472,
        0.6539886462510549,
        0.6539886462510549,
        0.6539886462510549,
        0.6897247020435424,
        0.6897247020435424,
        0.6539886462510549,
        0.6539886462510549,
        0.6539886462510549,
        0.6539886462510549,
        0.6539886462510549,
        0.6033815244679472,
        0.6033815244679472,
        0.6033815244679472,
        0.6539886462510549,
        0.6539886462510549,
        0.6539886462510549,
        0.6539886462510549,
        0.6539886462510549,
        0.6539886462510549,
        0.7111111111111111,
        0.7111111111111111,
        0.7111111111111111,
        0.6539886462510549,
        0.6539886462510549,
        0.6539886462510549,
        0.6539886462510549,
        0.6539886462510549,
        0.6539886462510549,
        0.6539886462510549
    ],
    "val_auroc": [
        0.8999999999999999,
        0.9111111111111111,
        0.9148148148148149,
        0.925925925925926,
        0.9370370370370371,
        0.9481481481481482,
        0.9518518518518518,
        0.9518518518518518,
        0.9555555555555555,
        0.9555555555555555,
        0.9555555555555555,
        0.9555555555555555,
        0.9518518518518518,
        0.9481481481481482,
        0.9407407407407409,
        0.9444444444444445,
        0.9444444444444445,
        0.9444444444444445,
        0.9444444444444445,
        0.9481481481481482,
        0.951851851851852,
        0.951851851851852,
        0.951851851851852,
        0.9555555555555556,
        0.9592592592592593,
        0.962962962962963,
        0.9555555555555556,
        0.9555555555555556,
        0.9555555555555556,
        0.9555555555555556,
        0.9592592592592594,
        0.9592592592592594,
        0.962962962962963,
        0.962962962962963,
        0.9555555555555556,
        0.9555555555555556,
        0.9666666666666667,
        0.9666666666666667,
        0.962962962962963,
        0.9592592592592594,
        0.962962962962963,
        0.9703703703703704,
        0.9666666666666668,
        0.9666666666666668,
        0.9666666666666668,
        0.9666666666666668,
        0.9703703703703704,
        0.9703703703703704,
        0.9666666666666668,
        0.9740740740740741
    ]
}