{
    "train_loss": [
        0.6787579953670502,
        0.5984049066901207,
        0.5056423805654049,
        0.4230329990386963,
        0.36103979125618935,
        0.27877962589263916,
        0.22532699443399906,
        0.171389851719141,
        0.1472781039774418,
        0.11724510975182056,
        0.11353548150509596,
        0.09340047091245651,
        0.09092931123450398,
        0.08042240049690008,
        0.05904350243508816,
        0.04893642198294401,
        0.042332557728514075,
        0.03147941664792597,
        0.02545269881375134,
        0.022223319858312607,
        0.019546075724065304,
        0.017552640405483544,
        0.015712164575234056,
        0.014705804758705199,
        0.013682274613529444,
        0.012417671736329794,
        0.011914683505892754,
        0.01111284620128572,
        0.010316039551980793,
        0.009915507747791708,
        0.009239307139068842,
        0.008752024441491812,
        0.008342872897628695,
        0.007962132920511067,
        0.007627368031535298,
        0.007271259150002152,
        0.007516346289776266,
        0.006695157790090889,
        0.006433469767216593,
        0.006158793985377997,
        0.005920545198023319,
        0.005700515059288591,
        0.005495884048286825,
        0.005298977019265294,
        0.00512809882638976,
        0.004954043542966247,
        0.0047898105112835765,
        0.004632592084817588,
        0.004491722153034061,
        0.00435723178088665
    ],
    "val_loss": [
        0.6344389319419861,
        0.554063469171524,
        0.4909350574016571,
        0.4434184283018112,
        0.4210769236087799,
        0.4265683591365814,
        0.43458889424800873,
        0.40403003990650177,
        0.43147316575050354,
        0.4874439984560013,
        0.49824416637420654,
        0.46738389134407043,
        0.46724577248096466,
        0.5661390274763107,
        0.5376118123531342,
        0.4734790772199631,
        0.4418671429157257,
        0.4830884635448456,
        0.47475747764110565,
        0.46869879961013794,
        0.475351944565773,
        0.4766707420349121,
        0.4834926575422287,
        0.494313508272171,
        0.49698084592819214,
        0.49876442551612854,
        0.5053211748600006,
        0.5117736309766769,
        0.5125920623540878,
        0.5161952376365662,
        0.521072044968605,
        0.5232368409633636,
        0.5266111940145493,
        0.5302856713533401,
        0.5329151898622513,
        0.5351881980895996,
        0.5389143079519272,
        0.54184490442276,
        0.5453359931707382,
        0.5477922260761261,
        0.5509295761585236,
        0.5540413409471512,
        0.5561475306749344,
        0.5587356835603714,
        0.5612394213676453,
        0.5635809749364853,
        0.5658243000507355,
        0.5677320808172226,
        0.5706719160079956,
        0.5728497505187988
    ],
    "val_mcc": [
        0.6707702909835204,
        0.6707702909835204,
        0.6326312661279128,
        0.6632996632996633,
        0.6649284750350865,
        0.6291342872277006,
        0.6625413488689132,
        0.6963434431202348,
        0.5960239698501034,
        0.5960239698501034,
        0.6067099699809587,
        0.6312279884865479,
        0.6649284750350865,
        0.6005325641789633,
        0.561131124067762,
        0.5959595959595959,
        0.6632996632996633,
        0.6312279884865479,
        0.6632996632996633,
        0.6983799021553296,
        0.6983799021553296,
        0.6963434431202348,
        0.6963434431202348,
        0.6963434431202348,
        0.6963434431202348,
        0.6963434431202348,
        0.6963434431202348,
        0.6963434431202348,
        0.6963434431202348,
        0.6963434431202348,
        0.6963434431202348,
        0.6963434431202348,
        0.6963434431202348,
        0.6963434431202348,
        0.6963434431202348,
        0.6963434431202348,
        0.6963434431202348,
        0.6963434431202348,
        0.6963434431202348,
        0.6963434431202348,
        0.6963434431202348,
        0.6963434431202348,
        0.6963434431202348,
        0.6963434431202348,
        0.6963434431202348,
        0.6963434431202348,
        0.6963434431202348,
        0.6963434431202348,
        0.7304943077272633,
        0.7304943077272633
    ],
    "val_auroc": [
        0.90347923681257,
        0.8843995510662177,
        0.9337822671156004,
        0.9113355780022446,
        0.9079685746352413,
        0.8754208754208754,
        0.8619528619528619,
        0.9001122334455668,
        0.8799102132435466,
        0.8765432098765432,
        0.8821548821548821,
        0.866442199775533,
        0.9135802469135802,
        0.8664421997755332,
        0.8630751964085296,
        0.8933782267115601,
        0.9158249158249159,
        0.8967452300785634,
        0.9124579124579125,
        0.9090909090909092,
        0.9001122334455668,
        0.9090909090909091,
        0.9057239057239057,
        0.898989898989899,
        0.9012345679012346,
        0.9057239057239057,
        0.9034792368125701,
        0.9012345679012346,
        0.9012345679012346,
        0.9034792368125701,
        0.9057239057239057,
        0.9023569023569024,
        0.9023569023569024,
        0.9046015712682379,
        0.9023569023569024,
        0.9034792368125701,
        0.9057239057239057,
        0.9057239057239057,
        0.9046015712682379,
        0.9068462401795735,
        0.9068462401795735,
        0.9068462401795735,
        0.9057239057239057,
        0.9057239057239057,
        0.9057239057239057,
        0.9057239057239057,
        0.9057239057239057,
        0.9057239057239057,
        0.9057239057239057,
        0.9057239057239057
    ]
}