{
    "train_loss": [
        0.6674528568983078,
        0.5803463608026505,
        0.4850066602230072,
        0.40602071210741997,
        0.32747039943933487,
        0.24216758087277412,
        0.18306429870426655,
        0.1400707894936204,
        0.1207019230350852,
        0.09822389390319586,
        0.0822241404093802,
        0.08718809019774199,
        0.07392853079363704,
        0.06707822205498815,
        0.062846505548805,
        0.09323977353051305,
        0.11691694427281618,
        0.09309920761734247,
        0.06759912613779306,
        0.04878671746701002,
        0.038446157006546855,
        0.03137065167538822,
        0.025083136395551264,
        0.021860621753148735,
        0.01889367902185768,
        0.01663628569804132,
        0.015166446682997048,
        0.01401953340973705,
        0.01427512732334435,
        0.013796011451631784,
        0.011812687269411981,
        0.011511616525240242,
        0.01160825853003189,
        0.012689398950897157,
        0.010672716540284455,
        0.012937619641888887,
        0.011414019449148327,
        0.010877420892938972,
        0.010462439095135778,
        0.008451461791992188,
        0.007781288935802877,
        0.0073269426939077675,
        0.006887939525768161,
        0.006562138092704117,
        0.006338416482321918,
        0.006094045820645988,
        0.005875083908904344,
        0.005674452404491603,
        0.005467037117341533,
        0.0052765520522370934
    ],
    "val_loss": [
        0.6134748756885529,
        0.5380786061286926,
        0.4849576950073242,
        0.44832630455493927,
        0.4380687326192856,
        0.46416783332824707,
        0.40599507093429565,
        0.3852022811770439,
        0.41481685638427734,
        0.5079798698425293,
        0.44154489040374756,
        0.5258544981479645,
        0.5070813596248627,
        0.4821526110172272,
        0.5369097143411636,
        0.4726970046758652,
        0.6524973511695862,
        0.4718299061059952,
        0.4639199823141098,
        0.44281308352947235,
        0.5058172196149826,
        0.5306552946567535,
        0.5213453620672226,
        0.5314340889453888,
        0.5794177502393723,
        0.59168741106987,
        0.6025233864784241,
        0.6100697815418243,
        0.6250687837600708,
        0.6260593831539154,
        0.6313937902450562,
        0.6530588567256927,
        0.6491279006004333,
        0.6407372355461121,
        0.6722053289413452,
        0.6571687459945679,
        0.6059553921222687,
        0.6781632304191589,
        0.6827272772789001,
        0.6616150140762329,
        0.6587491929531097,
        0.6730043292045593,
        0.6830689609050751,
        0.690302848815918,
        0.6965390890836716,
        0.6997883319854736,
        0.703989639878273,
        0.7091673165559769,
        0.713247537612915,
        0.7173910439014435
    ],
    "val_mcc": [
        0.7468648417873217,
        0.6723181321083574,
        0.6371165579527096,
        0.6409597843503038,
        0.6504329004329005,
        0.6382304303121595,
        0.6699134199134199,
        0.770900069261196,
        0.7361174128087679,
        0.5771335508376638,
        0.7359307359307359,
        0.6098460287075423,
        0.6429375631761639,
        0.607338671255336,
        0.6302614482575669,
        0.700718555132154,
        0.5559204302180297,
        0.673142683593836,
        0.7041053139822809,
        0.7359307359307359,
        0.7025010124044243,
        0.673142683593836,
        0.673142683593836,
        0.6362683048979794,
        0.6038961038961039,
        0.6038961038961039,
        0.6038961038961039,
        0.6038961038961039,
        0.6038961038961039,
        0.6038961038961039,
        0.6382304303121595,
        0.6382304303121595,
        0.6382304303121595,
        0.6382304303121595,
        0.6382304303121595,
        0.6382304303121595,
        0.6362683048979794,
        0.6382304303121595,
        0.6382304303121595,
        0.6382304303121595,
        0.6382304303121595,
        0.6382304303121595,
        0.6382304303121595,
        0.6382304303121595,
        0.6382304303121595,
        0.6382304303121595,
        0.6382304303121595,
        0.6382304303121595,
        0.6382304303121595,
        0.6382304303121595
    ],
    "val_auroc": [
        0.9155844155844156,
        0.9209956709956709,
        0.9188311688311689,
        0.8896103896103896,
        0.9101731601731603,
        0.8701298701298701,
        0.8852813852813853,
        0.8766233766233766,
        0.8625541125541126,
        0.8809523809523809,
        0.8777056277056278,
        0.8852813852813852,
        0.8766233766233766,
        0.8831168831168832,
        0.8647186147186147,
        0.8982683982683983,
        0.8658008658008658,
        0.9145021645021645,
        0.9069264069264069,
        0.9145021645021645,
        0.8755411255411256,
        0.8841991341991342,
        0.895021645021645,
        0.8939393939393939,
        0.8809523809523809,
        0.8787878787878788,
        0.8787878787878788,
        0.8809523809523808,
        0.8798701298701299,
        0.8798701298701299,
        0.8798701298701298,
        0.8701298701298702,
        0.8766233766233765,
        0.8809523809523809,
        0.8658008658008657,
        0.8777056277056278,
        0.8993506493506493,
        0.8722943722943723,
        0.8733766233766234,
        0.8841991341991342,
        0.8863636363636364,
        0.8831168831168831,
        0.8820346320346321,
        0.8820346320346321,
        0.8809523809523809,
        0.8820346320346321,
        0.8820346320346321,
        0.8820346320346321,
        0.8820346320346321,
        0.8820346320346321
    ]
}