{
    "train_loss": [
        0.6625914052128792,
        0.5708109065890312,
        0.4817306660115719,
        0.4039969891309738,
        0.30835081450641155,
        0.21420015580952168,
        0.16843015886843204,
        0.17958919424563646,
        0.1381280031055212,
        0.11817375849932432,
        0.08553438540548086,
        0.0700567327439785,
        0.05791835626587272,
        0.05021907016634941,
        0.04485504562035203,
        0.040866215946152806,
        0.03788793459534645,
        0.03578853793442249,
        0.03326947730965912,
        0.03140136576257646,
        0.029834775254130363,
        0.027089710347354412,
        0.024524205131456256,
        0.021818568464368582,
        0.020508479443378747,
        0.01767891366034746,
        0.01591913029551506,
        0.01433256221935153,
        0.013392012915574014,
        0.012602604343555868,
        0.011776254512369633,
        0.011252274853177369,
        0.010998915764503181,
        0.01035234855953604,
        0.009889734501484782,
        0.00976765330415219,
        0.009017074364237487,
        0.009033144975546747,
        0.00875507656019181,
        0.008026132476516068,
        0.008172648900654167,
        0.007512584503274411,
        0.0076925859320908785,
        0.00712452206062153,
        0.006891491124406457,
        0.007101042079739273,
        0.006945947709027678,
        0.0065892579150386155,
        0.00594580068718642,
        0.005687454482540488
    ],
    "val_loss": [
        0.6180263459682465,
        0.5465260744094849,
        0.5126443058252335,
        0.47109901905059814,
        0.45854778587818146,
        0.5185311287641525,
        0.5089847594499588,
        0.5185981839895248,
        0.5434921383857727,
        0.7025768905878067,
        0.7093133628368378,
        0.6986370980739594,
        0.7307864725589752,
        0.71492500603199,
        0.7256484776735306,
        0.7445338666439056,
        0.750606507062912,
        0.7633914053440094,
        0.7616659700870514,
        0.7638071030378342,
        0.7761805355548859,
        0.7692121863365173,
        0.7640420347452164,
        0.7698945850133896,
        0.7483456581830978,
        0.7581836730241776,
        0.7711050659418106,
        0.7779525220394135,
        0.7841148674488068,
        0.7920191437005997,
        0.7979784160852432,
        0.8105697631835938,
        0.8214410990476608,
        0.8070099204778671,
        0.8437505960464478,
        0.8369830548763275,
        0.8237352520227432,
        0.8666795790195465,
        0.852947548031807,
        0.8418468236923218,
        0.8576230406761169,
        0.8829249143600464,
        0.8737323433160782,
        0.8644890636205673,
        0.8923138976097107,
        0.8785720467567444,
        0.9069983065128326,
        0.9066937267780304,
        0.8841561675071716,
        0.9166787266731262
    ],
    "val_mcc": [
        0.6371165579527096,
        0.6409597843503038,
        0.6481275457848015,
        0.6409597843503038,
        0.5723555466420381,
        0.5113295384991638,
        0.6038961038961039,
        0.5771335508376638,
        0.5702248022984665,
        0.5064806629719167,
        0.47186147186147187,
        0.4700245998823392,
        0.5064806629719167,
        0.47186147186147187,
        0.47186147186147187,
        0.47186147186147187,
        0.47186147186147187,
        0.47186147186147187,
        0.47186147186147187,
        0.47186147186147187,
        0.4375701823786445,
        0.5064806629719167,
        0.5064806629719167,
        0.5064806629719167,
        0.5771335508376638,
        0.5771335508376638,
        0.541534658916836,
        0.541534658916836,
        0.541534658916836,
        0.541534658916836,
        0.541534658916836,
        0.5064806629719167,
        0.47186147186147187,
        0.541534658916836,
        0.47186147186147187,
        0.541534658916836,
        0.541534658916836,
        0.5064806629719167,
        0.5064806629719167,
        0.5064806629719167,
        0.5064806629719167,
        0.541534658916836,
        0.541534658916836,
        0.541534658916836,
        0.5064806629719167,
        0.541534658916836,
        0.5064806629719167,
        0.5064806629719167,
        0.541534658916836,
        0.5064806629719167
    ],
    "val_auroc": [
        0.8744588744588744,
        0.8906926406926408,
        0.8311688311688312,
        0.8409090909090909,
        0.8787878787878787,
        0.8322510822510822,
        0.8766233766233765,
        0.8852813852813852,
        0.8203463203463204,
        0.7976190476190476,
        0.8246753246753247,
        0.7824675324675324,
        0.8257575757575757,
        0.83008658008658,
        0.8322510822510822,
        0.8387445887445887,
        0.8365800865800866,
        0.8333333333333334,
        0.8365800865800866,
        0.8376623376623377,
        0.8257575757575757,
        0.8365800865800868,
        0.8354978354978355,
        0.8365800865800865,
        0.8430735930735931,
        0.8463203463203464,
        0.8452380952380952,
        0.854978354978355,
        0.8538961038961039,
        0.8647186147186148,
        0.8647186147186148,
        0.8582251082251083,
        0.8668831168831169,
        0.8679653679653679,
        0.8560606060606061,
        0.8668831168831169,
        0.8679653679653679,
        0.854978354978355,
        0.8712121212121212,
        0.8744588744588745,
        0.8701298701298701,
        0.8560606060606061,
        0.8722943722943723,
        0.8712121212121212,
        0.8625541125541125,
        0.8647186147186148,
        0.8658008658008658,
        0.8658008658008658,
        0.8722943722943723,
        0.8668831168831169
    ]
}