{
    "train_loss": [
        0.6821134090423584,
        0.6119836196303368,
        0.5250864811241627,
        0.44177568703889847,
        0.3582558296620846,
        0.2848453260958195,
        0.2433820255100727,
        0.2030981844291091,
        0.18766602594405413,
        0.16781659051775932,
        0.1317926710471511,
        0.1116074388846755,
        0.10282254358753562,
        0.08892149897292256,
        0.08240941958501935,
        0.07526046363636851,
        0.06713215121999383,
        0.05319431866519153,
        0.04978863848373294,
        0.03933721990324557,
        0.0375857672188431,
        0.03687343397177756,
        0.03020924865268171,
        0.03179633244872093,
        0.027984128799289465,
        0.02446453378070146,
        0.02146229555364698,
        0.020539142191410065,
        0.018803402432240546,
        0.019630779162980616,
        0.0165250162826851,
        0.015125048463232815,
        0.014480223064310849,
        0.013457583263516426,
        0.01288403698708862,
        0.012235156202223152,
        0.011699069757014513,
        0.01128525024978444,
        0.010935652535408735,
        0.010519617062527686,
        0.010327371186576784,
        0.010101956431753933,
        0.0095957443700172,
        0.009015954739879817,
        0.009123736876063049,
        0.009091837506275624,
        0.008700895006768405,
        0.00796597806038335,
        0.008461674733553082,
        0.008541553048416972
    ],
    "val_loss": [
        0.6474921405315399,
        0.5733360946178436,
        0.49378055334091187,
        0.4447720944881439,
        0.4389793276786804,
        0.4413485825061798,
        0.38750772178173065,
        0.4111935496330261,
        0.4939792603254318,
        0.4159366190433502,
        0.44154809415340424,
        0.5094005018472672,
        0.5207211077213287,
        0.48811203241348267,
        0.49173179268836975,
        0.5116641819477081,
        0.5267502963542938,
        0.5369004905223846,
        0.555184081196785,
        0.5447955429553986,
        0.5716627389192581,
        0.5236645191907883,
        0.5410558879375458,
        0.5027624666690826,
        0.5311059504747391,
        0.5564495027065277,
        0.5612974613904953,
        0.5695349425077438,
        0.5517346262931824,
        0.5707606971263885,
        0.5590692907571793,
        0.5632867813110352,
        0.5760725289583206,
        0.5806664079427719,
        0.5898604989051819,
        0.5967981070280075,
        0.5968407094478607,
        0.5997090190649033,
        0.6094103306531906,
        0.6065306812524796,
        0.6174488067626953,
        0.6206953376531601,
        0.6240647733211517,
        0.6334646940231323,
        0.626216784119606,
        0.6280167251825333,
        0.6311941891908646,
        0.6233427673578262,
        0.6423470228910446,
        0.6491474211215973
    ],
    "val_mcc": [
        0.6446583712203042,
        0.6559304988834465,
        0.7364853795464743,
        0.7364853795464743,
        0.6443815868826047,
        0.6850606073292244,
        0.7002186247515697,
        0.7054429982194027,
        0.6850606073292244,
        0.7054429982194027,
        0.6682922888477266,
        0.6747699033149638,
        0.6682922888477266,
        0.7054429982194027,
        0.6324555320336759,
        0.6324555320336759,
        0.6324555320336759,
        0.6324555320336759,
        0.6324555320336759,
        0.597766393027815,
        0.597766393027815,
        0.597766393027815,
        0.7054429982194027,
        0.7054429982194027,
        0.7054429982194027,
        0.7054429982194027,
        0.6682922888477266,
        0.6747699033149638,
        0.6324555320336759,
        0.7054429982194027,
        0.6682922888477266,
        0.6682922888477266,
        0.7054429982194027,
        0.7054429982194027,
        0.7054429982194027,
        0.7054429982194027,
        0.7054429982194027,
        0.7054429982194027,
        0.7054429982194027,
        0.7054429982194027,
        0.7054429982194027,
        0.7054429982194027,
        0.7054429982194027,
        0.7054429982194027,
        0.7054429982194027,
        0.7054429982194027,
        0.7054429982194027,
        0.6682922888477266,
        0.7054429982194027,
        0.7054429982194027
    ],
    "val_auroc": [
        0.9051339285714286,
        0.8593749999999999,
        0.8627232142857143,
        0.8962053571428571,
        0.9084821428571429,
        0.8515625,
        0.8984375,
        0.8928571428571428,
        0.8649553571428572,
        0.8861607142857143,
        0.8582589285714286,
        0.8370535714285714,
        0.8437499999999999,
        0.8303571428571429,
        0.8861607142857142,
        0.8448660714285714,
        0.8671875,
        0.8861607142857143,
        0.8694196428571428,
        0.8984375,
        0.8448660714285713,
        0.8962053571428572,
        0.8783482142857143,
        0.8738839285714286,
        0.8950892857142857,
        0.9051339285714286,
        0.9006696428571428,
        0.9185267857142857,
        0.90625,
        0.9051339285714286,
        0.9084821428571428,
        0.9140625,
        0.9118303571428572,
        0.9107142857142857,
        0.9084821428571428,
        0.9084821428571429,
        0.9107142857142857,
        0.90625,
        0.9095982142857142,
        0.90625,
        0.9084821428571428,
        0.9073660714285714,
        0.8995535714285714,
        0.9084821428571429,
        0.8984375,
        0.9017857142857143,
        0.9084821428571429,
        0.8995535714285714,
        0.9084821428571429,
        0.9051339285714286
    ]
}