{
    "train_loss": [
        0.6719456315040588,
        0.5859912559390068,
        0.49661359563469887,
        0.4005718491971493,
        0.3198500908911228,
        0.2512662746012211,
        0.21563267707824707,
        0.15221558138728142,
        0.15647994447499514,
        0.11922142654657364,
        0.10524364374577999,
        0.0903458739630878,
        0.08331628795713186,
        0.07405453035607934,
        0.07625802606344223,
        0.06097900588065386,
        0.055769620230421424,
        0.056222160113975406,
        0.047524814726784825,
        0.04393510823138058,
        0.03906207322143018,
        0.030993516091257334,
        0.02561146067455411,
        0.021604925859719515,
        0.019544624956324697,
        0.018741398700512946,
        0.016924567287787795,
        0.017159420531243086,
        0.01881393906660378,
        0.016812489717267454,
        0.0160858005983755,
        0.012861248687840998,
        0.01190199179109186,
        0.011010611429810524,
        0.010267995297908783,
        0.00972557079512626,
        0.009279866295401007,
        0.008866691496223211,
        0.008596875239163637,
        0.00833492842502892,
        0.008119084988720715,
        0.00871532765449956,
        0.00859318912262097,
        0.008106812136247754,
        0.007065614918246865,
        0.007020271907094866,
        0.0065192291513085365,
        0.006180540542118251,
        0.005865689570782706,
        0.0057935800577979535
    ],
    "val_loss": [
        0.6219448745250702,
        0.5500316917896271,
        0.49302108585834503,
        0.47589829564094543,
        0.4178052395582199,
        0.4065559655427933,
        0.41824086010456085,
        0.46743741631507874,
        0.4882053732872009,
        0.4311279207468033,
        0.4342663288116455,
        0.35201217234134674,
        0.4212072640657425,
        0.39541542530059814,
        0.4115871638059616,
        0.40057113766670227,
        0.438783660531044,
        0.4345427006483078,
        0.44280482828617096,
        0.44994643330574036,
        0.4411575645208359,
        0.4338334947824478,
        0.42346617579460144,
        0.40953657031059265,
        0.40495072305202484,
        0.4206231087446213,
        0.4295057952404022,
        0.42008794844150543,
        0.43877021968364716,
        0.4390515387058258,
        0.43082505464553833,
        0.4307025223970413,
        0.43365027010440826,
        0.4488174617290497,
        0.4528012275695801,
        0.44616858661174774,
        0.45475850999355316,
        0.44912274181842804,
        0.4553409516811371,
        0.4541062116622925,
        0.4570620507001877,
        0.4519212394952774,
        0.4515465050935745,
        0.46544696390628815,
        0.4774095118045807,
        0.49051633477211,
        0.4812852442264557,
        0.47969867289066315,
        0.4868782013654709,
        0.48278775811195374
    ],
    "val_mcc": [
        0.7041053139822809,
        0.678355435247432,
        0.6221531377244747,
        0.6338267994779108,
        0.7361174128087679,
        0.7087415755146639,
        0.6133923594201466,
        0.607183863152047,
        0.5844155844155844,
        0.6723181321083574,
        0.7041053139822809,
        0.7687337199108693,
        0.673142683593836,
        0.7359307359307359,
        0.7041053139822809,
        0.7041053139822809,
        0.7041053139822809,
        0.7041053139822809,
        0.673142683593836,
        0.673142683593836,
        0.6429375631761639,
        0.673142683593836,
        0.6429375631761639,
        0.673142683593836,
        0.7359307359307359,
        0.6429375631761639,
        0.6133923594201466,
        0.7359307359307359,
        0.5844155844155844,
        0.6429375631761639,
        0.7041053139822809,
        0.7359307359307359,
        0.8026406160403751,
        0.7041053139822809,
        0.7041053139822809,
        0.7359307359307359,
        0.7359307359307359,
        0.8026406160403751,
        0.7041053139822809,
        0.8026406160403751,
        0.7041053139822809,
        0.8026406160403751,
        0.7359307359307359,
        0.7041053139822809,
        0.7687337199108693,
        0.6429375631761639,
        0.7687337199108693,
        0.7687337199108693,
        0.673142683593836,
        0.7687337199108693
    ],
    "val_auroc": [
        0.9025974025974026,
        0.906926406926407,
        0.8961038961038962,
        0.893939393939394,
        0.9145021645021645,
        0.922077922077922,
        0.9090909090909091,
        0.8906926406926408,
        0.8798701298701299,
        0.8571428571428571,
        0.8820346320346321,
        0.8993506493506492,
        0.9069264069264069,
        0.9036796536796536,
        0.9025974025974027,
        0.8971861471861472,
        0.8896103896103896,
        0.8939393939393939,
        0.9015151515151514,
        0.8982683982683981,
        0.9047619047619047,
        0.9025974025974026,
        0.9069264069264069,
        0.9145021645021646,
        0.9145021645021645,
        0.9145021645021645,
        0.9155844155844156,
        0.9155844155844156,
        0.908008658008658,
        0.9123376623376623,
        0.9112554112554112,
        0.9090909090909091,
        0.9101731601731603,
        0.9090909090909091,
        0.9090909090909091,
        0.9112554112554113,
        0.9101731601731603,
        0.9112554112554113,
        0.9090909090909091,
        0.9123376623376623,
        0.908008658008658,
        0.9123376623376623,
        0.9101731601731602,
        0.906926406926407,
        0.9015151515151515,
        0.8982683982683982,
        0.8993506493506493,
        0.9036796536796537,
        0.9058441558441558,
        0.906926406926407
    ]
}