{
    "train_loss": [
        0.274352071047933,
        0.08797604385418473,
        0.057127558682286354,
        0.049582147621549666,
        0.036354482109244496,
        0.022053120962852887,
        0.018784363909314077,
        0.022907441497038775,
        0.011772443442303618,
        0.0052099940054446325,
        0.006388901091499806,
        0.01613088834010004,
        0.013256256835625714,
        0.010124931370632516,
        0.005728916186921264,
        0.002036727855199758,
        0.001538749503433118,
        0.0029098913935875453,
        0.0018732125383933264,
        0.0012774162387358956,
        0.0011086282744751468,
        0.0016084135451348157,
        0.0008208189512380934,
        0.0008490828415098669,
        0.0011060801654686522,
        0.0019786047906328115,
        0.001107313812907604,
        0.002237894728076989,
        0.0012122896931503892,
        0.0011239564823039541,
        0.0007882192994320239,
        0.0011135753101606733,
        0.001651818697239462,
        0.0016784668756978742,
        0.001110363091457758,
        0.0009415671851861083,
        0.0010451136309307509,
        0.004432153611156132,
        0.029175772596688517,
        0.035252781255015485,
        0.037631032156275106,
        0.017879067644739902,
        0.006394886082489393,
        0.0033202664137071997,
        0.0029411227621528304,
        0.0018761623052543858,
        0.0019126943009689934,
        0.0009913258121135489,
        0.001171609187588695,
        0.0006887728699506692
    ],
    "val_loss": [
        0.1759227516262659,
        0.1482632687714483,
        0.15096450883096882,
        0.13163615097957,
        0.17925571580417454,
        0.16457422230658786,
        0.16169446789094113,
        0.20072274877124333,
        0.16794900251469308,
        0.17688101895328145,
        0.194667805140073,
        0.18171115098812152,
        0.157466468565482,
        0.17297125130322197,
        0.20131720703856054,
        0.2021161702941754,
        0.20132625472667445,
        0.2059892906935212,
        0.20148955304466654,
        0.20095956309419957,
        0.2048708982978756,
        0.21023565530932892,
        0.20964595824859447,
        0.21097920603434822,
        0.2170780509812695,
        0.2136086253337583,
        0.2082453384246037,
        0.22087196621656144,
        0.21504500457064882,
        0.2197711686239927,
        0.2196873117515809,
        0.2230113737519527,
        0.2261115367533161,
        0.21820930910169928,
        0.2192310626403144,
        0.22184588028553012,
        0.22977792017919846,
        0.2274372051705151,
        0.17760123844657624,
        0.19369241352043381,
        0.15669906046657292,
        0.1789345358411083,
        0.19717699557908677,
        0.20813497966342506,
        0.20453142738240007,
        0.20409609814357413,
        0.20899257664028223,
        0.2115003971723906,
        0.2161933979389557,
        0.21723989190702145
    ],
    "val_mcc": [
        0.8638778722364049,
        0.8963429969778031,
        0.9159012475925973,
        0.9288277920645548,
        0.9159131477530706,
        0.9417281500960385,
        0.9289520198391132,
        0.9024081506921174,
        0.9289520198391132,
        0.9223157774878142,
        0.9093295973989675,
        0.9287494216589048,
        0.9355770616615029,
        0.9355770616615029,
        0.9289520198391132,
        0.9289520198391132,
        0.9289520198391132,
        0.9289520198391132,
        0.9287494216589048,
        0.9289520198391132,
        0.9289520198391132,
        0.9287494216589048,
        0.9289520198391132,
        0.9289520198391132,
        0.9287494216589048,
        0.9287494216589048,
        0.9289520198391132,
        0.9287494216589048,
        0.9289520198391132,
        0.9287494216589048,
        0.9289520198391132,
        0.9289520198391132,
        0.9223157774878142,
        0.9287494216589048,
        0.9289520198391132,
        0.9288728399823153,
        0.9287494216589048,
        0.9288728399823153,
        0.9159012475925973,
        0.9288728399823153,
        0.9356694526392852,
        0.9417281500960385,
        0.9351694773805285,
        0.9352489491503386,
        0.9352489491503386,
        0.9352489491503386,
        0.9352489491503386,
        0.9352489491503386,
        0.9418041191412337,
        0.9352489491503386
    ],
    "val_auroc": [
        0.9857017217893768,
        0.9876560986656456,
        0.9913349197643188,
        0.9906071943817656,
        0.9888416062931911,
        0.9885182167629744,
        0.9898981594784514,
        0.9885589951381227,
        0.9905672238622896,
        0.9891401103869476,
        0.9902824865329881,
        0.989828925443705,
        0.9890988663147336,
        0.9895211195081601,
        0.9866998940301156,
        0.9859644180581358,
        0.9871420753457723,
        0.985220880245854,
        0.9852624663100639,
        0.9860204616573264,
        0.987413306560604,
        0.9855154386916404,
        0.9864549264346384,
        0.987429376496967,
        0.9854851994680516,
        0.9849550056764764,
        0.9864965124988484,
        0.9840923545647738,
        0.9875185388205537,
        0.985769389924887,
        0.9871281943063014,
        0.9878758216646127,
        0.9854543266947503,
        0.9848711429441414,
        0.98537524411236,
        0.9865966763610986,
        0.9845677718565836,
        0.9861364072081846,
        0.9832860923542195,
        0.9771495566302028,
        0.9873557173775082,
        0.9856497001299567,
        0.9859518041180898,
        0.9841398737699478,
        0.9833531374920735,
        0.9845843612342534,
        0.9832088533667637,
        0.9830103692371978,
        0.9824309867848635,
        0.984353103682249
    ]
}