{
    "train_loss": [
        0.2772072329427357,
        0.10024894078917525,
        0.07879568175930116,
        0.04492103821960174,
        0.04397551992614926,
        0.03789203738604017,
        0.027503125703703887,
        0.01826085256093561,
        0.012845599918229575,
        0.013781132364076458,
        0.018045318018670917,
        0.018154700966853718,
        0.017283855036280497,
        0.019898358130982768,
        0.016736062744274496,
        0.013233879954592945,
        0.006938545303085077,
        0.0081360108931592,
        0.004535095409664791,
        0.004711374106894557,
        0.003963320938594363,
        0.00414727270031613,
        0.003471584408544004,
        0.003322313316150232,
        0.0032735173428793335,
        0.003613723381864407,
        0.004109387597391442,
        0.004837432145669246,
        0.0031547420880492106,
        0.0052105901469177394,
        0.0050006143535062655,
        0.009587764941695949,
        0.021676636484227383,
        0.03206718355728232,
        0.022978980118447605,
        0.017126498220965947,
        0.013381867671678602,
        0.008731139910701636,
        0.004659691535548687,
        0.003374511106004421,
        0.003706718427498277,
        0.002955313950763041,
        0.003355957467041056,
        0.0035323829326646067,
        0.0035005673631800433,
        0.0031509104684556842,
        0.0030498414747247202,
        0.002503376090215978,
        0.0026790514296374532,
        0.002847609509916327
    ],
    "val_loss": [
        0.11717378790490329,
        0.10227553794227008,
        0.092462731832971,
        0.08179100795782038,
        0.08843140595958435,
        0.07507343692122959,
        0.06587635637593589,
        0.06507390550021748,
        0.06618509050375516,
        0.0759323378920921,
        0.058094664100540934,
        0.07291485615340727,
        0.05920743405087186,
        0.06766906622215174,
        0.06935197431760441,
        0.056716406405030284,
        0.0659145506360801,
        0.05078917588564634,
        0.06321724862833175,
        0.05830409995178343,
        0.05567917284757381,
        0.06244629109486206,
        0.061716840488121046,
        0.05905795106809819,
        0.06998316378901238,
        0.06975749867368515,
        0.0570784345795151,
        0.06037157939239738,
        0.06777726685504604,
        0.07179252487705005,
        0.053286606888702535,
        0.07289253597498048,
        0.09043505700953704,
        0.07851374978158024,
        0.07156933343295739,
        0.07231635934554756,
        0.061451437677273395,
        0.054664050645702185,
        0.04894491178622827,
        0.05513768025671847,
        0.05571115754667387,
        0.05510939270243398,
        0.056976734603137756,
        0.05827231569505135,
        0.059445312188862384,
        0.0611713962385433,
        0.06606372435453522,
        0.06360352718976563,
        0.06513944219594643,
        0.06785886964631313
    ],
    "val_mcc": [
        0.8931617275162334,
        0.9007600475983774,
        0.8998944417908137,
        0.9177482038479622,
        0.9047620545752523,
        0.9301934617464598,
        0.9619565733509855,
        0.9495349302066131,
        0.9429085903674629,
        0.9492742432017529,
        0.9426833974217648,
        0.9299411989415747,
        0.9429891691041784,
        0.9622331554911849,
        0.9622331554911849,
        0.9492742432017529,
        0.9430402407469362,
        0.949172484816367,
        0.949172484816367,
        0.949172484816367,
        0.949172484816367,
        0.949172484816367,
        0.949172484816367,
        0.949172484816367,
        0.949172484816367,
        0.9492742432017529,
        0.9490992219037092,
        0.9622331554911849,
        0.949172484816367,
        0.949172484816367,
        0.9621619154911186,
        0.949172484816367,
        0.9301772846988826,
        0.9560315202353861,
        0.9496055404937497,
        0.949172484816367,
        0.9557686845261071,
        0.9488840833862352,
        0.9423472997314959,
        0.9423472997314959,
        0.9423472997314959,
        0.9423472997314959,
        0.9423472997314959,
        0.9423472997314959,
        0.9489133460791462,
        0.9489133460791462,
        0.9487090443752939,
        0.9489133460791462,
        0.9489133460791462,
        0.9489133460791462
    ],
    "val_auroc": [
        0.9915325433257354,
        0.9952286888187994,
        0.994878945169651,
        0.9961911499530612,
        0.9959974355305414,
        0.9967614954644465,
        0.9953345602614343,
        0.9979430909243082,
        0.9983135375429453,
        0.9974586393997152,
        0.997433991778942,
        0.99753173986858,
        0.9985145864232488,
        0.9963546373823305,
        0.996710595605681,
        0.9981940134206789,
        0.9982576165372316,
        0.9984285420201496,
        0.9987962507504807,
        0.998672083238295,
        0.9986922713701727,
        0.9987266135800065,
        0.9987064254481289,
        0.99850297299685,
        0.9988459872859661,
        0.9987394672541007,
        0.9985199552232524,
        0.9986743363929637,
        0.9988581155499757,
        0.9984025471750725,
        0.998118857033894,
        0.9973395230866706,
        0.9947519795094312,
        0.9972413805235356,
        0.997943094356832,
        0.9982180727119497,
        0.9991456467465737,
        0.9974638143437135,
        0.9980041267178538,
        0.9981482550211949,
        0.9981482550211949,
        0.9980445631377757,
        0.9980548761603124,
        0.9982371275727403,
        0.9982310333626522,
        0.9982108452307745,
        0.9982641353247904,
        0.9981957384020116,
        0.9982817828051106,
        0.998201545115211
    ]
}