{
    "train_loss": [
        0.3096366617138739,
        0.09812532020387826,
        0.06696145247271354,
        0.045866724008832266,
        0.03728764365789377,
        0.047632088580737926,
        0.04939913175379237,
        0.021429572567016025,
        0.020943736504435678,
        0.014463907728592554,
        0.010971089536151677,
        0.010271261952800193,
        0.009725232786473094,
        0.01030641894343447,
        0.01623922723714107,
        0.030398084764817247,
        0.011098363052480164,
        0.009654945948299158,
        0.005617131583912177,
        0.004564988881476758,
        0.003551713371254866,
        0.0029963674541148874,
        0.0030076267280997448,
        0.004154398658337649,
        0.003136411859520228,
        0.00338945483788309,
        0.0033782823922121207,
        0.002911716632364982,
        0.003716255768570894,
        0.002805376321298859,
        0.002360268163506084,
        0.0029051688236534203,
        0.003582772897196399,
        0.002821492632965264,
        0.0025632476648482865,
        0.0026006229637897814,
        0.0036420347285591697,
        0.0035204362288317904,
        0.0031683236182423707,
        0.004689394587465493,
        0.0050355922989924525,
        0.0028036130277339704,
        0.00609381291023628,
        0.0031605230000827256,
        0.003391387978034025,
        0.0031379230990245966,
        0.00287120379039994,
        0.0028923325263450453,
        0.0028139337737229653,
        0.0036613717518236997
    ],
    "val_loss": [
        0.18618401106713073,
        0.10131756051643086,
        0.08672946752215337,
        0.1367247037040735,
        0.09932364426952388,
        0.10011666633155462,
        0.09523647764997024,
        0.11772660738123315,
        0.09820965312662468,
        0.10172921996231057,
        0.0939350121105755,
        0.10879303954841037,
        0.09816835195981964,
        0.11627344711035091,
        0.09886769240204428,
        0.07237068673566682,
        0.07912402950959015,
        0.08106827989052233,
        0.09479744076452334,
        0.09528163032155135,
        0.09254815307732704,
        0.08977908318567122,
        0.10434501545179435,
        0.09076648436322492,
        0.09517521568834907,
        0.095735581750757,
        0.09458791210168524,
        0.09804660393456288,
        0.09995637767315202,
        0.10022964330528339,
        0.10981298170892322,
        0.10736033010081363,
        0.10656431534620683,
        0.11553456432791011,
        0.11131978377670748,
        0.12198680066480197,
        0.119228333281561,
        0.11924927754093265,
        0.12785568298971026,
        0.12558549084808743,
        0.14460969304790133,
        0.13174758039232465,
        0.13407195912467224,
        0.1307979576874589,
        0.1448552598025604,
        0.13585104095415904,
        0.13550281793193011,
        0.13523492860804254,
        0.1305012418214184,
        0.14010230045252164
    ],
    "val_mcc": [
        0.8487919651775285,
        0.9093290468743623,
        0.9288852209709985,
        0.9057505277223299,
        0.8965617918098499,
        0.9152554662009127,
        0.9285093002333594,
        0.94848932545335,
        0.9220201454803852,
        0.961401589245197,
        0.961401589245197,
        0.9351872938944555,
        0.9423739237887121,
        0.9290501862081815,
        0.9487956460515281,
        0.9612515997443568,
        0.9613203551050277,
        0.9482194468194062,
        0.9418444323720333,
        0.9418444323720333,
        0.9418444323720333,
        0.9484297823054301,
        0.9417281500960385,
        0.9484297823054301,
        0.9352489491503386,
        0.9417281500960385,
        0.9418444323720333,
        0.9418444323720333,
        0.9418444323720333,
        0.9418444323720333,
        0.9417281500960385,
        0.9484297823054301,
        0.9418444323720333,
        0.9417281500960385,
        0.9352489491503386,
        0.9417281500960385,
        0.9484297823054301,
        0.9418444323720333,
        0.9417281500960385,
        0.9484297823054301,
        0.9417281500960385,
        0.9418444323720333,
        0.9550494666244727,
        0.9550494666244727,
        0.9351694773805285,
        0.9550494666244727,
        0.94848932545335,
        0.94848932545335,
        0.94848932545335,
        0.9550494666244727
    ],
    "val_auroc": [
        0.9892030691260488,
        0.9957330148372927,
        0.9967441973764865,
        0.9963147207729404,
        0.9950846766680824,
        0.9944574974775603,
        0.9950855522926982,
        0.9979367525345538,
        0.9964624006970132,
        0.9967839811350134,
        0.9972630692334946,
        0.9973201016142398,
        0.9963665246413393,
        0.9969235115900709,
        0.9975327417911851,
        0.9983618182447002,
        0.9980028495618584,
        0.997599679607167,
        0.9974350616935049,
        0.9979052933358582,
        0.9979400879691526,
        0.9979627783404332,
        0.9979867424310619,
        0.9979078209147848,
        0.9981715132071933,
        0.9981518162785151,
        0.99812520073728,
        0.9982293402037642,
        0.998108500561166,
        0.9980146151418374,
        0.9982928154035061,
        0.9981743794681543,
        0.9980732400641958,
        0.9982499622398713,
        0.9981505491790902,
        0.9982671282796612,
        0.9980736993079486,
        0.9983635412779163,
        0.9983717269898985,
        0.9978752184883444,
        0.9979987128915108,
        0.9980218625065445,
        0.9977450565259421,
        0.9982285323480923,
        0.9980177357660814,
        0.9984797750765296,
        0.9986070674680091,
        0.9981883372549872,
        0.998144220301889,
        0.9981017058202887
    ]
}