{
    "train_loss": [
        0.3258993567691909,
        0.10049169514052293,
        0.06804977350488857,
        0.052725274335696466,
        0.0354848426197552,
        0.030303494616722066,
        0.03179051751633071,
        0.019514341382697847,
        0.012803078519128677,
        0.008351625608392406,
        0.0065345799580595835,
        0.00806230797995037,
        0.02069066977990722,
        0.007335006308966075,
        0.028105423976537876,
        0.021190745469303458,
        0.011496478089140038,
        0.006107711344224366,
        0.004135769210363462,
        0.003930264747598105,
        0.004155106978605209,
        0.00347973027722522,
        0.0033444638556156185,
        0.0034926191556560633,
        0.0035819249956316693,
        0.0033852112357164042,
        0.0038114240448555428,
        0.0035674427424426,
        0.002920921879801123,
        0.003102494839468919,
        0.003436668840111923,
        0.0034079483112792433,
        0.0028752875130319605,
        0.003026788356557383,
        0.003096203419503312,
        0.0031585306456286665,
        0.003061637675812192,
        0.00278902306268315,
        0.002706648506285058,
        0.002847449485502525,
        0.002834616181779118,
        0.003068690846972728,
        0.0038080961240767566,
        0.004547565982108979,
        0.003614871867587984,
        0.022200237665957603,
        0.061948389555456944,
        0.049820697196453156,
        0.025926277267259407,
        0.012763202209262763
    ],
    "val_loss": [
        0.11575680019866143,
        0.12661637924611568,
        0.11001633340492845,
        0.08346166503283062,
        0.06565014509085033,
        0.07979673261953783,
        0.10065743445219207,
        0.06619918466146503,
        0.08215821442094498,
        0.06439511371718254,
        0.07211101745425756,
        0.13227978515247482,
        0.07662757329879762,
        0.12071984860033678,
        0.10570903708867263,
        0.0830199308371188,
        0.06531551358057186,
        0.07743446328874727,
        0.06828258584521661,
        0.06591410396608158,
        0.07031251692127885,
        0.0684963214763619,
        0.07197214171693693,
        0.06650272364458942,
        0.07106154892712116,
        0.0738304324544775,
        0.06870426519942287,
        0.06790450314006843,
        0.06912983802145131,
        0.07137900144022881,
        0.06821823238091643,
        0.07013135194055005,
        0.07020410968925717,
        0.07036579625167048,
        0.07129360125496273,
        0.07273277057915298,
        0.06932362430416106,
        0.06885206639708485,
        0.07145226832900724,
        0.07228529241300359,
        0.0721367051696039,
        0.07220787983520235,
        0.07846829136152726,
        0.0671338547126652,
        0.07119273158683168,
        0.2123114935072538,
        0.10447976632609166,
        0.07663696416836631,
        0.07195333813537477,
        0.07200822611256237
    ],
    "val_mcc": [
        0.9152079258583651,
        0.8480937993153518,
        0.8838247484415361,
        0.9054885096456099,
        0.9495973855605748,
        0.9239858242437594,
        0.8950944740572888,
        0.9491058588206782,
        0.9239858242437594,
        0.9490027121751123,
        0.9554237760438838,
        0.8993934893533845,
        0.936236713441068,
        0.9086837328027022,
        0.9239044162275546,
        0.9487832073415408,
        0.9433433651191079,
        0.9493381939194748,
        0.9433433651191079,
        0.9426561528320156,
        0.9493381939194748,
        0.9426561528320156,
        0.9493381939194748,
        0.9426561528320156,
        0.9499809614580383,
        0.9493381939194748,
        0.9493381939194748,
        0.9493381939194748,
        0.9559456107359021,
        0.9493381939194748,
        0.9426561528320156,
        0.9493381939194748,
        0.9493381939194748,
        0.9493381939194748,
        0.9493381939194748,
        0.9493381939194748,
        0.9559456107359021,
        0.9554237760438838,
        0.9559456107359021,
        0.9559456107359021,
        0.9559456107359021,
        0.9559456107359021,
        0.9499809614580383,
        0.9559456107359021,
        0.9429327431976492,
        0.8895196732747697,
        0.9016013753276276,
        0.942913914545746,
        0.9490027121751123,
        0.9683265634467363
    ],
    "val_auroc": [
        0.9938404467261909,
        0.994636471272787,
        0.9951515453080922,
        0.995443769222604,
        0.9974644757267574,
        0.9964795766666876,
        0.9952242815120069,
        0.9978802058772539,
        0.9970693742322915,
        0.9978417437472494,
        0.9975035309020793,
        0.9957212591871984,
        0.9974674658593986,
        0.9964598368751197,
        0.9948350296246096,
        0.9963686820122543,
        0.9984210329024145,
        0.9983126362038641,
        0.9986786011980916,
        0.9984145768435716,
        0.9986833276037949,
        0.9985410646893408,
        0.9985560385222768,
        0.9984561629077816,
        0.99854279434248,
        0.9985958949333477,
        0.9986023476822288,
        0.9986177840688794,
        0.9986790670617675,
        0.998665360328256,
        0.9985590319648795,
        0.9986529173842081,
        0.9987296367637469,
        0.9987142003770962,
        0.998665360328256,
        0.9986940408947037,
        0.998718923472838,
        0.9987142003770962,
        0.9987077476282149,
        0.9986987639904455,
        0.9986897803526761,
        0.998670884659747,
        0.998654184483633,
        0.9985684781563634,
        0.9985251624390141,
        0.9898469518026464,
        0.9971068847751744,
        0.9970923768059142,
        0.997326889735194,
        0.9966597830546958
    ]
}