{
    "train_loss": [
        0.26661027202175724,
        0.10181604560326647,
        0.05158809656967168,
        0.03689323387677885,
        0.032775198320720206,
        0.022402372810541204,
        0.02593214885995689,
        0.010712674548375179,
        0.013789295163911043,
        0.006474424142787164,
        0.012186306758343967,
        0.012619868891542192,
        0.008359058238932415,
        0.0057165665914201075,
        0.004542018507318398,
        0.00391187893223509,
        0.005153373970609176,
        0.004602246944462725,
        0.0036329665661604077,
        0.004090733683875037,
        0.003683690822206834,
        0.003788283192046004,
        0.003336042468786386,
        0.005427668998621542,
        0.004174312042407648,
        0.005207539519485888,
        0.004392053429506227,
        0.0042500090865158,
        0.003981235832489566,
        0.006133549039818549,
        0.005717327044867152,
        0.00390921574580716,
        0.0039015902827183404,
        0.0038531975849899164,
        0.0033002336841929246,
        0.004354993281662313,
        0.003419653474742922,
        0.00351159205914613,
        0.005188547353032778,
        0.035135945946590426,
        0.053954270881755896,
        0.0312668738457702,
        0.01770004942038752,
        0.01130206439820877,
        0.019995150244169594,
        0.005223686899558676,
        0.003461297983044965,
        0.002689358906570339,
        0.003234287433534283,
        0.003902374590190313
    ],
    "val_loss": [
        0.1217635878960469,
        0.10570221848320216,
        0.1038186879429434,
        0.09916891373826989,
        0.06279343058122322,
        0.08966839203744062,
        0.057705037229295285,
        0.10331691584308698,
        0.06873824051165554,
        0.1106208159929208,
        0.10305395709084612,
        0.069357738443484,
        0.05754346761178957,
        0.0767078770108388,
        0.056183910414152445,
        0.0679551907347299,
        0.07608727187783058,
        0.06478715834288908,
        0.06759771808044336,
        0.059374029264810294,
        0.07248270295739141,
        0.06928427188332924,
        0.0815552748463233,
        0.06737355884355825,
        0.06718163430092058,
        0.09688043510686839,
        0.0776575138094943,
        0.06354699201412066,
        0.091254619026066,
        0.10088399719591377,
        0.08465470936581758,
        0.08128578569604931,
        0.07834282750835493,
        0.07846974257699912,
        0.08202591057488462,
        0.08491351930414177,
        0.08247116089478368,
        0.08632588319752747,
        0.08520046692553608,
        0.11300424717566264,
        0.07219709700439125,
        0.08785979969460252,
        0.059407072057573326,
        0.13026282517759163,
        0.047044635858453275,
        0.044148725829602754,
        0.04710446167986707,
        0.04856947198797051,
        0.04664490188588388,
        0.05807934630138334
    ],
    "val_mcc": [
        0.8758674941634139,
        0.9093003472447908,
        0.8963319954122797,
        0.9101235552531701,
        0.9105090497183366,
        0.904471155109864,
        0.9218291090953388,
        0.9023742934869547,
        0.9221570402096668,
        0.8964194362601045,
        0.9232701797645007,
        0.9219732297559305,
        0.9489074406635821,
        0.9225051555341773,
        0.9422119891182867,
        0.9422119891182867,
        0.9225051555341773,
        0.9355061254616999,
        0.9422119891182867,
        0.9355061254616999,
        0.9356331694406809,
        0.9289008723542165,
        0.929397701287664,
        0.9287893122107713,
        0.9356331694406809,
        0.9107129216540852,
        0.9289008723542165,
        0.9360109659015975,
        0.9161314805758537,
        0.8951981349068011,
        0.9292805646520624,
        0.9230802335714082,
        0.9356331694406809,
        0.9230802335714082,
        0.9356331694406809,
        0.929397701287664,
        0.9422119891182867,
        0.9221049161253106,
        0.9289008723542165,
        0.8956798336058254,
        0.935696814723559,
        0.9151457588067842,
        0.948778937548454,
        0.9052190579514392,
        0.9550421304914171,
        0.9422119891182867,
        0.9486797465756237,
        0.9486797465756237,
        0.9618075876498179,
        0.9553345175356507
    ],
    "val_auroc": [
        0.9926111854043408,
        0.994473647637857,
        0.9962593502763905,
        0.9937332012823368,
        0.9987055587313227,
        0.9985058041923706,
        0.9986893211089233,
        0.996254372983976,
        0.9985740091077773,
        0.997671695750733,
        0.994492300304416,
        0.9984405183306994,
        0.9990866247401279,
        0.9988576098292569,
        0.9992199040168126,
        0.9991672626696979,
        0.9988910134914463,
        0.9991023998088129,
        0.9991813080852437,
        0.9990107099062997,
        0.9991307383832644,
        0.9991474418693399,
        0.9989826124552849,
        0.9990351299307196,
        0.9992079203165174,
        0.9984667589469335,
        0.9988936682520143,
        0.999033061595546,
        0.9988629160404315,
        0.9986277903726754,
        0.9986075432615698,
        0.9987442785345716,
        0.9988501410342722,
        0.9988444928311013,
        0.9989032416251397,
        0.9987991054686168,
        0.9985475273681065,
        0.9985748169634494,
        0.9987562556149435,
        0.9960662535333998,
        0.9979152416339847,
        0.9959702121501842,
        0.997928046429798,
        0.9961466965123845,
        0.9987025752186048,
        0.9987134123811935,
        0.9986568524840472,
        0.998650399735166,
        0.998511133573276,
        0.9983389263029111
    ]
}