{
    "train_loss": [
        0.6561568975448608,
        0.5756601929664612,
        0.5248556554317474,
        0.45517032146453856,
        0.39403114318847654,
        0.32945085763931276,
        0.27767364382743837,
        0.2202613413333893,
        0.17980397939682008,
        0.15446447730064392,
        0.13218613415956498,
        0.13789743483066558,
        0.12663241028785704,
        0.0930506095290184,
        0.07561708241701126,
        0.059867088496685025,
        0.057881567627191544,
        0.04996041432023048,
        0.04396875873208046,
        0.03680617958307266,
        0.033491683378815654,
        0.03015339970588684,
        0.027418887987732888,
        0.025349126756191255,
        0.023638830333948136,
        0.0219315767288208,
        0.020480958744883537,
        0.01928609274327755,
        0.018209866248071194,
        0.01724195573478937,
        0.0162781298160553,
        0.015550231002271176,
        0.014783638156950473,
        0.014098395779728889,
        0.01341601088643074,
        0.012831541523337365,
        0.012300973758101463,
        0.011749851144850254,
        0.011292905360460282,
        0.010820133611559868,
        0.010415354557335377,
        0.010017048567533493,
        0.00969471987336874,
        0.009350327588617802,
        0.008980552293360233,
        0.008712437376379967,
        0.008422034233808518,
        0.00810808064416051,
        0.007873429358005524,
        0.007603710331022739
    ],
    "val_loss": [
        0.6978426575660706,
        0.6596731692552567,
        0.6571936011314392,
        0.5551045835018158,
        0.4937131553888321,
        0.44402918219566345,
        0.40706610679626465,
        0.346302792429924,
        0.2669905051589012,
        0.24784918874502182,
        0.4441441707313061,
        0.2647445723414421,
        0.2738656923174858,
        0.2463657632470131,
        0.23883603140711784,
        0.1271280124783516,
        0.27119624242186546,
        0.2519521266222,
        0.19731052219867706,
        0.2344820648431778,
        0.18962042778730392,
        0.1589566469192505,
        0.1938953548669815,
        0.20636574923992157,
        0.17470620572566986,
        0.15529005974531174,
        0.164966382086277,
        0.16899971663951874,
        0.1658369079232216,
        0.16424045711755753,
        0.16808150708675385,
        0.17086853086948395,
        0.1659761443734169,
        0.16407451033592224,
        0.1676444262266159,
        0.16865761578083038,
        0.16485846042633057,
        0.16571513563394547,
        0.16846825182437897,
        0.16977084428071976,
        0.16896388679742813,
        0.16761170327663422,
        0.16845787316560745,
        0.16887935996055603,
        0.17071837931871414,
        0.17256204038858414,
        0.17207612097263336,
        0.17213773727416992,
        0.17116641998291016,
        0.17024467885494232
    ],
    "val_mcc": [
        0.0,
        0.0,
        0.0,
        0.0,
        0.7196684596950643,
        0.8304547985373997,
        0.8655172413793103,
        0.8655172413793103,
        0.9368793661451105,
        0.8808303292720552,
        0.7964766161036996,
        0.7040523099688075,
        0.8655172413793103,
        0.8063854544320416,
        0.8655172413793103,
        0.9368793661451105,
        0.8655172413793103,
        0.8655172413793103,
        0.8063854544320416,
        0.8655172413793103,
        0.8655172413793103,
        0.8655172413793103,
        0.8655172413793103,
        0.8655172413793103,
        0.8655172413793103,
        0.8655172413793103,
        0.8655172413793103,
        0.8655172413793103,
        0.8655172413793103,
        0.8655172413793103,
        0.8655172413793103,
        0.8655172413793103,
        0.8655172413793103,
        0.8655172413793103,
        0.8655172413793103,
        0.8655172413793103,
        0.8063854544320416,
        0.8063854544320416,
        0.8063854544320416,
        0.8063854544320416,
        0.8063854544320416,
        0.8063854544320416,
        0.8063854544320416,
        0.8063854544320416,
        0.8063854544320416,
        0.8063854544320416,
        0.8063854544320416,
        0.8063854544320416,
        0.8063854544320416,
        0.8063854544320416
    ],
    "val_auroc": [
        0.903448275862069,
        0.9206896551724137,
        0.9241379310344827,
        0.9620689655172413,
        0.9724137931034483,
        0.9931034482758622,
        0.9689655172413794,
        0.9931034482758622,
        0.9827586206896552,
        0.9862068965517241,
        0.9862068965517242,
        0.9793103448275862,
        0.9862068965517241,
        0.9586206896551726,
        0.9862068965517241,
        0.996551724137931,
        0.9862068965517241,
        0.9724137931034483,
        0.9793103448275863,
        0.9758620689655173,
        0.9827586206896552,
        0.9724137931034483,
        0.9827586206896552,
        0.9827586206896552,
        0.9827586206896552,
        0.9862068965517241,
        0.9827586206896552,
        0.9827586206896552,
        0.9827586206896552,
        0.9827586206896552,
        0.9827586206896552,
        0.9827586206896552,
        0.9827586206896552,
        0.9827586206896552,
        0.9827586206896552,
        0.9827586206896552,
        0.9827586206896552,
        0.9827586206896552,
        0.9827586206896552,
        0.9827586206896552,
        0.9827586206896552,
        0.9827586206896552,
        0.9827586206896552,
        0.9827586206896552,
        0.9827586206896552,
        0.9827586206896552,
        0.9827586206896552,
        0.9827586206896552,
        0.9827586206896552,
        0.9827586206896552
    ]
}