{
    "train_loss": [
        0.6435392498970032,
        0.5715341448783875,
        0.4970089018344879,
        0.42653217911720276,
        0.35934492349624636,
        0.3044423282146454,
        0.2437006026506424,
        0.2057692140340805,
        0.19290556013584137,
        0.16153115928173065,
        0.13369694501161575,
        0.11610200405120849,
        0.09788199961185455,
        0.08753465488553047,
        0.07743872627615929,
        0.0713287577033043,
        0.06339549869298935,
        0.058543320000171664,
        0.0537654809653759,
        0.04992029592394829,
        0.046040569245815274,
        0.04136390313506126,
        0.03676548823714256,
        0.0353955339640379,
        0.034729186445474625,
        0.03661584928631782,
        0.03049936220049858,
        0.02623596601188183,
        0.024176064133644103,
        0.023331819847226144,
        0.023580896109342574,
        0.021403152123093606,
        0.02097393237054348,
        0.01867711655795574,
        0.017987989448010923,
        0.017879742197692394,
        0.016216491907835008,
        0.015371203422546387,
        0.01537326704710722,
        0.013881764933466911,
        0.01316752340644598,
        0.012714608758687972,
        0.01259225457906723,
        0.011598708853125573,
        0.011735650151968003,
        0.010808581672608852,
        0.010647928435355425,
        0.010300063155591488,
        0.0098470326513052,
        0.009409512020647525
    ],
    "val_loss": [
        0.7072903513908386,
        0.6957158148288727,
        0.7158996313810349,
        0.648465484380722,
        0.5614631921052933,
        0.6014988720417023,
        0.48671166598796844,
        0.6404256522655487,
        0.4858471155166626,
        0.4852878004312515,
        0.4224984273314476,
        0.42468294501304626,
        0.4197968393564224,
        0.4035641774535179,
        0.4101576507091522,
        0.4201769679784775,
        0.4117571860551834,
        0.409024678170681,
        0.4196399301290512,
        0.41364986449480057,
        0.42290668934583664,
        0.43279914930462837,
        0.48123727180063725,
        0.400916438549757,
        0.4113832712173462,
        0.45180047303438187,
        0.5265166983008385,
        0.46314460784196854,
        0.4280492514371872,
        0.5146213918924332,
        0.4899149686098099,
        0.4910443499684334,
        0.4964687153697014,
        0.5116727277636528,
        0.5049265436828136,
        0.5091008320450783,
        0.46177567541599274,
        0.4529908522963524,
        0.45720384642481804,
        0.45613059401512146,
        0.46454519405961037,
        0.46659060195088387,
        0.464856643229723,
        0.46888941153883934,
        0.46742183342576027,
        0.48193883895874023,
        0.4821067489683628,
        0.47672704607248306,
        0.4839489683508873,
        0.4943162687122822
    ],
    "val_mcc": [
        0.0,
        0.0,
        0.0,
        0.0,
        0.7310344827586207,
        0.7261354744623948,
        0.7535992817105361,
        0.6530471562110152,
        0.7058865787567897,
        0.7196684596950643,
        0.7535992817105361,
        0.8063854544320416,
        0.7058865787567897,
        0.7535992817105361,
        0.7535992817105361,
        0.7535992817105361,
        0.7535992817105361,
        0.8063854544320416,
        0.8063854544320416,
        0.8063854544320416,
        0.8655172413793103,
        0.8655172413793103,
        0.9327379053088816,
        0.8063854544320416,
        0.9327379053088816,
        0.7058865787567897,
        0.7196684596950643,
        0.7058865787567897,
        0.8063854544320416,
        0.7058865787567897,
        0.6220793828931237,
        0.7933632757799682,
        0.7310344827586207,
        0.7310344827586207,
        0.7933632757799682,
        0.7933632757799682,
        0.8655172413793103,
        0.8063854544320416,
        0.8655172413793103,
        0.8655172413793103,
        0.8655172413793103,
        0.8655172413793103,
        0.8655172413793103,
        0.8655172413793103,
        0.8655172413793103,
        0.8655172413793103,
        0.8655172413793103,
        0.8063854544320416,
        0.8655172413793103,
        0.8655172413793103
    ],
    "val_auroc": [
        0.8551724137931035,
        0.8620689655172413,
        0.8655172413793103,
        0.8931034482758621,
        0.9103448275862068,
        0.9137931034482758,
        0.9413793103448276,
        0.9137931034482759,
        0.8551724137931034,
        0.9551724137931035,
        0.9551724137931035,
        0.9517241379310346,
        0.9379310344827587,
        0.9413793103448276,
        0.9448275862068967,
        0.9275862068965517,
        0.9379310344827586,
        0.9482758620689655,
        0.9482758620689655,
        0.9517241379310346,
        0.9517241379310344,
        0.9586206896551724,
        0.9655172413793104,
        0.9517241379310345,
        0.9586206896551724,
        0.9344827586206897,
        0.9413793103448276,
        0.9482758620689655,
        0.9551724137931035,
        0.9206896551724137,
        0.9551724137931035,
        0.9448275862068967,
        0.9517241379310344,
        0.9310344827586207,
        0.9517241379310344,
        0.9448275862068964,
        0.9379310344827586,
        0.9586206896551723,
        0.9517241379310344,
        0.9551724137931035,
        0.9551724137931035,
        0.9586206896551723,
        0.9448275862068964,
        0.9448275862068964,
        0.9551724137931035,
        0.9551724137931035,
        0.9413793103448276,
        0.9413793103448276,
        0.9482758620689655,
        0.9517241379310344
    ]
}