{
    "train_loss": [
        0.6554715871810913,
        0.5763061165809631,
        0.5156783103942871,
        0.45043495297431946,
        0.3821314811706543,
        0.307031387090683,
        0.2585509717464447,
        0.2401201456785202,
        0.1799817532300949,
        0.16289154887199403,
        0.12391514033079147,
        0.11524330526590347,
        0.09360397458076478,
        0.07504796981811523,
        0.06635750606656074,
        0.05572210401296616,
        0.0483922928571701,
        0.042664887756109236,
        0.03839740343391895,
        0.03480370119214058,
        0.0317205011844635,
        0.02925199456512928,
        0.02706776708364487,
        0.025141910836100578,
        0.02333377078175545,
        0.021915974095463753,
        0.020666759461164474,
        0.019368183985352515,
        0.018242979422211647,
        0.01730140671133995,
        0.016459536738693714,
        0.01559326909482479,
        0.014819081872701645,
        0.014150351658463478,
        0.01350029669702053,
        0.012938514910638332,
        0.012378031387925148,
        0.01179386954754591,
        0.01133231706917286,
        0.010884630121290683,
        0.010452955774962903,
        0.010056629218161106,
        0.009668842889368534,
        0.009332331642508507,
        0.008986462280154229,
        0.008683615922927856,
        0.008410654589533806,
        0.00814327374100685,
        0.007879241928458213,
        0.007637494429945946
    ],
    "val_loss": [
        0.621605783700943,
        0.5657478868961334,
        0.5218148529529572,
        0.4792768061161041,
        0.45122045278549194,
        0.43096496164798737,
        0.42294377088546753,
        0.3858872875571251,
        0.381384901702404,
        0.37012379616498947,
        0.37055695056915283,
        0.30175284296274185,
        0.37317749857902527,
        0.316333644092083,
        0.3392675593495369,
        0.35625578463077545,
        0.33920538425445557,
        0.354164183139801,
        0.3572705239057541,
        0.3433149456977844,
        0.3456764370203018,
        0.3507053330540657,
        0.3476216122508049,
        0.35164522379636765,
        0.3607797399163246,
        0.3653429225087166,
        0.36572643369436264,
        0.36870338022708893,
        0.37507906556129456,
        0.3812911733984947,
        0.38372085243463516,
        0.3853761628270149,
        0.3896721079945564,
        0.3963770270347595,
        0.39748816192150116,
        0.401932030916214,
        0.4047026187181473,
        0.40790849924087524,
        0.411893829703331,
        0.41477037966251373,
        0.41742614656686783,
        0.4201866090297699,
        0.4234498143196106,
        0.42723598331213,
        0.4293428212404251,
        0.4315510019659996,
        0.43456506729125977,
        0.4383017346262932,
        0.4400979354977608,
        0.4425363093614578
    ],
    "val_mcc": [
        0.0,
        0.0,
        0.0,
        0.0,
        0.7111111111111111,
        0.6098241729265262,
        0.7386222109866251,
        0.776762650398282,
        0.6260475092762272,
        0.6953288019758299,
        0.776762650398282,
        0.7933632757799682,
        0.776762650398282,
        0.776762650398282,
        0.776762650398282,
        0.776762650398282,
        0.776762650398282,
        0.776762650398282,
        0.776762650398282,
        0.776762650398282,
        0.776762650398282,
        0.776762650398282,
        0.776762650398282,
        0.776762650398282,
        0.776762650398282,
        0.776762650398282,
        0.776762650398282,
        0.776762650398282,
        0.776762650398282,
        0.776762650398282,
        0.776762650398282,
        0.776762650398282,
        0.776762650398282,
        0.776762650398282,
        0.776762650398282,
        0.776762650398282,
        0.776762650398282,
        0.776762650398282,
        0.776762650398282,
        0.776762650398282,
        0.776762650398282,
        0.776762650398282,
        0.776762650398282,
        0.776762650398282,
        0.776762650398282,
        0.776762650398282,
        0.776762650398282,
        0.776762650398282,
        0.776762650398282,
        0.776762650398282
    ],
    "val_auroc": [
        0.9185185185185185,
        0.9185185185185185,
        0.9370370370370371,
        0.9148148148148149,
        0.9407407407407408,
        0.8925925925925926,
        0.9370370370370371,
        0.9037037037037038,
        0.9444444444444444,
        0.9518518518518518,
        0.8777777777777779,
        0.9740740740740741,
        0.9481481481481482,
        0.9777777777777777,
        0.9629629629629629,
        0.9666666666666667,
        0.9703703703703704,
        0.9629629629629629,
        0.9592592592592593,
        0.9629629629629629,
        0.9629629629629629,
        0.9592592592592594,
        0.9592592592592594,
        0.9629629629629629,
        0.9629629629629629,
        0.9629629629629629,
        0.9629629629629629,
        0.9629629629629629,
        0.9629629629629629,
        0.9629629629629629,
        0.9629629629629629,
        0.9629629629629629,
        0.9629629629629629,
        0.9629629629629629,
        0.9629629629629629,
        0.9629629629629629,
        0.9629629629629629,
        0.9629629629629629,
        0.9629629629629629,
        0.9629629629629629,
        0.9629629629629629,
        0.9629629629629629,
        0.9629629629629629,
        0.9592592592592594,
        0.9629629629629629,
        0.9629629629629629,
        0.9629629629629629,
        0.9592592592592594,
        0.9629629629629629,
        0.9629629629629629
    ]
}