{
    "train_loss": [
        0.6493927597999573,
        0.568778145313263,
        0.5083896040916442,
        0.43715726733207705,
        0.37476763129234314,
        0.32972394227981566,
        0.27204846441745756,
        0.21980961859226228,
        0.1796833395957947,
        0.14991225004196168,
        0.12412887066602707,
        0.10530868768692017,
        0.09115950912237167,
        0.08021709471940994,
        0.07178745195269584,
        0.06666510030627251,
        0.05916580706834793,
        0.05549458935856819,
        0.0502303846180439,
        0.04796504005789757,
        0.04218022897839546,
        0.041380764544010164,
        0.07486367523670197,
        0.09226700961589814,
        0.05878940895199776,
        0.08511707484722138,
        0.05816306620836258,
        0.07433470711112022,
        0.06593997664749622,
        0.05977238863706589,
        0.037712768837809565,
        0.02399670071899891,
        0.021829279884696007,
        0.019245271757245063,
        0.016022006794810296,
        0.014943286962807178,
        0.013852903433144093,
        0.012872784957289695,
        0.01211603730916977,
        0.011523258499801159,
        0.010936836525797845,
        0.010415154974907637,
        0.010029061511158944,
        0.009657683223485947,
        0.009316147305071354,
        0.008985351119190455,
        0.008691931515932083,
        0.00839396072551608,
        0.008130790758877992,
        0.007874514255672694
    ],
    "val_loss": [
        0.624037116765976,
        0.5836091637611389,
        0.5526769608259201,
        0.4984368085861206,
        0.482582688331604,
        0.39241353422403336,
        0.3477495163679123,
        0.33890214562416077,
        0.3231131434440613,
        0.313286654651165,
        0.26925063505768776,
        0.29451512545347214,
        0.2640405111014843,
        0.27436676248908043,
        0.2658251188695431,
        0.2842109724879265,
        0.28154011629521847,
        0.28477793000638485,
        0.2862741034477949,
        0.27894357219338417,
        0.3178141489624977,
        0.28777147084474564,
        0.24720977991819382,
        0.30838970467448235,
        0.45486536994576454,
        0.33047948218882084,
        0.3567195422947407,
        0.3376676216721535,
        0.35223735496401787,
        0.32813193649053574,
        0.34178317338228226,
        0.3522762442007661,
        0.35333737544715405,
        0.356734000146389,
        0.35538962110877037,
        0.3558001620694995,
        0.360518810339272,
        0.3641148107126355,
        0.36660949513316154,
        0.3685972634702921,
        0.370000425260514,
        0.37206222070381045,
        0.3744294345378876,
        0.3767235022969544,
        0.37913727667182684,
        0.3813000856898725,
        0.3831988233141601,
        0.38491654908284545,
        0.3868761104531586,
        0.3888292293995619
    ],
    "val_mcc": [
        0.0,
        0.0,
        0.0,
        0.0,
        0.0,
        0.9274777915203366,
        0.9274777915203366,
        0.9274777915203366,
        0.9274777915203366,
        0.9274777915203366,
        0.9274777915203366,
        0.9274777915203366,
        0.9274777915203366,
        0.9274777915203366,
        0.9274777915203366,
        0.9274777915203366,
        0.9274777915203366,
        0.9274777915203366,
        0.9274777915203366,
        0.9274777915203366,
        0.9274777915203366,
        0.9274777915203366,
        0.7386222109866251,
        0.8555555555555555,
        0.8539125638299665,
        0.9274777915203366,
        0.8555555555555555,
        0.9274777915203366,
        0.8555555555555555,
        0.9274777915203366,
        0.9274777915203366,
        0.9274777915203366,
        0.9274777915203366,
        0.9274777915203366,
        0.9274777915203366,
        0.9274777915203366,
        0.9274777915203366,
        0.9274777915203366,
        0.9274777915203366,
        0.9274777915203366,
        0.9274777915203366,
        0.9274777915203366,
        0.9274777915203366,
        0.9274777915203366,
        0.9274777915203366,
        0.9274777915203366,
        0.9274777915203366,
        0.9274777915203366,
        0.9274777915203366,
        0.9274777915203366
    ],
    "val_auroc": [
        0.9037037037037037,
        0.9185185185185185,
        0.9296296296296297,
        0.9481481481481482,
        0.9222222222222222,
        0.9703703703703703,
        0.9925925925925926,
        0.9703703703703703,
        0.9629629629629629,
        0.9666666666666666,
        0.9962962962962962,
        0.9703703703703703,
        0.9925925925925926,
        0.9962962962962962,
        0.9962962962962962,
        0.9962962962962962,
        0.9925925925925926,
        0.9925925925925926,
        0.9925925925925926,
        0.9925925925925926,
        0.9962962962962962,
        0.9925925925925926,
        0.9851851851851852,
        0.9851851851851852,
        0.9259259259259258,
        0.9111111111111111,
        0.925925925925926,
        0.937037037037037,
        0.9259259259259258,
        0.9407407407407407,
        0.9555555555555555,
        0.9185185185185185,
        0.9037037037037037,
        0.8925925925925925,
        0.9148148148148147,
        0.9222222222222222,
        0.9148148148148147,
        0.9074074074074073,
        0.9037037037037037,
        0.9148148148148147,
        0.9185185185185185,
        0.9222222222222222,
        0.9185185185185185,
        0.9185185185185185,
        0.9185185185185185,
        0.9074074074074073,
        0.9111111111111111,
        0.9111111111111111,
        0.9111111111111111,
        0.9111111111111111
    ]
}