{
    "train_loss": [
        0.6399648189544678,
        0.566893470287323,
        0.49728230834007264,
        0.43736268281936647,
        0.385794073343277,
        0.3593678534030914,
        0.28853306770324705,
        0.2270435869693756,
        0.19310298264026643,
        0.1514665812253952,
        0.1268610790371895,
        0.10457969605922698,
        0.08460103794932365,
        0.07163635045289993,
        0.06101273000240326,
        0.053659948706626895,
        0.04732198417186737,
        0.04222230315208435,
        0.03806004002690315,
        0.0346550852060318,
        0.031627538800239566,
        0.02904323525726795,
        0.026945581287145616,
        0.0250532902777195,
        0.023346175253391267,
        0.02182868681848049,
        0.02044532112777233,
        0.01933624893426895,
        0.01815367303788662,
        0.01723439060151577,
        0.0162616990506649,
        0.015454139187932014,
        0.014708046056330203,
        0.014050445705652236,
        0.013373279199004173,
        0.012832368351519107,
        0.012199679017066955,
        0.011775161512196064,
        0.011263773404061794,
        0.01079668253660202,
        0.010362246818840504,
        0.00999926682561636,
        0.009628285095095635,
        0.009231493622064591,
        0.00891793267801404,
        0.008615056052803993,
        0.008311782777309418,
        0.008024508785456418,
        0.007767023332417011,
        0.007532300055027008
    ],
    "val_loss": [
        0.6535510718822479,
        0.6308500468730927,
        0.6418475210666656,
        0.5013961493968964,
        0.7001916766166687,
        0.40355077385902405,
        0.44450241327285767,
        0.2931646332144737,
        0.252370148897171,
        0.3518601357936859,
        0.29767556488513947,
        0.28210528939962387,
        0.2925230525434017,
        0.27078090980648994,
        0.26090651378035545,
        0.23858103901147842,
        0.2512648105621338,
        0.2331392988562584,
        0.22641851752996445,
        0.23140987381339073,
        0.21186941117048264,
        0.2395879104733467,
        0.21348854154348373,
        0.21938864514231682,
        0.2396334446966648,
        0.21893055364489555,
        0.23538216203451157,
        0.22963912785053253,
        0.22497893869876862,
        0.23657814785838127,
        0.2295740619301796,
        0.23351920768618584,
        0.24109121412038803,
        0.24022673442959785,
        0.23854395002126694,
        0.24206790328025818,
        0.23976659774780273,
        0.24228474870324135,
        0.24501653015613556,
        0.24356970563530922,
        0.24570215865969658,
        0.24704179540276527,
        0.24693846702575684,
        0.2495153434574604,
        0.24988339841365814,
        0.25001655891537666,
        0.25087494403123856,
        0.2522723153233528,
        0.25276386737823486,
        0.2549528703093529
    ],
    "val_mcc": [
        0.0,
        0.0,
        0.0,
        0.0,
        0.3959251908590267,
        0.7196684596950643,
        0.5756983337031395,
        0.8650936924831861,
        0.8650936924831861,
        0.8650936924831861,
        0.7964766161036996,
        0.7964766161036996,
        0.7964766161036996,
        0.8650936924831861,
        0.8650936924831861,
        0.8650936924831861,
        0.8650936924831861,
        0.8650936924831861,
        0.8650936924831861,
        0.8650936924831861,
        0.8650936924831861,
        0.8650936924831861,
        0.8650936924831861,
        0.8650936924831861,
        0.8650936924831861,
        0.8650936924831861,
        0.8650936924831861,
        0.8650936924831861,
        0.8650936924831861,
        0.8650936924831861,
        0.8650936924831861,
        0.8650936924831861,
        0.8650936924831861,
        0.8650936924831861,
        0.8650936924831861,
        0.8650936924831861,
        0.8650936924831861,
        0.8650936924831861,
        0.8650936924831861,
        0.8650936924831861,
        0.8650936924831861,
        0.8650936924831861,
        0.8650936924831861,
        0.8650936924831861,
        0.8650936924831861,
        0.8650936924831861,
        0.8650936924831861,
        0.8650936924831861,
        0.8650936924831861,
        0.8650936924831861
    ],
    "val_auroc": [
        0.896551724137931,
        0.8862068965517241,
        0.9206896551724137,
        0.9689655172413794,
        0.789655172413793,
        0.9724137931034483,
        0.9896551724137932,
        0.9931034482758622,
        1.0,
        0.9931034482758622,
        0.9931034482758622,
        1.0,
        1.0,
        0.996551724137931,
        1.0,
        1.0,
        0.996551724137931,
        0.996551724137931,
        0.996551724137931,
        1.0,
        1.0,
        0.996551724137931,
        0.996551724137931,
        1.0,
        0.996551724137931,
        0.996551724137931,
        0.996551724137931,
        0.996551724137931,
        1.0,
        0.996551724137931,
        0.996551724137931,
        0.996551724137931,
        0.996551724137931,
        0.996551724137931,
        0.996551724137931,
        0.996551724137931,
        0.996551724137931,
        0.996551724137931,
        0.996551724137931,
        0.996551724137931,
        0.996551724137931,
        0.996551724137931,
        0.996551724137931,
        0.996551724137931,
        0.996551724137931,
        0.996551724137931,
        0.996551724137931,
        0.996551724137931,
        0.996551724137931,
        0.996551724137931
    ]
}