{
    "train_loss": [
        0.5927028656005859,
        0.44182456731796266,
        0.3221826493740082,
        0.21142560839653016,
        0.1283862829208374,
        0.09860060960054398,
        0.07538309171795846,
        0.04617029391229153,
        0.03467959873378277,
        0.02104882225394249,
        0.01665969714522362,
        0.012890684604644775,
        0.010829250235110522,
        0.009342337120324373,
        0.007950294390320778,
        0.007004071213304997,
        0.006238762475550175,
        0.005674152541905642,
        0.005205510184168816,
        0.004779366124421358,
        0.004430613666772843,
        0.004126115562394261,
        0.0038511027581989766,
        0.003645009873434901,
        0.0034231821540743113,
        0.0032277071382850408,
        0.003060266701504588,
        0.002900179196149111,
        0.002762846276164055,
        0.00261792978271842,
        0.002487369021400809,
        0.002375287422910333,
        0.0022642222233116628,
        0.00216579744592309,
        0.0020820530131459235,
        0.0020121844951063394,
        0.0019302071072161199,
        0.0018526587635278701,
        0.0017737222136929632,
        0.0017027976689860224,
        0.001637426228262484,
        0.0015821167500689626,
        0.001529168663546443,
        0.0014798204181715846,
        0.001418778719380498,
        0.0013703582575544716,
        0.0013346964260563254,
        0.0012882947688922287,
        0.0012499100994318724,
        0.0012072732439264654
    ],
    "val_loss": [
        0.5252117663621902,
        0.4546862244606018,
        0.3959159329533577,
        0.36746735870838165,
        0.3985464870929718,
        0.44705361127853394,
        0.35774945840239525,
        0.3926355093717575,
        0.4030461795628071,
        0.4012349583208561,
        0.42916857823729515,
        0.46316061168909073,
        0.46709010750055313,
        0.4633965864777565,
        0.47055526822805405,
        0.4820791408419609,
        0.49156729131937027,
        0.498419389128685,
        0.5038253143429756,
        0.5076351463794708,
        0.5107705369591713,
        0.5135122612118721,
        0.5161579474806786,
        0.5191904008388519,
        0.5221550837159157,
        0.5257604643702507,
        0.5289873480796814,
        0.5321340188384056,
        0.5352833345532417,
        0.538448229432106,
        0.5414992123842239,
        0.5445051789283752,
        0.5474477559328079,
        0.5504292100667953,
        0.553116612136364,
        0.5560152605175972,
        0.5589379295706749,
        0.5615620836615562,
        0.5639561787247658,
        0.5664770677685738,
        0.5688439384102821,
        0.5712649896740913,
        0.5737852230668068,
        0.5760932564735413,
        0.5785257890820503,
        0.5808930993080139,
        0.5830762833356857,
        0.5851937010884285,
        0.587382897734642,
        0.5895495936274529
    ],
    "val_mcc": [
        0.42447635997800887,
        0.7001400420140049,
        0.8555555555555555,
        0.8555555555555555,
        0.7784989441615229,
        0.6454972243679028,
        0.8539125638299665,
        0.8555555555555555,
        0.8555555555555555,
        0.8555555555555555,
        0.8555555555555555,
        0.7933632757799682,
        0.7933632757799682,
        0.7933632757799682,
        0.7933632757799682,
        0.7933632757799682,
        0.7933632757799682,
        0.7933632757799682,
        0.7933632757799682,
        0.7933632757799682,
        0.7933632757799682,
        0.7933632757799682,
        0.7933632757799682,
        0.7933632757799682,
        0.7933632757799682,
        0.7933632757799682,
        0.7933632757799682,
        0.7933632757799682,
        0.7933632757799682,
        0.7933632757799682,
        0.7933632757799682,
        0.7933632757799682,
        0.7933632757799682,
        0.7933632757799682,
        0.7933632757799682,
        0.7933632757799682,
        0.7933632757799682,
        0.7933632757799682,
        0.7933632757799682,
        0.7933632757799682,
        0.7933632757799682,
        0.7933632757799682,
        0.7933632757799682,
        0.7933632757799682,
        0.7933632757799682,
        0.7933632757799682,
        0.7933632757799682,
        0.7933632757799682,
        0.7933632757799682,
        0.7933632757799682
    ],
    "val_auroc": [
        0.9333333333333333,
        0.9259259259259259,
        0.9481481481481482,
        0.9518518518518518,
        0.9222222222222223,
        0.9333333333333332,
        0.9555555555555555,
        0.9370370370370371,
        0.9222222222222223,
        0.9518518518518518,
        0.9296296296296297,
        0.9111111111111111,
        0.9481481481481482,
        0.9518518518518518,
        0.9518518518518518,
        0.9481481481481482,
        0.9444444444444444,
        0.9444444444444444,
        0.9444444444444444,
        0.9481481481481482,
        0.9481481481481482,
        0.9518518518518518,
        0.9555555555555555,
        0.9555555555555555,
        0.9555555555555555,
        0.9555555555555555,
        0.9555555555555555,
        0.9555555555555555,
        0.9555555555555555,
        0.9555555555555555,
        0.9555555555555555,
        0.9555555555555555,
        0.9592592592592593,
        0.9592592592592593,
        0.9592592592592593,
        0.9592592592592593,
        0.9592592592592593,
        0.962962962962963,
        0.9666666666666668,
        0.9666666666666668,
        0.9666666666666668,
        0.9666666666666668,
        0.9666666666666668,
        0.9666666666666668,
        0.9666666666666668,
        0.9666666666666668,
        0.9666666666666668,
        0.9666666666666668,
        0.9666666666666668,
        0.9666666666666668
    ]
}