{
    "train_loss": [
        0.5977009892463684,
        0.46922327280044557,
        0.3495248079299927,
        0.2546181589365005,
        0.16787733435630797,
        0.11597695499658585,
        0.0903520219027996,
        0.07668407112360001,
        0.0568147100508213,
        0.03878833502531052,
        0.02664203681051731,
        0.017262041941285132,
        0.01399377714842558,
        0.011892161145806313,
        0.009792713262140752,
        0.0085513673722744,
        0.007538656145334244,
        0.006766992155462503,
        0.006116144731640816,
        0.005612839478999376,
        0.005172124737873674,
        0.004805864673107863,
        0.004509068373590708,
        0.004200914781540633,
        0.0039409029763191935,
        0.003727622563019395,
        0.003511083824560046,
        0.0033390528988093138,
        0.00316971018910408,
        0.002996719302609563,
        0.002868493972346187,
        0.002731242123991251,
        0.002615178655833006,
        0.00250229025259614,
        0.0023968074936419727,
        0.0022901187650859354,
        0.0022039255127310753,
        0.0021106255939230324,
        0.0020441286265850066,
        0.0019599945284426213,
        0.0018862495431676506,
        0.001817624270915985,
        0.001763268024660647,
        0.001696967426687479,
        0.00164789620321244,
        0.0015965865226462484,
        0.0015378352021798492,
        0.0014892441919073462,
        0.0014445955399423837,
        0.0014071393758058547
    ],
    "val_loss": [
        0.6592710614204407,
        0.5398658961057663,
        0.4744722545146942,
        0.4775971472263336,
        0.28825704753398895,
        0.5074159204959869,
        0.22595146298408508,
        0.1847708597779274,
        0.4644988849759102,
        0.45615728944540024,
        0.4647784009575844,
        0.4317975677549839,
        0.4332054667174816,
        0.4437118470668793,
        0.4520440474152565,
        0.4585236459970474,
        0.4650500491261482,
        0.47271569818258286,
        0.4809887930750847,
        0.4893571063876152,
        0.49722839146852493,
        0.5048747584223747,
        0.5117223113775253,
        0.5174476355314255,
        0.5231679826974869,
        0.5286287069320679,
        0.5338087230920792,
        0.5386165976524353,
        0.543026402592659,
        0.5470302924513817,
        0.5514394193887711,
        0.5557941049337387,
        0.5598941668868065,
        0.5639170110225677,
        0.5678636878728867,
        0.5715454518795013,
        0.5752633661031723,
        0.578710287809372,
        0.5822412818670273,
        0.58561772108078,
        0.5890075638890266,
        0.592266209423542,
        0.5955033004283905,
        0.5987224951386452,
        0.6015540063381195,
        0.6044894009828568,
        0.6074243709445,
        0.6102702096104622,
        0.6129132136702538,
        0.6156797111034393
    ],
    "val_mcc": [
        0.0,
        0.596551724137931,
        0.596551724137931,
        0.7310344827586207,
        0.6622918857059334,
        0.7933632757799682,
        0.7535992817105361,
        0.8063854544320416,
        0.8655172413793103,
        0.8063854544320416,
        0.8063854544320416,
        0.8655172413793103,
        0.8655172413793103,
        0.8655172413793103,
        0.8655172413793103,
        0.8655172413793103,
        0.8655172413793103,
        0.8655172413793103,
        0.8655172413793103,
        0.8655172413793103,
        0.8655172413793103,
        0.8655172413793103,
        0.8655172413793103,
        0.8655172413793103,
        0.8655172413793103,
        0.8655172413793103,
        0.8655172413793103,
        0.8655172413793103,
        0.8655172413793103,
        0.8655172413793103,
        0.8655172413793103,
        0.8655172413793103,
        0.8655172413793103,
        0.8655172413793103,
        0.8655172413793103,
        0.8655172413793103,
        0.8655172413793103,
        0.8655172413793103,
        0.8063854544320416,
        0.8063854544320416,
        0.8063854544320416,
        0.8063854544320416,
        0.8063854544320416,
        0.8063854544320416,
        0.8063854544320416,
        0.8063854544320416,
        0.8063854544320416,
        0.8063854544320416,
        0.8063854544320416,
        0.8063854544320416
    ],
    "val_auroc": [
        0.9379310344827586,
        0.917241379310345,
        0.9586206896551723,
        0.9689655172413792,
        0.9517241379310344,
        0.9517241379310344,
        0.9793103448275863,
        0.9896551724137932,
        0.9275862068965517,
        0.9517241379310344,
        0.9551724137931035,
        0.9620689655172414,
        0.9586206896551723,
        0.9482758620689655,
        0.9448275862068967,
        0.9448275862068967,
        0.9448275862068967,
        0.9448275862068967,
        0.9413793103448276,
        0.9413793103448276,
        0.9413793103448276,
        0.9344827586206896,
        0.9379310344827587,
        0.9344827586206896,
        0.9344827586206896,
        0.9344827586206896,
        0.9344827586206896,
        0.9344827586206896,
        0.9379310344827587,
        0.9344827586206896,
        0.9379310344827587,
        0.9379310344827587,
        0.9379310344827587,
        0.9379310344827587,
        0.9344827586206896,
        0.9344827586206896,
        0.9344827586206896,
        0.9379310344827587,
        0.9344827586206896,
        0.9379310344827587,
        0.9379310344827587,
        0.9379310344827587,
        0.9379310344827587,
        0.9344827586206896,
        0.9344827586206896,
        0.9344827586206896,
        0.9379310344827587,
        0.9379310344827587,
        0.9379310344827587,
        0.9379310344827587
    ]
}