{
    "train_loss": [
        0.5783015310764312,
        0.40213435888290405,
        0.2851795494556427,
        0.2086992770433426,
        0.1423715114593506,
        0.08921124935150146,
        0.0676977276802063,
        0.06023175269365311,
        0.08934005871415138,
        0.07263168953359127,
        0.0644336149096489,
        0.05609326586127281,
        0.06138095762580633,
        0.017243477143347265,
        0.018125129491090776,
        0.011732182465493679,
        0.010006176494061946,
        0.008136413525789976,
        0.006834441516548395,
        0.006235344428569078,
        0.005660765338689089,
        0.005180036555975676,
        0.0047448099125176665,
        0.004399579390883446,
        0.004062554659321904,
        0.003822045819833875,
        0.0035639534704387187,
        0.003356366278603673,
        0.0031570357736200095,
        0.0029935442376881837,
        0.0028381504584103824,
        0.0026928589679300783,
        0.0025594914332032204,
        0.0024392747320234774,
        0.002348885964602232,
        0.002236849209293723,
        0.0021429903339594603,
        0.0020606737583875657,
        0.0019742734963074326,
        0.001888472237624228,
        0.0018230177694931627,
        0.0017509736120700837,
        0.0016955438302829861,
        0.0016327079385519028,
        0.0015791790559887887,
        0.0015123140765354037,
        0.0014660099288448692,
        0.001414317893795669,
        0.0013725594617426395,
        0.0013260845327749849
    ],
    "val_loss": [
        0.723298192024231,
        0.7462233528494835,
        0.6303520351648331,
        0.6817146986722946,
        0.6739911586046219,
        0.7828911617398262,
        0.8963570296764374,
        0.8252357468008995,
        1.0745986551046371,
        0.5886676758527756,
        0.9948516525328159,
        0.882208563387394,
        0.6069121062755585,
        0.8035290837287903,
        0.8877262026071548,
        0.6387788653373718,
        0.5307119339704514,
        0.5898600816726685,
        0.6350354701280594,
        0.6560049206018448,
        0.6558830738067627,
        0.6436906158924103,
        0.633633628487587,
        0.6278992891311646,
        0.6276613622903824,
        0.6287466585636139,
        0.6323403120040894,
        0.6356300115585327,
        0.6390628218650818,
        0.6420412659645081,
        0.6453314125537872,
        0.6493725776672363,
        0.6524710953235626,
        0.6560051739215851,
        0.6596568822860718,
        0.6632466316223145,
        0.6659446656703949,
        0.6685515344142914,
        0.6721088588237762,
        0.6747611463069916,
        0.6777898967266083,
        0.6807529032230377,
        0.6834035515785217,
        0.686418741941452,
        0.689635843038559,
        0.692158579826355,
        0.6947768032550812,
        0.6973989903926849,
        0.7001489996910095,
        0.7027857005596161
    ],
    "val_mcc": [
        0.27625312572654126,
        0.4915960401250875,
        0.5453976310059035,
        0.5453976310059035,
        0.596551724137931,
        0.596551724137931,
        0.6539886462510549,
        0.596551724137931,
        0.47739999005770767,
        0.5453976310059035,
        0.5742432269069425,
        0.5453976310059035,
        0.6622918857059334,
        0.5453976310059035,
        0.5453976310059035,
        0.626368234149017,
        0.626368234149017,
        0.626368234149017,
        0.626368234149017,
        0.626368234149017,
        0.626368234149017,
        0.626368234149017,
        0.626368234149017,
        0.626368234149017,
        0.7058865787567897,
        0.7058865787567897,
        0.7058865787567897,
        0.7058865787567897,
        0.7058865787567897,
        0.7058865787567897,
        0.7058865787567897,
        0.7058865787567897,
        0.7058865787567897,
        0.7058865787567897,
        0.7058865787567897,
        0.7058865787567897,
        0.7058865787567897,
        0.7058865787567897,
        0.7058865787567897,
        0.7058865787567897,
        0.7058865787567897,
        0.7058865787567897,
        0.7058865787567897,
        0.7058865787567897,
        0.7058865787567897,
        0.7058865787567897,
        0.7058865787567897,
        0.7058865787567897,
        0.7058865787567897,
        0.7058865787567897
    ],
    "val_auroc": [
        0.8241379310344827,
        0.8758620689655172,
        0.8896551724137931,
        0.9275862068965517,
        0.9344827586206896,
        0.9379310344827586,
        0.9241379310344828,
        0.9310344827586207,
        0.9413793103448276,
        0.9344827586206896,
        0.9275862068965517,
        0.9310344827586207,
        0.9310344827586208,
        0.9,
        0.9137931034482759,
        0.9448275862068966,
        0.9379310344827586,
        0.9310344827586207,
        0.9310344827586207,
        0.9241379310344827,
        0.9241379310344827,
        0.9310344827586207,
        0.9344827586206896,
        0.9379310344827586,
        0.9379310344827586,
        0.9379310344827586,
        0.9379310344827586,
        0.9379310344827586,
        0.9379310344827586,
        0.9379310344827586,
        0.9379310344827586,
        0.9379310344827586,
        0.9379310344827586,
        0.9413793103448276,
        0.9413793103448276,
        0.9413793103448276,
        0.9448275862068966,
        0.9448275862068966,
        0.9448275862068966,
        0.9448275862068966,
        0.9448275862068966,
        0.9448275862068966,
        0.9448275862068966,
        0.9448275862068966,
        0.9448275862068966,
        0.9448275862068966,
        0.9448275862068966,
        0.9448275862068966,
        0.9448275862068966,
        0.9448275862068966
    ]
}