{
    "train_loss": [
        0.5909178018569946,
        0.4386679232120514,
        0.3086342871189117,
        0.20172404050827025,
        0.12065713554620743,
        0.07021532580256462,
        0.0422342486679554,
        0.03635609559714794,
        0.07508712336421013,
        0.041812372580170634,
        0.03582022674381733,
        0.017516530491411685,
        0.01896757408976555,
        0.015241368673741817,
        0.012435343395918608,
        0.007229325082153082,
        0.010234339442104102,
        0.03408237220719457,
        0.05471095182001591,
        0.06349444054067135,
        0.06867137420922517,
        0.023071731440722942,
        0.016928887739777566,
        0.006670799944549799,
        0.015351015143096447,
        0.00505664749071002,
        0.013188873883336782,
        0.004391853045672178,
        0.014294455386698246,
        0.0037688016425818207,
        0.021169132320210338,
        0.0040169314481317995,
        0.008947641076520085,
        0.003014248376712203,
        0.005424396274611354,
        0.0024968521669507028,
        0.0023298096377402542,
        0.002206472191028297,
        0.0021071079652756454,
        0.0020098086213693024,
        0.001922105555422604,
        0.0018461012281477452,
        0.0017636024858802557,
        0.0017016445286571979,
        0.001634118496440351,
        0.0015646773856133223,
        0.0015182958217337728,
        0.001469278079457581,
        0.0014192131347954273,
        0.0013837694888934493
    ],
    "val_loss": [
        0.522917777299881,
        0.4398920238018036,
        0.40723326802253723,
        0.3220684342086315,
        0.3268544152379036,
        0.33985144831240177,
        0.33153941854834557,
        0.440008781850338,
        0.3895220272243023,
        0.37942972779273987,
        0.37479694094508886,
        0.3784427000209689,
        0.3875416899099946,
        0.3878605985082686,
        0.39340232964605093,
        0.41979871690273285,
        0.3985671785194427,
        0.40831359289586544,
        0.41224001394584775,
        0.4079789575189352,
        0.41371864452958107,
        0.4842319446615875,
        0.41757409647107124,
        0.4919273629784584,
        0.47415148466825485,
        0.4383972408249974,
        0.44819882325828075,
        0.5442945137619972,
        0.47252533957362175,
        0.47680240555200726,
        0.44526978489011526,
        0.4868996627628803,
        0.45792242139577866,
        0.4567155744880438,
        0.46273833652958274,
        0.4693055134266615,
        0.4751568636856973,
        0.4798339167609811,
        0.48346741683781147,
        0.4863554108887911,
        0.4886895380914211,
        0.4907296495512128,
        0.4925315920263529,
        0.49436056474223733,
        0.49619099451228976,
        0.4980242461897433,
        0.4999923682771623,
        0.5019405507482588,
        0.5039031249471009,
        0.5059161325916648
    ],
    "val_mcc": [
        0.6172133998483676,
        0.6172133998483676,
        0.8539125638299665,
        0.9274777915203366,
        0.9274777915203366,
        0.9274777915203366,
        0.9274777915203366,
        0.7386222109866251,
        0.7784989441615229,
        0.8555555555555555,
        0.9274777915203366,
        0.9274777915203366,
        0.9274777915203366,
        0.9274777915203366,
        0.9274777915203366,
        0.8555555555555555,
        0.9274777915203366,
        0.9274777915203366,
        0.9274777915203366,
        0.9274777915203366,
        0.7933632757799682,
        0.8539125638299665,
        0.9274777915203366,
        0.7933632757799682,
        0.7933632757799682,
        0.9274777915203366,
        0.8555555555555555,
        0.7933632757799682,
        0.7933632757799682,
        0.9274777915203366,
        0.9274777915203366,
        0.7933632757799682,
        0.9274777915203366,
        0.9274777915203366,
        0.9274777915203366,
        0.9274777915203366,
        0.9274777915203366,
        0.9274777915203366,
        0.9274777915203366,
        0.9274777915203366,
        0.9274777915203366,
        0.9274777915203366,
        0.9274777915203366,
        0.9274777915203366,
        0.9274777915203366,
        0.9274777915203366,
        0.9274777915203366,
        0.9274777915203366,
        0.9274777915203366,
        0.9274777915203366
    ],
    "val_auroc": [
        0.9703703703703703,
        0.9629629629629629,
        0.9592592592592593,
        0.9592592592592593,
        0.9629629629629629,
        0.9703703703703703,
        0.9777777777777777,
        0.9592592592592593,
        0.9851851851851852,
        0.9777777777777777,
        0.9703703703703703,
        0.9629629629629629,
        0.9703703703703703,
        0.974074074074074,
        0.9777777777777777,
        0.9777777777777777,
        0.974074074074074,
        0.9851851851851852,
        0.9666666666666666,
        0.9666666666666666,
        0.9592592592592593,
        0.9814814814814814,
        0.974074074074074,
        0.9555555555555555,
        0.9592592592592593,
        0.9518518518518518,
        0.9518518518518518,
        0.9555555555555555,
        0.9592592592592593,
        0.9666666666666666,
        0.974074074074074,
        0.9629629629629629,
        0.9703703703703703,
        0.9703703703703703,
        0.9703703703703703,
        0.9703703703703703,
        0.9703703703703703,
        0.9666666666666666,
        0.9666666666666666,
        0.9666666666666666,
        0.9666666666666666,
        0.9666666666666666,
        0.9666666666666666,
        0.9703703703703703,
        0.9703703703703703,
        0.9703703703703703,
        0.9703703703703703,
        0.9703703703703703,
        0.9703703703703703,
        0.9703703703703703
    ]
}