{
    "train_loss": [
        0.5875238418579102,
        0.4462047338485718,
        0.3451861798763275,
        0.24208094477653502,
        0.1595991224050522,
        0.10437748581171036,
        0.06364974975585938,
        0.04004761874675751,
        0.02754596546292305,
        0.02045885715633631,
        0.015732776559889316,
        0.012744378484785556,
        0.010579438507556915,
        0.009104136656969786,
        0.007931897882372141,
        0.0070488803088665005,
        0.006313940417021513,
        0.00575749771669507,
        0.005256834160536528,
        0.004864452965557575,
        0.004511341638863087,
        0.004188282880932093,
        0.003923692973330617,
        0.003702172776684165,
        0.003502230951562524,
        0.0032858508173376324,
        0.0031102944631129503,
        0.0029691726434975863,
        0.002822395088151097,
        0.0026808114256709815,
        0.0025616602972149847,
        0.0024417584296315908,
        0.0023507887031883,
        0.0022399719338864086,
        0.0021512649254873395,
        0.002059903834015131,
        0.001977953966706991,
        0.0019121238496154548,
        0.001829933444969356,
        0.0017774802865460515,
        0.0017083272337913512,
        0.001650657528080046,
        0.0015911392867565155,
        0.0015319135272875428,
        0.0014806699939072133,
        0.0014381830114871264,
        0.0013878892175853252,
        0.0013540244195610284,
        0.0013056622818112373,
        0.0012721207458525896
    ],
    "val_loss": [
        0.6673601865768433,
        0.6691877990961075,
        0.6200131624937057,
        0.640917956829071,
        0.38053520023822784,
        0.39642035961151123,
        0.25929537788033485,
        0.30982523784041405,
        0.3476806804537773,
        0.2824498638510704,
        0.28183659724891186,
        0.33218932896852493,
        0.3594132410362363,
        0.37333956453949213,
        0.37661764211952686,
        0.37441857531666756,
        0.3763400260359049,
        0.38164556957781315,
        0.3864205311983824,
        0.3929711561650038,
        0.3996115643531084,
        0.40508051216602325,
        0.4102119617164135,
        0.4154336843639612,
        0.41965614818036556,
        0.42373414896428585,
        0.42779938504099846,
        0.43271708488464355,
        0.4369005411863327,
        0.44051610492169857,
        0.444630304351449,
        0.4485929552465677,
        0.45175437442958355,
        0.45442333072423935,
        0.4568114522844553,
        0.4600571673363447,
        0.4625735152512789,
        0.4663850571960211,
        0.46894887275993824,
        0.4716295413672924,
        0.47386025078594685,
        0.4755634907633066,
        0.4775269702076912,
        0.4794043190777302,
        0.4813034627586603,
        0.48323892056941986,
        0.4854600913822651,
        0.4876378644257784,
        0.48945863731205463,
        0.49149463325738907
    ],
    "val_mcc": [
        0.0,
        0.27122540144832413,
        0.38214458357880815,
        0.4915960401250875,
        0.6434589410887032,
        0.7261354744623948,
        0.7964766161036996,
        0.7933632757799682,
        0.7933632757799682,
        0.8655172413793103,
        0.8655172413793103,
        0.9327379053088816,
        0.9327379053088816,
        0.9327379053088816,
        0.9327379053088816,
        0.8655172413793103,
        0.8655172413793103,
        0.8655172413793103,
        0.9327379053088816,
        0.9327379053088816,
        0.9327379053088816,
        0.9327379053088816,
        0.9327379053088816,
        0.9327379053088816,
        0.9327379053088816,
        0.9327379053088816,
        0.9327379053088816,
        0.9327379053088816,
        0.9327379053088816,
        0.9327379053088816,
        0.9327379053088816,
        0.9327379053088816,
        0.9327379053088816,
        0.9327379053088816,
        0.9327379053088816,
        0.9327379053088816,
        0.9327379053088816,
        0.9327379053088816,
        0.9327379053088816,
        0.9327379053088816,
        0.9327379053088816,
        0.9327379053088816,
        0.9327379053088816,
        0.9327379053088816,
        0.9327379053088816,
        0.9327379053088816,
        0.9327379053088816,
        0.9327379053088816,
        0.9327379053088816,
        0.9327379053088816
    ],
    "val_auroc": [
        0.7517241379310344,
        0.8689655172413793,
        0.9241379310344827,
        0.9517241379310345,
        0.9758620689655173,
        0.9793103448275862,
        0.9896551724137931,
        0.9931034482758622,
        0.9896551724137931,
        0.9931034482758622,
        0.993103448275862,
        0.993103448275862,
        0.993103448275862,
        0.9896551724137932,
        0.9896551724137932,
        0.9896551724137932,
        0.9896551724137932,
        0.993103448275862,
        0.993103448275862,
        0.993103448275862,
        0.9896551724137932,
        0.9896551724137932,
        0.9896551724137932,
        0.9896551724137932,
        0.9896551724137932,
        0.9896551724137932,
        0.9896551724137932,
        0.9896551724137932,
        0.9896551724137932,
        0.9896551724137932,
        0.9896551724137932,
        0.9896551724137932,
        0.9896551724137932,
        0.9896551724137932,
        0.9896551724137932,
        0.9896551724137932,
        0.9896551724137932,
        0.9896551724137932,
        0.9896551724137932,
        0.9896551724137932,
        0.9896551724137932,
        0.9896551724137932,
        0.9896551724137932,
        0.9896551724137932,
        0.9896551724137932,
        0.9896551724137932,
        0.9896551724137932,
        0.9896551724137932,
        0.9896551724137932,
        0.9896551724137932
    ]
}