{
    "train_loss": [
        0.6474337100982666,
        0.545914089679718,
        0.467710816860199,
        0.39641972780227663,
        0.325876784324646,
        0.2512426793575287,
        0.19775575399398804,
        0.14467318952083588,
        0.12048006355762482,
        0.09176948964595795,
        0.07532639279961587,
        0.062334199994802476,
        0.05925823375582695,
        0.05630718395113945,
        0.04800345152616501,
        0.04329496510326862,
        0.03802465610206127,
        0.034610694646835326,
        0.03025469332933426,
        0.027929844334721565,
        0.025617989897727966,
        0.021911345794796942,
        0.01936132349073887,
        0.01754978857934475,
        0.016204247251152992,
        0.014823258668184281,
        0.01382345538586378,
        0.013074759021401405,
        0.01245827879756689,
        0.01188317108899355,
        0.011032299697399139,
        0.011025998182594777,
        0.011239699460566044,
        0.009987271390855312,
        0.009133598022162914,
        0.009186731092631817,
        0.00917729465290904,
        0.008186473231762647,
        0.008131045568734407,
        0.007335726451128721,
        0.0068474005907773975,
        0.00656501417979598,
        0.0062286372296512125,
        0.00608503045514226,
        0.005760134849697352,
        0.005535094812512398,
        0.005365783907473087,
        0.005261629819869995,
        0.005048469081521035,
        0.004890096466988325
    ],
    "val_loss": [
        0.6160919368267059,
        0.5734439939260483,
        0.5568913221359253,
        0.4452708512544632,
        0.37883034348487854,
        0.3784594386816025,
        0.30828816443681717,
        0.30675438791513443,
        0.3040456175804138,
        0.3133622296154499,
        0.3045070134103298,
        0.3177064172923565,
        0.2966217026114464,
        0.3151648622006178,
        0.32089358009397984,
        0.3213902451097965,
        0.33407879434525967,
        0.32593297585844994,
        0.33903877809643745,
        0.33465489000082016,
        0.3503037877380848,
        0.3676469475030899,
        0.3722219578921795,
        0.37218432128429413,
        0.37509797140955925,
        0.3888133056461811,
        0.3738921731710434,
        0.37640483118593693,
        0.3716268166899681,
        0.37967731058597565,
        0.41745414212346077,
        0.37096210941672325,
        0.3795547541230917,
        0.39930303394794464,
        0.3913505747914314,
        0.4104985035955906,
        0.41538311541080475,
        0.4032984208315611,
        0.3994093183428049,
        0.40269738249480724,
        0.3993737865239382,
        0.4020156320184469,
        0.40536519698798656,
        0.40468303486704826,
        0.40299019403755665,
        0.4040286373347044,
        0.40729335602372885,
        0.4108187537640333,
        0.41441025119274855,
        0.41688955295830965
    ],
    "val_mcc": [
        0.0,
        0.0,
        0.0,
        0.776762650398282,
        0.776762650398282,
        0.7784989441615229,
        0.8555555555555555,
        0.9274777915203366,
        0.8555555555555555,
        0.9274777915203366,
        0.9274777915203366,
        0.8539125638299665,
        0.9274777915203366,
        0.9274777915203366,
        0.9274777915203366,
        0.9274777915203366,
        0.8539125638299665,
        0.9274777915203366,
        0.8539125638299665,
        0.9274777915203366,
        0.8539125638299665,
        0.8539125638299665,
        0.8539125638299665,
        0.8539125638299665,
        0.8539125638299665,
        0.8539125638299665,
        0.8539125638299665,
        0.8539125638299665,
        0.8539125638299665,
        0.8539125638299665,
        0.8539125638299665,
        0.9274777915203366,
        0.8539125638299665,
        0.8539125638299665,
        0.8555555555555555,
        0.8555555555555555,
        0.776762650398282,
        0.8539125638299665,
        0.8539125638299665,
        0.8539125638299665,
        0.8539125638299665,
        0.8539125638299665,
        0.8539125638299665,
        0.8539125638299665,
        0.9274777915203366,
        0.9274777915203366,
        0.9274777915203366,
        0.9274777915203366,
        0.9274777915203366,
        0.9274777915203366
    ],
    "val_auroc": [
        0.837037037037037,
        0.8481481481481481,
        0.888888888888889,
        0.9481481481481482,
        0.9666666666666667,
        0.9851851851851852,
        0.9888888888888888,
        0.9888888888888888,
        0.9777777777777777,
        0.9037037037037037,
        0.9703703703703703,
        0.9666666666666666,
        0.9888888888888888,
        0.9592592592592593,
        0.9777777777777777,
        0.9777777777777777,
        0.9814814814814814,
        0.9888888888888888,
        0.9925925925925926,
        0.9925925925925926,
        0.9814814814814814,
        0.9851851851851852,
        0.9851851851851852,
        0.9888888888888888,
        0.9851851851851852,
        0.9851851851851852,
        0.9888888888888888,
        0.9888888888888888,
        0.9888888888888888,
        0.9851851851851852,
        0.9888888888888888,
        0.9888888888888888,
        0.9888888888888888,
        0.9888888888888888,
        0.9851851851851852,
        0.9740740740740741,
        0.9592592592592593,
        0.9814814814814815,
        0.9851851851851852,
        0.9851851851851852,
        0.9851851851851852,
        0.9888888888888888,
        0.9888888888888888,
        0.9888888888888888,
        0.9888888888888888,
        0.9888888888888888,
        0.9888888888888888,
        0.9888888888888888,
        0.9888888888888888,
        0.9888888888888888
    ]
}