{
    "train_loss": [
        0.6168333053588867,
        0.5285154998302459,
        0.45584150552749636,
        0.368737131357193,
        0.30333204865455626,
        0.24027009606361388,
        0.19016820788383484,
        0.1517605662345886,
        0.11636849343776703,
        0.09011476933956146,
        0.07837946191430092,
        0.06295380219817162,
        0.047076033800840376,
        0.053222520649433135,
        0.04471084848046303,
        0.0410156112164259,
        0.029001402109861373,
        0.02388755977153778,
        0.021234839409589767,
        0.01929806061089039,
        0.017284807190299033,
        0.015758051350712777,
        0.014529435895383358,
        0.013523932546377182,
        0.012628993391990662,
        0.011821713857352733,
        0.011115030758082867,
        0.010502594150602817,
        0.009965192526578903,
        0.009443159401416778,
        0.00900504905730486,
        0.008588482066988945,
        0.008171619288623333,
        0.007811766769737005,
        0.0075013292953372,
        0.007192082330584526,
        0.006875430792570114,
        0.006598383374512196,
        0.006321982946246862,
        0.006097159255295992,
        0.005888267233967781,
        0.005674121994525194,
        0.005500975716859102,
        0.005305811483412981,
        0.005097460281103849,
        0.0049381604418158535,
        0.004777657985687256,
        0.004618270974606276,
        0.0044912999961525205,
        0.004352283757179975
    ],
    "val_loss": [
        0.6406814455986023,
        0.5839567482471466,
        0.5553193688392639,
        0.4951413869857788,
        0.3200114220380783,
        0.27534931153059006,
        0.4567357450723648,
        0.186330147087574,
        0.3485373556613922,
        0.27226705849170685,
        0.2889605984091759,
        0.37928965874016285,
        0.32033603452146053,
        0.4641502592712641,
        0.16619248129427433,
        0.3898542858660221,
        0.3800292797386646,
        0.5437141340225935,
        0.6754168812185526,
        0.6633895291015506,
        0.6436710096895695,
        0.6222755378112197,
        0.5745040029287338,
        0.5404500337317586,
        0.5479134134948254,
        0.5619093645364046,
        0.5690595731139183,
        0.5715627362951636,
        0.5770347462967038,
        0.5828301403671503,
        0.5890752170234919,
        0.5904518896713853,
        0.5948517103679478,
        0.5983805973082781,
        0.6055789375677705,
        0.6085441820323467,
        0.6106140441261232,
        0.611941454000771,
        0.617679272312671,
        0.6220303755253553,
        0.6263968204148114,
        0.6315520582720637,
        0.6336612426675856,
        0.6350668035447598,
        0.6377030732110143,
        0.6439492478966713,
        0.6478320597670972,
        0.6504354444332421,
        0.6522412151098251,
        0.6525379298254848
    ],
    "val_mcc": [
        0.0,
        0.0,
        0.0,
        0.3959251908590267,
        0.9327379053088816,
        0.9327379053088816,
        0.5756983337031395,
        0.9368793661451105,
        0.7261354744623948,
        0.9327379053088816,
        0.8650936924831861,
        0.7964766161036996,
        0.7964766161036996,
        0.7964766161036996,
        0.9327379053088816,
        0.7261354744623948,
        0.8650936924831861,
        0.7964766161036996,
        0.7964766161036996,
        0.7964766161036996,
        0.7964766161036996,
        0.7964766161036996,
        0.7964766161036996,
        0.7964766161036996,
        0.7964766161036996,
        0.7964766161036996,
        0.7964766161036996,
        0.7964766161036996,
        0.7964766161036996,
        0.7964766161036996,
        0.7964766161036996,
        0.7964766161036996,
        0.7964766161036996,
        0.7964766161036996,
        0.7964766161036996,
        0.7964766161036996,
        0.7964766161036996,
        0.7964766161036996,
        0.7964766161036996,
        0.7964766161036996,
        0.7964766161036996,
        0.7964766161036996,
        0.7964766161036996,
        0.7964766161036996,
        0.7964766161036996,
        0.7964766161036996,
        0.7964766161036996,
        0.7964766161036996,
        0.7964766161036996,
        0.7964766161036996
    ],
    "val_auroc": [
        0.9551724137931035,
        0.9586206896551724,
        0.9689655172413794,
        0.9896551724137931,
        0.996551724137931,
        0.996551724137931,
        0.9931034482758622,
        1.0,
        0.9931034482758622,
        0.996551724137931,
        0.9931034482758622,
        0.9931034482758622,
        0.993103448275862,
        0.9862068965517242,
        0.996551724137931,
        0.993103448275862,
        0.993103448275862,
        0.9931034482758622,
        0.9896551724137932,
        0.9758620689655173,
        0.9827586206896552,
        0.9827586206896552,
        0.9827586206896552,
        0.9827586206896552,
        0.9827586206896552,
        0.9862068965517241,
        0.9896551724137932,
        0.9896551724137932,
        0.9896551724137932,
        0.9896551724137932,
        0.9896551724137932,
        0.9896551724137932,
        0.9896551724137932,
        0.9896551724137932,
        0.9896551724137932,
        0.9896551724137932,
        0.9896551724137932,
        0.9896551724137932,
        0.9896551724137932,
        0.9896551724137932,
        0.9896551724137932,
        0.9896551724137932,
        0.9896551724137932,
        0.9896551724137932,
        0.9896551724137932,
        0.9896551724137932,
        0.9896551724137932,
        0.9896551724137932,
        0.9896551724137932,
        0.9896551724137932
    ]
}