{
    "train_loss": [
        0.6232393264770508,
        0.5305615186691284,
        0.45034624338150026,
        0.35509623885154723,
        0.30215310156345365,
        0.22342706918716432,
        0.17197980284690856,
        0.13851670324802398,
        0.11039185971021652,
        0.08926784545183182,
        0.08099425733089446,
        0.0631871096789837,
        0.05581967905163765,
        0.053003298491239546,
        0.04678741618990898,
        0.042781611531972887,
        0.03701504617929459,
        0.0344264168292284,
        0.03261874429881573,
        0.028745171800255775,
        0.026066454499959944,
        0.024159418977797033,
        0.02225915193557739,
        0.026158242672681808,
        0.02749018035829067,
        0.02161215841770172,
        0.01745037958025932,
        0.01786753498017788,
        0.020004486106336115,
        0.015262262336909771,
        0.01604500412940979,
        0.012397250160574913,
        0.017477553710341452,
        0.012315307650715113,
        0.009959078300744295,
        0.008727221749722958,
        0.008247169107198716,
        0.0076324579305946825,
        0.007079849578440189,
        0.007014635019004345,
        0.006506351009011269,
        0.006383177544921637,
        0.005980000086128712,
        0.0058201952837407585,
        0.005551204830408096,
        0.00538707785308361,
        0.0051821649074554445,
        0.005118671013042331,
        0.004870087653398514,
        0.004908196860924363
    ],
    "val_loss": [
        0.7223219871520996,
        0.7143740504980087,
        0.6746407151222229,
        0.8098972290754318,
        0.7041536271572113,
        0.47455377876758575,
        0.5577908754348755,
        0.3964765816926956,
        0.38628102093935013,
        0.5093351602554321,
        0.4549167677760124,
        0.352310910820961,
        0.3832825291901827,
        0.327971950173378,
        0.33075859397649765,
        0.366759005934,
        0.4080740697681904,
        0.48563767224550247,
        0.4849450159817934,
        0.47406185045838356,
        0.6494720866903663,
        0.5242862924933434,
        0.7110358253121376,
        0.421210590749979,
        0.7118727574124932,
        0.4484199061989784,
        0.5669058673083782,
        0.5073109939694405,
        0.6333032697439194,
        0.552635632455349,
        0.5887578949332237,
        0.6057775467634201,
        0.5369803328067064,
        0.5070509426295757,
        0.5400756224989891,
        0.4984722714871168,
        0.5570264905691147,
        0.6268612006679177,
        0.6227408479899168,
        0.6079118568450212,
        0.6057174261659384,
        0.5964040067046881,
        0.5915843583643436,
        0.6077863238751888,
        0.6340914946049452,
        0.6452470747753978,
        0.6381149627268314,
        0.632252337411046,
        0.6338760042563081,
        0.6403981857001781
    ],
    "val_mcc": [
        0.0,
        0.0,
        0.0,
        0.0,
        0.5633809715656511,
        0.6539886462510549,
        0.7964766161036996,
        0.7933632757799682,
        0.8063854544320416,
        0.7310344827586207,
        0.7196684596950643,
        0.8063854544320416,
        0.9327379053088816,
        0.9327379053088816,
        0.8063854544320416,
        0.8650936924831861,
        0.8650936924831861,
        0.7964766161036996,
        0.7964766161036996,
        0.7964766161036996,
        0.6530471562110152,
        0.7964766161036996,
        0.7964766161036996,
        0.7310344827586207,
        0.7261354744623948,
        0.7310344827586207,
        0.7196684596950643,
        0.7310344827586207,
        0.7196684596950643,
        0.7196684596950643,
        0.6539886462510549,
        0.7196684596950643,
        0.7196684596950643,
        0.7196684596950643,
        0.7964766161036996,
        0.7196684596950643,
        0.7196684596950643,
        0.7964766161036996,
        0.7196684596950643,
        0.7196684596950643,
        0.7196684596950643,
        0.7196684596950643,
        0.7196684596950643,
        0.7196684596950643,
        0.7964766161036996,
        0.7964766161036996,
        0.7964766161036996,
        0.7196684596950643,
        0.7964766161036996,
        0.7964766161036996
    ],
    "val_auroc": [
        0.8448275862068967,
        0.8413793103448276,
        0.8862068965517241,
        0.9206896551724137,
        0.9137931034482758,
        0.9517241379310344,
        0.9482758620689655,
        0.9689655172413794,
        0.9689655172413792,
        0.9482758620689655,
        0.9586206896551723,
        0.9620689655172414,
        0.9827586206896552,
        0.9793103448275863,
        0.9758620689655173,
        0.9758620689655173,
        0.9758620689655173,
        0.9758620689655173,
        0.9724137931034483,
        0.9724137931034483,
        0.9758620689655173,
        0.9689655172413794,
        0.9689655172413794,
        0.9586206896551724,
        0.9689655172413794,
        0.9620689655172413,
        0.9620689655172413,
        0.9379310344827587,
        0.9517241379310345,
        0.9620689655172413,
        0.9448275862068964,
        0.9448275862068964,
        0.9655172413793103,
        0.9655172413793103,
        0.9620689655172414,
        0.9620689655172414,
        0.9620689655172414,
        0.9620689655172414,
        0.9620689655172414,
        0.9620689655172414,
        0.9620689655172414,
        0.9620689655172414,
        0.9620689655172414,
        0.9620689655172414,
        0.9620689655172414,
        0.9620689655172414,
        0.9620689655172414,
        0.9620689655172414,
        0.9620689655172414,
        0.9620689655172414
    ]
}