{
    "train_loss": [
        0.6513415336608886,
        0.5639149308204651,
        0.4974543690681458,
        0.4144272685050964,
        0.3355516165494919,
        0.255998557806015,
        0.20654377937316895,
        0.14921065866947175,
        0.11098598092794418,
        0.0847960852086544,
        0.06520270183682442,
        0.05201537311077118,
        0.04317160472273827,
        0.03652031756937504,
        0.03151525966823101,
        0.027713894471526147,
        0.024705809727311134,
        0.02236753925681114,
        0.020253524556756018,
        0.0186184786260128,
        0.01706721428781748,
        0.015957872569561004,
        0.014810193702578545,
        0.013928589411079884,
        0.013089010864496231,
        0.012290542759001256,
        0.011565054208040238,
        0.010974404402077198,
        0.010395446792244911,
        0.009860039595514536,
        0.009404426999390125,
        0.008977387472987175,
        0.008562994375824928,
        0.008172584511339665,
        0.007804727274924516,
        0.007501169946044684,
        0.007197641953825951,
        0.0069466673769056795,
        0.0066481752321124075,
        0.006416824366897345,
        0.006176242791116238,
        0.005992370843887329,
        0.005755450483411551,
        0.005561485607177019,
        0.005380417313426733,
        0.00518255028873682,
        0.005035677086561918,
        0.004868225660175085,
        0.004705326072871685,
        0.004563084291294217
    ],
    "val_loss": [
        0.6235125660896301,
        0.5728403925895691,
        0.5271060913801193,
        0.47002682089805603,
        0.4191986322402954,
        0.36675360798835754,
        0.38111862540245056,
        0.36509234458208084,
        0.30028272420167923,
        0.31543898582458496,
        0.3052668198943138,
        0.2605449706315994,
        0.2851947695016861,
        0.3031231537461281,
        0.3018290475010872,
        0.29669350385665894,
        0.2616659924387932,
        0.2643776834011078,
        0.2793678343296051,
        0.2877739891409874,
        0.29713816195726395,
        0.30174677073955536,
        0.3006948158144951,
        0.30445297062397003,
        0.30768389999866486,
        0.31132495403289795,
        0.3151189312338829,
        0.3177984729409218,
        0.3199378252029419,
        0.32271163165569305,
        0.32788875699043274,
        0.3305824026465416,
        0.33066166937351227,
        0.3337513729929924,
        0.3381588086485863,
        0.3397056683897972,
        0.3400902673602104,
        0.3444564566016197,
        0.3470543548464775,
        0.34838661551475525,
        0.3497435972094536,
        0.3528668135404587,
        0.3559964820742607,
        0.35738542675971985,
        0.3595073074102402,
        0.36162007600069046,
        0.3627385124564171,
        0.36230508983135223,
        0.36674361675977707,
        0.36971844732761383
    ],
    "val_mcc": [
        0.0,
        0.0,
        0.0,
        0.1485667259923031,
        0.6953288019758299,
        0.776762650398282,
        0.776762650398282,
        0.776762650398282,
        0.776762650398282,
        0.776762650398282,
        0.776762650398282,
        0.776762650398282,
        0.776762650398282,
        0.776762650398282,
        0.776762650398282,
        0.776762650398282,
        0.776762650398282,
        0.776762650398282,
        0.776762650398282,
        0.776762650398282,
        0.776762650398282,
        0.776762650398282,
        0.776762650398282,
        0.776762650398282,
        0.776762650398282,
        0.776762650398282,
        0.776762650398282,
        0.776762650398282,
        0.776762650398282,
        0.776762650398282,
        0.776762650398282,
        0.776762650398282,
        0.776762650398282,
        0.776762650398282,
        0.776762650398282,
        0.776762650398282,
        0.776762650398282,
        0.776762650398282,
        0.776762650398282,
        0.776762650398282,
        0.776762650398282,
        0.776762650398282,
        0.776762650398282,
        0.776762650398282,
        0.776762650398282,
        0.776762650398282,
        0.776762650398282,
        0.776762650398282,
        0.776762650398282,
        0.776762650398282
    ],
    "val_auroc": [
        0.8592592592592593,
        0.8888888888888888,
        0.9185185185185185,
        0.9370370370370371,
        0.9518518518518518,
        0.9666666666666667,
        0.9370370370370371,
        0.9296296296296296,
        0.9703703703703703,
        0.9703703703703704,
        0.9629629629629629,
        0.9666666666666667,
        0.9666666666666667,
        0.9666666666666667,
        0.9666666666666667,
        0.9740740740740741,
        0.9740740740740741,
        0.9740740740740741,
        0.9740740740740741,
        0.9740740740740741,
        0.9740740740740741,
        0.9740740740740741,
        0.9740740740740741,
        0.9740740740740741,
        0.9740740740740741,
        0.9740740740740741,
        0.9740740740740741,
        0.9740740740740741,
        0.9703703703703704,
        0.9703703703703704,
        0.9703703703703704,
        0.9703703703703704,
        0.9703703703703704,
        0.9703703703703704,
        0.9703703703703704,
        0.9703703703703704,
        0.9703703703703704,
        0.9703703703703704,
        0.9703703703703704,
        0.9703703703703704,
        0.9703703703703704,
        0.9703703703703704,
        0.9703703703703704,
        0.9703703703703704,
        0.9703703703703704,
        0.9703703703703704,
        0.9703703703703704,
        0.9703703703703704,
        0.9703703703703704,
        0.9703703703703704
    ]
}