{
    "train_loss": [
        0.6480727791786194,
        0.5521881341934204,
        0.4783475875854492,
        0.3863501071929932,
        0.3098149746656418,
        0.22280630767345427,
        0.18138394951820375,
        0.14231356084346772,
        0.135634708404541,
        0.13052131086587906,
        0.10544112101197242,
        0.0686890497803688,
        0.06326181665062905,
        0.053403915464878084,
        0.04670403711497784,
        0.04455395042896271,
        0.038445412367582324,
        0.03528616093099117,
        0.032631216943264006,
        0.030748599022626878,
        0.02763208542019129,
        0.027001522481441498,
        0.024398613907396793,
        0.021585929766297342,
        0.018591011129319667,
        0.016768074594438076,
        0.015376866050064563,
        0.014563870057463646,
        0.014201042428612708,
        0.013825999014079571,
        0.015870663151144982,
        0.01492179101333022,
        0.012773758824914693,
        0.011573618091642857,
        0.01226497171446681,
        0.014333696663379669,
        0.008755465969443321,
        0.011487305536866188,
        0.009055462386459111,
        0.010938591975718736,
        0.01139020398259163,
        0.007410753425210715,
        0.008084865659475327,
        0.006415155064314604,
        0.006288724252954125,
        0.005847035627812147,
        0.005465676821768284,
        0.005303634144365787,
        0.005185527354478836,
        0.004896080587059259
    ],
    "val_loss": [
        0.703825056552887,
        0.6466177701950073,
        0.6113460510969162,
        0.5252522528171539,
        0.34712108969688416,
        0.2621401324868202,
        0.19496450573205948,
        0.18881233781576157,
        0.17829055339097977,
        0.16750562191009521,
        0.1355588100850582,
        0.11589433997869492,
        0.09640404209494591,
        0.10010946914553642,
        0.09482742846012115,
        0.08116599544882774,
        0.07674709148705006,
        0.07570618391036987,
        0.06714837811887264,
        0.06825343891978264,
        0.07385959848761559,
        0.07424999214708805,
        0.08289571478962898,
        0.08537764474749565,
        0.09240838885307312,
        0.21920068189501762,
        0.08507932536303997,
        0.14685381203889847,
        0.0873303934931755,
        0.101641945540905,
        0.08311388082802296,
        0.07780647464096546,
        0.06380262039601803,
        0.08627944812178612,
        0.06677091401070356,
        0.07428447157144547,
        0.1002039909362793,
        0.08165819384157658,
        0.1674712672829628,
        0.08423726446926594,
        0.09207434579730034,
        0.09716015309095383,
        0.0950779989361763,
        0.08251254539936781,
        0.08256635908037424,
        0.08704223297536373,
        0.09375760145485401,
        0.09652388840913773,
        0.09201990626752377,
        0.08859936706721783
    ],
    "val_mcc": [
        0.0,
        0.0,
        0.27625312572654126,
        0.5633809715656511,
        0.8655172413793103,
        0.9368793661451105,
        1.0,
        0.9368793661451105,
        0.8808303292720552,
        0.8304547985373997,
        0.9368793661451105,
        0.9368793661451105,
        0.9368793661451105,
        0.9368793661451105,
        0.9368793661451105,
        0.9368793661451105,
        0.9368793661451105,
        0.9368793661451105,
        0.9368793661451105,
        0.9368793661451105,
        0.9368793661451105,
        0.9368793661451105,
        0.9368793661451105,
        0.9368793661451105,
        0.9368793661451105,
        0.8655172413793103,
        0.9368793661451105,
        0.8655172413793103,
        0.9368793661451105,
        0.9368793661451105,
        0.9368793661451105,
        0.9368793661451105,
        0.9368793661451105,
        0.9368793661451105,
        0.9368793661451105,
        0.9368793661451105,
        0.9368793661451105,
        0.9368793661451105,
        0.8655172413793103,
        0.9368793661451105,
        0.9368793661451105,
        0.9368793661451105,
        0.9368793661451105,
        0.9368793661451105,
        0.9368793661451105,
        0.9368793661451105,
        0.9368793661451105,
        0.9368793661451105,
        0.9368793661451105,
        0.9368793661451105
    ],
    "val_auroc": [
        0.9275862068965517,
        0.9586206896551723,
        0.9724137931034482,
        0.9724137931034483,
        0.9931034482758622,
        1.0,
        1.0,
        1.0,
        0.9931034482758622,
        0.9896551724137931,
        0.9931034482758622,
        0.996551724137931,
        1.0,
        0.996551724137931,
        0.996551724137931,
        1.0,
        1.0,
        0.996551724137931,
        1.0,
        1.0,
        0.996551724137931,
        0.996551724137931,
        0.996551724137931,
        0.9931034482758622,
        0.9896551724137931,
        0.9896551724137931,
        0.9931034482758622,
        0.9931034482758622,
        0.996551724137931,
        0.996551724137931,
        0.996551724137931,
        0.9931034482758622,
        0.996551724137931,
        0.9931034482758622,
        0.996551724137931,
        0.9931034482758622,
        0.9724137931034483,
        0.9931034482758622,
        0.9896551724137931,
        0.9793103448275863,
        0.9758620689655173,
        0.9896551724137931,
        0.9931034482758622,
        0.9931034482758622,
        0.9896551724137931,
        0.9931034482758622,
        0.9896551724137931,
        0.9896551724137931,
        0.9896551724137931,
        0.9931034482758622
    ]
}