{
    "train_loss": [
        0.40623081773519515,
        0.12097767814993858,
        0.061445314437150955,
        0.03342134859412908,
        0.02119666915386915,
        0.010885483212769031,
        0.00764247034676373,
        0.0055945469997823235,
        0.004432929493486881,
        0.003787759831175208,
        0.00328105369117111,
        0.002888400130905211,
        0.0025828252080827953,
        0.0023285307222977282,
        0.0021097571705468,
        0.0019177287817001344,
        0.0017592082382179796,
        0.0016179110389202833,
        0.0014943777699954809,
        0.0013863572850823403,
        0.001288812654092908,
        0.0012023840099573135,
        0.001125528570264578,
        0.0010559053043834865,
        0.0009920790209434927,
        0.0009353532164823264,
        0.0008829488302581012,
        0.0008358549152035266,
        0.0007910245738457888,
        0.0007513856748118996,
        0.0007137237989809364,
        0.0006802937772590667,
        0.0006483545992523431,
        0.0006183806573972106,
        0.0005913633445743472,
        0.0005658246984239668,
        0.0005418423388618976,
        0.0005196549638640136,
        0.0004988706496078521,
        0.0004793903528479859,
        0.00046077918377704916,
        0.0004436607763636857,
        0.000427317272988148,
        0.0004120367899304256,
        0.00039746931579429654,
        0.0003835810610326007,
        0.0003707162250066176,
        0.00035830937849823385,
        0.00034663026162888854,
        0.0003354681481141597
    ],
    "val_loss": [
        0.19849446167548498,
        0.13562856366237006,
        0.08845760176579158,
        0.053418012956778206,
        0.04632141999900341,
        0.06685238579909007,
        0.04860191668073336,
        0.05234087506930033,
        0.065572044501702,
        0.060996572176615395,
        0.05898100261886915,
        0.061474512020746865,
        0.06253841395179431,
        0.060506059477726616,
        0.06541913747787476,
        0.06415817141532898,
        0.06264204035202663,
        0.06350915754834811,
        0.06678379947940509,
        0.06837067380547523,
        0.06721382588148117,
        0.06766925131281216,
        0.06728182857235272,
        0.06688606614867847,
        0.06793483967582385,
        0.06916292384266853,
        0.06977500766515732,
        0.07108409702777863,
        0.07122693210840225,
        0.07021982471148173,
        0.06979962686697642,
        0.07138848304748535,
        0.07155644769469897,
        0.07202595720688502,
        0.07318883140881856,
        0.07342889408270518,
        0.07315161575873692,
        0.07397885868946712,
        0.07354348401228587,
        0.07337487488985062,
        0.07422687609990437,
        0.07519512251019478,
        0.07626426592469215,
        0.07643392930428188,
        0.07706271981199582,
        0.07633592933416367,
        0.07611594721674919,
        0.07637340699632962,
        0.07651317367951076,
        0.07732830444971721
    ],
    "val_mcc": [
        0.9486832980505139,
        0.9466666666666667,
        0.9486832980505139,
        0.9486832980505139,
        0.9486832980505139,
        0.9486832980505139,
        0.9486832980505139,
        0.9486832980505139,
        0.9486832980505139,
        0.9486832980505139,
        0.9486832980505139,
        0.9486832980505139,
        0.9486832980505139,
        0.9486832980505139,
        0.9486832980505139,
        0.9486832980505139,
        0.9486832980505139,
        0.9486832980505139,
        0.9486832980505139,
        0.9486832980505139,
        0.9486832980505139,
        0.9486832980505139,
        0.9486832980505139,
        0.9486832980505139,
        0.9486832980505139,
        0.9486832980505139,
        0.9486832980505139,
        0.9486832980505139,
        0.9486832980505139,
        0.9486832980505139,
        0.9486832980505139,
        0.9486832980505139,
        0.9486832980505139,
        0.9486832980505139,
        0.9486832980505139,
        0.9486832980505139,
        0.9486832980505139,
        0.9486832980505139,
        0.9486832980505139,
        0.9486832980505139,
        0.9486832980505139,
        0.9486832980505139,
        0.9486832980505139,
        0.9486832980505139,
        0.9486832980505139,
        0.9486832980505139,
        0.9486832980505139,
        0.9486832980505139,
        0.9486832980505139,
        0.9486832980505139
    ],
    "val_auroc": [
        0.998,
        0.9993333333333333,
        0.996,
        1.0,
        1.0,
        1.0,
        1.0,
        1.0,
        1.0,
        1.0,
        1.0,
        1.0,
        1.0,
        1.0,
        1.0,
        1.0,
        1.0,
        1.0,
        1.0,
        1.0,
        1.0,
        1.0,
        1.0,
        1.0,
        1.0,
        1.0,
        1.0,
        1.0,
        1.0,
        1.0,
        1.0,
        1.0,
        1.0,
        1.0,
        1.0,
        1.0,
        1.0,
        1.0,
        1.0,
        1.0,
        1.0,
        1.0,
        1.0,
        1.0,
        1.0,
        1.0,
        1.0,
        1.0,
        1.0,
        1.0
    ]
}