{
    "train_loss": [
        0.30523762106895447,
        0.09590794742107392,
        0.03892277050763369,
        0.022478386107832194,
        0.012682385090738536,
        0.008740721875801683,
        0.0042570205871015785,
        0.0033207207918167113,
        0.0026117075933143495,
        0.002200961415655911,
        0.0019450777326710522,
        0.0017463314114138484,
        0.0015788215794600546,
        0.0014399424893781544,
        0.0013196374755352735,
        0.0012159093283116817,
        0.0011240863124839962,
        0.0010428812238387764,
        0.000970330013660714,
        0.0009060337906703353,
        0.0008478109491989016,
        0.0007949959603138268,
        0.0007484725734684617,
        0.000705023854970932,
        0.0006657401914708317,
        0.0006294954684562982,
        0.0005968563433270902,
        0.000566322059603408,
        0.0005383091804105789,
        0.0005123314651427791,
        0.0004884895141003653,
        0.00046626816038042307,
        0.0004456009191926569,
        0.00042626695649232714,
        0.0004082534578628838,
        0.000391534244408831,
        0.00037573615554720163,
        0.0003608545317547396,
        0.0003470955416560173,
        0.0003339823539135978,
        0.00032165459997486324,
        0.00031009812082629653,
        0.00029902848473284394,
        0.0002886604313971475,
        0.00027891192294191567,
        0.0002695797957130708,
        0.00026066215941682457,
        0.00025232261687051504,
        0.0002444054203806445,
        0.00023678294091951103
    ],
    "val_loss": [
        0.1056231955687205,
        0.050443449368079506,
        0.114062054703633,
        0.0518790731827418,
        0.02918753990282615,
        0.06148993379125992,
        0.037955989595502615,
        0.03880387808506688,
        0.04339697755252322,
        0.047064476956923805,
        0.049044387259831033,
        0.048746327636763453,
        0.04827877584223946,
        0.04920356926353028,
        0.049899159581400454,
        0.05065643539031347,
        0.050849256571382284,
        0.051530686866802476,
        0.05212773873548334,
        0.05226117776085933,
        0.053034746883592256,
        0.0538944392465055,
        0.05470999989969035,
        0.05450077752660339,
        0.05571200139820576,
        0.055821800468644746,
        0.05666563815126816,
        0.05688252400917312,
        0.05722852008572469,
        0.05782661185367033,
        0.058374430964856096,
        0.058844868442974985,
        0.058919535018503666,
        0.059105194018532835,
        0.05934101419794994,
        0.060202858614502475,
        0.06034816272828417,
        0.06085771187402619,
        0.06092133093625307,
        0.06154724791607199,
        0.061726983840344474,
        0.06208294192523075,
        0.06256244502340753,
        0.06281192941241898,
        0.06330286853093033,
        0.06349431427467304,
        0.06389916035307881,
        0.06379580950791326,
        0.06406026405844993,
        0.06434662459165945
    ],
    "val_mcc": [
        0.9738516810963534,
        0.9738516810963534,
        0.9473309334313418,
        0.973505222533836,
        0.973505222533836,
        0.973505222533836,
        0.973505222533836,
        0.973505222533836,
        0.973505222533836,
        0.973505222533836,
        0.973505222533836,
        0.973505222533836,
        0.973505222533836,
        0.973505222533836,
        0.973505222533836,
        0.973505222533836,
        0.973505222533836,
        0.973505222533836,
        0.973505222533836,
        0.973505222533836,
        0.973505222533836,
        0.973505222533836,
        0.973505222533836,
        0.973505222533836,
        0.973505222533836,
        0.973505222533836,
        0.973505222533836,
        0.973505222533836,
        0.973505222533836,
        0.973505222533836,
        0.973505222533836,
        0.973505222533836,
        0.973505222533836,
        0.973505222533836,
        0.973505222533836,
        0.973505222533836,
        0.973505222533836,
        0.973505222533836,
        0.973505222533836,
        0.973505222533836,
        0.973505222533836,
        0.973505222533836,
        0.973505222533836,
        0.973505222533836,
        0.973505222533836,
        0.973505222533836,
        0.973505222533836,
        0.973505222533836,
        0.973505222533836,
        0.973505222533836
    ],
    "val_auroc": [
        1.0,
        1.0,
        1.0,
        0.9993333333333333,
        0.9993333333333333,
        1.0,
        1.0,
        1.0,
        1.0,
        1.0,
        1.0,
        1.0,
        1.0,
        1.0,
        1.0,
        1.0,
        1.0,
        1.0,
        1.0,
        1.0,
        1.0,
        1.0,
        1.0,
        1.0,
        1.0,
        1.0,
        1.0,
        1.0,
        1.0,
        1.0,
        1.0,
        1.0,
        1.0,
        1.0,
        1.0,
        1.0,
        1.0,
        1.0,
        1.0,
        1.0,
        1.0,
        1.0,
        1.0,
        1.0,
        1.0,
        1.0,
        1.0,
        1.0,
        1.0,
        1.0
    ]
}