{
    "train_loss": [
        0.34265698343515394,
        0.09717678092420101,
        0.05800674688071013,
        0.032882226072251795,
        0.023886690475046636,
        0.00993447438813746,
        0.006743234256282449,
        0.005222566239535808,
        0.004151363973505795,
        0.0034975365735590456,
        0.0030087672639638186,
        0.0026403531432151795,
        0.0023441157070919873,
        0.00210610160138458,
        0.0019047082285396754,
        0.0017283294582739472,
        0.0015791055746376514,
        0.0014475872623734177,
        0.0013340891804546119,
        0.0012295176391489803,
        0.001140326343011111,
        0.0010573173756711185,
        0.0009853214432951063,
        0.0009190300886984914,
        0.0008616854378487915,
        0.0008082965738140047,
        0.0007618926872964948,
        0.0007187274051830173,
        0.0006802960357163102,
        0.0006449806794989854,
        0.0006129561632405966,
        0.0005830254929605871,
        0.0005560294666793197,
        0.000530530177638866,
        0.0005073505541076884,
        0.0004854034137679264,
        0.00046502747281920167,
        0.0004460015887161717,
        0.00042830849124584345,
        0.0004115843621548265,
        0.0003958496439736336,
        0.0003811687754932791,
        0.00036761115770787,
        0.00035422577639110386,
        0.0003416772495256737,
        0.0003300152049632743,
        0.000318959858850576,
        0.0003083264920860529,
        0.00029835476307198404,
        0.00028889710374642165
    ],
    "val_loss": [
        0.13295254111289978,
        0.06375959018866222,
        0.053298951437075935,
        0.04072524420917034,
        0.018509202015896637,
        0.009739332521955172,
        0.019560034697254498,
        0.008678962554161748,
        0.005700667466347416,
        0.006476512411609292,
        0.006833578071867426,
        0.0059471288695931435,
        0.005389817485896249,
        0.004756016579146187,
        0.004445288485536973,
        0.00470014160964638,
        0.0047683279650906725,
        0.0043379558095087605,
        0.0036899660093088946,
        0.003815484504836301,
        0.004154758178628981,
        0.003596958122216165,
        0.003477738685129831,
        0.003333211895854523,
        0.0030722683295607567,
        0.0029026586562395096,
        0.0030089504240701594,
        0.002800090180244297,
        0.002645004754109929,
        0.002643580509660145,
        0.0024668254191055894,
        0.0024154881054225066,
        0.0024952468811534345,
        0.002380099749037375,
        0.0024068095081020147,
        0.0023550331922403225,
        0.0022140247359250984,
        0.0020739604078698903,
        0.0020171628954509893,
        0.0019839540182147175,
        0.0020453273318707943,
        0.0020503318131280444,
        0.002229854445128391,
        0.001967621996300295,
        0.0019048945105168968,
        0.0018650717101991177,
        0.0018070819593655567,
        0.0019140653506231804,
        0.0019556208280846477,
        0.001939944641587014
    ],
    "val_mcc": [
        0.9738516810963534,
        1.0,
        1.0,
        0.9738516810963534,
        0.9738516810963534,
        1.0,
        0.9738516810963534,
        1.0,
        1.0,
        1.0,
        1.0,
        1.0,
        1.0,
        1.0,
        1.0,
        1.0,
        1.0,
        1.0,
        1.0,
        1.0,
        1.0,
        1.0,
        1.0,
        1.0,
        1.0,
        1.0,
        1.0,
        1.0,
        1.0,
        1.0,
        1.0,
        1.0,
        1.0,
        1.0,
        1.0,
        1.0,
        1.0,
        1.0,
        1.0,
        1.0,
        1.0,
        1.0,
        1.0,
        1.0,
        1.0,
        1.0,
        1.0,
        1.0,
        1.0,
        1.0
    ],
    "val_auroc": [
        1.0,
        1.0,
        1.0,
        1.0,
        1.0,
        1.0,
        1.0,
        1.0,
        1.0,
        1.0,
        1.0,
        1.0,
        1.0,
        1.0,
        1.0,
        1.0,
        1.0,
        1.0,
        1.0,
        1.0,
        1.0,
        1.0,
        1.0,
        1.0,
        1.0,
        1.0,
        1.0,
        1.0,
        1.0,
        1.0,
        1.0,
        1.0,
        1.0,
        1.0,
        1.0,
        1.0,
        1.0,
        1.0,
        1.0,
        1.0,
        1.0,
        1.0,
        1.0,
        1.0,
        1.0,
        1.0,
        1.0,
        1.0,
        1.0,
        1.0
    ]
}