{
    "train_loss": [
        0.2998689189553261,
        0.07645724937319756,
        0.04959065932780504,
        0.02429860197007656,
        0.016244270093739032,
        0.024250704562291503,
        0.009739200817421079,
        0.004422231903299689,
        0.0034885796485468745,
        0.0028754054801538587,
        0.0023591208970174193,
        0.002057832677382976,
        0.0018365335883572698,
        0.0016570013016462327,
        0.0015111523098312318,
        0.0013825940899550916,
        0.0012723409570753574,
        0.0011738114175386728,
        0.0010894102859310805,
        0.0010125491651706397,
        0.0009449819335713983,
        0.000884484511334449,
        0.0008286023512482643,
        0.0007789881026837974,
        0.0007328387815505266,
        0.00069156214594841,
        0.0006533353822305799,
        0.000617966940626502,
        0.000586093938909471,
        0.0005561008234508336,
        0.0005282441503368318,
        0.0005026023020036519,
        0.00047852078278083355,
        0.000456347840372473,
        0.000435332438792102,
        0.00041616727248765527,
        0.0003976959822466597,
        0.0003806209162576124,
        0.0003646027034847066,
        0.00034958706237375736,
        0.0003355736058438197,
        0.00032235413673333826,
        0.0003098103770753369,
        0.0002980261022457853,
        0.0002870978380087763,
        0.00027681599895004185,
        0.00026691256207413974,
        0.000257785469875671,
        0.0002491674807970412,
        0.0002409459397313185
    ],
    "val_loss": [
        0.13412037740151087,
        0.10039449855685234,
        0.09576533734798431,
        0.05337845596174399,
        0.05380289318660895,
        0.08389768625299136,
        0.05146824040760597,
        0.06111981921518842,
        0.06418623154362042,
        0.0659026694484055,
        0.0667802367048959,
        0.06663138885051012,
        0.06675104424357414,
        0.06723144510760903,
        0.06813164823688567,
        0.0686515683773905,
        0.06929284939542413,
        0.06994398675548534,
        0.0705369795517375,
        0.07104790218484898,
        0.0717188137738655,
        0.07222598775600393,
        0.07277238027503093,
        0.07323199207894504,
        0.07385131778816383,
        0.07437526698534687,
        0.07486802277465661,
        0.0753836358198896,
        0.07594320480711758,
        0.07642728846985847,
        0.07697236390473942,
        0.07743902368626247,
        0.07796858949586749,
        0.0784887927196299,
        0.07905573828611523,
        0.0794798214531814,
        0.08000216109212488,
        0.08054917255261292,
        0.08100079706249137,
        0.08150264069748421,
        0.0819483093606929,
        0.08237053112437327,
        0.08279264532029629,
        0.08320957398973405,
        0.08366696633553754,
        0.08407062633583944,
        0.08441074064467102,
        0.08480679732747376,
        0.08517990707575034,
        0.08553006659106661
    ],
    "val_mcc": [
        0.9486832980505139,
        0.9486832980505139,
        0.9486832980505139,
        0.9738516810963534,
        0.9738516810963534,
        0.9244162777371754,
        0.9738516810963534,
        0.9738516810963534,
        0.9738516810963534,
        0.9738516810963534,
        0.9738516810963534,
        0.9738516810963534,
        0.9738516810963534,
        0.9738516810963534,
        0.9738516810963534,
        0.9738516810963534,
        0.9738516810963534,
        0.9738516810963534,
        0.9738516810963534,
        0.9738516810963534,
        0.9738516810963534,
        0.9738516810963534,
        0.9738516810963534,
        0.9738516810963534,
        0.9738516810963534,
        0.9738516810963534,
        0.9738516810963534,
        0.9738516810963534,
        0.9738516810963534,
        0.9738516810963534,
        0.9738516810963534,
        0.9738516810963534,
        0.9738516810963534,
        0.9738516810963534,
        0.9738516810963534,
        0.9738516810963534,
        0.9738516810963534,
        0.9738516810963534,
        0.9738516810963534,
        0.9738516810963534,
        0.9738516810963534,
        0.9738516810963534,
        0.9738516810963534,
        0.9738516810963534,
        0.9738516810963534,
        0.9738516810963534,
        0.9738516810963534,
        0.9738516810963534,
        0.9738516810963534,
        0.9738516810963534
    ],
    "val_auroc": [
        0.996,
        1.0,
        0.9973333333333334,
        0.9966666666666667,
        0.998,
        0.9993333333333333,
        0.998,
        0.9933333333333334,
        0.992,
        0.9953333333333333,
        0.996,
        0.9973333333333334,
        0.9986666666666667,
        0.9986666666666667,
        0.9986666666666667,
        0.9986666666666667,
        0.9986666666666667,
        0.9986666666666667,
        0.9986666666666667,
        0.9986666666666667,
        0.9993333333333333,
        0.9993333333333333,
        0.9993333333333333,
        0.9993333333333333,
        0.9993333333333333,
        0.9993333333333333,
        0.9993333333333333,
        0.9986666666666667,
        0.9986666666666667,
        0.9986666666666667,
        0.9986666666666667,
        0.9986666666666667,
        0.9986666666666667,
        0.9986666666666667,
        0.9986666666666667,
        0.9986666666666667,
        0.9986666666666667,
        0.9986666666666667,
        0.9986666666666667,
        0.9986666666666667,
        0.9986666666666667,
        0.9986666666666667,
        0.9986666666666667,
        0.9986666666666667,
        0.9986666666666667,
        0.9986666666666667,
        0.9986666666666667,
        0.9986666666666667,
        0.9986666666666667,
        0.9993333333333333
    ]
}