{
    "train_loss": [
        0.2950462445616722,
        0.10227487422525883,
        0.05380258895456791,
        0.03824663357809186,
        0.01383523428812623,
        0.009282630123198032,
        0.007766326982527971,
        0.005877369083464146,
        0.004746987391263247,
        0.003620820469222963,
        0.002964499685913324,
        0.002631518989801407,
        0.002328364667482674,
        0.002096210501622409,
        0.0018939434317871927,
        0.0017278584418818355,
        0.00158133280929178,
        0.0014552437234669924,
        0.0013442767085507512,
        0.0012456719065085053,
        0.001157457521185279,
        0.001078667410183698,
        0.0010089753661304713,
        0.0009447010292205959,
        0.0008855022490024567,
        0.0008351077500265092,
        0.0007860679063014687,
        0.000742557185003534,
        0.0007024832186289132,
        0.0006656761455815285,
        0.0006321853783447295,
        0.000600397726520896,
        0.0005717292428016662,
        0.0005447093164548278,
        0.0005198692670091987,
        0.0004970638256054372,
        0.0004750859894556925,
        0.0004549487726762891,
        0.00043606479885056616,
        0.0004185024765320122,
        0.00040181505610235033,
        0.0003864012978738174,
        0.00037195115874055773,
        0.00035817215393763036,
        0.00034544329391792414,
        0.000332964287372306,
        0.00032144076540134846,
        0.00031044551869854333,
        0.0003001230797963217,
        0.0002903328975662589
    ],
    "val_loss": [
        0.1406469096740087,
        0.058164031555255256,
        0.06394031550735235,
        0.018165376968681812,
        0.01146931325395902,
        0.011431398491064707,
        0.007257761821771662,
        0.007253256626427174,
        0.004802183015272021,
        0.004195898460845153,
        0.0038315332494676113,
        0.0033468668504307666,
        0.0029573063366115093,
        0.0026546968535209694,
        0.002388438869578143,
        0.0021691194269806147,
        0.001978293682138125,
        0.0018136572713653247,
        0.0016840436728671193,
        0.0015527040037947397,
        0.0014419568081696827,
        0.0013504762318916619,
        0.0012642778068160017,
        0.0011775388459985454,
        0.0011096013865123193,
        0.0010419506191586454,
        0.0009835974002877872,
        0.0009297579138850173,
        0.0008838719416720172,
        0.0008382902985128263,
        0.0007948181785953542,
        0.0007563349790871143,
        0.0007206128308704743,
        0.0006880646978970617,
        0.0006564146024174988,
        0.0006313855992630124,
        0.0006032204352474461,
        0.000576778082177043,
        0.0005526498231726388,
        0.0005312991076304266,
        0.0005113862474293759,
        0.0004925453007066002,
        0.0004753103227509807,
        0.0004588349450690051,
        0.0004396612348500639,
        0.00042616100593780476,
        0.00041087221082610387,
        0.0003974641246410708,
        0.00038532605200695497,
        0.00037341144343372434
    ],
    "val_mcc": [
        1.0,
        1.0,
        1.0,
        1.0,
        1.0,
        1.0,
        1.0,
        1.0,
        1.0,
        1.0,
        1.0,
        1.0,
        1.0,
        1.0,
        1.0,
        1.0,
        1.0,
        1.0,
        1.0,
        1.0,
        1.0,
        1.0,
        1.0,
        1.0,
        1.0,
        1.0,
        1.0,
        1.0,
        1.0,
        1.0,
        1.0,
        1.0,
        1.0,
        1.0,
        1.0,
        1.0,
        1.0,
        1.0,
        1.0,
        1.0,
        1.0,
        1.0,
        1.0,
        1.0,
        1.0,
        1.0,
        1.0,
        1.0,
        1.0,
        1.0
    ],
    "val_auroc": [
        1.0,
        1.0,
        1.0,
        1.0,
        1.0,
        1.0,
        1.0,
        1.0,
        1.0,
        1.0,
        1.0,
        1.0,
        1.0,
        1.0,
        1.0,
        1.0,
        1.0,
        1.0,
        1.0,
        1.0,
        1.0,
        1.0,
        1.0,
        1.0,
        1.0,
        1.0,
        1.0,
        1.0,
        1.0,
        1.0,
        1.0,
        1.0,
        1.0,
        1.0,
        1.0,
        1.0,
        1.0,
        1.0,
        1.0,
        1.0,
        1.0,
        1.0,
        1.0,
        1.0,
        1.0,
        1.0,
        1.0,
        1.0,
        1.0,
        1.0
    ]
}