{
    "train_loss": [
        0.6079941153526306,
        0.3957356184720993,
        0.24597052931785585,
        0.1499375082552433,
        0.09247908815741539,
        0.06534904837608338,
        0.04725874438881874,
        0.034417593851685524,
        0.027619893476366997,
        0.023127201944589615,
        0.019846103712916376,
        0.017346235923469067,
        0.01535395672544837,
        0.013720039185136557,
        0.012362631410360337,
        0.011211755871772765,
        0.010234490968286991,
        0.009386308491230011,
        0.00864397631958127,
        0.007994782319292426,
        0.00742567447014153,
        0.006916188588365913,
        0.006460540508851409,
        0.006054177042096853,
        0.005685576470568776,
        0.005351452389732003,
        0.005050780856981874,
        0.004773831879720092,
        0.004522635135799646,
        0.004290204215794802,
        0.0040775497909635305,
        0.0038802886614575983,
        0.003698152583092451,
        0.0035306389443576338,
        0.0033740505808964373,
        0.003228395851328969,
        0.003092059539631009,
        0.002965232310816646,
        0.0028462725924327968,
        0.00273483507335186,
        0.002630633069202304,
        0.0025327886221930386,
        0.0024394407402724026,
        0.0023521087365224957,
        0.002269582962617278,
        0.0021916152676567436,
        0.0021181522402912377,
        0.002048036514315754,
        0.00198170110816136,
        0.001918825542088598
    ],
    "val_loss": [
        0.5136153002580007,
        0.3268874833981196,
        0.211908628543218,
        0.11762923250595729,
        0.10106824586788814,
        0.056904527048269905,
        0.04474857014914354,
        0.03499956615269184,
        0.03210254634420077,
        0.03002389334142208,
        0.023846817202866077,
        0.025401688491304714,
        0.024517060567935307,
        0.02141045903166135,
        0.021073508076369762,
        0.020802461231748264,
        0.020239049879213173,
        0.018948945837716263,
        0.01906651786218087,
        0.018206047515074413,
        0.01833105133846402,
        0.017799078331639368,
        0.017943646914015215,
        0.01765638201807936,
        0.01707377750426531,
        0.016439853546520073,
        0.01736655691638589,
        0.017112320909897488,
        0.016634315950796008,
        0.016881178133189678,
        0.01671766396611929,
        0.016901948566858966,
        0.016645772382616997,
        0.01665427985911568,
        0.016697854191685717,
        0.01653436617925763,
        0.016683595487847924,
        0.016442150343209505,
        0.017370713409036398,
        0.016929881026347477,
        0.01659097693239649,
        0.016780060172701877,
        0.016790430371960003,
        0.016797766943151753,
        0.017007583985105157,
        0.01694774014564852,
        0.01731047814246267,
        0.017061832283313077,
        0.01737705144720773,
        0.017448211864878733
    ],
    "val_mcc": [
        0.8451542547285166,
        0.9244162777371754,
        1.0,
        1.0,
        0.9244162777371754,
        1.0,
        1.0,
        1.0,
        1.0,
        0.9738516810963534,
        1.0,
        0.9738516810963534,
        0.9738516810963534,
        0.9738516810963534,
        0.9738516810963534,
        0.9738516810963534,
        0.9738516810963534,
        0.9738516810963534,
        0.9738516810963534,
        0.9738516810963534,
        0.9738516810963534,
        0.9738516810963534,
        0.9738516810963534,
        0.9738516810963534,
        0.9738516810963534,
        0.9738516810963534,
        0.9738516810963534,
        0.9738516810963534,
        0.9738516810963534,
        0.9738516810963534,
        0.9738516810963534,
        0.9738516810963534,
        0.9738516810963534,
        0.9738516810963534,
        0.9738516810963534,
        0.9738516810963534,
        0.9738516810963534,
        0.9738516810963534,
        0.9738516810963534,
        0.9738516810963534,
        0.9738516810963534,
        0.9738516810963534,
        0.9738516810963534,
        0.9738516810963534,
        0.9738516810963534,
        0.9738516810963534,
        0.9738516810963534,
        0.9738516810963534,
        0.9738516810963534,
        0.9738516810963534
    ],
    "val_auroc": [
        0.998,
        1.0,
        1.0,
        1.0,
        1.0,
        1.0,
        1.0,
        1.0,
        1.0,
        1.0,
        1.0,
        1.0,
        1.0,
        1.0,
        1.0,
        1.0,
        1.0,
        1.0,
        1.0,
        1.0,
        1.0,
        1.0,
        1.0,
        1.0,
        1.0,
        1.0,
        1.0,
        1.0,
        1.0,
        1.0,
        1.0,
        1.0,
        1.0,
        1.0,
        1.0,
        1.0,
        1.0,
        1.0,
        1.0,
        1.0,
        1.0,
        1.0,
        1.0,
        1.0,
        1.0,
        1.0,
        1.0,
        1.0,
        1.0,
        1.0
    ]
}