{
    "train_loss": [
        0.6117864310741424,
        0.37578425705432894,
        0.21981144994497298,
        0.1357694074511528,
        0.08326126635074615,
        0.054376724362373355,
        0.04641177952289581,
        0.04327113907784223,
        0.05170976463705301,
        0.029184945113956928,
        0.0212043397128582,
        0.017067870032042264,
        0.013894454017281533,
        0.012178498227149248,
        0.010877991002053023,
        0.009843928925693034,
        0.009007072541862726,
        0.008284441940486432,
        0.007667016889899969,
        0.00711252111941576,
        0.006623248383402824,
        0.006192104378715158,
        0.0058035557623952625,
        0.005451526679098606,
        0.005132747255265713,
        0.004842591611668468,
        0.004582861438393593,
        0.004338757088407874,
        0.004117615148425102,
        0.003914864570833743,
        0.0037265717284753917,
        0.003552585979923606,
        0.003392146877013147,
        0.003242023941129446,
        0.0031033545034006237,
        0.0029729519272223117,
        0.0028521333588287234,
        0.00273736547678709,
        0.002631430025212467,
        0.002530815382488072,
        0.0024367354111745954,
        0.002348865894600749,
        0.002264283085241914,
        0.002185978484340012,
        0.002110868284944445,
        0.0020405134302563964,
        0.0019732511485926808,
        0.001909432711545378,
        0.0018492460949346423,
        0.0017917796154506504
    ],
    "val_loss": [
        0.49291113018989563,
        0.30004438757896423,
        0.1717031498750051,
        0.10018875946601231,
        0.0726085255543391,
        0.05616816754142443,
        0.0361915056904157,
        0.07050917545954387,
        0.05212784434358279,
        0.04454207171996435,
        0.022963436941305797,
        0.056673046201467514,
        0.033170691380898155,
        0.03856047677497069,
        0.034682427843411766,
        0.03448128141462803,
        0.03345928434282541,
        0.03386107739061117,
        0.032220782401661076,
        0.03099279074619214,
        0.031604946280519165,
        0.031497517600655556,
        0.03114696079865098,
        0.030512545568247635,
        0.03099183722709616,
        0.030467077468832333,
        0.031118776183575392,
        0.030200802255421877,
        0.029866945774604876,
        0.030192478249470394,
        0.030496377497911453,
        0.030726793222129345,
        0.03076235189413031,
        0.030626522454743583,
        0.03001598936195175,
        0.03047671813207368,
        0.030830289237201214,
        0.030450218201925356,
        0.030829687137156725,
        0.03029400995001197,
        0.03048280378182729,
        0.031192351986343663,
        0.03072297782637179,
        0.03134074822689096,
        0.03087880074356993,
        0.030711895165344078,
        0.03129554206194977,
        0.031016609941919644,
        0.03125507889005045,
        0.03131510162105163
    ],
    "val_mcc": [
        0.9486832980505139,
        0.9738516810963534,
        0.9738516810963534,
        1.0,
        1.0,
        1.0,
        1.0,
        0.9486832980505139,
        0.9738516810963534,
        0.9738516810963534,
        1.0,
        0.9486832980505139,
        0.9738516810963534,
        0.9738516810963534,
        0.9738516810963534,
        0.9738516810963534,
        0.9738516810963534,
        0.9738516810963534,
        0.9738516810963534,
        0.9738516810963534,
        0.9738516810963534,
        0.9738516810963534,
        0.9738516810963534,
        0.9738516810963534,
        0.9738516810963534,
        0.9738516810963534,
        0.9738516810963534,
        0.9738516810963534,
        0.9738516810963534,
        0.9738516810963534,
        0.9738516810963534,
        0.9738516810963534,
        0.9738516810963534,
        0.9738516810963534,
        0.9738516810963534,
        0.9738516810963534,
        0.9738516810963534,
        0.9738516810963534,
        0.9738516810963534,
        0.9738516810963534,
        0.9738516810963534,
        0.9738516810963534,
        0.9738516810963534,
        0.9738516810963534,
        0.9738516810963534,
        0.9738516810963534,
        0.9738516810963534,
        0.9738516810963534,
        0.9738516810963534,
        0.9738516810963534
    ],
    "val_auroc": [
        0.9853333333333333,
        1.0,
        1.0,
        1.0,
        1.0,
        1.0,
        1.0,
        1.0,
        1.0,
        1.0,
        1.0,
        1.0,
        1.0,
        1.0,
        1.0,
        1.0,
        1.0,
        1.0,
        1.0,
        1.0,
        1.0,
        1.0,
        1.0,
        1.0,
        1.0,
        1.0,
        1.0,
        1.0,
        1.0,
        1.0,
        1.0,
        1.0,
        1.0,
        1.0,
        1.0,
        1.0,
        1.0,
        1.0,
        1.0,
        1.0,
        1.0,
        1.0,
        1.0,
        1.0,
        1.0,
        1.0,
        1.0,
        1.0,
        1.0,
        1.0
    ]
}