{
    "train_loss": [
        0.6001073688268661,
        0.38311396837234496,
        0.23334334492683412,
        0.13480642288923264,
        0.09365207105875015,
        0.0589362233877182,
        0.04264703951776028,
        0.06340651400387287,
        0.03486766126006842,
        0.026591394655406476,
        0.021666381880640982,
        0.018963926937431097,
        0.01584638496860862,
        0.013441602699458599,
        0.011769068334251643,
        0.010557230934500695,
        0.00962621569633484,
        0.008848512638360262,
        0.008166848309338092,
        0.007569317519664764,
        0.007053488539531827,
        0.006574606709182263,
        0.006158633762970567,
        0.005780803645029664,
        0.005441117566078901,
        0.005131409037858248,
        0.004850047128275037,
        0.004594684485346079,
        0.0043599993456155065,
        0.004142902186140418,
        0.003944386914372444,
        0.003756940830498934,
        0.003587761870585382,
        0.0034280584659427404,
        0.003281477023847401,
        0.0031437677331268787,
        0.003015699749812484,
        0.0028938451781868935,
        0.002781796338967979,
        0.0026764444308355452,
        0.002576504414901137,
        0.0024825589265674354,
        0.0023951975628733633,
        0.0023108867462724447,
        0.002231790474615991,
        0.002156982896849513,
        0.0020862597739323974,
        0.002019435283727944,
        0.0019554576952941715,
        0.0018949712975881994
    ],
    "val_loss": [
        0.5040449102719625,
        0.3206104983886083,
        0.19306091964244843,
        0.1375842864314715,
        0.1352901334563891,
        0.0987530139585336,
        0.11832777162392934,
        0.10845639556646347,
        0.06651801305512588,
        0.07144693285226822,
        0.12034141520659129,
        0.05787008504072825,
        0.09711529811223348,
        0.0662437230348587,
        0.07618507246176402,
        0.07787091533342998,
        0.0750122144818306,
        0.075596089164416,
        0.07643908262252808,
        0.07655968020359676,
        0.07978270947933197,
        0.0785346378882726,
        0.07868516693512599,
        0.07798022280136745,
        0.08017261077960332,
        0.08023150265216827,
        0.08074929565191269,
        0.08079903572797775,
        0.08094156036774318,
        0.08221263686815898,
        0.08353086809317271,
        0.08276138951381047,
        0.08307893325885136,
        0.08345503360033035,
        0.08358902484178543,
        0.0847970445950826,
        0.08447692791620891,
        0.08551423996686935,
        0.08540426443020503,
        0.08623053133487701,
        0.08601576834917068,
        0.08618153631687164,
        0.08730257799228032,
        0.08661590019861858,
        0.08781278878450394,
        0.08799879997968674,
        0.08834949632485707,
        0.08849446227153142,
        0.08894069492816925,
        0.0894764910141627
    ],
    "val_mcc": [
        0.7950999358860351,
        0.9738516810963534,
        0.9738516810963534,
        0.9486832980505139,
        0.9244162777371754,
        0.9466666666666667,
        0.9244162777371754,
        0.9244162777371754,
        0.9466666666666667,
        0.9486832980505139,
        0.9244162777371754,
        0.9466666666666667,
        0.9244162777371754,
        0.9486832980505139,
        0.9486832980505139,
        0.9486832980505139,
        0.9486832980505139,
        0.9486832980505139,
        0.9486832980505139,
        0.9486832980505139,
        0.9486832980505139,
        0.9486832980505139,
        0.9486832980505139,
        0.9486832980505139,
        0.9486832980505139,
        0.9486832980505139,
        0.9486832980505139,
        0.9486832980505139,
        0.9486832980505139,
        0.9486832980505139,
        0.9486832980505139,
        0.9486832980505139,
        0.9486832980505139,
        0.9486832980505139,
        0.9486832980505139,
        0.9486832980505139,
        0.9486832980505139,
        0.9486832980505139,
        0.9486832980505139,
        0.9486832980505139,
        0.9486832980505139,
        0.9486832980505139,
        0.9486832980505139,
        0.9486832980505139,
        0.9486832980505139,
        0.9486832980505139,
        0.9486832980505139,
        0.9486832980505139,
        0.9486832980505139,
        0.9486832980505139
    ],
    "val_auroc": [
        0.998,
        0.9993333333333333,
        0.9993333333333333,
        0.9993333333333333,
        0.9846666666666666,
        0.9993333333333333,
        0.982,
        0.9993333333333333,
        0.9993333333333333,
        0.9986666666666667,
        0.9813333333333333,
        0.9993333333333333,
        0.9993333333333333,
        0.9993333333333333,
        0.9993333333333333,
        0.9993333333333333,
        0.9993333333333333,
        0.9993333333333333,
        0.9993333333333333,
        0.9993333333333333,
        0.9993333333333333,
        0.9993333333333333,
        0.9993333333333333,
        0.9993333333333333,
        0.9993333333333333,
        0.9993333333333333,
        0.9993333333333333,
        0.9993333333333333,
        0.9993333333333333,
        0.9993333333333333,
        0.9993333333333333,
        0.9993333333333333,
        0.9993333333333333,
        0.9993333333333333,
        0.9993333333333333,
        0.9993333333333333,
        0.9993333333333333,
        0.9993333333333333,
        0.9993333333333333,
        0.9993333333333333,
        0.9993333333333333,
        0.9993333333333333,
        0.9993333333333333,
        0.9993333333333333,
        0.9993333333333333,
        0.9993333333333333,
        0.9993333333333333,
        0.9993333333333333,
        0.9993333333333333,
        0.9993333333333333
    ]
}