{
    "train_loss": [
        0.6305154979228973,
        0.4282353460788727,
        0.26425049304962156,
        0.15236840322613715,
        0.0880243331193924,
        0.058632835000753405,
        0.04099971614778042,
        0.031194300949573518,
        0.025129097513854504,
        0.021055258624255658,
        0.0179899575188756,
        0.015707305539399384,
        0.013876181840896607,
        0.012396073527634143,
        0.011158360075205565,
        0.010110768768936396,
        0.00921588921919465,
        0.008450174890458583,
        0.007782637095078826,
        0.007192918099462986,
        0.0066745572723448275,
        0.006220312044024468,
        0.005807894794270396,
        0.005439727380871773,
        0.00510937706567347,
        0.004809111310169101,
        0.004537442699074745,
        0.004289007373154163,
        0.004061666945926845,
        0.0038552672369405626,
        0.003662488260306418,
        0.0034863539040088654,
        0.0033222797093912957,
        0.0031711990712210538,
        0.0030316957272589207,
        0.0028998401248827577,
        0.0027779544936493037,
        0.002664646226912737,
        0.002557864272966981,
        0.002458259649574757,
        0.0023636844474822284,
        0.00227554973680526,
        0.002192579652182758,
        0.002113817143253982,
        0.0020400735083967447,
        0.001970237249042839,
        0.0019040921120904385,
        0.0018413256155326962,
        0.0017821453977376223,
        0.0017250393517315387
    ],
    "val_loss": [
        0.5558509627978007,
        0.3635289967060089,
        0.19821873803933462,
        0.13472842673460642,
        0.10003842040896416,
        0.0717635527253151,
        0.06891813625892003,
        0.054730414102474846,
        0.05590053213139375,
        0.04885926345984141,
        0.046599275432527065,
        0.04521709649513165,
        0.041308438094953694,
        0.04261560893307129,
        0.03991904202848673,
        0.03853233624249697,
        0.039446406376858555,
        0.03794236434623599,
        0.03810235997661948,
        0.037389545856664576,
        0.03678050637245178,
        0.036733081409086786,
        0.036277311543623604,
        0.03659620803470413,
        0.03573510345692436,
        0.03619986198221644,
        0.03611661229903499,
        0.03552979238641759,
        0.036137421848252416,
        0.03581415209919214,
        0.03570372983813286,
        0.035635742358863354,
        0.03522567241452634,
        0.03530847296739618,
        0.034762776379163064,
        0.036176338869457446,
        0.03598534292541444,
        0.03521716361865401,
        0.035222248174250126,
        0.03574218360396723,
        0.03536092024296522,
        0.03562414556896935,
        0.03574145988871654,
        0.03533356155579289,
        0.035634725354611874,
        0.03580520981146643,
        0.03546513085408757,
        0.035788732153984405,
        0.03557740815449506,
        0.03590263973455876
    ],
    "val_mcc": [
        0.0,
        0.9473309334313418,
        0.9738516810963534,
        0.9473309334313418,
        0.9473309334313418,
        0.973505222533836,
        0.973505222533836,
        0.973505222533836,
        0.973505222533836,
        0.973505222533836,
        0.973505222533836,
        0.973505222533836,
        0.973505222533836,
        0.973505222533836,
        0.973505222533836,
        0.973505222533836,
        0.973505222533836,
        0.973505222533836,
        0.973505222533836,
        0.973505222533836,
        0.973505222533836,
        0.973505222533836,
        0.973505222533836,
        0.973505222533836,
        0.973505222533836,
        0.973505222533836,
        0.973505222533836,
        0.973505222533836,
        0.973505222533836,
        0.973505222533836,
        0.973505222533836,
        0.973505222533836,
        0.973505222533836,
        0.973505222533836,
        0.973505222533836,
        0.973505222533836,
        0.973505222533836,
        0.973505222533836,
        0.973505222533836,
        0.973505222533836,
        0.973505222533836,
        0.973505222533836,
        0.973505222533836,
        0.973505222533836,
        0.973505222533836,
        0.973505222533836,
        0.973505222533836,
        0.973505222533836,
        0.973505222533836,
        0.973505222533836
    ],
    "val_auroc": [
        0.9993333333333333,
        1.0,
        1.0,
        1.0,
        1.0,
        1.0,
        1.0,
        1.0,
        1.0,
        1.0,
        1.0,
        1.0,
        1.0,
        1.0,
        1.0,
        1.0,
        1.0,
        1.0,
        1.0,
        1.0,
        1.0,
        1.0,
        1.0,
        1.0,
        1.0,
        1.0,
        1.0,
        1.0,
        1.0,
        1.0,
        1.0,
        1.0,
        1.0,
        1.0,
        1.0,
        1.0,
        1.0,
        1.0,
        1.0,
        1.0,
        1.0,
        1.0,
        1.0,
        1.0,
        1.0,
        1.0,
        1.0,
        1.0,
        1.0,
        1.0
    ]
}