{
    "train_loss": [
        0.6239729166030884,
        0.4080949515104294,
        0.24070293605327606,
        0.13782174065709113,
        0.08861962631344796,
        0.057463958859443665,
        0.04092054106295109,
        0.031994552724063395,
        0.025654860772192478,
        0.021413216181099416,
        0.01829955670982599,
        0.01596091976389289,
        0.01413332661613822,
        0.01266795713454485,
        0.011431032605469228,
        0.010394575074315071,
        0.009500073362141847,
        0.008728573564440012,
        0.008054292993620038,
        0.007461102772504091,
        0.006940715061500668,
        0.006471912981942296,
        0.006053247442469001,
        0.00567958508618176,
        0.005341014731675387,
        0.005033136252313853,
        0.004753023153170943,
        0.004498207569122314,
        0.004263730579987168,
        0.004049449553713202,
        0.0038517289329320194,
        0.003668781602755189,
        0.003499762900173664,
        0.003343016584403813,
        0.003197734197601676,
        0.0030614790972322225,
        0.002935045002959669,
        0.0028156627202406527,
        0.002705032262019813,
        0.0026000831741839646,
        0.002503058593720198,
        0.0024106020806357264,
        0.00232387927826494,
        0.002241500047966838,
        0.002164812479168177,
        0.0020910051418468354,
        0.002021869528107345,
        0.0019559273030608894,
        0.0018935238011181354,
        0.001834376051556319
    ],
    "val_loss": [
        0.5309515794118246,
        0.33847906688849133,
        0.19833755493164062,
        0.13065663476785025,
        0.09745627890030543,
        0.07589483881990115,
        0.06839589153726895,
        0.06939304247498512,
        0.05673073356350263,
        0.06055265168348948,
        0.05475065360466639,
        0.05375437686840693,
        0.054007171342770256,
        0.053161222798128925,
        0.05300149073203405,
        0.052330341190099716,
        0.052742622482279934,
        0.052488914070030056,
        0.05274163869520029,
        0.0528441546484828,
        0.05279348945866028,
        0.052934116373459496,
        0.053511688485741615,
        0.05358833695451418,
        0.053912126924842596,
        0.053927826695144176,
        0.0542185635616382,
        0.05454063508659601,
        0.05493104845906297,
        0.055095926548043885,
        0.05539307789877057,
        0.05561306653544307,
        0.055914471546808876,
        0.05628535787885388,
        0.056458622527619205,
        0.056772734659413494,
        0.057010953314602375,
        0.057296245358884335,
        0.05749446665868163,
        0.05776855023577809,
        0.0581630264253666,
        0.058343613830705486,
        0.058655372355133295,
        0.05888224005078276,
        0.05900566140189767,
        0.05942714912816882,
        0.05951862192402283,
        0.05988418869674206,
        0.060050347509483494,
        0.06045686360448599
    ],
    "val_mcc": [
        0.8451542547285166,
        0.9486832980505139,
        0.9738516810963534,
        0.9738516810963534,
        0.9738516810963534,
        0.9738516810963534,
        0.9738516810963534,
        0.9486832980505139,
        0.9738516810963534,
        0.9738516810963534,
        0.9738516810963534,
        0.9738516810963534,
        0.9738516810963534,
        0.9738516810963534,
        0.9738516810963534,
        0.9738516810963534,
        0.9738516810963534,
        0.9738516810963534,
        0.9738516810963534,
        0.9738516810963534,
        0.9738516810963534,
        0.9738516810963534,
        0.9738516810963534,
        0.9738516810963534,
        0.9738516810963534,
        0.9738516810963534,
        0.9738516810963534,
        0.9738516810963534,
        0.9738516810963534,
        0.9738516810963534,
        0.9738516810963534,
        0.9738516810963534,
        0.9738516810963534,
        0.9738516810963534,
        0.9738516810963534,
        0.9738516810963534,
        0.9738516810963534,
        0.9738516810963534,
        0.9738516810963534,
        0.9738516810963534,
        0.9738516810963534,
        0.9738516810963534,
        0.9738516810963534,
        0.9738516810963534,
        0.9738516810963534,
        0.9738516810963534,
        0.9738516810963534,
        0.9738516810963534,
        0.9738516810963534,
        0.9738516810963534
    ],
    "val_auroc": [
        0.998,
        0.9993333333333333,
        1.0,
        1.0,
        1.0,
        0.9993333333333333,
        0.9993333333333333,
        0.9993333333333333,
        0.9993333333333333,
        0.9993333333333333,
        0.9993333333333333,
        0.9993333333333333,
        0.9993333333333333,
        0.9993333333333333,
        0.9993333333333333,
        0.9993333333333333,
        0.9993333333333333,
        0.9993333333333333,
        0.9993333333333333,
        0.9993333333333333,
        0.9993333333333333,
        0.9993333333333333,
        0.9993333333333333,
        0.9993333333333333,
        0.9993333333333333,
        0.9993333333333333,
        0.9993333333333333,
        0.9993333333333333,
        0.9993333333333333,
        0.9993333333333333,
        0.9993333333333333,
        0.9993333333333333,
        0.9993333333333333,
        0.9993333333333333,
        0.9993333333333333,
        0.9993333333333333,
        0.9993333333333333,
        0.9993333333333333,
        0.9993333333333333,
        0.9993333333333333,
        0.9993333333333333,
        0.9993333333333333,
        0.9993333333333333,
        0.9993333333333333,
        0.9993333333333333,
        0.9993333333333333,
        0.9993333333333333,
        0.9993333333333333,
        0.9993333333333333,
        0.9993333333333333
    ]
}