{
    "train_loss": [
        0.7266059142571909,
        0.3918560376321828,
        0.27885190231932533,
        0.19994999978829314,
        0.19188288723429045,
        0.17759435361734144,
        0.1705415967024035,
        0.15961617886744164,
        0.1351759046730068,
        0.1396838100971999,
        0.1391443175919078,
        0.11796948482730875,
        0.12468632145060433,
        0.10584824280468402,
        0.11794193525350204,
        0.13676993483332572,
        0.11068431432876322,
        0.1113202283848767,
        0.09497672909249862,
        0.08370022622316524,
        0.09184013648579518,
        0.08803553830970216,
        0.09231345981566443,
        0.09633274690282566,
        0.09483215233518018,
        0.08273188240343222,
        0.07966520042262143,
        0.07325115730054677,
        0.08483501025303095,
        0.08502368187462842,
        0.08658443629327747,
        0.07265304353226114,
        0.0789301791228354,
        0.08728202456539427,
        0.09384922202055652,
        0.07221116232513278,
        0.06902077754407569,
        0.061620608886220944,
        0.08973140082391048,
        0.06740637478867063,
        0.0817077408924147,
        0.07070637732330295,
        0.06061749168050786,
        0.07214511361800963,
        0.055922000772423215,
        0.08851623270419184,
        0.08942388374513636,
        0.06323678819980058,
        0.05888677259079284,
        0.07918519928568492
    ],
    "val_loss": [
        0.45447268869195667,
        0.27235724670546396,
        0.18605748830097063,
        0.1491612930383001,
        0.14020569156855345,
        0.13289122177021845,
        0.118892447025116,
        0.14358989295682736,
        0.12000456209560591,
        0.11864363328952875,
        0.11187379201874137,
        0.11191755988901216,
        0.09506777835278106,
        0.09107471930993986,
        0.09961019966950906,
        0.12410671391990036,
        0.11633596332311365,
        0.09921225624358547,
        0.08987934830864626,
        0.1098029249031762,
        0.09166966321312689,
        0.10646603157510981,
        0.10604472657100164,
        0.10300400344255779,
        0.11944296048022807,
        0.09639076313136943,
        0.10724303202836641,
        0.09584485238052107,
        0.12009337155281433,
        0.10615983725749954,
        0.09263943652123478,
        0.0990948444481806,
        0.10358023459307983,
        0.12157015709505815,
        0.12354053929032359,
        0.118979013425165,
        0.10258334954102923,
        0.10838335158769041,
        0.12087191065490645,
        0.11581987194533992,
        0.11586490398206349,
        0.11022904528155257,
        0.13140708534047008,
        0.10222439158159043,
        0.08269335923874419,
        0.08303443299415189,
        0.10127855682055399,
        0.124010802255985,
        0.09300097827092811,
        0.08801372143248695
    ],
    "val_mcc": [
        0.8433270598496058,
        0.911611996887298,
        0.882268508011926,
        0.8817584002162827,
        0.8922524648922064,
        0.8960260405330337,
        0.8955198853486436,
        0.8414882528885677,
        0.8964438590080201,
        0.916734815740829,
        0.9043792537613775,
        0.9023007669688584,
        0.9093568357331399,
        0.9088528445274877,
        0.903556170176732,
        0.8922557520807762,
        0.9167834719722753,
        0.8963824141537033,
        0.8820829724306005,
        0.9229043788510188,
        0.8964438590080201,
        0.9094154513977383,
        0.9171907187753379,
        0.916388640988003,
        0.9103348503571537,
        0.9096364650456176,
        0.9171209064082793,
        0.9112172952178591,
        0.8990093264131656,
        0.9239044162275546,
        0.9094130404192532,
        0.9234794000966482,
        0.9031759787881913,
        0.8967945498772021,
        0.8978904128223753,
        0.909952583076151,
        0.9108164435070842,
        0.8964153089766186,
        0.9112924805031383,
        0.9167834719722753,
        0.8975020612395522,
        0.8971250038535232,
        0.9030168498841693,
        0.910715889467671,
        0.9218341212717033,
        0.9288224262467006,
        0.9111875273815945,
        0.9170812512631927,
        0.9351872938944555,
        0.9035225507405262
    ],
    "val_auroc": [
        0.9882518214715281,
        0.9904442512628502,
        0.9928461838904554,
        0.9944725439630403,
        0.994911678091853,
        0.9948325121421778,
        0.9951972133469419,
        0.9943443132242856,
        0.9961774288641981,
        0.9963134439102411,
        0.9959169382048239,
        0.9964212475634739,
        0.9966939201836902,
        0.9968470235706945,
        0.9959689997464674,
        0.9949967418909923,
        0.9966006178797945,
        0.9957442354477392,
        0.9954233224439234,
        0.9966775487597261,
        0.9969262672191984,
        0.9965734192231265,
        0.9958170329672847,
        0.9974938336572742,
        0.9938358790281061,
        0.9964653711364951,
        0.9963788602635151,
        0.9960140451169558,
        0.9966009598717904,
        0.9957991895634258,
        0.995590672816982,
        0.997040315430881,
        0.9961228977492974,
        0.9942364700181244,
        0.9946222591226714,
        0.9955198493839738,
        0.9951764575092704,
        0.9941226233769503,
        0.9957822712669958,
        0.9947248738164866,
        0.9948518242159702,
        0.9929154842871174,
        0.9912703475096833,
        0.9945942393704853,
        0.9971269468655795,
        0.9963048088843908,
        0.9959170357634216,
        0.9956759395936577,
        0.9954396311452283,
        0.9961163145088133
    ]
}