{
    "train_loss": [
        0.7635618061931045,
        0.4139965549111366,
        0.28202197673144164,
        0.2187192721499337,
        0.18899851044019064,
        0.17936440212307153,
        0.16803750450964328,
        0.1561560763253106,
        0.14070191213654148,
        0.1345314828472005,
        0.12475407199451218,
        0.12420367218416047,
        0.11745671748563095,
        0.12504816131183394,
        0.10497682289806781,
        0.11510658636689186,
        0.1009235633192239,
        0.12302209429994777,
        0.1029374568067767,
        0.1250309840672546,
        0.11628834861848089,
        0.11508146159488845,
        0.11328023185746537,
        0.10722661494380897,
        0.10080716562353903,
        0.10266132994244496,
        0.08334945049136877,
        0.09761680268544566,
        0.09129956021422038,
        0.09032893465417954,
        0.10213550507884335,
        0.08183996401796187,
        0.08703578511873881,
        0.08699756902125147,
        0.08712737579588536,
        0.08059198047137922,
        0.0768629278625465,
        0.08118922362552473,
        0.07675747365121627,
        0.07114652368343538,
        0.06925167607281495,
        0.06653727319401999,
        0.056377158077709655,
        0.060696642725142066,
        0.06776386625305922,
        0.09533169385287221,
        0.08005583167283072,
        0.06705657315130036,
        0.06761462024102609,
        0.05587081546050117
    ],
    "val_loss": [
        0.46052298162664684,
        0.24879141577652522,
        0.18012205458113126,
        0.13508775324693748,
        0.1155686244102461,
        0.11787908244878054,
        0.09897826232814363,
        0.10074647981673479,
        0.09331650007516146,
        0.09159344321648989,
        0.07998063578270376,
        0.08611060379605208,
        0.08384000300429761,
        0.08404320505048547,
        0.08035377005580813,
        0.0786262885501076,
        0.08070254287615951,
        0.07642667763866484,
        0.07219076273031533,
        0.06544747105467,
        0.07567416858260653,
        0.0685362043524427,
        0.07251901454791161,
        0.0645918634420793,
        0.065246324320989,
        0.07131166960711458,
        0.06567257805727422,
        0.06283110492430362,
        0.06286076905338892,
        0.06337578563086156,
        0.06429065901985657,
        0.06228625420148352,
        0.0721217501476141,
        0.07932564969606963,
        0.08611500652373902,
        0.07073200375972581,
        0.07132252029675458,
        0.06900375123950653,
        0.057528784195060974,
        0.06957757138713662,
        0.07248631416587159,
        0.0761446279107726,
        0.06319820703148642,
        0.06720400014351721,
        0.06438821771423266,
        0.06141858729617005,
        0.060599694065915956,
        0.05966823479476651,
        0.07035673667477178,
        0.06459465185512922
    ],
    "val_mcc": [
        0.8499582633836027,
        0.8709881060375527,
        0.8978904128223753,
        0.9158200091767211,
        0.9096139476243356,
        0.9234794000966482,
        0.9231859067881258,
        0.9226840806613136,
        0.9248220915960828,
        0.9305964685982496,
        0.9553838492930192,
        0.9310128723694759,
        0.9366213050735147,
        0.9432840794678768,
        0.9362723412260815,
        0.9369228291030333,
        0.9558088817398607,
        0.9499257982476714,
        0.9434307195536104,
        0.9492884505527156,
        0.9365770358425828,
        0.9357120017927751,
        0.9228246988998551,
        0.9556202389962412,
        0.9559456107359021,
        0.9310037796871263,
        0.9495809403092013,
        0.9559008801405274,
        0.9496769290466228,
        0.943119105417619,
        0.9492884505527156,
        0.9495973855605748,
        0.9437460845398518,
        0.9495809403092013,
        0.9319653857837799,
        0.9559456107359021,
        0.9436746619263201,
        0.9559456107359021,
        0.9622372547831691,
        0.9257167024739829,
        0.9426153701132779,
        0.9369503707737225,
        0.9683265634467363,
        0.9559456107359021,
        0.9559008801405274,
        0.9619756192817863,
        0.9429231942385361,
        0.9553902105255687,
        0.9370865568251308,
        0.9558088817398607
    ],
    "val_auroc": [
        0.983855117206974,
        0.9903698247921143,
        0.9924346217696737,
        0.9943818469368996,
        0.9951206112191601,
        0.9946210150263672,
        0.995464814259497,
        0.9949708399567928,
        0.9957942516573294,
        0.9961849884312471,
        0.9964502568820715,
        0.9954807973520033,
        0.9961476496692186,
        0.9958844199305247,
        0.9964142049126267,
        0.996605321115767,
        0.9959932858027125,
        0.9970371749468677,
        0.9975700772432522,
        0.997850684522129,
        0.9963762020263752,
        0.9972976556763573,
        0.9969159966222348,
        0.9980308593841599,
        0.9977600435987246,
        0.9976495752550388,
        0.9973777038705715,
        0.997514784445531,
        0.9974193808734562,
        0.9976734121640259,
        0.997451898981145,
        0.9977565876024075,
        0.9968677496187123,
        0.99556429161265,
        0.9964751492234801,
        0.9969701296424033,
        0.9969961786180136,
        0.9973697362789057,
        0.9977259163996147,
        0.9976829459842231,
        0.9965323997245416,
        0.9960970799672393,
        0.9964014199765826,
        0.9970309567015,
        0.9974868984949093,
        0.9971389073961436,
        0.9975041983362636,
        0.9971302558204856,
        0.996516155482219,
        0.9971257672282574
    ]
}