{
    "train_loss": [
        0.7144880852213612,
        0.3942399775540387,
        0.2700942386355665,
        0.20307746101860646,
        0.18867087495271806,
        0.17175023588869306,
        0.1697736465268665,
        0.1424038712349203,
        0.1428530590125808,
        0.13813331302393367,
        0.1211707388844203,
        0.15196587014253493,
        0.12293265625420544,
        0.1187044240327345,
        0.11073708185857092,
        0.1129612073785177,
        0.1125651275118192,
        0.11228731729918057,
        0.11172960446802555,
        0.09830476174613943,
        0.0976524415805384,
        0.08242184370411215,
        0.08457034752117815,
        0.09569337065504105,
        0.09026700008177647,
        0.10048764176597749,
        0.1134829279380264,
        0.0888974877005374,
        0.0895995555135111,
        0.08562562290441107,
        0.07471576657284189,
        0.09117883618886548,
        0.07812529003799513,
        0.07781451869824971,
        0.07594421787049484,
        0.06582520339913943,
        0.06235152938299709,
        0.053006487191413286,
        0.0862643535386909,
        0.08212099138957758,
        0.08220832648307637,
        0.07530009249846141,
        0.06858754877208008,
        0.07476420722970809,
        0.06453183426142291,
        0.060401696203000566,
        0.06286684477149888,
        0.06029307954358282,
        0.06550929745598869,
        0.05257063346949441
    ],
    "val_loss": [
        0.4627640226057598,
        0.2619492624487196,
        0.1999358343226569,
        0.16097744474453585,
        0.15534122900239059,
        0.13206857163459063,
        0.11749108002654143,
        0.111011359042355,
        0.1079249088652432,
        0.11402492531176124,
        0.1235706440971366,
        0.11025962383220238,
        0.09259132349065372,
        0.09863932048236686,
        0.08626533326293741,
        0.09847694896494172,
        0.10748415267361063,
        0.10287616607300672,
        0.10041296709927597,
        0.09972293249198369,
        0.11595062731898256,
        0.08299645838061613,
        0.1161434069342379,
        0.08128052387785699,
        0.08885977251754541,
        0.09547974719732467,
        0.07116234927837338,
        0.08163231824125562,
        0.07480962265149824,
        0.0874011620346989,
        0.07535190193448216,
        0.0759093063284776,
        0.06469148319281105,
        0.07064217427146754,
        0.07609387285109344,
        0.0716593379454155,
        0.07951875870847809,
        0.0918910644499452,
        0.06835208094811865,
        0.07954213823125299,
        0.07644746903263565,
        0.08944586710588608,
        0.07611946528985365,
        0.065510502201505,
        0.05721618594335658,
        0.059546766337007284,
        0.06510795009255942,
        0.08182956832128443,
        0.0816528545692563,
        0.07514224109140091
    ],
    "val_mcc": [
        0.8025404947525416,
        0.862247547766732,
        0.8473503431817044,
        0.8690669489603925,
        0.8689596646747403,
        0.8892050202752917,
        0.8682088401976176,
        0.9023235827461039,
        0.8753193937106158,
        0.8961244879860966,
        0.896624160459565,
        0.8827078126696102,
        0.9160501239562366,
        0.9094141137819617,
        0.9159119061405705,
        0.9231577414973606,
        0.9032796663907939,
        0.9158202743099636,
        0.9023742934869547,
        0.9025425463871694,
        0.903029281508214,
        0.9169991601793974,
        0.9160196134804396,
        0.9158690963537627,
        0.916312395270747,
        0.9094774144415844,
        0.9161314805758537,
        0.9357897404242441,
        0.9292621921945169,
        0.9158690963537627,
        0.9425265059649766,
        0.9232701797645007,
        0.9294629229598379,
        0.929127638110724,
        0.922622833470889,
        0.9292805646520624,
        0.922622833470889,
        0.9160196134804396,
        0.9363267129243256,
        0.9091271624386433,
        0.9171724175102766,
        0.9091886970867622,
        0.9160196134804396,
        0.9153500827587657,
        0.9221098836253683,
        0.9486868875801716,
        0.9292805646520624,
        0.9357897404242441,
        0.9365509050788506,
        0.9292126974363666
    ],
    "val_auroc": [
        0.9515965607633411,
        0.9672688682741296,
        0.9849366949654947,
        0.98709463239598,
        0.9817319819408287,
        0.9903250998175294,
        0.9922228786507518,
        0.992607048733993,
        0.9939025837476024,
        0.9917433543116383,
        0.9900350494905199,
        0.9946151884224187,
        0.9952425130807132,
        0.9889554122230159,
        0.9871708605059579,
        0.9914990366490709,
        0.9940900322874224,
        0.9918848224436564,
        0.9933581617116651,
        0.9942997055014575,
        0.9823796424127497,
        0.9960336840399644,
        0.9910222546992387,
        0.9958259817691156,
        0.9950553582904941,
        0.9947172529338063,
        0.9973647272939036,
        0.995561524483925,
        0.9955191404939278,
        0.9940579649006298,
        0.9964121019081245,
        0.9967204547161354,
        0.9975913055645226,
        0.9966971779194603,
        0.996089797933204,
        0.9959832218264674,
        0.9965040066209925,
        0.9966519111186942,
        0.9959305904092375,
        0.9951785305614337,
        0.9963441184229955,
        0.9961038367288265,
        0.9977889785284549,
        0.9977326466815096,
        0.9978737663682188,
        0.997589119977592,
        0.9971294876843523,
        0.9960085603383932,
        0.9952363246249996,
        0.997080895378872
    ]
}