{
    "train_loss": [
        0.6836411301736478,
        0.3781805885610757,
        0.265074223279953,
        0.20642090726781775,
        0.17349820045961273,
        0.16901344019505712,
        0.16837865997243812,
        0.14515163494205033,
        0.14411112169424692,
        0.1256500987543,
        0.1201616291784578,
        0.1490988036341689,
        0.11808327219828411,
        0.11970878092365132,
        0.11789728683867941,
        0.10799812566902903,
        0.11568522367074534,
        0.1061714841397824,
        0.1070590959172006,
        0.11126737572528698,
        0.08565299980411376,
        0.11695705621537787,
        0.09056176562552098,
        0.08046007428007822,
        0.09132483580874072,
        0.08204168050239484,
        0.08268096106540826,
        0.08502359044979568,
        0.0876297697217928,
        0.07938190839356846,
        0.07180331305048808,
        0.08219261322584417,
        0.09608025914403023,
        0.0888106920066531,
        0.09465216593471942,
        0.09665140064640178,
        0.0772808347483752,
        0.08480532644144087,
        0.08464017534559523,
        0.06131525253187175,
        0.07425279161651377,
        0.07488816533306683,
        0.07445289962062682,
        0.09783646948980512,
        0.07163122187679012,
        0.05972580099478364,
        0.0670334495888609,
        0.05478246248741117,
        0.08786125993356109,
        0.054126218739569326
    ],
    "val_loss": [
        0.4652591943740845,
        0.2937793635896274,
        0.21843029877969197,
        0.19043236811246192,
        0.16919061767735652,
        0.1612830220588616,
        0.16586335894784757,
        0.15726728344868338,
        0.1652674339711666,
        0.166659367802952,
        0.16358945981067205,
        0.16206094878725708,
        0.15570097546359257,
        0.15071325739180402,
        0.16773200578921074,
        0.15348585109625543,
        0.14946745818347804,
        0.15315914127443517,
        0.14881701988633722,
        0.14865305657232447,
        0.1520981497264334,
        0.15891833078681625,
        0.14220502801306015,
        0.1474814855277405,
        0.1623813008232641,
        0.15267472928722522,
        0.155781057031293,
        0.1420828953185784,
        0.16443941112291732,
        0.17406850919360295,
        0.1669194133802583,
        0.15061228243160127,
        0.14490003242826788,
        0.14840316208262397,
        0.14687562872755475,
        0.1715468727894144,
        0.14609538134703012,
        0.16980845836224034,
        0.1452307564333231,
        0.16339778470968927,
        0.14472343450013017,
        0.16050067515087513,
        0.1828243115451187,
        0.16526190517678124,
        0.16960474379136162,
        0.1675322500440026,
        0.16659445832868056,
        0.1617934660238721,
        0.17884283655023733,
        0.1703607793876602
    ],
    "val_mcc": [
        0.7540788530027702,
        0.8171790911566179,
        0.8829841189868664,
        0.8892018335275247,
        0.8632161666149308,
        0.8826523668068578,
        0.8764646829440602,
        0.903556170176732,
        0.8764646829440602,
        0.889525984115258,
        0.8640723248111543,
        0.8895050797599501,
        0.9031574354504485,
        0.9099560636338652,
        0.896165291000005,
        0.910715889467671,
        0.8957513002481915,
        0.9355770616615029,
        0.9226647978696558,
        0.9103810371564248,
        0.9286712174319802,
        0.9288682233387147,
        0.9160969513030438,
        0.910316196894029,
        0.9158464214095017,
        0.8896513479749494,
        0.9093295973989675,
        0.9163895765272042,
        0.9289520198391132,
        0.9158037629110737,
        0.9165601011530721,
        0.9292151983159116,
        0.9163895765272042,
        0.9107556233569014,
        0.9290551552595843,
        0.922118061571763,
        0.9225574375604702,
        0.9159131477530706,
        0.9160833639603723,
        0.9220207300308461,
        0.9108401705078358,
        0.9290599198446747,
        0.9093295973989675,
        0.9423739237887121,
        0.8963824141537033,
        0.9160969513030438,
        0.903516525164299,
        0.9229871671497071,
        0.9232555263260799,
        0.9096203997054103
    ],
    "val_auroc": [
        0.9695434465347255,
        0.9771335517789191,
        0.9846974644826633,
        0.9820871025707169,
        0.9866069989659801,
        0.986790499332725,
        0.983788351501142,
        0.9853099903988376,
        0.984006796685943,
        0.9809867625876111,
        0.9859785112201713,
        0.9862316719324102,
        0.9881341588852051,
        0.9879659544836231,
        0.9865623160655032,
        0.9840669779069479,
        0.9866402423469126,
        0.9841619866942523,
        0.987352592658446,
        0.9863831101252577,
        0.9849552096054796,
        0.9869539220107241,
        0.9881767179660185,
        0.9878886288189208,
        0.9859505031341929,
        0.9862620459090303,
        0.9843268458979612,
        0.9859924510501683,
        0.9848119076418014,
        0.9841687113076908,
        0.9870674804041434,
        0.9881702017096217,
        0.991420431141003,
        0.9891519858139038,
        0.9881725516726272,
        0.9870055572416199,
        0.9902152199648563,
        0.9877751307896658,
        0.9898223983059569,
        0.9897994798844754,
        0.9919896033605382,
        0.9886676658931149,
        0.9873083783133604,
        0.9882097194386578,
        0.9870413439664304,
        0.9859147660588058,
        0.9885117194148801,
        0.9893622025904434,
        0.9877997985574455,
        0.9884682293915713
    ]
}