{
    "train_loss": [
        0.727795751006515,
        0.38914216889275444,
        0.2628821791322143,
        0.21971486715806854,
        0.20971124412284958,
        0.16766981283823648,
        0.16334439420865643,
        0.18230675057404572,
        0.1510747346199221,
        0.14026513074835142,
        0.1262860675169914,
        0.11990156569690616,
        0.11768716711688924,
        0.11972186745454867,
        0.11458603772162287,
        0.1381468298258605,
        0.0996650849227552,
        0.11755792462025527,
        0.11402521730849037,
        0.10149790462175454,
        0.10924098121554211,
        0.10334422704936178,
        0.10653702190352811,
        0.10246944658596206,
        0.09790011357378077,
        0.09514629871894915,
        0.0935766947524691,
        0.08903008368280199,
        0.09217837865084962,
        0.08828534660171028,
        0.10112482147222315,
        0.12055423200406411,
        0.09207588499756875,
        0.08207647611076634,
        0.09237324399873614,
        0.0855930124030069,
        0.07863597097565178,
        0.07886294930897376,
        0.06874571050758715,
        0.06533365258602081,
        0.06970403188218673,
        0.07219021838951718,
        0.07619028222850627,
        0.06851991380702842,
        0.07715929639353244,
        0.06821830794042735,
        0.0623423946607444,
        0.06171310209255251,
        0.07575556578080135,
        0.07347415996439478
    ],
    "val_loss": [
        0.485134767634528,
        0.2555912807583809,
        0.18457161076366901,
        0.1517242287684764,
        0.13558512314089707,
        0.11814130044409207,
        0.11140790016257338,
        0.11454545736445912,
        0.09622277811701808,
        0.1098974596908582,
        0.09777991708168494,
        0.09361222906902965,
        0.09449005293260727,
        0.0928020855977333,
        0.08374431190480079,
        0.07470475626178086,
        0.08198899487199794,
        0.08155746463619705,
        0.08560141330651407,
        0.09289178435158517,
        0.08204378812972989,
        0.07451780044773061,
        0.08275390615121328,
        0.08089035924889945,
        0.09855411691491359,
        0.08430723970689412,
        0.08147107333206804,
        0.08165220141277782,
        0.08443326366666172,
        0.0849039056670985,
        0.0924909537581178,
        0.07979759857490924,
        0.07836592450621538,
        0.07816960477794055,
        0.07568271562506977,
        0.07937106236931868,
        0.09703737796267628,
        0.08180852112543237,
        0.07947904205398768,
        0.09329015373493478,
        0.09131374068134132,
        0.09188773894233496,
        0.08098270716644558,
        0.07083455684187356,
        0.08602579972232759,
        0.08405878910603601,
        0.10167942753676991,
        0.08665628195740283,
        0.08670515547627085,
        0.08771417866124206
    ],
    "val_mcc": [
        0.8050918604336963,
        0.8645165587228529,
        0.8560084231107798,
        0.8926956257913383,
        0.8867278729777602,
        0.9051613115159408,
        0.9184280856200897,
        0.8863269170462433,
        0.9236378002804041,
        0.8999357526188911,
        0.9113575525712684,
        0.9000977781570535,
        0.9107966878325384,
        0.9240743778515828,
        0.9367644534262711,
        0.9369244938050565,
        0.9367912031318972,
        0.93043279049174,
        0.9307967091734454,
        0.8930808240727248,
        0.93043279049174,
        0.9369244938050565,
        0.93043279049174,
        0.9363454101949716,
        0.9238107704072728,
        0.9302270901832767,
        0.9295189130470496,
        0.93043279049174,
        0.930721172525358,
        0.9305628451859785,
        0.9243551948741743,
        0.9301087986057435,
        0.9305628451859785,
        0.9234154916924324,
        0.9430015571707392,
        0.9242699588362551,
        0.9234154916924324,
        0.9244634440181501,
        0.9367644534262711,
        0.9175758298583564,
        0.9244634440181501,
        0.9367644534262711,
        0.9367912031318972,
        0.9490920864705582,
        0.9492609623794991,
        0.9430416537395795,
        0.9244634440181501,
        0.9492356896231192,
        0.9363355126537617,
        0.9169333045744551
    ],
    "val_auroc": [
        0.9701075916162375,
        0.981338862672709,
        0.9824801588450116,
        0.9841915263675355,
        0.9853075830534769,
        0.9903542705993775,
        0.9909018873273275,
        0.9888430727500226,
        0.9917794842017998,
        0.9896994385334511,
        0.9910056994712994,
        0.992740584776033,
        0.9919847217905781,
        0.991461692475454,
        0.9929900529679303,
        0.9948057509563414,
        0.9929335870724126,
        0.9934244371240121,
        0.9928374269353061,
        0.9924275868559133,
        0.9928074840064206,
        0.99484428187465,
        0.9924896922800747,
        0.9943388097797059,
        0.9909012654095468,
        0.9926871575496543,
        0.9948034376455062,
        0.9930803630039197,
        0.9928669151309664,
        0.9919845678381858,
        0.9946461212989597,
        0.9941814199930485,
        0.9949876546639332,
        0.9935283094241503,
        0.994180360213853,
        0.9931288592917095,
        0.9918977679728096,
        0.9929574189711805,
        0.9935936375220358,
        0.9941652533850901,
        0.9916651280549225,
        0.9925682685255514,
        0.9928343245221344,
        0.9950548714951832,
        0.9921885952314614,
        0.9923897043197122,
        0.9881355085567051,
        0.9910242393909172,
        0.9922603952964643,
        0.9924263164524634
    ]
}