{
    "train_loss": [
        0.5326702713966369,
        0.35296671390533446,
        0.29542616903781893,
        0.27260015308856966,
        0.21757590472698213,
        0.19147526919841767,
        0.15765980631113052,
        0.1300144910812378,
        0.11630695089697837,
        0.10182507038116455,
        0.08281374424695968,
        0.06380467191338539,
        0.051790570467710496,
        0.03916202001273632,
        0.029174654558300973,
        0.027999550849199296,
        0.018573432788252832,
        0.018238685093820095,
        0.01504085510969162,
        0.011897357739508152,
        0.009992461372166871,
        0.00872991355136037,
        0.007803170010447502,
        0.006732975319027901,
        0.005546317389234901,
        0.0059114816598594185,
        0.0055061766877770426,
        0.004433725774288177,
        0.0043144591152668,
        0.003956334805116058,
        0.0035468572285026314,
        0.0034731453750282528,
        0.0033290084917098283,
        0.003073987737298012,
        0.003091893461532891,
        0.003138657100498676,
        0.002623930643312633,
        0.002541809482499957,
        0.002843716531060636,
        0.0020876069320365787,
        0.002299247682094574,
        0.0024101932998746634,
        0.0023096985649317505,
        0.002016292721964419,
        0.0020766449859365823,
        0.0019354276126250624,
        0.0017696336843073368,
        0.0019864663714542984,
        0.0017321011750027538,
        0.002012968063354492
    ],
    "val_loss": [
        0.6200392991304398,
        0.5579501092433929,
        0.5425645112991333,
        0.5470640659332275,
        0.520453691482544,
        0.5068303644657135,
        0.49471087753772736,
        0.5336409360170364,
        0.34710371494293213,
        0.352448046207428,
        0.4948377162218094,
        0.29620832577347755,
        0.34982897713780403,
        0.3949427455663681,
        0.31518186815083027,
        0.37013695389032364,
        0.46881627663969994,
        0.46170820854604244,
        0.31509233824908733,
        0.3386608585715294,
        0.4440528526902199,
        0.45322753675282,
        0.40079472586512566,
        0.37394682317972183,
        0.39851195365190506,
        0.4247489273548126,
        0.4539941232651472,
        0.44401269778609276,
        0.4440102372318506,
        0.47237094677984715,
        0.5135543420910835,
        0.5114824399352074,
        0.5194377899169922,
        0.5605448540300131,
        0.6121911704540253,
        0.6196175925433636,
        0.568732924759388,
        0.5253475308418274,
        0.5068849716335535,
        0.4995147455483675,
        0.5239658039063215,
        0.549089876934886,
        0.5916741862893105,
        0.6081463731825352,
        0.6136361472308636,
        0.6262323595583439,
        0.5826607830822468,
        0.6582273282110691,
        0.6965766847133636,
        0.6895010881125927
    ],
    "val_mcc": [
        0.3959251908590267,
        0.3959251908590267,
        0.3959251908590267,
        0.4915960401250875,
        0.4915960401250875,
        0.5756983337031395,
        0.5756983337031395,
        0.5756983337031395,
        0.8650936924831861,
        0.7261354744623948,
        0.6530471562110152,
        0.8650936924831861,
        0.7261354744623948,
        0.7261354744623948,
        0.7261354744623948,
        0.7261354744623948,
        0.7261354744623948,
        0.7261354744623948,
        0.7964766161036996,
        0.7261354744623948,
        0.7261354744623948,
        0.7261354744623948,
        0.7261354744623948,
        0.7261354744623948,
        0.7261354744623948,
        0.7261354744623948,
        0.7261354744623948,
        0.7261354744623948,
        0.7261354744623948,
        0.7261354744623948,
        0.7261354744623948,
        0.7261354744623948,
        0.7261354744623948,
        0.7261354744623948,
        0.7261354744623948,
        0.7261354744623948,
        0.7261354744623948,
        0.7261354744623948,
        0.7261354744623948,
        0.7261354744623948,
        0.7261354744623948,
        0.7261354744623948,
        0.7261354744623948,
        0.7261354744623948,
        0.7261354744623948,
        0.7261354744623948,
        0.7964766161036996,
        0.7261354744623948,
        0.7261354744623948,
        0.7261354744623948
    ],
    "val_auroc": [
        0.8896551724137931,
        0.9137931034482758,
        0.9172413793103449,
        0.9379310344827586,
        0.9482758620689655,
        0.9482758620689655,
        0.9620689655172414,
        0.9724137931034483,
        0.9862068965517242,
        0.9862068965517242,
        0.9896551724137932,
        0.996551724137931,
        0.996551724137931,
        0.996551724137931,
        1.0,
        0.996551724137931,
        0.996551724137931,
        0.996551724137931,
        1.0,
        1.0,
        1.0,
        1.0,
        1.0,
        1.0,
        1.0,
        1.0,
        1.0,
        1.0,
        1.0,
        1.0,
        1.0,
        1.0,
        1.0,
        1.0,
        1.0,
        1.0,
        1.0,
        1.0,
        1.0,
        1.0,
        1.0,
        1.0,
        1.0,
        1.0,
        1.0,
        1.0,
        1.0,
        1.0,
        0.996551724137931,
        0.996551724137931
    ]
}