{
    "train_loss": [
        0.556079488992691,
        0.3996016323566437,
        0.3218070149421692,
        0.27536861002445223,
        0.23171333968639374,
        0.18873422145843505,
        0.1553189069032669,
        0.1329683005809784,
        0.10262294337153435,
        0.07836944758892059,
        0.0677969478070736,
        0.04208655059337616,
        0.04274137020111084,
        0.035182499513030055,
        0.025386565551161765,
        0.02438528686761856,
        0.022303647175431252,
        0.017292302474379538,
        0.015979136899113656,
        0.013574312441051006,
        0.014062441233545542,
        0.009408833179622888,
        0.01013160329312086,
        0.007855420093983411,
        0.007585008535534144,
        0.007965863961726428,
        0.005086341081187129,
        0.005302822776138782,
        0.0043062060605734585,
        0.004569827532395721,
        0.004114065645262599,
        0.003638471569865942,
        0.003880609478801489,
        0.003208827832713723,
        0.0037121993023902177,
        0.002617734018713236,
        0.003427217807620764,
        0.002760629402473569,
        0.002508712303824723,
        0.0028745745308697223,
        0.0026934552239254116,
        0.0022725003072991967,
        0.0021283536683768035,
        0.0023728713393211366,
        0.0023782779462635517,
        0.00303791300393641,
        0.002135598356835544,
        0.002162191830575466,
        0.002142623858526349,
        0.0018285388592630624
    ],
    "val_loss": [
        0.44703157246112823,
        0.375018447637558,
        0.3571588099002838,
        0.32790595293045044,
        0.30748101323843,
        0.32270318269729614,
        0.2658351734280586,
        0.27125220000743866,
        0.2867181524634361,
        0.31073134392499924,
        0.30838028341531754,
        0.3123515173792839,
        0.3044861853122711,
        0.2944032773375511,
        0.34779269248247147,
        0.3719193637371063,
        0.28593959659338,
        0.2664523795247078,
        0.3130033165216446,
        0.3500762954354286,
        0.2822949215769768,
        0.1844598650932312,
        0.21222788840532303,
        0.31793855875730515,
        0.3813992068171501,
        0.36372842639684677,
        0.33317361027002335,
        0.3204522058367729,
        0.31896328181028366,
        0.3282962962985039,
        0.34373097121715546,
        0.35346652567386627,
        0.35594020038843155,
        0.3563769832253456,
        0.32839837670326233,
        0.300320565700531,
        0.3120500296354294,
        0.327329657971859,
        0.34463340789079666,
        0.3520812764763832,
        0.366654209792614,
        0.37374308705329895,
        0.3728490471839905,
        0.37235549837350845,
        0.3679894357919693,
        0.3420048877596855,
        0.3303173929452896,
        0.3394978418946266,
        0.35460076481103897,
        0.3740991801023483
    ],
    "val_mcc": [
        0.5270462766947298,
        0.5146140167221416,
        0.7784989441615229,
        0.5146140167221416,
        0.6033815244679472,
        0.8539125638299665,
        0.6539886462510549,
        0.6539886462510549,
        0.7111111111111111,
        0.6539886462510549,
        0.6539886462510549,
        0.7111111111111111,
        0.7111111111111111,
        0.7386222109866251,
        0.7933632757799682,
        0.7111111111111111,
        0.7933632757799682,
        0.7933632757799682,
        0.7111111111111111,
        0.7111111111111111,
        0.7933632757799682,
        0.7933632757799682,
        0.7933632757799682,
        0.7933632757799682,
        0.7933632757799682,
        0.7933632757799682,
        0.7933632757799682,
        0.7933632757799682,
        0.7933632757799682,
        0.7933632757799682,
        0.7933632757799682,
        0.7933632757799682,
        0.7933632757799682,
        0.7933632757799682,
        0.7933632757799682,
        0.7933632757799682,
        0.7933632757799682,
        0.7933632757799682,
        0.7933632757799682,
        0.7933632757799682,
        0.7111111111111111,
        0.7111111111111111,
        0.7933632757799682,
        0.7933632757799682,
        0.7933632757799682,
        0.7933632757799682,
        0.7933632757799682,
        0.7933632757799682,
        0.7933632757799682,
        0.7933632757799682
    ],
    "val_auroc": [
        0.9222222222222223,
        0.9037037037037038,
        0.9222222222222223,
        0.925925925925926,
        0.9370370370370371,
        0.9555555555555555,
        0.9555555555555556,
        0.962962962962963,
        0.9629629629629629,
        0.9592592592592593,
        0.9703703703703703,
        0.9740740740740741,
        0.9777777777777779,
        0.9777777777777779,
        0.9777777777777779,
        0.9777777777777779,
        0.9814814814814815,
        0.9814814814814815,
        0.9814814814814815,
        0.9814814814814815,
        0.9814814814814815,
        0.9851851851851852,
        0.9851851851851852,
        0.9851851851851852,
        0.9814814814814815,
        0.9814814814814815,
        0.9814814814814815,
        0.9814814814814815,
        0.9814814814814815,
        0.9814814814814815,
        0.9814814814814815,
        0.9814814814814815,
        0.9814814814814815,
        0.9814814814814815,
        0.9851851851851852,
        0.9851851851851852,
        0.9851851851851852,
        0.9814814814814815,
        0.9814814814814815,
        0.9814814814814815,
        0.9814814814814815,
        0.9814814814814815,
        0.9814814814814815,
        0.9814814814814815,
        0.9814814814814815,
        0.9814814814814815,
        0.9814814814814815,
        0.9814814814814815,
        0.9814814814814815,
        0.9814814814814815
    ]
}