{
    "train_loss": [
        0.6149239599704742,
        0.4023971915245056,
        0.3416353642940521,
        0.3080043375492096,
        0.2788398236036301,
        0.24021171927452087,
        0.20135244131088256,
        0.17090505063533784,
        0.14212292283773423,
        0.12033513933420181,
        0.09439563304185868,
        0.0717070572078228,
        0.05615304931998253,
        0.04666109718382359,
        0.04309307895600796,
        0.03211681880056858,
        0.02400644961744547,
        0.019720804318785666,
        0.01679111048579216,
        0.013204416260123253,
        0.012135089375078678,
        0.01545223668217659,
        0.009254691377282142,
        0.008871136419475078,
        0.007555194664746523,
        0.009294843766838312,
        0.006713110255077481,
        0.0075045998208224775,
        0.006656613294035196,
        0.0060437514912337065,
        0.00539800375699997,
        0.005504376953467727,
        0.004228221671655774,
        0.004316213866695761,
        0.004485911503434181,
        0.0035768814850598574,
        0.0036939430516213178,
        0.0029522702563554047,
        0.0029219624120742083,
        0.0024970659520477056,
        0.003063955157995224,
        0.002598554128780961,
        0.0027791975531727075,
        0.0024750587530434132,
        0.0020539274206385016,
        0.0020849699852988125,
        0.0025512310676276684,
        0.0021072807954624294,
        0.0020845429971814156,
        0.0021005605813115835
    ],
    "val_loss": [
        0.6966684758663177,
        0.464187815785408,
        0.42941561341285706,
        0.37746021151542664,
        0.3430175483226776,
        0.2876962646842003,
        0.24295978993177414,
        0.2294343337416649,
        0.19891459494829178,
        0.17827318608760834,
        0.13668695837259293,
        0.13406843692064285,
        0.11132912337779999,
        0.12569082528352737,
        0.13183939456939697,
        0.116144098341465,
        0.08831567317247391,
        0.08794359676539898,
        0.08992158062756062,
        0.09574730880558491,
        0.12278405576944351,
        0.1572337094694376,
        0.12893006205558777,
        0.0917965192347765,
        0.07310573942959309,
        0.08104595728218555,
        0.12266809120774269,
        0.12591658905148506,
        0.08068227954208851,
        0.07505152001976967,
        0.10037276614457369,
        0.1005890304222703,
        0.0820457199588418,
        0.0776601079851389,
        0.0703712310642004,
        0.07818788383156061,
        0.08718008175492287,
        0.1012196084484458,
        0.11231046821922064,
        0.11313510313630104,
        0.11227582022547722,
        0.11333429254591465,
        0.10942346975207329,
        0.1146548967808485,
        0.11898410506546497,
        0.11091385968029499,
        0.10912934690713882,
        0.12860358599573374,
        0.15523899532854557,
        0.13925345987081528
    ],
    "val_mcc": [
        0.3959251908590267,
        0.6220793828931237,
        0.6539886462510549,
        0.7310344827586207,
        0.7933632757799682,
        0.8655172413793103,
        0.8655172413793103,
        0.8655172413793103,
        0.8655172413793103,
        0.8655172413793103,
        0.9368793661451105,
        0.8655172413793103,
        0.9368793661451105,
        0.8655172413793103,
        0.8655172413793103,
        0.8655172413793103,
        0.8655172413793103,
        0.8655172413793103,
        0.8655172413793103,
        0.8655172413793103,
        0.8655172413793103,
        0.9327379053088816,
        0.8655172413793103,
        0.8655172413793103,
        0.9368793661451105,
        0.8655172413793103,
        0.9327379053088816,
        0.9327379053088816,
        0.9327379053088816,
        0.9327379053088816,
        0.9327379053088816,
        0.9327379053088816,
        0.9327379053088816,
        0.9327379053088816,
        0.9327379053088816,
        0.9327379053088816,
        0.9327379053088816,
        0.9327379053088816,
        0.9327379053088816,
        0.9327379053088816,
        0.9327379053088816,
        0.9327379053088816,
        0.9327379053088816,
        0.9327379053088816,
        0.9327379053088816,
        0.9327379053088816,
        0.9327379053088816,
        0.9327379053088816,
        0.9327379053088816,
        0.9327379053088816
    ],
    "val_auroc": [
        0.9068965517241379,
        0.9379310344827586,
        0.9482758620689655,
        0.9517241379310344,
        0.9724137931034482,
        0.9862068965517242,
        0.996551724137931,
        0.996551724137931,
        0.996551724137931,
        0.996551724137931,
        0.996551724137931,
        0.996551724137931,
        0.996551724137931,
        0.996551724137931,
        0.996551724137931,
        0.996551724137931,
        0.996551724137931,
        0.996551724137931,
        0.996551724137931,
        0.996551724137931,
        0.996551724137931,
        0.996551724137931,
        0.996551724137931,
        0.996551724137931,
        0.996551724137931,
        0.996551724137931,
        0.996551724137931,
        0.996551724137931,
        0.996551724137931,
        1.0,
        0.996551724137931,
        1.0,
        1.0,
        1.0,
        1.0,
        0.996551724137931,
        0.996551724137931,
        0.996551724137931,
        0.996551724137931,
        0.996551724137931,
        0.996551724137931,
        0.996551724137931,
        0.996551724137931,
        0.996551724137931,
        0.996551724137931,
        0.996551724137931,
        0.996551724137931,
        0.996551724137931,
        0.996551724137931,
        0.996551724137931
    ]
}