{
    "train_loss": [
        0.5182484865188599,
        0.3488907337188721,
        0.27763669192790985,
        0.2510216534137726,
        0.20781585276126863,
        0.17247084975242616,
        0.1532853849232197,
        0.11758645474910737,
        0.09461447447538376,
        0.07908925637602807,
        0.0590982124209404,
        0.049249541386961936,
        0.03981735073029995,
        0.032523350417613985,
        0.02848385013639927,
        0.0257469380274415,
        0.02017779238522053,
        0.017588337138295173,
        0.01895611174404621,
        0.020258571859449147,
        0.00937486281618476,
        0.019723797962069512,
        0.011735661234706641,
        0.011348767951130868,
        0.009069832973182201,
        0.005729059502482414,
        0.004888437315821647,
        0.004750147508457303,
        0.004766973806545139,
        0.004142804024741054,
        0.004414113750681281,
        0.003086644038558006,
        0.003878738870844245,
        0.0028398401336744428,
        0.003129827161319554,
        0.004444136843085289,
        0.003385369596071541,
        0.0028557217214256526,
        0.0026008873479440807,
        0.0025350849609822035,
        0.002354069706052542,
        0.002034269692376256,
        0.0020940548973158004,
        0.0021524747600778936,
        0.0019797444809228184,
        0.0017504995688796044,
        0.0018217516597360372,
        0.001810816302895546,
        0.001977654523216188,
        0.001629309100098908
    ],
    "val_loss": [
        0.853655070066452,
        0.7079843208193779,
        0.7403139024972916,
        0.7227877229452133,
        0.5480964630842209,
        0.6532189548015594,
        0.5534627288579941,
        0.5119134932756424,
        0.589401300996542,
        0.5295965038239956,
        0.5133624225854874,
        0.552618220448494,
        0.5516891852021217,
        0.5500518158078194,
        0.5592449121177197,
        0.5628241151571274,
        0.5836813375353813,
        0.5495107620954514,
        0.5928372964262962,
        0.649875033646822,
        0.5530657842755318,
        0.5976004302501678,
        0.6652083583176136,
        0.5583974868059158,
        0.5715755373239517,
        0.6046142652630806,
        0.6337920278310776,
        0.6577064096927643,
        0.6718766614794731,
        0.6677189543843269,
        0.6703914627432823,
        0.6765168830752373,
        0.6723287999629974,
        0.6707486435770988,
        0.6753233969211578,
        0.6938428282737732,
        0.7207429260015488,
        0.7450092881917953,
        0.7569582462310791,
        0.7508484572172165,
        0.7351925522089005,
        0.7249796688556671,
        0.718409389257431,
        0.7304208874702454,
        0.7545735985040665,
        0.7700111344456673,
        0.7743968665599823,
        0.7764191180467606,
        0.7686062008142471,
        0.7557918876409531
    ],
    "val_mcc": [
        0.4915960401250875,
        0.33742359105871017,
        0.47739999005770767,
        0.5756983337031395,
        0.6539886462510549,
        0.5756983337031395,
        0.7964766161036996,
        0.7310344827586207,
        0.7196684596950643,
        0.6758915427189726,
        0.6758915427189726,
        0.6758915427189726,
        0.6758915427189726,
        0.6758915427189726,
        0.6758915427189726,
        0.6758915427189726,
        0.7310344827586207,
        0.7535992817105361,
        0.6758915427189726,
        0.7933632757799682,
        0.7310344827586207,
        0.7310344827586207,
        0.7933632757799682,
        0.6758915427189726,
        0.7310344827586207,
        0.7310344827586207,
        0.7310344827586207,
        0.7310344827586207,
        0.7310344827586207,
        0.7310344827586207,
        0.7310344827586207,
        0.7310344827586207,
        0.6758915427189726,
        0.6758915427189726,
        0.6758915427189726,
        0.6758915427189726,
        0.6758915427189726,
        0.6758915427189726,
        0.6758915427189726,
        0.7310344827586207,
        0.7310344827586207,
        0.7310344827586207,
        0.7310344827586207,
        0.7310344827586207,
        0.7310344827586207,
        0.7310344827586207,
        0.7310344827586207,
        0.7310344827586207,
        0.7310344827586207,
        0.6758915427189726
    ],
    "val_auroc": [
        0.8413793103448277,
        0.8482758620689654,
        0.8586206896551725,
        0.8931034482758621,
        0.9172413793103449,
        0.9241379310344828,
        0.9448275862068964,
        0.9379310344827585,
        0.9310344827586207,
        0.9379310344827585,
        0.9448275862068967,
        0.9344827586206896,
        0.9310344827586207,
        0.9344827586206896,
        0.9413793103448276,
        0.9413793103448276,
        0.9413793103448276,
        0.9344827586206896,
        0.9413793103448276,
        0.9448275862068964,
        0.9482758620689655,
        0.9413793103448276,
        0.9448275862068966,
        0.9482758620689655,
        0.9517241379310344,
        0.9448275862068964,
        0.9413793103448276,
        0.9413793103448276,
        0.9379310344827586,
        0.9310344827586207,
        0.9344827586206896,
        0.9344827586206896,
        0.9413793103448276,
        0.9413793103448276,
        0.9413793103448276,
        0.9413793103448276,
        0.9379310344827585,
        0.9344827586206896,
        0.9310344827586207,
        0.9310344827586207,
        0.9310344827586207,
        0.9344827586206896,
        0.9379310344827585,
        0.9344827586206896,
        0.9344827586206896,
        0.9344827586206896,
        0.9344827586206896,
        0.9344827586206896,
        0.9379310344827585,
        0.9344827586206896
    ]
}