{
    "train_loss": [
        0.47720772624015806,
        0.3470654308795929,
        0.27712804079055786,
        0.234502437710762,
        0.2067422717809677,
        0.16003817915916443,
        0.12601892203092574,
        0.11411422044038773,
        0.0875156968832016,
        0.06816947162151336,
        0.050015725567936896,
        0.03827969580888748,
        0.030969368666410445,
        0.02111176587641239,
        0.02088141031563282,
        0.015490464027971029,
        0.013975622691214084,
        0.010616905335336924,
        0.010732285585254431,
        0.007706586085259914,
        0.0077917976304888725,
        0.006699340417981148,
        0.006887360569089651,
        0.005831858608871698,
        0.005485331360250712,
        0.005201244913041592,
        0.005114228604361415,
        0.004026854457333684,
        0.004512181784957647,
        0.0040949117857962845,
        0.0034525750670582056,
        0.0033723049331456424,
        0.0032728830818086864,
        0.003592969849705696,
        0.002782856673002243,
        0.0028401721734553575,
        0.002420536847785115,
        0.002872385107912123,
        0.0025597662897780538,
        0.0023833778919652104,
        0.0022723084315657617,
        0.0021311114775016903,
        0.002118659345433116,
        0.0028129790676757692,
        0.00204691921826452,
        0.0017767846351489426,
        0.002567009697668254,
        0.0022113142302259805,
        0.002703604055568576,
        0.0016957829007878899
    ],
    "val_loss": [
        0.49638107419013977,
        0.44199325889348984,
        0.4207412227988243,
        0.3740525543689728,
        0.3405056297779083,
        0.2950914055109024,
        0.27776312455534935,
        0.29621148481965065,
        0.24345459043979645,
        0.22562890127301216,
        0.2492102012038231,
        0.2725736852735281,
        0.2883088607341051,
        0.3040474187582731,
        0.3087320476770401,
        0.2890190929174423,
        0.2884181048721075,
        0.31976149789988995,
        0.3350104410201311,
        0.3440235946327448,
        0.35213180258870125,
        0.3636991046369076,
        0.37697027530521154,
        0.38323421962559223,
        0.38750793412327766,
        0.38986528292298317,
        0.3917887303978205,
        0.3933599591255188,
        0.3979485519230366,
        0.4015296157449484,
        0.4065667223185301,
        0.4111573416739702,
        0.41545278020203114,
        0.4184703156352043,
        0.4187081344425678,
        0.42090415209531784,
        0.42441684752702713,
        0.42732798121869564,
        0.42987634614109993,
        0.43405846785753965,
        0.43750351294875145,
        0.4420343264937401,
        0.44593772292137146,
        0.44885400123894215,
        0.45103622041642666,
        0.4540995992720127,
        0.4521122109144926,
        0.4515475919470191,
        0.45830516889691353,
        0.4649964068084955
    ],
    "val_mcc": [
        0.6172133998483676,
        0.5181036310903636,
        0.6098241729265262,
        0.7784989441615229,
        0.8539125638299665,
        0.9274777915203366,
        0.9274777915203366,
        0.9274777915203366,
        0.8555555555555555,
        0.9274777915203366,
        0.9274777915203366,
        0.8555555555555555,
        0.8555555555555555,
        0.8555555555555555,
        0.8555555555555555,
        0.8555555555555555,
        0.8555555555555555,
        0.8555555555555555,
        0.8555555555555555,
        0.8555555555555555,
        0.8555555555555555,
        0.8555555555555555,
        0.8555555555555555,
        0.8555555555555555,
        0.8555555555555555,
        0.8555555555555555,
        0.8555555555555555,
        0.8555555555555555,
        0.8555555555555555,
        0.8555555555555555,
        0.8555555555555555,
        0.8555555555555555,
        0.8555555555555555,
        0.8555555555555555,
        0.8555555555555555,
        0.8555555555555555,
        0.8555555555555555,
        0.8555555555555555,
        0.8555555555555555,
        0.8555555555555555,
        0.8555555555555555,
        0.8555555555555555,
        0.8555555555555555,
        0.8555555555555555,
        0.8555555555555555,
        0.8555555555555555,
        0.8555555555555555,
        0.8555555555555555,
        0.8555555555555555,
        0.8555555555555555
    ],
    "val_auroc": [
        0.9259259259259259,
        0.9185185185185185,
        0.937037037037037,
        0.9481481481481482,
        0.9666666666666666,
        0.9666666666666666,
        0.9703703703703703,
        0.974074074074074,
        0.9888888888888888,
        0.9888888888888888,
        0.9888888888888888,
        0.9851851851851852,
        0.9851851851851852,
        0.9851851851851852,
        0.9851851851851852,
        0.9888888888888888,
        0.9888888888888888,
        0.9888888888888888,
        0.9888888888888888,
        0.9888888888888888,
        0.9888888888888888,
        0.9888888888888888,
        0.9888888888888888,
        0.9851851851851852,
        0.9851851851851852,
        0.9851851851851852,
        0.9851851851851852,
        0.9851851851851852,
        0.9851851851851852,
        0.9851851851851852,
        0.9851851851851852,
        0.9851851851851852,
        0.9851851851851852,
        0.9851851851851852,
        0.9851851851851852,
        0.9851851851851852,
        0.9851851851851852,
        0.9851851851851852,
        0.9851851851851852,
        0.9851851851851852,
        0.9851851851851852,
        0.9888888888888888,
        0.9888888888888888,
        0.9851851851851852,
        0.9851851851851852,
        0.9851851851851852,
        0.9851851851851852,
        0.9851851851851852,
        0.9851851851851852,
        0.9851851851851852
    ]
}