{
    "train_loss": [
        0.6681907922029495,
        0.5933825820684433,
        0.5225779414176941,
        0.4606069326400757,
        0.4176553450524807,
        0.368976728990674,
        0.38821449875831604,
        0.33495091646909714,
        0.3356567621231079,
        0.28615194745361805,
        0.27851651050150394,
        0.2691728826612234,
        0.22090760804712772,
        0.21314447559416294,
        0.16793448571115732,
        0.1491605080664158,
        0.15472678560763597,
        0.1340135228820145,
        0.21953860484063625,
        0.15344281680881977,
        0.11369131645187736,
        0.09298227820545435,
        0.07641804404556751,
        0.06438072212040424,
        0.057749714935198426,
        0.053504732670262456,
        0.05124156805686653,
        0.04938282631337643,
        0.04797662841156125,
        0.04492647619917989,
        0.0432842958252877,
        0.03882943466305733,
        0.03351618675515056,
        0.041748346062377095,
        0.02837962459307164,
        0.027738527860492468,
        0.026974623673595488,
        0.026388655649498105,
        0.024562797625549138,
        0.02292926679365337,
        0.030731211649253964,
        0.029690527822822332,
        0.018954671686515212,
        0.01709246274549514,
        0.014685165602713823,
        0.013129636296071112,
        0.01173583755735308,
        0.010549973230808973,
        0.009715042251627892,
        0.008780102303717285
    ],
    "val_loss": [
        0.6241123676300049,
        0.5562115609645844,
        0.5028255879878998,
        0.46507519483566284,
        0.4702732563018799,
        0.477186918258667,
        0.5085093230009079,
        0.4319270849227905,
        0.41471584141254425,
        0.4168165475130081,
        0.4304690659046173,
        0.389357790350914,
        0.4346548765897751,
        0.3919604420661926,
        0.42484743893146515,
        0.4659677892923355,
        0.567219465970993,
        0.563083827495575,
        0.45169512927532196,
        0.5009292215108871,
        0.5370231568813324,
        0.479425385594368,
        0.5365007817745209,
        0.5733368992805481,
        0.5870171189308167,
        0.5577919781208038,
        0.5592614710330963,
        0.5515555739402771,
        0.5696035027503967,
        0.5811544954776764,
        0.6237649619579315,
        0.6577950417995453,
        0.5952144265174866,
        0.5351954996585846,
        0.5374786555767059,
        0.5391946136951447,
        0.5126848518848419,
        0.536079078912735,
        0.5261627435684204,
        0.5728375911712646,
        0.5334758758544922,
        0.473388671875,
        0.5483174920082092,
        0.574274092912674,
        0.5840721428394318,
        0.5256074219942093,
        0.48873141407966614,
        0.4946892112493515,
        0.4808785319328308,
        0.4813355505466461
    ],
    "val_mcc": [
        0.6591420219838034,
        0.738946695932336,
        0.7040083136069528,
        0.7025010124044243,
        0.5730803627437612,
        0.6608698550549827,
        0.5479935758185698,
        0.6371165579527096,
        0.6792672430902679,
        0.6723181321083574,
        0.6133923594201466,
        0.7040083136069528,
        0.6481275457848015,
        0.7040083136069528,
        0.7040083136069528,
        0.673142683593836,
        0.5788880006133953,
        0.6049759218314941,
        0.7087415755146639,
        0.6695942095771606,
        0.6030710063455536,
        0.6699134199134199,
        0.673142683593836,
        0.6030710063455536,
        0.6030710063455536,
        0.6371165579527096,
        0.6371165579527096,
        0.6371165579527096,
        0.6371165579527096,
        0.6371165579527096,
        0.6723181321083574,
        0.5788880006133953,
        0.6098460287075423,
        0.6409597843503038,
        0.6695942095771606,
        0.7040083136069528,
        0.6723181321083574,
        0.7088392059568465,
        0.678355435247432,
        0.678355435247432,
        0.678355435247432,
        0.770900069261196,
        0.678355435247432,
        0.6481275457848015,
        0.6481275457848015,
        0.7396603423852208,
        0.7396603423852208,
        0.7396603423852208,
        0.7361174128087679,
        0.7361174128087679
    ],
    "val_auroc": [
        0.9090909090909091,
        0.8906926406926408,
        0.8777056277056278,
        0.9101731601731602,
        0.9025974025974026,
        0.895021645021645,
        0.8917748917748918,
        0.8950216450216449,
        0.9047619047619047,
        0.8906926406926406,
        0.9058441558441559,
        0.9101731601731602,
        0.9134199134199134,
        0.9166666666666666,
        0.9080086580086579,
        0.8917748917748918,
        0.8365800865800866,
        0.8733766233766235,
        0.8917748917748918,
        0.8733766233766234,
        0.8809523809523809,
        0.9101731601731602,
        0.8906926406926406,
        0.8982683982683983,
        0.8874458874458875,
        0.8874458874458874,
        0.8863636363636364,
        0.8863636363636365,
        0.8831168831168831,
        0.8852813852813852,
        0.8820346320346321,
        0.9025974025974026,
        0.9112554112554112,
        0.9112554112554113,
        0.8939393939393939,
        0.9101731601731601,
        0.922077922077922,
        0.9123376623376623,
        0.9199134199134198,
        0.9155844155844155,
        0.9231601731601732,
        0.9177489177489178,
        0.9177489177489178,
        0.9199134199134199,
        0.9112554112554112,
        0.9145021645021645,
        0.9112554112554113,
        0.9036796536796537,
        0.9155844155844156,
        0.9188311688311688
    ]
}