{
    "train_loss": [
        0.6780642047524452,
        0.6128101944923401,
        0.5421785041689873,
        0.4802956096827984,
        0.42733923345804214,
        0.38366444781422615,
        0.3363944850862026,
        0.2776392735540867,
        0.25787835009396076,
        0.26142593100667,
        0.22287664096802473,
        0.2323874868452549,
        0.21367676369845867,
        0.19065993186086416,
        0.16666206065565348,
        0.18094762414693832,
        0.1807651510462165,
        0.15971941873431206,
        0.12845110101625323,
        0.12554991990327835,
        0.12089480273425579,
        0.1653647292405367,
        0.14001850923523307,
        0.10193705698475242,
        0.09396283840760589,
        0.08488751761615276,
        0.07766101462766528,
        0.06557138380594552,
        0.05893560475669801,
        0.05176655831746757,
        0.055962542770430446,
        0.04472872009500861,
        0.047541871666908264,
        0.03498262609355152,
        0.03197123878635466,
        0.02898208051919937,
        0.026119336485862732,
        0.029811855172738433,
        0.02503496059216559,
        0.02179883816279471,
        0.01804095017723739,
        0.016467813751660287,
        0.014294189983047545,
        0.011903500999324024,
        0.01082912681158632,
        0.009403924050275236,
        0.008505498117301613,
        0.007838240475393832,
        0.007442525064107031,
        0.00687108637066558
    ],
    "val_loss": [
        0.6475983560085297,
        0.5698977708816528,
        0.5160408169031143,
        0.4616183787584305,
        0.44162365794181824,
        0.4156312495470047,
        0.40883055329322815,
        0.46334366500377655,
        0.40486083924770355,
        0.41160400211811066,
        0.45339830219745636,
        0.4130558520555496,
        0.45465661585330963,
        0.4769996106624603,
        0.5484053194522858,
        0.497098445892334,
        0.5692732185125351,
        0.5417782366275787,
        0.5368877053260803,
        0.563874751329422,
        0.5238845497369766,
        0.5529113560914993,
        0.5548412501811981,
        0.5255027562379837,
        0.5771865099668503,
        0.6913766115903854,
        0.700068861246109,
        0.721810907125473,
        0.7638236582279205,
        0.7990345060825348,
        0.7945877313613892,
        0.7922298908233643,
        0.85426464676857,
        0.8373044431209564,
        0.9033240377902985,
        0.9133167266845703,
        0.9230064451694489,
        0.9160310626029968,
        0.9341832399368286,
        0.8935429453849792,
        0.9153442680835724,
        0.9218311905860901,
        0.9365232288837433,
        0.9456881880760193,
        0.94748255610466,
        0.9541696906089783,
        0.9572643637657166,
        0.9671739935874939,
        0.9677818417549133,
        0.9780242145061493
    ],
    "val_mcc": [
        0.0,
        0.7144230637176704,
        0.7144230637176704,
        0.7364853795464743,
        0.6850606073292244,
        0.7054429982194027,
        0.7054429982194027,
        0.6850606073292244,
        0.7002186247515697,
        0.7054429982194027,
        0.6983799021553296,
        0.7364853795464743,
        0.6850606073292244,
        0.636731017873357,
        0.5660175036135799,
        0.6559304988834465,
        0.600099198148979,
        0.600099198148979,
        0.6324555320336759,
        0.597766393027815,
        0.6682922888477266,
        0.6747699033149638,
        0.600099198148979,
        0.6443815868826047,
        0.600099198148979,
        0.6054442283168511,
        0.600099198148979,
        0.5319061074502314,
        0.5319061074502314,
        0.5680190375273113,
        0.4969293465978882,
        0.5680190375273113,
        0.5680190375273113,
        0.5743401100475389,
        0.5743401100475389,
        0.5743401100475389,
        0.5361185533187384,
        0.5361185533187384,
        0.5361185533187384,
        0.5743401100475389,
        0.5743401100475389,
        0.5743401100475389,
        0.5743401100475389,
        0.5743401100475389,
        0.5361185533187384,
        0.5361185533187384,
        0.5361185533187384,
        0.5743401100475389,
        0.5743401100475389,
        0.5743401100475389
    ],
    "val_auroc": [
        0.9185267857142857,
        0.8895089285714286,
        0.8627232142857143,
        0.8995535714285714,
        0.8828125,
        0.8950892857142857,
        0.8950892857142857,
        0.8560267857142858,
        0.9029017857142857,
        0.8828125,
        0.8571428571428572,
        0.8794642857142858,
        0.8671875,
        0.8895089285714286,
        0.8515625,
        0.9029017857142857,
        0.828125,
        0.8426339285714286,
        0.8504464285714286,
        0.8772321428571429,
        0.890625,
        0.8928571428571428,
        0.8694196428571428,
        0.9095982142857143,
        0.8883928571428572,
        0.8716517857142857,
        0.8616071428571428,
        0.9006696428571429,
        0.8761160714285714,
        0.8727678571428572,
        0.8794642857142857,
        0.8716517857142857,
        0.8258928571428572,
        0.8314732142857143,
        0.8392857142857143,
        0.8426339285714286,
        0.8359375,
        0.8470982142857143,
        0.8515625000000001,
        0.8705357142857143,
        0.8493303571428571,
        0.859375,
        0.84375,
        0.8348214285714286,
        0.8348214285714286,
        0.8348214285714287,
        0.8325892857142857,
        0.8348214285714286,
        0.8404017857142857,
        0.8448660714285714
    ]
}