{
    "train_loss": [
        0.6811879277229309,
        0.6316250041127205,
        0.5530014224350452,
        0.4939069226384163,
        0.43997903168201447,
        0.4190796799957752,
        0.3818700760602951,
        0.3774944245815277,
        0.3242617901414633,
        0.2876976206898689,
        0.2670726515352726,
        0.23045356571674347,
        0.21681327559053898,
        0.20177384186536074,
        0.17468354664742947,
        0.17282145004719496,
        0.14701635763049126,
        0.13873739168047905,
        0.11510127410292625,
        0.11469234991818666,
        0.09363527409732342,
        0.06676153000444174,
        0.05781416408717632,
        0.05841337773017585,
        0.04552254406735301,
        0.03642159979790449,
        0.03027920494787395,
        0.024160478031262755,
        0.020297093084082007,
        0.017426799284294248,
        0.015691520529799163,
        0.014290115679614246,
        0.01319214969407767,
        0.012341661262325943,
        0.011461158166639507,
        0.010769546148367226,
        0.01017847249750048,
        0.009597683558240533,
        0.009077232680283487,
        0.008625730639323592,
        0.008199672331102192,
        0.007816383091267198,
        0.007449254626408219,
        0.007113084138836712,
        0.006816403416451067,
        0.006520110880956054,
        0.006253869680222124,
        0.005993468570522964,
        0.005772673001047224,
        0.005550381727516651
    ],
    "val_loss": [
        0.651152491569519,
        0.594015508890152,
        0.5114403069019318,
        0.4684092253446579,
        0.4946949779987335,
        0.40185917913913727,
        0.41549253463745117,
        0.46810874342918396,
        0.37344710528850555,
        0.43103764951229095,
        0.4525974541902542,
        0.40362051129341125,
        0.3436836451292038,
        0.4686506688594818,
        0.3958945721387863,
        0.3787291347980499,
        0.3843461573123932,
        0.4347887635231018,
        0.48184530436992645,
        0.46935538947582245,
        0.4608062505722046,
        0.4479493051767349,
        0.4360928386449814,
        0.44772449135780334,
        0.5610553324222565,
        0.5526696145534515,
        0.5669080317020416,
        0.5907900035381317,
        0.5621512532234192,
        0.563249260187149,
        0.5703019499778748,
        0.5769795179367065,
        0.5894988477230072,
        0.604897528886795,
        0.6072632670402527,
        0.609906017780304,
        0.6203988790512085,
        0.6266777515411377,
        0.62845578789711,
        0.6341285109519958,
        0.6411221921443939,
        0.648262083530426,
        0.6589326858520508,
        0.6624210178852081,
        0.6646831035614014,
        0.6696370244026184,
        0.6742214858531952,
        0.680760532617569,
        0.6831623911857605,
        0.6862179338932037
    ],
    "val_mcc": [
        0.0,
        0.6883858452309196,
        0.804750708270836,
        0.7164502164502164,
        0.607183863152047,
        0.7359307359307359,
        0.6429375631761639,
        0.607183863152047,
        0.7041053139822809,
        0.6221531377244747,
        0.6133923594201466,
        0.6723181321083574,
        0.7687337199108693,
        0.6133923594201466,
        0.7359307359307359,
        0.7040083136069528,
        0.7687337199108693,
        0.6429375631761639,
        0.6362683048979794,
        0.7025010124044243,
        0.6699134199134199,
        0.7359307359307359,
        0.7687337199108693,
        0.7359307359307359,
        0.6133923594201466,
        0.6429375631761639,
        0.6429375631761639,
        0.673142683593836,
        0.673142683593836,
        0.7041053139822809,
        0.7041053139822809,
        0.7041053139822809,
        0.673142683593836,
        0.673142683593836,
        0.673142683593836,
        0.673142683593836,
        0.673142683593836,
        0.673142683593836,
        0.673142683593836,
        0.673142683593836,
        0.673142683593836,
        0.673142683593836,
        0.673142683593836,
        0.673142683593836,
        0.673142683593836,
        0.673142683593836,
        0.673142683593836,
        0.673142683593836,
        0.673142683593836,
        0.673142683593836
    ],
    "val_auroc": [
        0.9458874458874458,
        0.9015151515151515,
        0.9253246753246753,
        0.9404761904761905,
        0.8917748917748918,
        0.935064935064935,
        0.9036796536796537,
        0.9329004329004329,
        0.9253246753246753,
        0.9069264069264069,
        0.8852813852813852,
        0.908008658008658,
        0.9080086580086579,
        0.9004329004329004,
        0.9090909090909091,
        0.9177489177489178,
        0.9177489177489178,
        0.9166666666666667,
        0.9015151515151515,
        0.8982683982683983,
        0.8939393939393939,
        0.9047619047619048,
        0.9080086580086579,
        0.9134199134199135,
        0.9058441558441559,
        0.9036796536796536,
        0.9036796536796536,
        0.9069264069264069,
        0.922077922077922,
        0.9177489177489178,
        0.9166666666666667,
        0.9307359307359306,
        0.9274891774891775,
        0.9145021645021645,
        0.920995670995671,
        0.9253246753246753,
        0.920995670995671,
        0.9101731601731601,
        0.9231601731601731,
        0.9242424242424242,
        0.9242424242424242,
        0.920995670995671,
        0.9145021645021645,
        0.9209956709956709,
        0.9231601731601731,
        0.9231601731601731,
        0.922077922077922,
        0.9199134199134199,
        0.9199134199134199,
        0.9199134199134199
    ]
}