{
    "train_loss": [
        0.6727164313197136,
        0.5939621105790138,
        0.526042927056551,
        0.47473299130797386,
        0.45212501659989357,
        0.3904975838959217,
        0.3735639564692974,
        0.336304884403944,
        0.29889343306422234,
        0.3000073693692684,
        0.27126804180443287,
        0.25228625908493996,
        0.2274471465498209,
        0.23501777928322554,
        0.21151649579405785,
        0.22183719649910927,
        0.19656187295913696,
        0.21150277648121119,
        0.23149342462420464,
        0.21458569541573524,
        0.19029693212360144,
        0.1607351629063487,
        0.14771459298208356,
        0.11184204928576946,
        0.1064066612161696,
        0.12326919287443161,
        0.08873653970658779,
        0.0791616914793849,
        0.09854032332077622,
        0.10572740249335766,
        0.11566377943381667,
        0.09224361134693027,
        0.07069116714410484,
        0.06077426462434232,
        0.052563175559043884,
        0.046559875598177314,
        0.045189652126282454,
        0.03024884918704629,
        0.028061810065992177,
        0.030162658309563994,
        0.06812802352942526,
        0.05173598323017359,
        0.033683530637063086,
        0.02377581235487014,
        0.01580816973000765,
        0.011733739986084402,
        0.010212908149696887,
        0.008609203214291483,
        0.0078284801566042,
        0.007221301959361881
    ],
    "val_loss": [
        0.6341641545295715,
        0.5716378390789032,
        0.530531570315361,
        0.5252635478973389,
        0.4835657626390457,
        0.47539637982845306,
        0.43570075929164886,
        0.4421065002679825,
        0.4566121846437454,
        0.43031953275203705,
        0.41373686492443085,
        0.3972960114479065,
        0.41884444653987885,
        0.42756983637809753,
        0.4596213698387146,
        0.42035238444805145,
        0.4177055060863495,
        0.4594777226448059,
        0.4450787305831909,
        0.4546101689338684,
        0.42147426307201385,
        0.4302573800086975,
        0.5006485730409622,
        0.46171022951602936,
        0.5257691890001297,
        0.5078098624944687,
        0.5196722447872162,
        0.5725158900022507,
        0.6860364377498627,
        0.5385961979627609,
        0.5223149359226227,
        0.5065784901380539,
        0.49786795675754547,
        0.5401541143655777,
        0.588692769408226,
        0.613511323928833,
        0.6552979201078415,
        0.6295583993196487,
        0.689382404088974,
        0.7780796587467194,
        0.5910540819168091,
        0.5932764708995819,
        0.5656666457653046,
        0.6462503373622894,
        0.720362514257431,
        0.7881763577461243,
        0.7382832020521164,
        0.7547034919261932,
        0.7674717903137207,
        0.7806565165519714
    ],
    "val_mcc": [
        0.5151515151515151,
        0.6649284750350865,
        0.6446583712203042,
        0.5685352436149611,
        0.6187272822569696,
        0.5960239698501034,
        0.6625413488689132,
        0.5960239698501034,
        0.6365239496641676,
        0.6312279884865479,
        0.6632996632996633,
        0.6632996632996633,
        0.667045768100612,
        0.6632996632996633,
        0.5640760748177662,
        0.6975184488828855,
        0.6963434431202348,
        0.6446583712203042,
        0.6649284750350865,
        0.6649284750350865,
        0.6625413488689132,
        0.6625413488689132,
        0.6649284750350865,
        0.5695214286468868,
        0.6649284750350865,
        0.6287372835939984,
        0.5945883900105631,
        0.6291342872277006,
        0.4375436079246424,
        0.6287372835939984,
        0.6625413488689132,
        0.5695214286468868,
        0.6287372835939984,
        0.5945883900105631,
        0.5695214286468868,
        0.561131124067762,
        0.5640760748177662,
        0.5640760748177662,
        0.5640760748177662,
        0.5329662167236046,
        0.6291342872277006,
        0.561131124067762,
        0.6312279884865479,
        0.5640760748177662,
        0.561131124067762,
        0.4923659639173309,
        0.526635431152213,
        0.5959595959595959,
        0.6287372835939984,
        0.6287372835939984
    ],
    "val_auroc": [
        0.877665544332211,
        0.8821548821548821,
        0.8585858585858586,
        0.8226711560044894,
        0.8428731762065096,
        0.8776655443322109,
        0.9259259259259258,
        0.8922558922558922,
        0.8832772166105499,
        0.8967452300785634,
        0.9248035914702581,
        0.9124579124579124,
        0.9090909090909091,
        0.9068462401795735,
        0.9023569023569024,
        0.9090909090909091,
        0.8978675645342311,
        0.877665544332211,
        0.9214365881032548,
        0.89337822671156,
        0.9057239057239057,
        0.8900112233445566,
        0.8900112233445566,
        0.9034792368125701,
        0.8866442199775533,
        0.877665544332211,
        0.8799102132435466,
        0.8843995510662177,
        0.866442199775533,
        0.8855218855218855,
        0.9057239057239057,
        0.8866442199775533,
        0.8900112233445567,
        0.8799102132435466,
        0.8619528619528619,
        0.856341189674523,
        0.8383838383838383,
        0.8619528619528619,
        0.8653198653198653,
        0.8372615039281707,
        0.8821548821548821,
        0.8787878787878788,
        0.8956228956228957,
        0.866442199775533,
        0.856341189674523,
        0.872053872053872,
        0.8821548821548822,
        0.8799102132435466,
        0.8810325476992144,
        0.8754208754208754
    ]
}