{
    "train_loss": [
        0.684588149189949,
        0.6280361488461494,
        0.5622452758252621,
        0.49828170239925385,
        0.4282715879380703,
        0.3955968879163265,
        0.3917664550244808,
        0.3422359637916088,
        0.3125512432307005,
        0.2587438952177763,
        0.2581254094839096,
        0.24778549559414387,
        0.2199098514392972,
        0.2251440491527319,
        0.1977759711444378,
        0.1777693647891283,
        0.15513282548636198,
        0.14510910958051682,
        0.14011371321976185,
        0.130577745847404,
        0.14005256444215775,
        0.10840845853090286,
        0.09023928781971335,
        0.13343082088977098,
        0.07969794422388077,
        0.0677911750972271,
        0.07315563317388296,
        0.06421707896515727,
        0.06631885236129165,
        0.05106070009060204,
        0.04375156154856086,
        0.039728834526613355,
        0.04086730186827481,
        0.07563459989614785,
        0.06340006017126143,
        0.045385273871943355,
        0.035605817567557096,
        0.036883032065816224,
        0.061726675485260785,
        0.061578530352562666,
        0.16983842384070158,
        0.11461355211213231,
        0.08782129222527146,
        0.06950933113694191,
        0.05371352378278971,
        0.03367886540945619,
        0.03860421944409609,
        0.030873836833052337,
        0.02536934637464583,
        0.02431935991626233
    ],
    "val_loss": [
        0.6585815250873566,
        0.5999542474746704,
        0.5492154061794281,
        0.5007043033838272,
        0.49152304232120514,
        0.4682084619998932,
        0.4527127146720886,
        0.4665805995464325,
        0.49068576097488403,
        0.5010313391685486,
        0.4793085604906082,
        0.4946196377277374,
        0.571178749203682,
        0.5391230434179306,
        0.6074251532554626,
        0.5980499386787415,
        0.6097202599048615,
        0.5392966866493225,
        0.6204649806022644,
        0.7191978096961975,
        0.6213411688804626,
        0.5323295891284943,
        0.7263429164886475,
        0.610345870256424,
        0.7365168035030365,
        0.6284501552581787,
        0.6736119091510773,
        0.7309075891971588,
        0.7716590762138367,
        0.8589947819709778,
        0.8437261879444122,
        0.8640676438808441,
        0.7524787187576294,
        0.9458787739276886,
        0.8635157942771912,
        0.8884827792644501,
        0.8879956603050232,
        0.7900181412696838,
        0.8791787922382355,
        0.9773983657360077,
        0.6530517935752869,
        0.7214392721652985,
        0.6770578622817993,
        0.902540922164917,
        0.9185042977333069,
        1.0811359286308289,
        1.0226136445999146,
        0.995777040719986,
        1.0722829699516296,
        1.1203354895114899
    ],
    "val_mcc": [
        0.0,
        0.6098460287075423,
        0.6409597843503038,
        0.6695942095771606,
        0.6409597843503038,
        0.6382304303121595,
        0.6723181321083574,
        0.6382304303121595,
        0.5723555466420381,
        0.6038961038961039,
        0.6362683048979794,
        0.6382304303121595,
        0.5723555466420381,
        0.5723555466420381,
        0.5113295384991638,
        0.5113295384991638,
        0.5378787878787878,
        0.6362683048979794,
        0.475730646578336,
        0.5000432881694244,
        0.5278234485917683,
        0.5702248022984665,
        0.5183982683982684,
        0.5113295384991638,
        0.5278234485917683,
        0.5378787878787878,
        0.5669350438236677,
        0.541534658916836,
        0.5000432881694244,
        0.4455255261606639,
        0.5113295384991638,
        0.5183982683982684,
        0.5771335508376638,
        0.5278234485917683,
        0.5064806629719167,
        0.5183982683982684,
        0.5475174757500252,
        0.541534658916836,
        0.5475174757500252,
        0.5000432881694244,
        0.6030710063455536,
        0.4816425920799038,
        0.541534658916836,
        0.4896877227115848,
        0.475730646578336,
        0.4896877227115848,
        0.4816425920799038,
        0.5113295384991638,
        0.5183982683982684,
        0.5183982683982684
    ],
    "val_auroc": [
        0.8766233766233766,
        0.7932900432900433,
        0.818181818181818,
        0.8841991341991342,
        0.8376623376623377,
        0.8874458874458875,
        0.8463203463203464,
        0.8636363636363635,
        0.8441558441558441,
        0.8365800865800866,
        0.8690476190476191,
        0.8647186147186147,
        0.8560606060606061,
        0.8701298701298702,
        0.8625541125541125,
        0.854978354978355,
        0.8528138528138528,
        0.8484848484848485,
        0.8593073593073592,
        0.8603896103896104,
        0.8798701298701299,
        0.8885281385281385,
        0.8658008658008658,
        0.8603896103896104,
        0.8874458874458875,
        0.8582251082251082,
        0.8831168831168832,
        0.8495670995670996,
        0.8722943722943723,
        0.8571428571428571,
        0.8484848484848485,
        0.8593073593073592,
        0.8560606060606061,
        0.8582251082251082,
        0.8181818181818181,
        0.867965367965368,
        0.8560606060606061,
        0.8603896103896104,
        0.8484848484848485,
        0.8647186147186147,
        0.8495670995670995,
        0.8517316017316018,
        0.8463203463203463,
        0.8463203463203464,
        0.8160173160173161,
        0.8116883116883117,
        0.7965367965367964,
        0.7943722943722943,
        0.8095238095238095,
        0.814935064935065
    ]
}