{
    "train_loss": [
        0.44728760459218864,
        0.16994074256055886,
        0.12995471079247417,
        0.10964266406544657,
        0.07720783808165127,
        0.0935807720072464,
        0.05956482026657021,
        0.05177254741149092,
        0.0635274635731346,
        0.03989780481464954,
        0.026353043784318422,
        0.024454509059001726,
        0.016426839186654735,
        0.025704548498011986,
        0.011608578613959253,
        0.010010251981266602,
        0.009029243194230797,
        0.01663471334312042,
        0.024133888588511145,
        0.014121490597500707,
        0.00939647689530695,
        0.006528166462279235,
        0.007325193307662159,
        0.00535498001435944,
        0.016370271019426313,
        0.014644133270916494,
        0.0069986071525986685,
        0.018790658036811726,
        0.011431515351567348,
        0.013971807482583379,
        0.014159285816411418,
        0.013377260698891606,
        0.01494628598555681,
        0.007753643321242028,
        0.009146151922457782,
        0.006090763092355768,
        0.004167531363674681,
        0.003961490429463555,
        0.004143135600046393,
        0.0036208183876253854,
        0.0032843895064110663,
        0.003547740912229832,
        0.004450930618649754,
        0.004876632678604909,
        0.004282538154627589,
        0.004027961748458135,
        0.004651827161338857,
        0.0037256635773196146,
        0.004049119808297729,
        0.003794417087327154
    ],
    "val_loss": [
        0.19152088423392602,
        0.1291877883819065,
        0.12634026348989988,
        0.10167618461751513,
        0.08907816878386907,
        0.09413571374690426,
        0.11834086969195466,
        0.07566339297253373,
        0.06610798394207709,
        0.058696873452780504,
        0.042286326576556475,
        0.06047422692894803,
        0.04915168136150377,
        0.07101201701776258,
        0.04125558629000027,
        0.051242067374654914,
        0.075150018975754,
        0.0713373022590531,
        0.05393445501353459,
        0.05344616446070306,
        0.04554120520541411,
        0.048493556539012515,
        0.06803740228185363,
        0.03965293964262985,
        0.03998638671016254,
        0.040947638304455074,
        0.04395071079073075,
        0.0399058511923483,
        0.033433181167181046,
        0.05495616526293036,
        0.044362521328106856,
        0.044202636080236904,
        0.03828169187909225,
        0.04884503451155199,
        0.04416854249575408,
        0.03787561722128885,
        0.04519976190411918,
        0.04243231539866039,
        0.041745842421992814,
        0.04470658329955768,
        0.03709628440057194,
        0.06593137053797753,
        0.03778055317369373,
        0.04798514503896253,
        0.033233355852384454,
        0.03667514827923567,
        0.03913736148336154,
        0.041648589396312934,
        0.03815084447861799,
        0.04019041721481439
    ],
    "val_mcc": [
        0.8472969268866052,
        0.869742033362673,
        0.868511043842612,
        0.9053623498202478,
        0.8923043582504814,
        0.9168735094959364,
        0.8982072141083225,
        0.9422549321584927,
        0.9309383946610085,
        0.9486822742296079,
        0.9745755860776183,
        0.9495631164368032,
        0.9745315626031418,
        0.9357943416247559,
        0.9745755860776183,
        0.9553167622857721,
        0.9293862159486675,
        0.9306440381108791,
        0.9617335470192494,
        0.955300812934306,
        0.9616693760604819,
        0.9616693760604819,
        0.9552406012709904,
        0.9745036404753553,
        0.9616693760604819,
        0.9745036404753553,
        0.9745036404753553,
        0.974695040141146,
        0.9745789746331076,
        0.9619574166971112,
        0.9682996350373491,
        0.9617335470192494,
        0.9745036404753553,
        0.9745789746331076,
        0.9681677943821451,
        0.9680902439413235,
        0.9616693760604819,
        0.9680902439413235,
        0.9680902439413235,
        0.9616693760604819,
        0.9745036404753553,
        0.9552406012709904,
        0.9745036404753553,
        0.9616693760604819,
        0.9745036404753553,
        0.9809099928623352,
        0.9745036404753553,
        0.9616693760604819,
        0.9745036404753553,
        0.9745036404753553
    ],
    "val_auroc": [
        0.9772107002787916,
        0.9907635825054344,
        0.9875082931355693,
        0.9941616865426154,
        0.9966997810812582,
        0.9931854223641959,
        0.9919965428030778,
        0.9947661370199112,
        0.9969970369708904,
        0.9968785859117637,
        0.9983579052784269,
        0.9977462307524797,
        0.9976900222498771,
        0.9965795147806586,
        0.9978671020990499,
        0.9977222617213491,
        0.9964239234672255,
        0.9977998852678001,
        0.9966989688435574,
        0.9960751694861244,
        0.9988346445882074,
        0.9984069765599944,
        0.9970792471836178,
        0.9984977245091794,
        0.9984508161221403,
        0.9978166401534801,
        0.9981258270703735,
        0.9979003411417703,
        0.9991911043134439,
        0.9976298858642388,
        0.9985297534081781,
        0.9992493386299931,
        0.9990484869864383,
        0.9970764056994467,
        0.9980263840515957,
        0.9982984775346243,
        0.9988726172809873,
        0.9987663847460105,
        0.9990311270030069,
        0.9987721914592099,
        0.9990205264835814,
        0.9988491630874677,
        0.9993622403688355,
        0.9993538930040787,
        0.9994970084004468,
        0.9991338059794529,
        0.9991511659628843,
        0.9992615270501694,
        0.9991989368405898,
        0.9991396126926522
    ]
}