{
    "train_loss": [
        0.4444128016906756,
        0.17067290959810769,
        0.13736402878054865,
        0.1015324962877289,
        0.08926800618603549,
        0.057644942374382585,
        0.059809439841450915,
        0.03592362370842171,
        0.03277946605898992,
        0.019694230963338027,
        0.020399071189954324,
        0.01860813025376518,
        0.011959315487830382,
        0.013151806550686833,
        0.03904612786222801,
        0.011761708948243823,
        0.01202945422307864,
        0.008695571643464198,
        0.0408308764874366,
        0.03747579118633574,
        0.013891105736278135,
        0.008831538842059672,
        0.00807913448402865,
        0.012354044297589335,
        0.012111182608620126,
        0.034961265780212775,
        0.0115314534848073,
        0.012248065661373807,
        0.005492037259736443,
        0.003299957994992534,
        0.0035689567755778423,
        0.0026358326134935917,
        0.007122930650776079,
        0.003465695275399075,
        0.002941066023965875,
        0.0030855004701556433,
        0.004043271934615741,
        0.003259107321220519,
        0.0037126664791247567,
        0.0036232530156094407,
        0.004214396594357418,
        0.002965318423742213,
        0.0032514919969091555,
        0.003242343726958131,
        0.0028463995637408785,
        0.0024958879070321994,
        0.002562030553842002,
        0.0028157169412965973,
        0.003268601011195979,
        0.0027832989438104925
    ],
    "val_loss": [
        0.22785989487809793,
        0.12707929998370154,
        0.15642576438507863,
        0.09602084582937616,
        0.10842396604961582,
        0.09321316093805113,
        0.09233416082237714,
        0.10360050413458209,
        0.08503051909584818,
        0.1086779635224957,
        0.13017496021348052,
        0.10144880258511486,
        0.1061607204943097,
        0.10448450107027643,
        0.09251202389714308,
        0.13278778570695846,
        0.09352593987880807,
        0.09216326956396058,
        0.08852585740636901,
        0.14048690711829945,
        0.13079885040393233,
        0.13048365591177052,
        0.10308425147065593,
        0.10987688007090972,
        0.10838102639120605,
        0.08253376908916314,
        0.08306640682608954,
        0.08194660245706993,
        0.07290702390933543,
        0.07622103526851529,
        0.07913187082366287,
        0.08849940825062472,
        0.08621808040645972,
        0.08530846819173478,
        0.08556116137229505,
        0.0871680726138168,
        0.09021738258836974,
        0.0871173858000215,
        0.088632200263029,
        0.09395692122156366,
        0.09333395480591987,
        0.0917874377087823,
        0.0946541651995046,
        0.0936635535591839,
        0.09367386849407922,
        0.09282933942475731,
        0.09473140666887048,
        0.09548235907225587,
        0.09733318817026364,
        0.09906054919961857
    ],
    "val_mcc": [
        0.8817244168096093,
        0.9084854396256984,
        0.8616431897157208,
        0.9417018132355234,
        0.9423932112356775,
        0.9482708153861308,
        0.9483638357947765,
        0.9288998331628192,
        0.9481583464975171,
        0.9421431681159838,
        0.9351101782141346,
        0.9361501327881923,
        0.9612515997443568,
        0.9482708153861308,
        0.9483638357947765,
        0.9101159259117535,
        0.9613709822827933,
        0.9612515997443568,
        0.9612515997443568,
        0.9493091657556548,
        0.9548160247617514,
        0.9548871897940573,
        0.9548160247617514,
        0.9548160247617514,
        0.9417027637911725,
        0.9612515997443568,
        0.9677808413624539,
        0.9547443504890674,
        0.9612515997443568,
        0.9612515997443568,
        0.9547443504890674,
        0.9547744359210986,
        0.9677876171514694,
        0.9612515997443568,
        0.9547443504890674,
        0.9612515997443568,
        0.9677876171514694,
        0.9677876171514694,
        0.9677876171514694,
        0.9547443504890674,
        0.9613047212505612,
        0.9677876171514694,
        0.9677876171514694,
        0.9547443504890674,
        0.9613047212505612,
        0.9613047212505612,
        0.9547443504890674,
        0.9547443504890674,
        0.9547443504890674,
        0.9547443504890674
    ],
    "val_auroc": [
        0.9815563176003392,
        0.9908554184322512,
        0.9944977171474244,
        0.9932675984870891,
        0.9966429241709632,
        0.9944989959130571,
        0.9952028021374151,
        0.9923708606806718,
        0.9954851125897388,
        0.9956798119708378,
        0.9909126689293872,
        0.9976516435902126,
        0.9953258404401799,
        0.995629134780376,
        0.9936905481155721,
        0.993059116576584,
        0.997374593176212,
        0.9971615582144961,
        0.9936824895852315,
        0.9976734384771082,
        0.9981025070560375,
        0.9983510950239068,
        0.9988220106502522,
        0.998935364948058,
        0.990226864983117,
        0.9979944622793679,
        0.9987479427213201,
        0.9971946265046127,
        0.9954582623783798,
        0.9965504413889473,
        0.9952221140445969,
        0.9964020677176079,
        0.9965101191142008,
        0.9970952035139472,
        0.9966271607684861,
        0.9973537068469377,
        0.996756182813105,
        0.9973190360853232,
        0.9966366069599698,
        0.993235710781836,
        0.996984272616547,
        0.9973644201378463,
        0.9969631913366873,
        0.9959541811445778,
        0.9970104222941062,
        0.9970830554375771,
        0.9970468260188214,
        0.9973065964512368,
        0.9968814068694106,
        0.9971156578640175
    ]
}