{
    "train_loss": [
        0.4461561139948942,
        0.15183226722810003,
        0.10492790245485527,
        0.07804729365226296,
        0.04915781200139059,
        0.03559213240751652,
        0.04103188769443444,
        0.030782298900669924,
        0.038157065881899106,
        0.026951653762134136,
        0.007819108611093488,
        0.014637602307764744,
        0.02004163963202801,
        0.010181454113788076,
        0.01968125189240608,
        0.024990812944317306,
        0.019640671453628415,
        0.007514890421319891,
        0.004649973902916018,
        0.009254595957355815,
        0.017335998327730015,
        0.005816666729784898,
        0.002731015237427696,
        0.0023361550195625533,
        0.0016154164865535374,
        0.0015332357867952884,
        0.0018320413251381575,
        0.0019637578351884492,
        0.00156086016714754,
        0.0016658688880313464,
        0.0012524814776918869,
        0.0015586841361962594,
        0.0011525336240420412,
        0.001374410052785943,
        0.0014192640411676148,
        0.0010283923476419187,
        0.0012495263736464377,
        0.0010981375675732528,
        0.0009012859053554065,
        0.0035774818879198626,
        0.0015022288156345625,
        0.0014409586358481276,
        0.0013253241398800768,
        0.0013904160309552768,
        0.0014408868594694435,
        0.001505554297990683,
        0.0013457864909098673,
        0.0007702820798672123,
        0.0017299195845865783,
        0.0007160784485609771
    ],
    "val_loss": [
        0.26237310422584414,
        0.20277722512504884,
        0.23333189556641237,
        0.16614776723352925,
        0.17592418612912297,
        0.19195686916022428,
        0.14951500166872783,
        0.28922647708428223,
        0.1768143335191001,
        0.17410906620040936,
        0.17805933872503893,
        0.17090620582374477,
        0.21297523701962615,
        0.20328096079798083,
        0.24760568523613205,
        0.19714266432648792,
        0.17147779334170213,
        0.18875817378492293,
        0.18078582492827472,
        0.17855224242209392,
        0.1684335076196086,
        0.17799477689966028,
        0.17296142206448298,
        0.17585863556554873,
        0.18760835788738664,
        0.18221576058723649,
        0.20039868754247436,
        0.1891389808437712,
        0.18688940810638346,
        0.19501706375012873,
        0.19530744856092497,
        0.20039646085777868,
        0.1957999385205247,
        0.20310015577706508,
        0.20416513557912758,
        0.1949123848036314,
        0.20969919641382667,
        0.21148012985291384,
        0.20477334118628018,
        0.20328296472767501,
        0.20492781177433375,
        0.20299927622337627,
        0.2061183375974776,
        0.2084268918185574,
        0.20401969142221787,
        0.21442555642689903,
        0.20652382138125955,
        0.2110357663412807,
        0.20624162458573533,
        0.18820530319135287
    ],
    "val_mcc": [
        0.7792316340404698,
        0.8397745191936016,
        0.835655222656656,
        0.8966499661441094,
        0.8826442369196589,
        0.8665718281168523,
        0.9295233015625974,
        0.8312866581325463,
        0.8784247725648652,
        0.9089345833634148,
        0.9032499299819147,
        0.9085321971496759,
        0.8886296169763819,
        0.9089335343420216,
        0.8696106558151595,
        0.8747661020414078,
        0.922118061571763,
        0.9223150967709216,
        0.9417281500960385,
        0.9417281500960385,
        0.922760943992538,
        0.9417281500960385,
        0.9352489491503386,
        0.9417281500960385,
        0.9418041191412337,
        0.9352489491503386,
        0.9418041191412337,
        0.9417281500960385,
        0.9418444323720333,
        0.9417281500960385,
        0.9417281500960385,
        0.9418041191412337,
        0.9417281500960385,
        0.9418041191412337,
        0.9418041191412337,
        0.9482768352004499,
        0.9417281500960385,
        0.9418041191412337,
        0.9482768352004499,
        0.9417281500960385,
        0.9417281500960385,
        0.9417281500960385,
        0.9417281500960385,
        0.9417281500960385,
        0.9417281500960385,
        0.9417281500960385,
        0.9482768352004499,
        0.9417281500960385,
        0.9417281500960385,
        0.9548160247617514
    ],
    "val_auroc": [
        0.9689470145095015,
        0.9841952366990331,
        0.9834315981948847,
        0.9882593268387748,
        0.984189263216359,
        0.9838912553941785,
        0.9844279225792607,
        0.9679292750429057,
        0.9909282030412458,
        0.9806071967747166,
        0.9834111958488068,
        0.9851279736781953,
        0.9789594955571429,
        0.98308207743985,
        0.9825722297250064,
        0.9800565486330709,
        0.9837206237823984,
        0.9738683533903506,
        0.9779414213367202,
        0.9810176941514385,
        0.9872290487724668,
        0.9758354490073579,
        0.9836629011309586,
        0.9825873083547098,
        0.9788293573827177,
        0.9837879475713431,
        0.979457006698344,
        0.9820180056435716,
        0.9832769344104905,
        0.982410307861164,
        0.9819136951810892,
        0.9824087525139843,
        0.9822451165953437,
        0.9820571145631344,
        0.981345371321621,
        0.9822567516837196,
        0.9814310776488906,
        0.9816191937895055,
        0.9828357888340964,
        0.9823725801494315,
        0.9795649472964927,
        0.9802759999340909,
        0.9804978112946116,
        0.9809436229125447,
        0.9846670139213664,
        0.9813575829055067,
        0.9825604680732352,
        0.9814936879387576,
        0.9833175416230304,
        0.9843761426654489
    ]
}