{
    "train_loss": [
        0.46440743158260983,
        0.20385141091214287,
        0.13245734420639496,
        0.09600266900465444,
        0.07497013815575176,
        0.07641700847522805,
        0.08500039448996109,
        0.04417468296984831,
        0.05366350709960831,
        0.02619478650201388,
        0.02281504432688019,
        0.028110115831993795,
        0.01634048597662951,
        0.012207438787704127,
        0.015515030557893354,
        0.009646738918187717,
        0.037362586463266914,
        0.015672856012652454,
        0.007693538180319592,
        0.005967569040539847,
        0.004438261056310256,
        0.004985026726326732,
        0.00390617513093511,
        0.006364869051914731,
        0.012517115458548587,
        0.023387228057900857,
        0.006533152043293403,
        0.005218667900340666,
        0.004184401564998552,
        0.006797527914588702,
        0.003926092667151587,
        0.0037437222696704944,
        0.0034398320378925375,
        0.0038372588516924428,
        0.003625183387258504,
        0.0035004525812433306,
        0.0033268408404654583,
        0.0030990931766912886,
        0.0029261118904320973,
        0.0035219323837265147,
        0.0063609568151824294,
        0.005051339849564506,
        0.003611053848645598,
        0.003149538455208703,
        0.003268431330946408,
        0.00356855346439665,
        0.003238920679938962,
        0.004162351154297573,
        0.003127441316960526,
        0.0036854032467225034
    ],
    "val_loss": [
        0.23341936751135758,
        0.16653145357434238,
        0.12788132245519332,
        0.09982085803390614,
        0.1156725363606321,
        0.09092253647811178,
        0.09554604964796454,
        0.07281154726764985,
        0.08168156576409404,
        0.09352907742140815,
        0.07074560522700526,
        0.07949331821042246,
        0.0781020385204881,
        0.07685750785250482,
        0.07007725072409292,
        0.08498355567904323,
        0.08705866819530327,
        0.07535668205153863,
        0.08602144905099911,
        0.08033405302973863,
        0.08312053238582198,
        0.07769373441988137,
        0.08183918627349028,
        0.08357138255295078,
        0.09685390225370481,
        0.07656561716742415,
        0.07572790035400041,
        0.08080784549591565,
        0.10277683403650631,
        0.09077459428746286,
        0.08850713405471262,
        0.08635862675354085,
        0.08852453037512273,
        0.08714614619332549,
        0.08618611982819857,
        0.08547617791035529,
        0.08551573108863002,
        0.08681079730273009,
        0.08832689554089614,
        0.0862343010630866,
        0.10649490374219438,
        0.08787003489383746,
        0.08657888209615651,
        0.08524618952547566,
        0.08587729814670249,
        0.0847469642620646,
        0.08532173998641415,
        0.08425036357584759,
        0.0860391849232006,
        0.08913074758727037
    ],
    "val_mcc": [
        0.6903535317591681,
        0.8773058801741099,
        0.888022028373613,
        0.9028675126688327,
        0.8854366811958777,
        0.8978735740943967,
        0.9034628118867222,
        0.9433433651191079,
        0.9310237882929462,
        0.9113317046850076,
        0.9225779291045616,
        0.9374369267853108,
        0.9432527830722174,
        0.9369533138338643,
        0.9492670767709935,
        0.9302213284875165,
        0.916734815740829,
        0.9440478140988892,
        0.9440478140988892,
        0.9559090975461851,
        0.9617513401299076,
        0.9499346759651754,
        0.9619734012214888,
        0.9489940267854878,
        0.9382462729559308,
        0.9551980808673787,
        0.9293333964057097,
        0.9292566023138821,
        0.9090075141593416,
        0.9556202389962412,
        0.9556202389962412,
        0.9556202389962412,
        0.9423581180867416,
        0.9556202389962412,
        0.9556202389962412,
        0.9423581180867416,
        0.9556202389962412,
        0.9556202389962412,
        0.9556202389962412,
        0.9556202389962412,
        0.9382462729559308,
        0.9556202389962412,
        0.9556202389962412,
        0.9556202389962412,
        0.9617513401299076,
        0.9556202389962412,
        0.9556202389962412,
        0.928735006125283,
        0.9556202389962412,
        0.9556202389962412
    ],
    "val_auroc": [
        0.9790703812410091,
        0.9900425860544484,
        0.9937971637752367,
        0.996687802806882,
        0.9952389199728703,
        0.9956412953117358,
        0.9950806804192224,
        0.9970381099841811,
        0.9962495937854982,
        0.9967326004340107,
        0.9980762500566062,
        0.9967731373525016,
        0.9961910695650887,
        0.9960853210071834,
        0.9969604721171367,
        0.9955559853389496,
        0.9969878855841593,
        0.9973040854221179,
        0.9972631931051744,
        0.9972263466865141,
        0.9969605893688934,
        0.9977024413423927,
        0.9971847606223042,
        0.9970004590198104,
        0.9966749814612609,
        0.9963223136062153,
        0.9970368627445255,
        0.9969427658248039,
        0.9935691250282458,
        0.9959102640256648,
        0.9958572939264004,
        0.996394410591961,
        0.9965129703989924,
        0.9965426637015821,
        0.9964578857917027,
        0.9969183391804607,
        0.9964448597322219,
        0.9965212371197646,
        0.9964698562521517,
        0.9968933327306465,
        0.996091096558606,
        0.9969891593035074,
        0.9967487471177355,
        0.9964007361592008,
        0.996892192812863,
        0.9968803033612041,
        0.9968616421717885,
        0.9976115922285566,
        0.9971885718504634,
        0.996695988518864
    ]
}