{
    "train_loss": [
        0.464079146583875,
        0.16841871015451573,
        0.1286173323859219,
        0.10918562928283657,
        0.09903862636053452,
        0.07153402936334412,
        0.05448852457037127,
        0.0362286787411129,
        0.04304998724169477,
        0.03349325172516897,
        0.023850880683986126,
        0.01386261056392902,
        0.011547321188522296,
        0.010086524502926127,
        0.008907654344242203,
        0.005840686724426363,
        0.005464470572338474,
        0.005804573289222187,
        0.004851052802728696,
        0.006769193259835312,
        0.0057986785659859715,
        0.005194491180763753,
        0.005449469913771652,
        0.01405994025386732,
        0.04924715700542071,
        0.022941214605924434,
        0.02492331585488972,
        0.022322059281308343,
        0.008863789579158442,
        0.006625896791875776,
        0.0052746902833017955,
        0.004503472600373681,
        0.004190331073240722,
        0.003800481208600104,
        0.004330120981817513,
        0.003780613006879489,
        0.0038865606768888903,
        0.0035592552424835353,
        0.0035163950518903287,
        0.0034519124437119224,
        0.0034534285576363027,
        0.0038117785605006954,
        0.005158135107733499,
        0.003714541858277732,
        0.004975636260092465,
        0.003901248702647906,
        0.0035830119133472044,
        0.006226771103414379,
        0.00614106199645903,
        0.003890286975042222
    ],
    "val_loss": [
        0.21981969608792237,
        0.18329113375927722,
        0.19995968569336192,
        0.11009523844612497,
        0.09986213365170572,
        0.08422863135846066,
        0.09553299401886761,
        0.07923248865076207,
        0.07252568150371579,
        0.11293602626704212,
        0.08347559857481558,
        0.09835848313689764,
        0.10505632534373685,
        0.08061295802222698,
        0.08456135932231389,
        0.07922504256254927,
        0.07853176728323367,
        0.08134810219468948,
        0.09363242708163202,
        0.10899659393596396,
        0.08638241482445405,
        0.0912750542671087,
        0.09611817843480301,
        0.08204507779113815,
        0.09558787460472169,
        0.10414622384788734,
        0.08917846799262666,
        0.09902043399883301,
        0.0938781772045851,
        0.08389662282778383,
        0.07896684575098334,
        0.08323834698239807,
        0.08628173984003037,
        0.09021420983065452,
        0.08412992341774432,
        0.08794465669728067,
        0.08463232653385992,
        0.09136978758137307,
        0.08642775705707859,
        0.0962675060197528,
        0.08603018443942087,
        0.09201114961615531,
        0.0948037280598198,
        0.09112551947535914,
        0.09351066641569819,
        0.09533188761374081,
        0.09254248893245988,
        0.08671780579191234,
        0.09984840207367338,
        0.08569468978281033
    ],
    "val_mcc": [
        0.8247280100087407,
        0.8130211348738092,
        0.7912072673337868,
        0.862627090444819,
        0.9023292566729574,
        0.9097530373355173,
        0.9171724175102766,
        0.9236378160636097,
        0.9152695949581459,
        0.908436944954789,
        0.917848268497589,
        0.9227713888798806,
        0.917848268497589,
        0.9238216386404913,
        0.936680650084575,
        0.9368573990294166,
        0.9490085967628327,
        0.9306562245697403,
        0.9368573990294166,
        0.9308903448153476,
        0.9298861879402808,
        0.9368573990294166,
        0.9285963767530955,
        0.936680650084575,
        0.9240571548775647,
        0.8889232321118414,
        0.9023235827461039,
        0.9045185203353261,
        0.9226720890061101,
        0.9232582137413377,
        0.9352799848635797,
        0.9363267129243256,
        0.9423544847764458,
        0.9368573990294166,
        0.9361617863954883,
        0.9300635170265665,
        0.9356331694406809,
        0.9368573990294166,
        0.9361617863954883,
        0.9363267129243256,
        0.9423544847764458,
        0.9430798018630392,
        0.9292805646520624,
        0.9368573990294166,
        0.9419673118845768,
        0.9300635170265665,
        0.9361617863954883,
        0.9363267129243256,
        0.9300635170265665,
        0.9361617863954883
    ],
    "val_auroc": [
        0.9771595123006155,
        0.9865832725261416,
        0.9795283644720656,
        0.9917041951244059,
        0.9921160792108042,
        0.9950723359996217,
        0.9960392116814168,
        0.9974375215034877,
        0.9970923322067012,
        0.996053283576655,
        0.9985092767384952,
        0.9961569076966504,
        0.9974460425875429,
        0.9977139987319402,
        0.9971456409880002,
        0.9985051433781091,
        0.997869727256469,
        0.9984056130655716,
        0.9980006969079329,
        0.9970577358339537,
        0.9981264910064356,
        0.9981850183701962,
        0.9964386035075644,
        0.9984382121820504,
        0.9959595897979502,
        0.9949717335382445,
        0.9963169757024531,
        0.9978230858677956,
        0.996783138610013,
        0.9973389328481866,
        0.9969749156274146,
        0.9978206657773513,
        0.9975547945179354,
        0.9975433972430346,
        0.997554455835901,
        0.9977494773492265,
        0.9977116892733298,
        0.9980782340730284,
        0.9978043075932334,
        0.9980842209582336,
        0.9981025368456916,
        0.9980106188929775,
        0.9978341280774643,
        0.9982779753721344,
        0.9978727206990716,
        0.9981922756647879,
        0.9983159848783089,
        0.9987069530123892,
        0.9983080402897636,
        0.9990771818586056
    ]
}