{
    "train_loss": [
        0.5507483735680581,
        0.47653418183326723,
        0.43982117176055907,
        0.3774721764028072,
        0.3412999093532562,
        0.30066587328910827,
        0.2555972307920456,
        0.21275161132216452,
        0.17022820971906186,
        0.1325758084654808,
        0.1002126108855009,
        0.09518264979124069,
        0.07948687877506018,
        0.05504741305485368,
        0.042301459796726705,
        0.03269069790840149,
        0.025563520705327393,
        0.032278427574783566,
        0.03325959141366184,
        0.027767661632969974,
        0.018243077117949723,
        0.009362129890359939,
        0.006884483294561506,
        0.005754059692844748,
        0.004735532111953944,
        0.004566544445697218,
        0.0041090712300501766,
        0.0036024614586494864,
        0.0032748783531133087,
        0.0031005297205410898,
        0.00291081378236413,
        0.002644564351066947,
        0.002476825250778347,
        0.0022863083460833876,
        0.0021018016705056652,
        0.0020276561146602033,
        0.0019247759832069279,
        0.0017754390370100736,
        0.0017615082673728467,
        0.0016024984390242026,
        0.0015113588597159833,
        0.0014688635244965553,
        0.0013663336052559317,
        0.001273875388142187,
        0.0012489607441239059,
        0.0012339182634605096,
        0.0011278291727649047,
        0.0010823995602549986,
        0.0010470943059772253,
        0.0009938537783455103
    ],
    "val_loss": [
        0.47136497497558594,
        0.45330111384391786,
        0.45093622207641604,
        0.46442451477050783,
        0.44703922271728513,
        0.4636591374874115,
        0.49039931297302247,
        0.5033658742904663,
        0.5316070675849914,
        0.5577465057373047,
        0.5550450325012207,
        0.6026554763317108,
        0.6340709149837493,
        0.6800519585609436,
        0.7189601302146912,
        0.717841774225235,
        0.741963243484497,
        0.7848991274833679,
        0.83566255569458,
        0.8161042928695679,
        0.8472086548805237,
        0.8460461616516113,
        0.8925747871398926,
        0.8846935987472534,
        0.9142796874046326,
        0.9226835250854493,
        0.9302933096885682,
        0.9404173970222474,
        0.9559955954551697,
        0.9718538522720337,
        0.9810663342475892,
        0.9897556185722352,
        1.0037790894508363,
        1.006693184375763,
        1.0197980165481568,
        1.0278852820396422,
        1.0372910261154176,
        1.0442617774009704,
        1.0498801350593567,
        1.0616647362709046,
        1.0675519227981567,
        1.0745746970176697,
        1.0818398952484132,
        1.086465311050415,
        1.0925448894500733,
        1.1000738263130188,
        1.1092762112617494,
        1.1115201592445374,
        1.1190815210342406,
        1.1293960690498352
    ],
    "val_mcc": [
        0.5610582289350549,
        0.5739802516622767,
        0.5739802516622767,
        0.5293077239816804,
        0.5337984137894888,
        0.4944160539751941,
        0.4554505402607156,
        0.5125832612972425,
        0.3919769048757483,
        0.4586276173207597,
        0.4621652292352401,
        0.4785757597651158,
        0.4554505402607156,
        0.47186039625508397,
        0.45264468713792444,
        0.4554505402607156,
        0.48537348531197416,
        0.41944734894242286,
        0.41944734894242286,
        0.4361111111111111,
        0.45264468713792444,
        0.47503861698921623,
        0.43893811257017395,
        0.4586276173207597,
        0.4554505402607156,
        0.44212778536176034,
        0.4586276173207597,
        0.4586276173207597,
        0.4586276173207597,
        0.4554505402607156,
        0.4586276173207597,
        0.4586276173207597,
        0.4586276173207597,
        0.4586276173207597,
        0.4586276173207597,
        0.47186039625508397,
        0.4586276173207597,
        0.47186039625508397,
        0.47186039625508397,
        0.47186039625508397,
        0.47186039625508397,
        0.47186039625508397,
        0.47186039625508397,
        0.47186039625508397,
        0.47186039625508397,
        0.47186039625508397,
        0.47186039625508397,
        0.47186039625508397,
        0.47186039625508397,
        0.47186039625508397
    ],
    "val_auroc": [
        0.8444444444444446,
        0.8583333333333334,
        0.8607407407407407,
        0.8496296296296296,
        0.8577777777777779,
        0.8551851851851852,
        0.8427777777777778,
        0.8346296296296297,
        0.8262962962962963,
        0.8261111111111111,
        0.8296296296296296,
        0.8222222222222223,
        0.8248148148148148,
        0.8188888888888889,
        0.8174074074074074,
        0.8190740740740741,
        0.8131481481481481,
        0.8094444444444444,
        0.817962962962963,
        0.8218518518518518,
        0.8222222222222223,
        0.82,
        0.8177777777777778,
        0.8181481481481482,
        0.8174074074074074,
        0.8179629629629629,
        0.8166666666666667,
        0.8175925925925925,
        0.8153703703703704,
        0.8174074074074075,
        0.8159259259259258,
        0.8157407407407408,
        0.8159259259259258,
        0.8162962962962962,
        0.8157407407407408,
        0.8146296296296296,
        0.8144444444444444,
        0.8155555555555555,
        0.8155555555555556,
        0.8153703703703703,
        0.8148148148148148,
        0.8159259259259258,
        0.8153703703703703,
        0.8161111111111111,
        0.8161111111111111,
        0.8155555555555556,
        0.8151851851851852,
        0.8155555555555556,
        0.815,
        0.8151851851851851
    ]
}