{
    "train_loss": [
        0.5644194349646569,
        0.4560075789690018,
        0.41266056299209597,
        0.3820116199553013,
        0.3550823092460632,
        0.29942584186792376,
        0.2535557236522436,
        0.23768627792596816,
        0.190311267785728,
        0.14564217012375594,
        0.1160474382340908,
        0.09203229621052741,
        0.07479123119264841,
        0.058527148142457006,
        0.04635498556308448,
        0.032310585211962464,
        0.027791859535500407,
        0.04686391968280077,
        0.02702444726601243,
        0.017262424621731044,
        0.014747325936332345,
        0.009679253643844277,
        0.008292849850840866,
        0.007993360736873002,
        0.005926276196260005,
        0.005661331547889859,
        0.004606875358149409,
        0.004081794543890282,
        0.004175184550695122,
        0.004489087278489024,
        0.007526503218105063,
        0.005289969680598005,
        0.003096983104478568,
        0.0027468803862575443,
        0.0023335779493208974,
        0.0020845879684202374,
        0.0019102699938230217,
        0.0017788163619115948,
        0.001722155197057873,
        0.0015136109373997896,
        0.0015539195359451697,
        0.0014017116831382737,
        0.0013824868743540718,
        0.0012345526105491445,
        0.0011680995346978306,
        0.001110191672341898,
        0.001075379943358712,
        0.0010098885773913934,
        0.0009654127410613,
        0.000953992540598847
    ],
    "val_loss": [
        0.4882925868034363,
        0.4648509681224823,
        0.4639159798622131,
        0.4782686471939087,
        0.5096663117408753,
        0.47482035160064695,
        0.48985664248466493,
        0.5067771553993226,
        0.5268143892288208,
        0.5679779171943664,
        0.586026668548584,
        0.6064163327217102,
        0.6391277551651001,
        0.6697578430175781,
        0.7069974541664124,
        0.7474107384681702,
        0.7791345119476318,
        0.80899498462677,
        0.7640987157821655,
        0.8405393958091736,
        0.8525020122528076,
        0.8779202699661255,
        0.9011581182479859,
        0.9258066654205322,
        0.9321702599525452,
        0.955644953250885,
        0.969917380809784,
        0.9839281916618348,
        0.9943344354629516,
        1.0164890050888062,
        0.9977616190910339,
        0.9928711414337158,
        1.0289479851722718,
        1.0493086934089662,
        1.0608726859092712,
        1.0763869762420655,
        1.0876612544059754,
        1.0928704738616943,
        1.1039220809936523,
        1.1095722436904907,
        1.1197503805160522,
        1.1261301398277284,
        1.1315057516098022,
        1.1373634338378906,
        1.1500518798828125,
        1.1591732144355773,
        1.1659859418869019,
        1.1736664652824402,
        1.1813414454460145,
        1.1870105504989623
    ],
    "val_mcc": [
        0.4586276173207597,
        0.4162788201889437,
        0.47503861698921623,
        0.41944734894242286,
        0.343790851628475,
        0.44212778536176034,
        0.5185449728701349,
        0.4123951744684367,
        0.43462110239322554,
        0.41489696301282764,
        0.42490498154100403,
        0.39494013061691013,
        0.36675626587409077,
        0.3894915964481181,
        0.400614719113164,
        0.3894915964481181,
        0.3440740740740741,
        0.3895848214069169,
        0.4081868029172705,
        0.43293836293668037,
        0.4011111111111111,
        0.4011111111111111,
        0.37804320740712516,
        0.3961295342422729,
        0.36109116754044285,
        0.3842685269720604,
        0.349754259914075,
        0.3961295342422729,
        0.35562158899508195,
        0.44212778536176034,
        0.36675626587409077,
        0.33857240113127146,
        0.3842685269720604,
        0.349754259914075,
        0.36109116754044285,
        0.3725925925925926,
        0.36109116754044285,
        0.36109116754044285,
        0.36109116754044285,
        0.3725925925925926,
        0.3725925925925926,
        0.3725925925925926,
        0.3725925925925926,
        0.3556250840128652,
        0.36109116754044285,
        0.3440740740740741,
        0.3440740740740741,
        0.3556250840128652,
        0.3556250840128652,
        0.3440740740740741
    ],
    "val_auroc": [
        0.834074074074074,
        0.8424074074074074,
        0.8420370370370371,
        0.8398148148148148,
        0.8362962962962963,
        0.836851851851852,
        0.8335185185185185,
        0.826111111111111,
        0.8211111111111111,
        0.808888888888889,
        0.81,
        0.8007407407407408,
        0.8049999999999999,
        0.7933333333333333,
        0.7868518518518519,
        0.799074074074074,
        0.7909259259259258,
        0.7812962962962963,
        0.8016666666666667,
        0.7912962962962963,
        0.7925925925925925,
        0.789074074074074,
        0.7924074074074074,
        0.7885185185185185,
        0.789074074074074,
        0.7877777777777778,
        0.7887037037037037,
        0.7872222222222222,
        0.7888888888888889,
        0.7844444444444444,
        0.7870370370370371,
        0.7920370370370371,
        0.7870370370370371,
        0.7862962962962963,
        0.7855555555555556,
        0.785,
        0.7842592592592592,
        0.7861111111111111,
        0.7859259259259259,
        0.7861111111111111,
        0.7851851851851852,
        0.7877777777777778,
        0.7877777777777778,
        0.7877777777777778,
        0.7881481481481482,
        0.7874074074074074,
        0.7879629629629629,
        0.7872222222222222,
        0.7877777777777778,
        0.7875925925925926
    ]
}