{
    "train_loss": [
        0.5427252069115639,
        0.44370151609182357,
        0.4285444594919682,
        0.394949821382761,
        0.3545296639204025,
        0.3018093638122082,
        0.29452281445264816,
        0.24655198603868483,
        0.1948662433773279,
        0.1510802187025547,
        0.12996139265596868,
        0.08313470724970103,
        0.06895396988838912,
        0.052864179760217664,
        0.039168615778908136,
        0.027561522834002972,
        0.0222616970539093,
        0.018396246200427412,
        0.012845091172493994,
        0.011344954860396684,
        0.008903644478414208,
        0.007194804202299565,
        0.0051982761244289575,
        0.004458564869128168,
        0.003953049750998616,
        0.0035671880235895515,
        0.0032117742579430343,
        0.003000040620099753,
        0.00264819253643509,
        0.0024549389025196435,
        0.0022992970189079642,
        0.0021093709452543407,
        0.0019824825343675912,
        0.0018688033975195139,
        0.0017079365847166629,
        0.0016063058050349356,
        0.001521338109159842,
        0.0014356457395479083,
        0.0013363974081585183,
        0.0012567698111524805,
        0.0012153648742241785,
        0.0011351090710377322,
        0.0010722859820816665,
        0.0010406532121123746,
        0.0010164787119720132,
        0.000985323646455072,
        0.0009043494443176314,
        0.000881885172566399,
        0.0008215384586947039,
        0.0007800945022609085
    ],
    "val_loss": [
        0.5155273616313935,
        0.4852531135082245,
        0.486402690410614,
        0.49326303601264954,
        0.5039409697055817,
        0.5120931625366211,
        0.5250566184520722,
        0.5563276588916779,
        0.5496431291103363,
        0.5965145170688629,
        0.6191873550415039,
        0.6591606080532074,
        0.696435809135437,
        0.7468462407588958,
        0.7934856295585633,
        0.82048659324646,
        0.8719180762767792,
        0.8912813723087311,
        0.9144925236701965,
        0.9521103262901306,
        0.9696784615516663,
        0.9968231678009033,
        1.0111988544464112,
        1.0292311787605286,
        1.0459880113601685,
        1.0608404755592347,
        1.0764264583587646,
        1.0893878579139709,
        1.099620807170868,
        1.1133736371994019,
        1.1250960230827332,
        1.1373855590820312,
        1.1476558089256286,
        1.1596906900405883,
        1.171723520755768,
        1.18389550447464,
        1.1930073142051696,
        1.201343059539795,
        1.209376299381256,
        1.2200068950653076,
        1.228146004676819,
        1.2372058868408202,
        1.245343816280365,
        1.2520649552345275,
        1.263893973827362,
        1.269260036945343,
        1.280451250076294,
        1.28074768781662,
        1.2905399560928346,
        1.3017642736434936
    ],
    "val_mcc": [
        0.4361111111111111,
        0.5975576653333909,
        0.4586276173207597,
        0.4666666666666667,
        0.4457594923885146,
        0.4336735806213181,
        0.4621652292352401,
        0.4223683957499603,
        0.39568145630893564,
        0.4190234508826936,
        0.33857240113127146,
        0.39568145630893564,
        0.400614719113164,
        0.3058358150044225,
        0.34528826491882486,
        0.35035720986367375,
        0.32698164105366995,
        0.35035720986367375,
        0.33269073863276755,
        0.3529299526817895,
        0.3440740740740741,
        0.37450496425811003,
        0.3725925925925926,
        0.36232865092627065,
        0.36232865092627065,
        0.37450496425811003,
        0.39139042813598196,
        0.39139042813598196,
        0.4081868029172705,
        0.39139042813598196,
        0.4081868029172705,
        0.4081868029172705,
        0.39139042813598196,
        0.4081868029172705,
        0.4081868029172705,
        0.4081868029172705,
        0.4081868029172705,
        0.4081868029172705,
        0.4081868029172705,
        0.4081868029172705,
        0.4081868029172705,
        0.3961295342422729,
        0.3961295342422729,
        0.3961295342422729,
        0.3961295342422729,
        0.3961295342422729,
        0.3961295342422729,
        0.3961295342422729,
        0.3961295342422729,
        0.3961295342422729
    ],
    "val_auroc": [
        0.7972222222222223,
        0.8274074074074075,
        0.8212962962962963,
        0.82,
        0.8229629629629629,
        0.8249999999999998,
        0.8138888888888889,
        0.8046296296296297,
        0.8068518518518518,
        0.8018518518518518,
        0.7994444444444444,
        0.8090740740740741,
        0.7985185185185185,
        0.8122222222222222,
        0.8003703703703703,
        0.8025925925925925,
        0.7981481481481482,
        0.8059259259259259,
        0.8007407407407408,
        0.8061111111111111,
        0.8075925925925925,
        0.8111111111111111,
        0.8090740740740741,
        0.8116666666666666,
        0.8111111111111111,
        0.8120370370370371,
        0.812037037037037,
        0.8118518518518518,
        0.8124074074074074,
        0.8125925925925925,
        0.8125925925925925,
        0.8129629629629629,
        0.8125925925925925,
        0.8125925925925925,
        0.812037037037037,
        0.8122222222222222,
        0.8129629629629629,
        0.8125925925925925,
        0.8127777777777778,
        0.8127777777777778,
        0.8127777777777778,
        0.8133333333333334,
        0.8131481481481482,
        0.812962962962963,
        0.8135185185185185,
        0.8125925925925925,
        0.812962962962963,
        0.8131481481481482,
        0.8131481481481482,
        0.8127777777777778
    ]
}