{
    "train_loss": [
        0.5306339338421822,
        0.45248734802007673,
        0.4284170433878899,
        0.36615048348903656,
        0.3162680856883526,
        0.28863025158643724,
        0.24061838909983635,
        0.19297678470611573,
        0.15128990039229392,
        0.11789512317627668,
        0.09610731732100249,
        0.07776878755539655,
        0.054270632565021515,
        0.03976486604660749,
        0.03718741731718182,
        0.037018493795767424,
        0.024781286157667635,
        0.018044314906001092,
        0.014958227472379803,
        0.012804854987189173,
        0.011235485901124775,
        0.008744515152648092,
        0.00804748055525124,
        0.008523934381082654,
        0.013990287878550589,
        0.062273737508803606,
        0.07839314602315425,
        0.04994131121784449,
        0.02287835965398699,
        0.009115075413137674,
        0.005940750369336456,
        0.004508060263469815,
        0.0037680718232877553,
        0.0031554452260024847,
        0.0028143198345787824,
        0.0025199790950864555,
        0.0022780171449994667,
        0.0031272307154722513,
        0.001990652794484049,
        0.0018677781627047807,
        0.0016136615828145295,
        0.0015556854050373659,
        0.0014569585007848218,
        0.0013362768455408513,
        0.0012872222461737693,
        0.0012435319076757878,
        0.0011570701230084524,
        0.0011049419204937293,
        0.0010513272398384288,
        0.0009908523730700835
    ],
    "val_loss": [
        0.5014220178127289,
        0.49184308052062986,
        0.509225207567215,
        0.509811270236969,
        0.5243608057498932,
        0.5625114679336548,
        0.5866990745067596,
        0.6210246503353118,
        0.661325889825821,
        0.7207512140274048,
        0.7176456451416016,
        0.7504923164844512,
        0.7919677436351776,
        0.8258814930915832,
        0.840356981754303,
        0.8506352961063385,
        0.8848760485649109,
        0.9154385328292847,
        0.9422936916351319,
        0.9874091982841492,
        0.991859632730484,
        1.019163429737091,
        1.0575217008590698,
        1.072566819190979,
        1.05946888923645,
        0.9153570294380188,
        0.8121931791305542,
        0.9294313311576843,
        0.9910844564437866,
        1.0390065431594848,
        1.0551597595214843,
        1.1033244609832764,
        1.1163695573806762,
        1.1457300662994385,
        1.159081792831421,
        1.1692816019058228,
        1.1829028725624084,
        1.195583701133728,
        1.1989354252815247,
        1.2114645719528199,
        1.2294068336486816,
        1.2411093354225158,
        1.2527718424797059,
        1.2557916045188904,
        1.268937110900879,
        1.2753798246383667,
        1.2833366990089417,
        1.291475772857666,
        1.2982756972312928,
        1.305533766746521
    ],
    "val_mcc": [
        0.4279069682532859,
        0.42990074982333165,
        0.404316334215188,
        0.42990074982333165,
        0.42134081163640025,
        0.4176529208136236,
        0.4448715198015258,
        0.3264767878697755,
        0.39378383972276654,
        0.3920911055187454,
        0.32168024758403935,
        0.30151712356879945,
        0.319156762993287,
        0.3087741852341142,
        0.3306377011707679,
        0.36587971468364805,
        0.35405047268938294,
        0.35937576907218777,
        0.35937576907218777,
        0.4004477628683047,
        0.35937576907218777,
        0.37133012228729445,
        0.35682365818816897,
        0.37133012228729445,
        0.33487287572635677,
        0.3913848896195001,
        0.42134081163640025,
        0.3545075720882169,
        0.35405047268938294,
        0.34402354753397574,
        0.3420448085192759,
        0.3264767878697755,
        0.36142896760259985,
        0.34402354753397574,
        0.36142896760259985,
        0.36142896760259985,
        0.36142896760259985,
        0.3913848896195001,
        0.33933204444551107,
        0.37870674438105884,
        0.39586984983121765,
        0.3913848896195001,
        0.3913848896195001,
        0.37870674438105884,
        0.37870674438105884,
        0.3834905391684458,
        0.3913848896195001,
        0.37870674438105884,
        0.37870674438105884,
        0.37870674438105884
    ],
    "val_auroc": [
        0.8164150943396227,
        0.8241509433962265,
        0.809433962264151,
        0.8039622641509434,
        0.8077358490566038,
        0.780566037735849,
        0.7747169811320754,
        0.7652830188679245,
        0.7645283018867924,
        0.7545283018867924,
        0.7756603773584906,
        0.7516981132075472,
        0.7611320754716981,
        0.7616981132075471,
        0.7635849056603774,
        0.7713207547169811,
        0.7684905660377359,
        0.7650943396226415,
        0.7681132075471698,
        0.7552830188679245,
        0.7633962264150943,
        0.7624528301886793,
        0.7522641509433963,
        0.7554716981132076,
        0.7628301886792453,
        0.7466037735849057,
        0.7871698113207548,
        0.7756603773584905,
        0.779622641509434,
        0.7792452830188679,
        0.78,
        0.7766037735849056,
        0.7766037735849057,
        0.7745283018867924,
        0.7752830188679246,
        0.7739622641509434,
        0.7741509433962264,
        0.7733962264150944,
        0.7735849056603774,
        0.7735849056603774,
        0.7733962264150943,
        0.7730188679245285,
        0.7720754716981132,
        0.7730188679245283,
        0.7715094339622641,
        0.7715094339622641,
        0.7716981132075471,
        0.7716981132075472,
        0.7707547169811321,
        0.7707547169811321
    ]
}