{
    "train_loss": [
        0.5492951899766922,
        0.4828283563256264,
        0.43362082093954085,
        0.38837207704782484,
        0.3501280300319195,
        0.31906414702534674,
        0.272559017688036,
        0.23828283026814462,
        0.1942945748567581,
        0.17284853756427765,
        0.1396902484819293,
        0.0950736909173429,
        0.07142479345202446,
        0.05930216871201992,
        0.054515766073018314,
        0.04553060736507177,
        0.025901028187945485,
        0.01695234766229987,
        0.0127248948905617,
        0.010181126138195395,
        0.008389072562567889,
        0.007221907493658364,
        0.0063964226748794316,
        0.006146777013782412,
        0.005356928729452193,
        0.004706202319357544,
        0.004203774128109216,
        0.0036604109278414398,
        0.0034562300308607517,
        0.0032852911273948847,
        0.003019435820169747,
        0.0027030572877265514,
        0.0025693458039313553,
        0.0022837755910586565,
        0.0021519849426113067,
        0.0019929963658796624,
        0.0019227936980314552,
        0.0017662501632003114,
        0.0017291268857661634,
        0.0016151488642208278,
        0.0015541370725259186,
        0.0014405363064724952,
        0.001381322933593765,
        0.0012938300642417744,
        0.0012620980094652623,
        0.0012067265051882714,
        0.0011280135891865938,
        0.001098823538632132,
        0.0010726157168392092,
        0.0009871980320895091
    ],
    "val_loss": [
        0.5475966095924377,
        0.5425932049751282,
        0.5112853109836578,
        0.5297633707523346,
        0.5348085284233093,
        0.5620440065860748,
        0.5910309433937073,
        0.6280648231506347,
        0.669381582736969,
        0.7219922423362732,
        0.7214989066123962,
        0.8014418482780457,
        0.850706946849823,
        0.8517744779586792,
        0.898915708065033,
        0.9218600392341614,
        0.9651828885078431,
        1.0263973593711853,
        1.034426498413086,
        1.0477786660194397,
        1.0801453471183777,
        1.0914006233215332,
        1.1163489818572998,
        1.1343680143356323,
        1.1534032225608826,
        1.1687493562698363,
        1.1823092460632325,
        1.2055089831352235,
        1.2168145418167113,
        1.2350345492362975,
        1.2383556246757508,
        1.2629708766937255,
        1.266577959060669,
        1.277430784702301,
        1.28805171251297,
        1.3056864619255066,
        1.3152384161949158,
        1.3287909626960754,
        1.3399094104766847,
        1.341536772251129,
        1.362896728515625,
        1.3654254913330077,
        1.3797410607337952,
        1.3879952311515809,
        1.3978978633880614,
        1.4047566056251526,
        1.413348174095154,
        1.4187156677246093,
        1.4343966841697693,
        1.4459311008453368
    ],
    "val_mcc": [
        0.34960307774233984,
        0.42693510619959607,
        0.4733865355240367,
        0.42209630564268347,
        0.3765797575592405,
        0.37870674438105884,
        0.39378383972276654,
        0.3765797575592405,
        0.27687272897270027,
        0.3615726681151431,
        0.3127594947512573,
        0.25927705098245674,
        0.2561165502882162,
        0.27687272897270027,
        0.20685014029406884,
        0.22343797417155126,
        0.24282146558931605,
        0.25927705098245674,
        0.25613629945715316,
        0.23161725612436293,
        0.25613629945715316,
        0.26714508256765657,
        0.25613629945715316,
        0.23840162431670617,
        0.23840162431670617,
        0.24526640974394973,
        0.25613629945715316,
        0.24526640974394973,
        0.25613629945715316,
        0.25613629945715316,
        0.26714508256765657,
        0.25613629945715316,
        0.24943396226415093,
        0.25613629945715316,
        0.26714508256765657,
        0.25613629945715316,
        0.26714508256765657,
        0.25613629945715316,
        0.25613629945715316,
        0.26714508256765657,
        0.24526640974394973,
        0.24943396226415093,
        0.23840162431670617,
        0.23840162431670617,
        0.25613629945715316,
        0.25613629945715316,
        0.23840162431670617,
        0.23840162431670617,
        0.23840162431670617,
        0.23840162431670617
    ],
    "val_auroc": [
        0.8033962264150943,
        0.8033962264150943,
        0.8083018867924529,
        0.7954716981132076,
        0.7981132075471699,
        0.7833962264150943,
        0.7722641509433963,
        0.7616981132075472,
        0.7618867924528302,
        0.7454716981132076,
        0.7415094339622642,
        0.7160377358490566,
        0.7122641509433961,
        0.7209433962264151,
        0.7116981132075472,
        0.7237735849056603,
        0.718679245283019,
        0.7122641509433962,
        0.7177358490566038,
        0.7186792452830189,
        0.7145283018867924,
        0.7160377358490566,
        0.7132075471698113,
        0.7164150943396227,
        0.7116981132075472,
        0.7156603773584905,
        0.7145283018867925,
        0.7132075471698114,
        0.7135849056603774,
        0.7143396226415094,
        0.7137735849056605,
        0.7137735849056603,
        0.7135849056603774,
        0.7130188679245283,
        0.7130188679245283,
        0.7124528301886792,
        0.7139622641509433,
        0.7132075471698114,
        0.7126415094339622,
        0.7128301886792453,
        0.7133962264150943,
        0.7130188679245283,
        0.7135849056603774,
        0.7133962264150944,
        0.7141509433962264,
        0.7137735849056603,
        0.7135849056603774,
        0.7141509433962263,
        0.7141509433962264,
        0.7132075471698113
    ]
}