{
    "train_loss": [
        0.5884219631552696,
        0.4188646338880062,
        0.3492595851421356,
        0.283025411888957,
        0.23121119663119316,
        0.19063707813620567,
        0.14804075937718153,
        0.11529930029064417,
        0.08627329487353563,
        0.06362679647281766,
        0.04889228497631848,
        0.03825458558276296,
        0.029036907479166985,
        0.023314926773309708,
        0.019125192309729755,
        0.015739457332529128,
        0.013748002937063575,
        0.011828625109046698,
        0.01012120657833293,
        0.009080410876777023,
        0.007982121023815125,
        0.007158410095144063,
        0.006498742091935128,
        0.0059636946534737945,
        0.005527420144062489,
        0.005111282574944198,
        0.00467531563481316,
        0.00435896500130184,
        0.00402218839735724,
        0.0038153465720824897,
        0.0035966477589681745,
        0.0033270561834797263,
        0.003186118061421439,
        0.0029508076258935034,
        0.0028448670636862516,
        0.0026901787787210196,
        0.002512906357878819,
        0.002465241093887016,
        0.002347852583625354,
        0.0022521499631693587,
        0.0021041840955149382,
        0.0020170021161902696,
        0.001951280573848635,
        0.0018569197709439322,
        0.001809741894248873,
        0.0017484646523371339,
        0.001671430203714408,
        0.0015985060599632561,
        0.0015396051021525636,
        0.0014853156171739101
    ],
    "val_loss": [
        0.5294971615076065,
        0.4759966731071472,
        0.47885558009147644,
        0.4767163395881653,
        0.4962247312068939,
        0.5118633806705475,
        0.5154147893190384,
        0.549869030714035,
        0.5763670653104782,
        0.5898458361625671,
        0.6129834949970245,
        0.6436737775802612,
        0.6660958379507065,
        0.6883627325296402,
        0.7109321057796478,
        0.7340583801269531,
        0.7541218250989914,
        0.7740649878978729,
        0.7888745218515396,
        0.8042061030864716,
        0.8141469210386276,
        0.8279294222593307,
        0.8422216475009918,
        0.8548940122127533,
        0.865281492471695,
        0.8769363760948181,
        0.8865943253040314,
        0.8972934484481812,
        0.9064120352268219,
        0.9165656566619873,
        0.9245613515377045,
        0.9329634308815002,
        0.9397085905075073,
        0.9472760856151581,
        0.9558037519454956,
        0.9629582464694977,
        0.9701650142669678,
        0.9767177402973175,
        0.9839816391468048,
        0.9901690781116486,
        0.9958528280258179,
        1.001546323299408,
        1.0082073509693146,
        1.0144299864768982,
        1.0201177597045898,
        1.0260625183582306,
        1.0334324836730957,
        1.0392776727676392,
        1.0442381799221039,
        1.048744559288025
    ],
    "val_mcc": [
        0.5413366221676527,
        0.6049759218314941,
        0.5730803627437612,
        0.6049759218314941,
        0.6030710063455536,
        0.6362683048979794,
        0.6362683048979794,
        0.6362683048979794,
        0.5723555466420381,
        0.5723555466420381,
        0.5723555466420381,
        0.5723555466420381,
        0.5723555466420381,
        0.5723555466420381,
        0.5723555466420381,
        0.5723555466420381,
        0.541534658916836,
        0.541534658916836,
        0.541534658916836,
        0.541534658916836,
        0.541534658916836,
        0.541534658916836,
        0.541534658916836,
        0.541534658916836,
        0.541534658916836,
        0.541534658916836,
        0.541534658916836,
        0.541534658916836,
        0.541534658916836,
        0.541534658916836,
        0.541534658916836,
        0.541534658916836,
        0.541534658916836,
        0.541534658916836,
        0.541534658916836,
        0.541534658916836,
        0.541534658916836,
        0.541534658916836,
        0.541534658916836,
        0.541534658916836,
        0.541534658916836,
        0.541534658916836,
        0.541534658916836,
        0.541534658916836,
        0.541534658916836,
        0.541534658916836,
        0.541534658916836,
        0.541534658916836,
        0.541534658916836,
        0.541534658916836
    ],
    "val_auroc": [
        0.8528138528138528,
        0.8614718614718614,
        0.8722943722943723,
        0.8658008658008658,
        0.8538961038961039,
        0.8517316017316018,
        0.8495670995670996,
        0.8517316017316017,
        0.8506493506493507,
        0.8528138528138527,
        0.854978354978355,
        0.854978354978355,
        0.8593073593073594,
        0.854978354978355,
        0.854978354978355,
        0.8582251082251082,
        0.8593073593073592,
        0.8571428571428572,
        0.8593073593073592,
        0.8582251082251082,
        0.8582251082251082,
        0.8571428571428572,
        0.8593073593073592,
        0.8614718614718615,
        0.8614718614718615,
        0.8603896103896105,
        0.8614718614718615,
        0.8593073593073594,
        0.8593073593073594,
        0.8582251082251082,
        0.8582251082251082,
        0.8593073593073594,
        0.8593073593073594,
        0.8593073593073594,
        0.8593073593073594,
        0.8593073593073594,
        0.8593073593073594,
        0.8593073593073594,
        0.8603896103896105,
        0.8582251082251082,
        0.8582251082251082,
        0.8582251082251082,
        0.8582251082251082,
        0.8582251082251082,
        0.8582251082251082,
        0.8603896103896105,
        0.8593073593073594,
        0.8603896103896105,
        0.8603896103896105,
        0.8603896103896105
    ]
}