{
    "train_loss": [
        0.607558511197567,
        0.4300455376505852,
        0.3537450022995472,
        0.29628749191761017,
        0.2403505314141512,
        0.19931250996887684,
        0.1718971598893404,
        0.14479719288647175,
        0.11412940546870232,
        0.08616664912551641,
        0.06842067884281278,
        0.05207454529590905,
        0.042849414283409715,
        0.03399368864484131,
        0.026962176198139787,
        0.02227645879611373,
        0.01905979262664914,
        0.015978047624230385,
        0.014074729871936142,
        0.012303556664846838,
        0.010763449943624437,
        0.009586218860931695,
        0.00854900322156027,
        0.0077130673453211784,
        0.0070791461039334536,
        0.006643565080594271,
        0.005985017865896225,
        0.005595935159362853,
        0.005078221845906228,
        0.004748636041767895,
        0.004439164913492277,
        0.004259578505298123,
        0.004032287455629557,
        0.003703780035721138,
        0.003493521857308224,
        0.0033168138179462403,
        0.0032009807764552534,
        0.003013712674146518,
        0.0028622011304832995,
        0.0027144994237460196,
        0.0025779902061913162,
        0.002496526954928413,
        0.00237275572726503,
        0.0022589311411138624,
        0.002180494542699307,
        0.0020868827414233238,
        0.001964125010999851,
        0.0019001066102646291,
        0.0018218726327177137,
        0.0017657525604590774
    ],
    "val_loss": [
        0.45938053727149963,
        0.3761717528104782,
        0.3484634608030319,
        0.3272600322961807,
        0.3127211928367615,
        0.30481112003326416,
        0.3177730441093445,
        0.29998308420181274,
        0.3099070340394974,
        0.3077061325311661,
        0.31029370427131653,
        0.33271485567092896,
        0.3284134715795517,
        0.3347949832677841,
        0.34952734410762787,
        0.3462384045124054,
        0.35431621968746185,
        0.3727773278951645,
        0.3678934723138809,
        0.3667944520711899,
        0.3762010335922241,
        0.38312333822250366,
        0.3856695741415024,
        0.38953955471515656,
        0.39305922389030457,
        0.39909639954566956,
        0.3990478366613388,
        0.4048781096935272,
        0.4106888622045517,
        0.4139876365661621,
        0.4163224548101425,
        0.4196756184101105,
        0.4246918261051178,
        0.4283791184425354,
        0.4317825883626938,
        0.43507571518421173,
        0.4366366118192673,
        0.442256361246109,
        0.44554775953292847,
        0.44712796807289124,
        0.4501493126153946,
        0.45175623893737793,
        0.4547173082828522,
        0.45832085609436035,
        0.46282680332660675,
        0.4641440659761429,
        0.46488240361213684,
        0.4672207832336426,
        0.4716908931732178,
        0.4748610407114029
    ],
    "val_mcc": [
        0.8026406160403751,
        0.8026406160403751,
        0.770900069261196,
        0.770900069261196,
        0.7396603423852208,
        0.7687337199108693,
        0.770900069261196,
        0.770900069261196,
        0.7396603423852208,
        0.7396603423852208,
        0.770900069261196,
        0.7396603423852208,
        0.7396603423852208,
        0.7396603423852208,
        0.7396603423852208,
        0.7396603423852208,
        0.7396603423852208,
        0.7396603423852208,
        0.7396603423852208,
        0.7396603423852208,
        0.7396603423852208,
        0.7396603423852208,
        0.7396603423852208,
        0.7396603423852208,
        0.7396603423852208,
        0.7396603423852208,
        0.7396603423852208,
        0.7396603423852208,
        0.7396603423852208,
        0.7396603423852208,
        0.7396603423852208,
        0.7396603423852208,
        0.7396603423852208,
        0.7396603423852208,
        0.7396603423852208,
        0.7396603423852208,
        0.7396603423852208,
        0.7396603423852208,
        0.7396603423852208,
        0.7396603423852208,
        0.7396603423852208,
        0.7396603423852208,
        0.7396603423852208,
        0.7396603423852208,
        0.7396603423852208,
        0.7396603423852208,
        0.7396603423852208,
        0.7396603423852208,
        0.7396603423852208,
        0.7396603423852208
    ],
    "val_auroc": [
        0.9653679653679654,
        0.9448051948051948,
        0.935064935064935,
        0.9415584415584416,
        0.9512987012987013,
        0.948051948051948,
        0.9415584415584416,
        0.9502164502164502,
        0.9469696969696969,
        0.9469696969696969,
        0.9383116883116883,
        0.9437229437229437,
        0.9458874458874459,
        0.9426406926406927,
        0.9426406926406926,
        0.9404761904761905,
        0.9383116883116883,
        0.9393939393939393,
        0.9383116883116883,
        0.9393939393939394,
        0.9393939393939393,
        0.9393939393939394,
        0.9393939393939394,
        0.9404761904761905,
        0.9404761904761906,
        0.9404761904761906,
        0.9415584415584416,
        0.9393939393939393,
        0.9393939393939393,
        0.9383116883116883,
        0.9404761904761905,
        0.9383116883116883,
        0.9383116883116883,
        0.9383116883116883,
        0.9383116883116883,
        0.9383116883116883,
        0.9383116883116883,
        0.9393939393939393,
        0.9393939393939393,
        0.9393939393939393,
        0.9393939393939393,
        0.9393939393939393,
        0.9393939393939393,
        0.9383116883116883,
        0.9383116883116883,
        0.9393939393939393,
        0.9393939393939393,
        0.9393939393939393,
        0.9393939393939393,
        0.9393939393939393
    ]
}