{
    "train_loss": [
        0.5545242056250572,
        0.4036189019680023,
        0.34736666083335876,
        0.29197110049426556,
        0.23719670064747334,
        0.20726099144667387,
        0.1663139285519719,
        0.13889263290911913,
        0.11658720206469297,
        0.08402781374752522,
        0.06677957763895392,
        0.054524979554116726,
        0.04435279266908765,
        0.035908930003643036,
        0.030661676544696093,
        0.024904757738113403,
        0.020285435835830867,
        0.01705600181594491,
        0.013853567652404308,
        0.011607454740442336,
        0.009907456231303513,
        0.008650797535665333,
        0.007843607570976019,
        0.0070542628527618945,
        0.006345217872876674,
        0.005873683199752122,
        0.0053346321219578385,
        0.004946406406816095,
        0.004599870881065726,
        0.004287251678761095,
        0.003970999852754176,
        0.0037284061254467815,
        0.0035301563038956374,
        0.003358859190484509,
        0.0031173572642728686,
        0.0029463307291734964,
        0.0027884094743058085,
        0.002662226965185255,
        0.0025201156095135957,
        0.002407639636658132,
        0.002358769183047116,
        0.0021781589020974934,
        0.0020825138344662264,
        0.0019877778977388516,
        0.0019102607475360855,
        0.0018289162253495306,
        0.0017494972562417388,
        0.001721939173876308,
        0.001651201251661405,
        0.0015720674709882587
    ],
    "val_loss": [
        0.4276987463235855,
        0.38024185597896576,
        0.3750232607126236,
        0.38433511555194855,
        0.38410358130931854,
        0.3803238868713379,
        0.3810749650001526,
        0.40286991000175476,
        0.407595694065094,
        0.42465977370738983,
        0.43602220714092255,
        0.44468890130519867,
        0.44898904860019684,
        0.4627448469400406,
        0.4651569724082947,
        0.47684749960899353,
        0.48433786630630493,
        0.4864940196275711,
        0.49317121505737305,
        0.49664509296417236,
        0.5008203089237213,
        0.5104901790618896,
        0.521873876452446,
        0.5301662385463715,
        0.5369386374950409,
        0.5443742722272873,
        0.5498972535133362,
        0.5560881495475769,
        0.5613588094711304,
        0.5671057105064392,
        0.5737517029047012,
        0.5781798660755157,
        0.5830447971820831,
        0.5872007608413696,
        0.5920810997486115,
        0.5952050685882568,
        0.5980955362319946,
        0.6027077287435532,
        0.6068194508552551,
        0.6097173988819122,
        0.6127587556838989,
        0.6166237890720367,
        0.6194349229335785,
        0.6233198940753937,
        0.6255431175231934,
        0.62811279296875,
        0.6309577226638794,
        0.6348345875740051,
        0.6373796164989471,
        0.6408222317695618
    ],
    "val_mcc": [
        0.7687337199108693,
        0.7687337199108693,
        0.7687337199108693,
        0.673142683593836,
        0.6723181321083574,
        0.6699134199134199,
        0.6699134199134199,
        0.7041053139822809,
        0.6362683048979794,
        0.6699134199134199,
        0.6362683048979794,
        0.6362683048979794,
        0.6362683048979794,
        0.6362683048979794,
        0.6030710063455536,
        0.6030710063455536,
        0.5702248022984665,
        0.5702248022984665,
        0.6030710063455536,
        0.6699134199134199,
        0.6030710063455536,
        0.6030710063455536,
        0.6362683048979794,
        0.6362683048979794,
        0.6362683048979794,
        0.6362683048979794,
        0.6362683048979794,
        0.6362683048979794,
        0.6362683048979794,
        0.6362683048979794,
        0.6362683048979794,
        0.6362683048979794,
        0.6362683048979794,
        0.6362683048979794,
        0.6362683048979794,
        0.6362683048979794,
        0.6362683048979794,
        0.6362683048979794,
        0.6362683048979794,
        0.6362683048979794,
        0.6362683048979794,
        0.6362683048979794,
        0.6362683048979794,
        0.6362683048979794,
        0.6362683048979794,
        0.6362683048979794,
        0.6362683048979794,
        0.6362683048979794,
        0.6362683048979794,
        0.6362683048979794
    ],
    "val_auroc": [
        0.9209956709956709,
        0.9166666666666667,
        0.9123376623376623,
        0.9058441558441558,
        0.9112554112554112,
        0.9101731601731602,
        0.9047619047619048,
        0.9015151515151516,
        0.9047619047619047,
        0.8993506493506493,
        0.9025974025974026,
        0.9015151515151515,
        0.9015151515151515,
        0.9025974025974025,
        0.9036796536796536,
        0.9025974025974025,
        0.9058441558441558,
        0.9025974025974025,
        0.9015151515151515,
        0.9025974025974025,
        0.9025974025974025,
        0.9025974025974025,
        0.9025974025974025,
        0.9025974025974025,
        0.9025974025974025,
        0.9025974025974025,
        0.9015151515151515,
        0.9015151515151515,
        0.9015151515151515,
        0.9015151515151515,
        0.9015151515151515,
        0.8993506493506495,
        0.8993506493506495,
        0.8993506493506495,
        0.8993506493506495,
        0.8993506493506495,
        0.8993506493506495,
        0.8982683982683983,
        0.8982683982683983,
        0.8982683982683983,
        0.8982683982683983,
        0.8982683982683983,
        0.8982683982683983,
        0.8971861471861473,
        0.8961038961038962,
        0.8961038961038962,
        0.8961038961038962,
        0.8961038961038962,
        0.8961038961038962,
        0.8961038961038962
    ]
}