{
    "train_loss": [
        0.6134364157915115,
        0.4491383172571659,
        0.3683561831712723,
        0.31953190453350544,
        0.267004219815135,
        0.2224186435341835,
        0.19881785474717617,
        0.16416047140955925,
        0.1357642775401473,
        0.10576322767883539,
        0.0805221595801413,
        0.061821017414331436,
        0.04737133486196399,
        0.034847616916522384,
        0.028280505910515785,
        0.022182996850460768,
        0.018739392631687224,
        0.01564317720476538,
        0.01354980596806854,
        0.012105800560675561,
        0.010576977510936558,
        0.009404383250512183,
        0.008461425954010338,
        0.00758429360575974,
        0.0069412910379469395,
        0.006505288300104439,
        0.005952084320597351,
        0.005563726590480655,
        0.005096910172142088,
        0.004732338042231277,
        0.004427440755534917,
        0.004186176520306617,
        0.00393437803722918,
        0.003756249323487282,
        0.0035377036838326603,
        0.0033454476215410978,
        0.0031923553033266217,
        0.003005416481755674,
        0.002872130455216393,
        0.0027605521609075367,
        0.0026207222836092114,
        0.002511809376301244,
        0.0024194666766561568,
        0.002323232271010056,
        0.0022039976029191166,
        0.002121190380421467,
        0.002033097523963079,
        0.001983219219255261,
        0.0018902218725997955,
        0.001837989897467196
    ],
    "val_loss": [
        0.49612152576446533,
        0.38969264924526215,
        0.3532424569129944,
        0.3567095696926117,
        0.34142425656318665,
        0.3650301992893219,
        0.3522624373435974,
        0.38674648106098175,
        0.35779303312301636,
        0.3930531144142151,
        0.38837312161922455,
        0.40496839582920074,
        0.44118449091911316,
        0.4321613907814026,
        0.44748634099960327,
        0.46722665429115295,
        0.4764067977666855,
        0.48237085342407227,
        0.49100083112716675,
        0.5015927851200104,
        0.5091439932584763,
        0.5196803212165833,
        0.5282796174287796,
        0.5374095141887665,
        0.5435904115438461,
        0.5486482232809067,
        0.5536431521177292,
        0.5579573810100555,
        0.5634106695652008,
        0.570919007062912,
        0.5762342214584351,
        0.5803307145833969,
        0.5844181776046753,
        0.5889710932970047,
        0.5930952280759811,
        0.5975847542285919,
        0.600622147321701,
        0.6056528240442276,
        0.6101426333189011,
        0.6141495257616043,
        0.6181180626153946,
        0.622357115149498,
        0.6256871819496155,
        0.6287335604429245,
        0.6333245784044266,
        0.6371299177408218,
        0.6402031183242798,
        0.6430460661649704,
        0.646696150302887,
        0.649814248085022
    ],
    "val_mcc": [
        0.6850606073292244,
        0.8046784702452219,
        0.8046784702452219,
        0.8046784702452219,
        0.7326009177709311,
        0.7440955783130765,
        0.7002186247515697,
        0.7440955783130765,
        0.7002186247515697,
        0.7440955783130765,
        0.7054429982194027,
        0.7054429982194027,
        0.6747699033149638,
        0.7002186247515697,
        0.6682922888477266,
        0.7054429982194027,
        0.7054429982194027,
        0.6682922888477266,
        0.6682922888477266,
        0.7054429982194027,
        0.6682922888477266,
        0.6682922888477266,
        0.6682922888477266,
        0.6682922888477266,
        0.6682922888477266,
        0.6682922888477266,
        0.6682922888477266,
        0.6682922888477266,
        0.6682922888477266,
        0.6682922888477266,
        0.6682922888477266,
        0.6682922888477266,
        0.6682922888477266,
        0.7054429982194027,
        0.6682922888477266,
        0.6682922888477266,
        0.6682922888477266,
        0.7054429982194027,
        0.6682922888477266,
        0.6682922888477266,
        0.6682922888477266,
        0.6682922888477266,
        0.6682922888477266,
        0.6682922888477266,
        0.6682922888477266,
        0.6682922888477266,
        0.6682922888477266,
        0.6682922888477266,
        0.6682922888477266,
        0.6682922888477266
    ],
    "val_auroc": [
        0.9285714285714286,
        0.9441964285714286,
        0.9397321428571429,
        0.9308035714285714,
        0.9296875,
        0.9330357142857143,
        0.9296875,
        0.9308035714285714,
        0.9241071428571429,
        0.9241071428571428,
        0.9151785714285715,
        0.9185267857142857,
        0.9174107142857142,
        0.9129464285714285,
        0.9129464285714286,
        0.9140625,
        0.9129464285714286,
        0.9129464285714286,
        0.9140625,
        0.9162946428571429,
        0.9140625,
        0.9140625,
        0.9140625,
        0.9129464285714286,
        0.9129464285714286,
        0.9129464285714286,
        0.9140625,
        0.9151785714285714,
        0.9151785714285714,
        0.9140625,
        0.9129464285714286,
        0.9118303571428571,
        0.9129464285714285,
        0.9129464285714285,
        0.9129464285714285,
        0.9129464285714285,
        0.9140625,
        0.9129464285714286,
        0.9129464285714286,
        0.9129464285714286,
        0.9129464285714286,
        0.9129464285714286,
        0.9129464285714286,
        0.9140625,
        0.9140625,
        0.9140625,
        0.9140625,
        0.9140625,
        0.9140625,
        0.9140625
    ]
}