{
    "train_loss": [
        0.6141588985919952,
        0.450812753289938,
        0.36804135143756866,
        0.31453837640583515,
        0.2800054382532835,
        0.21775629557669163,
        0.18013003189116716,
        0.14201930165290833,
        0.11319972481578588,
        0.08673763647675514,
        0.06590390065684915,
        0.051485366653651,
        0.03914087056182325,
        0.03038095636293292,
        0.023336189799010754,
        0.01942745898850262,
        0.01577647204976529,
        0.013454499072395265,
        0.011843231157399714,
        0.01035770308226347,
        0.009158345113974065,
        0.00838368764379993,
        0.007835442898795009,
        0.006874281156342477,
        0.006225817720405757,
        0.005712350190151483,
        0.005186922790016979,
        0.0047250891220755875,
        0.004395668511278927,
        0.0040385721367783844,
        0.0037688150769099593,
        0.0035872832813765854,
        0.0032932471367530525,
        0.003157686849590391,
        0.002942470513517037,
        0.0027649628464132547,
        0.0026647698250599205,
        0.002468311897246167,
        0.0023888345895102248,
        0.002258934822748415,
        0.0021098862343933433,
        0.0020190194190945476,
        0.0019245602161390707,
        0.001857761002611369,
        0.0017706815851852298,
        0.0017266408976865932,
        0.0016246865707216784,
        0.0015796256047906354,
        0.0014830818981863558,
        0.0014232074026949704
    ],
    "val_loss": [
        0.5375351905822754,
        0.46029435098171234,
        0.4355630725622177,
        0.42570170760154724,
        0.4157683849334717,
        0.4099041074514389,
        0.39978983998298645,
        0.4083552360534668,
        0.41958069801330566,
        0.4292188435792923,
        0.43931636214256287,
        0.4611337184906006,
        0.47882790863513947,
        0.5051763653755188,
        0.5177565664052963,
        0.5360601246356964,
        0.551873579621315,
        0.5662571489810944,
        0.581802561879158,
        0.5933093726634979,
        0.6071451008319855,
        0.6171161830425262,
        0.6288069933652878,
        0.6452293395996094,
        0.6542605757713318,
        0.6631458103656769,
        0.6735104024410248,
        0.6830804944038391,
        0.6910842061042786,
        0.6975962221622467,
        0.7031504809856415,
        0.7111053466796875,
        0.7181768119335175,
        0.7229897081851959,
        0.7302992045879364,
        0.735601544380188,
        0.7419687211513519,
        0.7454207837581635,
        0.7514696717262268,
        0.758474737405777,
        0.7637129724025726,
        0.7678690850734711,
        0.7724960148334503,
        0.7771493494510651,
        0.7827445864677429,
        0.7877263128757477,
        0.7938195168972015,
        0.7974770069122314,
        0.8028658032417297,
        0.8066127896308899
    ],
    "val_mcc": [
        0.6067099699809587,
        0.667045768100612,
        0.6365239496641676,
        0.6365239496641676,
        0.6287372835939984,
        0.667045768100612,
        0.6287372835939984,
        0.6000059924121083,
        0.6312279884865479,
        0.6312279884865479,
        0.6312279884865479,
        0.6000059924121083,
        0.5959595959595959,
        0.6365239496641676,
        0.6000059924121083,
        0.6000059924121083,
        0.6000059924121083,
        0.6000059924121083,
        0.6000059924121083,
        0.6000059924121083,
        0.5695214286468868,
        0.5695214286468868,
        0.5695214286468868,
        0.5695214286468868,
        0.5695214286468868,
        0.5695214286468868,
        0.5695214286468868,
        0.5695214286468868,
        0.5695214286468868,
        0.5695214286468868,
        0.5695214286468868,
        0.5695214286468868,
        0.5695214286468868,
        0.5695214286468868,
        0.5695214286468868,
        0.5695214286468868,
        0.5695214286468868,
        0.5695214286468868,
        0.5695214286468868,
        0.5695214286468868,
        0.5695214286468868,
        0.5695214286468868,
        0.5695214286468868,
        0.5695214286468868,
        0.5695214286468868,
        0.5695214286468868,
        0.5695214286468868,
        0.5695214286468868,
        0.5695214286468868,
        0.5695214286468868
    ],
    "val_auroc": [
        0.8709315375982043,
        0.8832772166105499,
        0.8832772166105499,
        0.8967452300785634,
        0.9079685746352413,
        0.9079685746352413,
        0.914702581369248,
        0.9135802469135802,
        0.9147025813692481,
        0.9102132435465768,
        0.9113355780022446,
        0.9012345679012345,
        0.9001122334455668,
        0.9034792368125701,
        0.8956228956228957,
        0.8956228956228957,
        0.8967452300785633,
        0.8911335578002245,
        0.8911335578002245,
        0.8967452300785633,
        0.8967452300785633,
        0.8945005611672278,
        0.8933782267115601,
        0.8945005611672278,
        0.8945005611672278,
        0.8945005611672278,
        0.8922558922558922,
        0.8933782267115601,
        0.8945005611672278,
        0.8945005611672278,
        0.8945005611672278,
        0.8945005611672278,
        0.8945005611672278,
        0.8956228956228957,
        0.8933782267115601,
        0.8945005611672278,
        0.8945005611672278,
        0.8956228956228957,
        0.8945005611672278,
        0.8945005611672278,
        0.8956228956228957,
        0.8967452300785633,
        0.8967452300785633,
        0.8967452300785633,
        0.8967452300785633,
        0.8967452300785633,
        0.8967452300785633,
        0.8967452300785633,
        0.8967452300785633,
        0.8967452300785633
    ]
}