{
    "train_loss": [
        0.5625691682100296,
        0.4602864161133766,
        0.41265878453850746,
        0.4107054278254509,
        0.3740416057407856,
        0.3833337724208832,
        0.36845958679914476,
        0.31557752266526223,
        0.2965171054005623,
        0.2649641685187817,
        0.24438096582889557,
        0.22403173930943013,
        0.180167069286108,
        0.15748197622597218,
        0.1508775133639574,
        0.1467751210555434,
        0.12662718817591667,
        0.0921942445449531,
        0.08384941648691893,
        0.0950702422298491,
        0.07390771880745887,
        0.07278493763878942,
        0.05104263471439481,
        0.04669419694691897,
        0.05375804537907243,
        0.0485262282192707,
        0.05300625064410269,
        0.04701458853669464,
        0.06562677081674337,
        0.06058497941121459,
        0.05202178806066513,
        0.03719600415788591,
        0.02613904047757387,
        0.022570691947476008,
        0.014552459330298006,
        0.01082221296383068,
        0.014854859467595816,
        0.01801488655619323,
        0.009599138016346842,
        0.009416098659858107,
        0.012232080474495888,
        0.012148109544068576,
        0.010447694588219748,
        0.005697835196042433,
        0.005979295616270974,
        0.005205226491671056,
        0.004074843181297183,
        0.006564759052707814,
        0.025011388433631508,
        0.02870350913144648
    ],
    "val_loss": [
        0.4865311920642853,
        0.48662471771240234,
        0.49733158349990847,
        0.5055275321006775,
        0.49893555641174314,
        0.5086953639984131,
        0.5561652719974518,
        0.5426073193550109,
        0.5922827005386353,
        0.5788376033306122,
        0.5923365116119385,
        0.643711245059967,
        0.6681492626667023,
        0.7409067153930664,
        0.7500809073448181,
        0.7468194127082824,
        0.7574395775794983,
        0.8707225680351257,
        0.8901309251785279,
        0.8950646400451661,
        0.9606528759002686,
        0.9571920394897461,
        0.9745563626289367,
        1.0875437259674072,
        1.0758797883987428,
        1.0485337495803833,
        1.0925032138824462,
        1.1819214820861816,
        1.0385293364524841,
        1.1710313558578491,
        1.1297763347625733,
        1.1595661997795106,
        1.2539433240890503,
        1.2875003814697266,
        1.3659632086753846,
        1.5096376061439514,
        1.3549028277397155,
        1.4728739380836486,
        1.5211477875709534,
        1.4902847409248352,
        1.4859300971031189,
        1.4370378613471986,
        1.4922018766403198,
        1.516112732887268,
        1.5266715049743653,
        1.588777279853821,
        1.6222552418708802,
        1.5903871297836303,
        1.493150234222412,
        1.462199604511261
    ],
    "val_mcc": [
        0.37870674438105884,
        0.3885143449429057,
        0.39082120241838836,
        0.41087046009758127,
        0.4512967336533005,
        0.4673892755835285,
        0.4310056220797015,
        0.41086237382240853,
        0.4615634812910983,
        0.3992657874664462,
        0.4163565040790149,
        0.40561450745183036,
        0.3832400698233865,
        0.28092994768797075,
        0.3992657874664462,
        0.3366635086541147,
        0.35405047268938294,
        0.2858318118729568,
        0.3246104062103201,
        0.37870674438105884,
        0.3264767878697755,
        0.2858318118729568,
        0.3264767878697755,
        0.3087741852341142,
        0.26012042534469226,
        0.3476154236760079,
        0.36103470420347467,
        0.3371589078829326,
        0.3920911055187454,
        0.32644646599538857,
        0.32463199906955736,
        0.2951703397312573,
        0.28347418098323873,
        0.2896163399001854,
        0.24943396226415093,
        0.24182520754437237,
        0.26714508256765657,
        0.26061679801227416,
        0.24160527953499902,
        0.26061679801227416,
        0.21164935751809882,
        0.25960678160551515,
        0.26012042534469226,
        0.271960041460034,
        0.26573027325219445,
        0.25960678160551515,
        0.2837307608527635,
        0.2913479485258621,
        0.31910661881787067,
        0.2354361769145951
    ],
    "val_auroc": [
        0.8235849056603772,
        0.820943396226415,
        0.8188679245283019,
        0.8143396226415094,
        0.8215094339622642,
        0.8226415094339623,
        0.7998113207547171,
        0.8022641509433962,
        0.7962264150943396,
        0.799622641509434,
        0.8037735849056604,
        0.7932075471698112,
        0.7967924528301886,
        0.7754716981132075,
        0.7711320754716982,
        0.7724528301886793,
        0.7816981132075471,
        0.7718867924528302,
        0.7605660377358491,
        0.7686792452830189,
        0.770377358490566,
        0.7726415094339623,
        0.7786792452830189,
        0.7660377358490567,
        0.7611320754716981,
        0.7624528301886793,
        0.750754716981132,
        0.7516981132075471,
        0.7532075471698113,
        0.7496226415094339,
        0.7518867924528301,
        0.759056603773585,
        0.7571698113207547,
        0.7628301886792452,
        0.7479245283018868,
        0.7315094339622641,
        0.7518867924528302,
        0.7290566037735848,
        0.7520754716981132,
        0.7594339622641509,
        0.7560377358490565,
        0.7462264150943396,
        0.7479245283018868,
        0.7560377358490566,
        0.7633962264150944,
        0.7571698113207547,
        0.7549056603773585,
        0.729811320754717,
        0.7533962264150943,
        0.7528301886792452
    ]
}