{
    "train_loss": [
        0.5892890125513077,
        0.45750355571508405,
        0.4320849046111107,
        0.4104958824813366,
        0.3939481258392334,
        0.3800403602421284,
        0.3538753569126129,
        0.3157977372407913,
        0.30357003286480905,
        0.2788111664354801,
        0.2656599648296833,
        0.22071850150823594,
        0.1845173764973879,
        0.21262600123882294,
        0.17333968952298165,
        0.14135866053402424,
        0.1134977363049984,
        0.09268612191081047,
        0.09733640775084496,
        0.08751563974656165,
        0.08872073441743851,
        0.08447529282420874,
        0.08462149705737829,
        0.11400813274085522,
        0.0822823560796678,
        0.05409681964665651,
        0.04294602028094232,
        0.024390053772367536,
        0.03012754993978888,
        0.03722100763116032,
        0.037809181842021644,
        0.026721450639888643,
        0.01988836758537218,
        0.014619407488498836,
        0.023581232177093625,
        0.01681688044918701,
        0.022644604882225396,
        0.02435220256447792,
        0.02607195872697048,
        0.020572221442125737,
        0.02048042683163658,
        0.021313765877857806,
        0.015696266619488596,
        0.01680187101010233,
        0.01901267278008163,
        0.011781892587896437,
        0.009117908007465304,
        0.010391926002921537,
        0.009851768586668187,
        0.015787315543275327
    ],
    "val_loss": [
        0.5054345786571502,
        0.49968348145484925,
        0.5070653319358825,
        0.4934839367866516,
        0.5136458992958068,
        0.5119686365127564,
        0.5452905416488647,
        0.5339184463024139,
        0.5411319315433503,
        0.5477598130702972,
        0.5885826051235199,
        0.6127218663692474,
        0.6687639594078064,
        0.6461611807346344,
        0.6082120776176453,
        0.6637020647525788,
        0.7061433136463166,
        0.7154155135154724,
        0.7743431091308594,
        0.8510319352149963,
        0.7953586339950561,
        0.815531599521637,
        0.8135813236236572,
        0.7966563820838928,
        0.9045095682144165,
        0.8298434734344482,
        0.8661592960357666,
        0.9366341948509216,
        0.943389093875885,
        0.9901960492134094,
        1.0496530532836914,
        1.034962809085846,
        1.0820989608764648,
        1.093175995349884,
        1.0887955904006958,
        1.0940059185028077,
        0.9942365646362304,
        1.106619930267334,
        0.9893868088722229,
        1.0155104219913482,
        1.1003412008285522,
        1.148439073562622,
        1.0683146476745606,
        1.1495465636253357,
        1.1539925694465638,
        1.2597014665603639,
        1.2951499462127685,
        1.3054479718208314,
        1.3040547728538514,
        1.22818523645401
    ],
    "val_mcc": [
        0.42962962962962964,
        0.4618833599503053,
        0.44560583461075415,
        0.470198855849646,
        0.3961295342422729,
        0.43293836293668037,
        0.45308703869781114,
        0.3725925925925926,
        0.378691704962503,
        0.411791563051741,
        0.3837065760234115,
        0.39494013061691013,
        0.3279995043645462,
        0.3886585540248189,
        0.39139042813598196,
        0.4398765500800706,
        0.38266256357511313,
        0.43462110239322554,
        0.42962962962962964,
        0.38266256357511313,
        0.399524141950553,
        0.39139042813598196,
        0.470198855849646,
        0.4701454651196794,
        0.34528826491882486,
        0.4371015994440689,
        0.41291196993125556,
        0.42962962962962964,
        0.42962962962962964,
        0.36735408694354177,
        0.3837065760234115,
        0.36735408694354177,
        0.42962962962962964,
        0.43434136476994417,
        0.44032995772289835,
        0.3529299526817895,
        0.42962962962962964,
        0.3894915964481181,
        0.4178920253557934,
        0.4565989902052032,
        0.42962962962962964,
        0.39560465015819835,
        0.5314937409864945,
        0.4231239953597295,
        0.4231239953597295,
        0.4011111111111111,
        0.4081868029172705,
        0.42490498154100403,
        0.4572272005939312,
        0.4178920253557934
    ],
    "val_auroc": [
        0.8146296296296297,
        0.8101851851851852,
        0.819074074074074,
        0.8244444444444444,
        0.8140740740740741,
        0.8187037037037037,
        0.8066666666666668,
        0.817962962962963,
        0.8142592592592592,
        0.8175925925925925,
        0.7942592592592592,
        0.796111111111111,
        0.8033333333333335,
        0.8018518518518518,
        0.8177777777777777,
        0.8135185185185185,
        0.81,
        0.8094444444444445,
        0.8074074074074075,
        0.7807407407407407,
        0.8101851851851851,
        0.8055555555555556,
        0.8190740740740741,
        0.8087037037037037,
        0.7837037037037037,
        0.8192592592592592,
        0.8212962962962963,
        0.8087037037037038,
        0.8070370370370371,
        0.8007407407407408,
        0.7927777777777778,
        0.8027777777777778,
        0.7994444444444445,
        0.804074074074074,
        0.7996296296296296,
        0.8033333333333333,
        0.8159259259259258,
        0.8074074074074074,
        0.8151851851851851,
        0.8201851851851852,
        0.807962962962963,
        0.7942592592592592,
        0.8168518518518518,
        0.8022222222222223,
        0.8003703703703703,
        0.795,
        0.7942592592592592,
        0.7935185185185186,
        0.7975925925925926,
        0.802962962962963
    ]
}