{
    "train_loss": [
        0.5706499338150024,
        0.4550731673836708,
        0.43727645725011827,
        0.41345238089561465,
        0.3814882278442383,
        0.37297333031892776,
        0.346242344379425,
        0.322586590051651,
        0.29141845703125,
        0.2604596704244614,
        0.2479080282151699,
        0.22837893292307854,
        0.21484734900295735,
        0.18547126911580564,
        0.1590202834457159,
        0.13151490204036237,
        0.1040211921557784,
        0.08701479788869619,
        0.08061076141893864,
        0.06402572344522924,
        0.064989176671952,
        0.03889447096735239,
        0.04166382243856788,
        0.03218369893729687,
        0.03180567934177816,
        0.02726214921567589,
        0.022131336899474264,
        0.02193631383124739,
        0.01961590680293739,
        0.02146721468307078,
        0.02394230810459703,
        0.018357211025431752,
        0.018969899718649687,
        0.020335484063252807,
        0.05835782885551453,
        0.04321529024746269,
        0.03375436929054558,
        0.029651936911977827,
        0.04475962771102786,
        0.03568986260797828,
        0.028564927401021123,
        0.012332291837083176,
        0.008882436121348291,
        0.006489751522894949,
        0.005263804411515594,
        0.004792682293918915,
        0.003948930735350587,
        0.005254687534761615,
        0.004317699081730098,
        0.0034309372218558564
    ],
    "val_loss": [
        0.4553235709667206,
        0.4409462809562683,
        0.4390095293521881,
        0.43431536555290223,
        0.46651731729507445,
        0.4346058309078217,
        0.44696000814437864,
        0.4622742772102356,
        0.454873263835907,
        0.46334142684936525,
        0.5309543371200561,
        0.5192057013511657,
        0.5398194491863251,
        0.5510542809963226,
        0.5664815366268158,
        0.611903828382492,
        0.6735427021980286,
        0.6855311036109925,
        0.7493108987808228,
        0.7501556515693665,
        0.7942318797111512,
        0.8014862596988678,
        0.8442303776741028,
        0.8627013266086578,
        0.9055362701416015,
        0.973175048828125,
        0.9701301753520966,
        0.923847633600235,
        0.9879673480987549,
        0.9965552866458893,
        1.029053509235382,
        1.0114264369010926,
        1.0496559381484984,
        1.0140996813774108,
        0.9319629192352294,
        0.974631404876709,
        0.9780483484268189,
        1.0322634100914,
        1.029538357257843,
        1.0180617570877075,
        1.0393702030181884,
        1.0607101202011109,
        1.1260702073574067,
        1.1504117250442505,
        1.1498852491378784,
        1.1683395862579347,
        1.1935025811195374,
        1.2230990171432494,
        1.1987806797027587,
        1.2005894541740418
    ],
    "val_mcc": [
        0.5579180961423388,
        0.5768345680611731,
        0.5267763660521029,
        0.57514232046575,
        0.5292422281579331,
        0.5888888888888889,
        0.49918452017784487,
        0.5426025286128388,
        0.49918452017784487,
        0.49137176161525076,
        0.446748474629964,
        0.5498051602938211,
        0.519487944872376,
        0.4336735806213181,
        0.507637536974827,
        0.507637536974827,
        0.48537348531197416,
        0.488179355005863,
        0.4162788201889437,
        0.46601639597086725,
        0.49137176161525076,
        0.5151851851851852,
        0.49137176161525076,
        0.49137176161525076,
        0.4949311924976656,
        0.488179355005863,
        0.49137176161525076,
        0.4621550622759656,
        0.4536804288397352,
        0.519487944872376,
        0.470198855849646,
        0.45814814814814814,
        0.4824558761384663,
        0.47186039625508397,
        0.4690613163740094,
        0.43293836293668037,
        0.4371015994440689,
        0.44212778536176034,
        0.47469288317114394,
        0.49604652413672967,
        0.49137176161525076,
        0.4949311924976656,
        0.4866666666666667,
        0.507637536974827,
        0.5112313234371975,
        0.4824558761384663,
        0.4824558761384663,
        0.4824558761384663,
        0.5112313234371975,
        0.4949311924976656
    ],
    "val_auroc": [
        0.8538888888888889,
        0.8603703703703705,
        0.8662962962962962,
        0.8664814814814815,
        0.8709259259259259,
        0.8711111111111111,
        0.8657407407407408,
        0.8631481481481481,
        0.8644444444444445,
        0.8640740740740741,
        0.8472222222222222,
        0.8516666666666668,
        0.8455555555555555,
        0.845,
        0.85,
        0.8387037037037036,
        0.8277777777777777,
        0.8322222222222222,
        0.8144444444444444,
        0.8396296296296296,
        0.8201851851851852,
        0.8294444444444444,
        0.8229629629629629,
        0.8248148148148148,
        0.8242592592592592,
        0.8222222222222222,
        0.8248148148148148,
        0.8227777777777777,
        0.8151851851851851,
        0.8244444444444444,
        0.8159259259259259,
        0.8172222222222222,
        0.8174074074074074,
        0.8227777777777778,
        0.8203703703703704,
        0.8051851851851851,
        0.8257407407407408,
        0.8212962962962964,
        0.8207407407407408,
        0.8227777777777778,
        0.8187037037037037,
        0.826111111111111,
        0.8188888888888889,
        0.8192592592592592,
        0.823888888888889,
        0.8237037037037037,
        0.822962962962963,
        0.8205555555555556,
        0.8292592592592593,
        0.8312962962962963
    ]
}