{
    "train_loss": [
        0.5590003214776516,
        0.4598444506525993,
        0.44175093024969103,
        0.43507474660873413,
        0.3852491367608309,
        0.35731438249349595,
        0.34343132823705674,
        0.32925244942307474,
        0.3115362383425236,
        0.2770321696996689,
        0.2472071386873722,
        0.2325554072856903,
        0.20992216914892198,
        0.19168424010276794,
        0.1696446042507887,
        0.15531025826931,
        0.13255522828549146,
        0.125413166731596,
        0.10115236639976502,
        0.08283215179108083,
        0.07874989788979292,
        0.07958645587787032,
        0.07124308915808797,
        0.06529432153329254,
        0.050744950259104374,
        0.05611872156150639,
        0.04948096633888781,
        0.04147648308426142,
        0.047411413956433536,
        0.043571915151551364,
        0.03873465890064835,
        0.037230342347174886,
        0.02959922651061788,
        0.018711663037538528,
        0.03719926283229143,
        0.03205229367595166,
        0.02006827893201262,
        0.01602348838932812,
        0.015279272914631293,
        0.012192230415530502,
        0.009068508655764163,
        0.01885378035949543,
        0.022266777243930846,
        0.02500642373925075,
        0.016860664368141442,
        0.032661029556766155,
        0.01991177685558796,
        0.020386433298699557,
        0.04630604221019894,
        0.02104131125379354
    ],
    "val_loss": [
        0.495722758769989,
        0.4954843044281006,
        0.48269566893577576,
        0.4807972848415375,
        0.4759808540344238,
        0.4978134870529175,
        0.5326567888259888,
        0.5205149054527283,
        0.5427336394786835,
        0.5615927696228027,
        0.5757239937782288,
        0.6021121740341187,
        0.6678359866142273,
        0.6703027129173279,
        0.728516685962677,
        0.7419239997863769,
        0.805942952632904,
        0.7983367800712585,
        0.8160317659378051,
        0.8560135364532471,
        0.9278843998908997,
        0.892068600654602,
        0.9638007640838623,
        0.9667332649230957,
        1.0144930243492127,
        1.0140455722808839,
        0.9748750686645508,
        1.054422664642334,
        0.9448821783065796,
        1.038743829727173,
        1.0698887825012207,
        1.1253169417381286,
        1.1222880601882934,
        1.1871102094650268,
        1.1418522953987122,
        1.1552095413208008,
        1.2779563426971436,
        1.3245406866073608,
        1.284924292564392,
        1.2782987117767335,
        1.323428988456726,
        1.3836563587188722,
        1.298889422416687,
        1.2649653196334838,
        1.3194918513298035,
        1.1650073289871217,
        1.2498605728149415,
        1.3224061489105225,
        1.1548565745353698,
        1.3882803559303283
    ],
    "val_mcc": [
        0.44212778536176034,
        0.3856719951141793,
        0.5685675323892817,
        0.519487944872376,
        0.43293836293668037,
        0.47949172484536823,
        0.49104637582399135,
        0.4204522053456932,
        0.3894915964481181,
        0.4204522053456932,
        0.4011111111111111,
        0.43434136476994417,
        0.4511777625672017,
        0.4741298654308873,
        0.4453951121014892,
        0.3842685269720604,
        0.42907587963565635,
        0.4011111111111111,
        0.43434136476994417,
        0.4037216635973952,
        0.37927200639047215,
        0.4063321549001754,
        0.43462110239322554,
        0.4037216635973952,
        0.4081868029172705,
        0.33326687371655933,
        0.39494013061691013,
        0.3440740740740741,
        0.43434136476994417,
        0.4231239953597295,
        0.35562158899508195,
        0.37262258356714434,
        0.411791563051741,
        0.3357587600556811,
        0.34528826491882486,
        0.3895848214069169,
        0.36167967605963075,
        0.39494013061691013,
        0.41291196993125556,
        0.36109116754044285,
        0.37804320740712516,
        0.349754259914075,
        0.3868989217888074,
        0.4037216635973952,
        0.4162788201889437,
        0.42490498154100403,
        0.37927200639047215,
        0.417489966754203,
        0.44951398255540453,
        0.40200132695356616
    ],
    "val_auroc": [
        0.817037037037037,
        0.8309259259259258,
        0.8383333333333334,
        0.8377777777777777,
        0.8366666666666667,
        0.8301851851851851,
        0.8277777777777777,
        0.8227777777777778,
        0.8131481481481482,
        0.8144444444444445,
        0.8087037037037036,
        0.8127777777777777,
        0.7905555555555556,
        0.8022222222222223,
        0.7905555555555556,
        0.7792592592592593,
        0.7785185185185185,
        0.7796296296296297,
        0.7857407407407407,
        0.7807407407407407,
        0.7661111111111112,
        0.7688888888888888,
        0.7698148148148148,
        0.7716666666666667,
        0.7772222222222223,
        0.7694444444444444,
        0.7853703703703704,
        0.7744444444444445,
        0.8,
        0.7831481481481481,
        0.777037037037037,
        0.7733333333333334,
        0.7759259259259259,
        0.7759259259259259,
        0.7718518518518518,
        0.7798148148148147,
        0.7796296296296296,
        0.7687037037037037,
        0.7755555555555556,
        0.772037037037037,
        0.7757407407407407,
        0.772037037037037,
        0.7762962962962963,
        0.7766666666666666,
        0.7751851851851852,
        0.787962962962963,
        0.7661111111111112,
        0.7835185185185185,
        0.7746296296296297,
        0.7820370370370371
    ]
}