{
    "train_loss": [
        0.5343040704727173,
        0.44026138335466386,
        0.3887795977294445,
        0.38479953408241274,
        0.3637118510901928,
        0.34485925287008284,
        0.3084580354392529,
        0.29678646102547646,
        0.2656237412244081,
        0.23038616999983788,
        0.2259442090988159,
        0.20360331907868384,
        0.1843238566070795,
        0.15665001776069404,
        0.13700875397771597,
        0.12563026715070008,
        0.12315740659832955,
        0.08813085071742535,
        0.07729086428880691,
        0.06472438564524055,
        0.08288743132725358,
        0.07753699836321175,
        0.05776965962722898,
        0.050343132391571996,
        0.03517678072676063,
        0.03310476299375296,
        0.032251945976167914,
        0.04970692410133779,
        0.09701608009636402,
        0.07809745543636382,
        0.046913073118776086,
        0.032958399644121526,
        0.024800621770555153,
        0.019614710891619324,
        0.015472403343301267,
        0.020106075808871537,
        0.025299948174506426,
        0.02339191995561123,
        0.05272491716314107,
        0.031161798536777495,
        0.01579612852074206,
        0.011628640070557594,
        0.010277580819092691,
        0.009969593287678435,
        0.01764335051411763,
        0.018704639479983597,
        0.009731212997576223,
        0.011142153409309685,
        0.009139329451136291,
        0.011648844310548157
    ],
    "val_loss": [
        0.5322913229465485,
        0.5038050651550293,
        0.5024026155471801,
        0.5478983938694,
        0.5326018571853638,
        0.5566588580608368,
        0.5823243916034698,
        0.580549955368042,
        0.6424903869628906,
        0.6296890437602997,
        0.6782684028148651,
        0.7131701707839966,
        0.728014600276947,
        0.8079985976219177,
        0.8243477821350098,
        0.8821120142936707,
        0.8221454739570617,
        0.9557238936424255,
        0.9967832326889038,
        1.0089136123657227,
        1.0339906096458436,
        1.039838182926178,
        1.112401533126831,
        1.1239610195159913,
        1.1561635971069335,
        1.1671464323997498,
        1.2100251913070679,
        1.194788885116577,
        1.12928067445755,
        1.0628931403160096,
        1.1729577898979187,
        1.2401308298110962,
        1.2540521502494812,
        1.2792378187179565,
        1.2796594738960265,
        1.3047685146331787,
        1.3274411797523498,
        1.41754891872406,
        1.2564777255058288,
        1.2929260730743408,
        1.2621640324592591,
        1.299398374557495,
        1.3430015563964843,
        1.372479510307312,
        1.3280513882637024,
        1.383785605430603,
        1.3925115704536437,
        1.4343717336654662,
        1.4818666100502014,
        1.521110439300537
    ],
    "val_mcc": [
        0.42209630564268347,
        0.4787212374825174,
        0.48037735849056606,
        0.43430121223417345,
        0.5019015512465476,
        0.43431930956317644,
        0.37915757283846513,
        0.4733865355240367,
        0.41982570521563306,
        0.42209630564268347,
        0.31338809466087036,
        0.34201399226272894,
        0.39378383972276654,
        0.3643565058218577,
        0.38784148835650406,
        0.39586984983121765,
        0.33933204444551107,
        0.2874113692805531,
        0.2805339760430987,
        0.33081145691148234,
        0.2837307608527635,
        0.36142896760259985,
        0.3155456875786495,
        0.3476154236760079,
        0.40561450745183036,
        0.34402354753397574,
        0.37870674438105884,
        0.36142896760259985,
        0.30706033806556327,
        0.2837307608527635,
        0.3593264726339932,
        0.31338809466087036,
        0.3821189155714581,
        0.37870674438105884,
        0.4278916850683048,
        0.4084817350749448,
        0.4280829607710349,
        0.37063988986458757,
        0.43340096358149277,
        0.3834905391684458,
        0.4565175826701634,
        0.42990074982333165,
        0.40561450745183036,
        0.3999486424729386,
        0.41086237382240853,
        0.41086237382240853,
        0.3992657874664462,
        0.3834905391684458,
        0.37870674438105884,
        0.3766149655639191
    ],
    "val_auroc": [
        0.7915094339622641,
        0.8122641509433962,
        0.8156603773584905,
        0.8062264150943396,
        0.8028301886792453,
        0.7971698113207547,
        0.7954716981132075,
        0.7888679245283019,
        0.7773584905660378,
        0.7816981132075471,
        0.7613207547169811,
        0.7628301886792452,
        0.7594339622641509,
        0.7566037735849056,
        0.7483018867924529,
        0.739433962264151,
        0.7433962264150943,
        0.7360377358490566,
        0.7358490566037735,
        0.7283018867924528,
        0.7311320754716981,
        0.7313207547169811,
        0.730377358490566,
        0.7316981132075472,
        0.7335849056603774,
        0.7164150943396227,
        0.7322641509433963,
        0.7292452830188679,
        0.7486792452830189,
        0.7324528301886792,
        0.7324528301886792,
        0.7232075471698115,
        0.73,
        0.7352830188679245,
        0.7466037735849057,
        0.7335849056603774,
        0.7305660377358492,
        0.7249056603773586,
        0.7458490566037737,
        0.7375471698113208,
        0.7409433962264153,
        0.7433962264150944,
        0.7460377358490566,
        0.7466037735849057,
        0.739811320754717,
        0.7394339622641509,
        0.7379245283018868,
        0.7403773584905661,
        0.7383018867924528,
        0.7366037735849057
    ]
}