{
    "train_loss": [
        0.4216237345879728,
        0.2504567605527965,
        0.2415826330808076,
        0.23383830589326945,
        0.1798405054618012,
        0.134754382412542,
        0.12449532611803575,
        0.11648962316526608,
        0.10943975214931098,
        0.10173450122502717,
        0.08758920185606588,
        0.08203375259075653,
        0.08002883576872674,
        0.0893279542638497,
        0.0956760048866272,
        0.0969044194472107,
        0.08558415003459562,
        0.07694148094477979,
        0.07727899711409753,
        0.07438825811682777,
        0.0842663985253735,
        0.09577954475852576,
        0.0668656848879023,
        0.05779116980689154,
        0.06601121208884499,
        0.057651324959641155,
        0.05268661076710983,
        0.05892754697494886,
        0.050768340662629766,
        0.05882562533952296,
        0.060234534088522196,
        0.058327252891930664,
        0.06780279478566213,
        0.053094598528167065,
        0.0466800047381019,
        0.041982523864135146,
        0.05002042981372638,
        0.03358774426901205,
        0.03205675138583915,
        0.028731468027796258,
        0.03852221819529818,
        0.05976855517788367,
        0.027839818329084665,
        0.0343650652423755,
        0.03504905570298433,
        0.017237068503163755,
        0.016451887765221974,
        0.015253509722904048,
        0.011233884592498229,
        0.01621677910125899
    ],
    "val_loss": [
        0.24850122878948847,
        0.21958495552341142,
        0.21777607376376787,
        0.2186371125280857,
        0.13483450623850027,
        0.0824048388749361,
        0.10773206440111001,
        0.060646451699237026,
        0.07060363981872797,
        0.0744584013397495,
        0.11360439782341321,
        0.08337290833393733,
        0.086561710263292,
        0.1458250011006991,
        0.06940499786287546,
        0.07754280930384994,
        0.06778982747346163,
        0.06699663928399484,
        0.06811618680755298,
        0.06167655484750867,
        0.15406313631683588,
        0.07374112494289875,
        0.0956741754586498,
        0.15699350701955458,
        0.08333611271033685,
        0.09811425247850518,
        0.07866380239526431,
        0.07295161578804255,
        0.07397889962885529,
        0.08334485876063506,
        0.07330540156302352,
        0.09077483597987641,
        0.06436039476344983,
        0.08921320495816569,
        0.09642933588474989,
        0.104728643471996,
        0.09610462821243952,
        0.09260665223700926,
        0.1173436485696584,
        0.10413240235842143,
        0.12438860007872184,
        0.09802904092551519,
        0.11487787808679666,
        0.11326219091036667,
        0.1406396379073461,
        0.12063278104566659,
        0.17024270196755728,
        0.1412851500014464,
        0.14008492305098721,
        0.15042959582448626
    ],
    "val_mcc": [
        0.0,
        0.0,
        0.0,
        0.0,
        0.2748347848341211,
        0.8780558882310071,
        0.378939692104056,
        0.8780558882310071,
        0.8455767262643882,
        0.547333863896855,
        0.547333863896855,
        0.5786882152809495,
        0.7041733672263722,
        0.4681818181818182,
        0.8455767262643882,
        0.5062910315390183,
        0.6854365268376295,
        0.8160978035750373,
        0.8455767262643882,
        0.7911146277286897,
        0.547333863896855,
        0.39341519530280955,
        0.5062910315390183,
        0.4681818181818182,
        0.6113636363636363,
        0.5062910315390183,
        0.6113636363636363,
        0.6744860186581717,
        0.6442872472102531,
        0.6442872472102531,
        0.7911146277286897,
        0.47193990372426947,
        0.8455767262643882,
        0.47193990372426947,
        0.39341519530280955,
        0.5142045454545454,
        0.5441594827174123,
        0.5786882152809495,
        0.39341519530280955,
        0.5441594827174123,
        0.44257512513588665,
        0.645743840298938,
        0.4270329760737674,
        0.47193990372426947,
        0.4270329760737674,
        0.5062910315390183,
        0.5062910315390183,
        0.36519159216758945,
        0.5062910315390183,
        0.20909090909090908
    ],
    "val_auroc": [
        0.5744318181818181,
        0.7426136363636363,
        0.9556818181818182,
        0.9823863636363637,
        0.9869318181818182,
        0.9897727272727272,
        0.9869318181818182,
        0.9937499999999999,
        0.9897727272727272,
        0.9840909090909091,
        0.9857954545454546,
        0.9835227272727273,
        0.9755681818181818,
        0.975,
        0.9795454545454545,
        0.9835227272727272,
        0.9863636363636363,
        0.9784090909090909,
        0.9801136363636364,
        0.9806818181818182,
        0.7926136363636364,
        0.98125,
        0.9829545454545455,
        0.9852272727272726,
        0.9829545454545454,
        0.9801136363636364,
        0.9806818181818182,
        0.9806818181818182,
        0.98125,
        0.9852272727272727,
        0.9823863636363637,
        0.9823863636363637,
        0.9840909090909091,
        0.9795454545454545,
        0.9767045454545455,
        0.9693181818181817,
        0.977840909090909,
        0.9801136363636365,
        0.9664772727272728,
        0.9778409090909091,
        0.9534090909090909,
        0.9721590909090909,
        0.977840909090909,
        0.9772727272727272,
        0.9670454545454545,
        0.9750000000000001,
        0.9619318181818182,
        0.9607954545454546,
        0.9727272727272728,
        0.9721590909090909
    ]
}