{
    "train_loss": [
        0.37531587887894025,
        0.2446083270690658,
        0.24057617275552315,
        0.22702603719451211,
        0.14437195133756509,
        0.11058771686459129,
        0.1331307120959867,
        0.104571858166971,
        0.1037151286886497,
        0.0954352836124599,
        0.08816437990489331,
        0.08542519041591069,
        0.07616539511152288,
        0.08309294867583296,
        0.07891256950626319,
        0.08133556304330175,
        0.0707999189299616,
        0.08337552405216477,
        0.07997812652452425,
        0.09052036262371323,
        0.08292525151575153,
        0.06839522956447168,
        0.0656806208637797,
        0.06033718670633706,
        0.06479078364050524,
        0.05047665053809231,
        0.04804799974557351,
        0.050820301604372536,
        0.08088333439081907,
        0.05784943860701539,
        0.05190489972433583,
        0.05501171466047791,
        0.05187648043713786,
        0.04073273642941124,
        0.03934813615739007,
        0.034200971755622464,
        0.06305796159854667,
        0.03817787550559098,
        0.033736388410695574,
        0.03572705086447637,
        0.036425376564941624,
        0.03765281288757582,
        0.03878818314776502,
        0.033280662313865665,
        0.01952867244835943,
        0.0290438791165467,
        0.020172529165971686,
        0.027759016512639144,
        0.03493020971390334,
        0.021329648049273106
    ],
    "val_loss": [
        0.23241363962491354,
        0.21939750015735626,
        0.21575659761826196,
        0.1727037113159895,
        0.1198679016282161,
        0.11532718719293673,
        0.10466052033007145,
        0.10581275758643945,
        0.10078745630259316,
        0.10063771267111103,
        0.10842279670760036,
        0.11442251084372401,
        0.10454814927652478,
        0.10275847977027297,
        0.14691231989612183,
        0.12561111773053804,
        0.09480910003185272,
        0.11420106181564431,
        0.13461992517113686,
        0.09940972365438938,
        0.10265007040773828,
        0.10592779610306025,
        0.13889306038618088,
        0.10005443419019382,
        0.10304330134143432,
        0.09818850612888734,
        0.11692757159471512,
        0.16654942370951176,
        0.12989705591462553,
        0.1617063118610531,
        0.13041911056886116,
        0.160929501367112,
        0.14643628565439334,
        0.17719284363556653,
        0.17432934717119983,
        0.13548484737596786,
        0.11373192848016818,
        0.18040803187371543,
        0.1629718941403553,
        0.164166076729695,
        0.1975702897955974,
        0.18128639061857635,
        0.2083306573331356,
        0.17809116002172232,
        0.2271272341410319,
        0.2378521888749674,
        0.24205409058292085,
        0.2344254620062808,
        0.1918541512762507,
        0.1890825123215715
    ],
    "val_mcc": [
        0.0,
        0.0,
        0.0,
        0.0,
        0.0,
        0.5788383624620932,
        0.5813462701261382,
        0.7096473159168414,
        0.5305025272375369,
        0.6174038936040667,
        0.5443323346087288,
        0.47212861075418316,
        0.5305025272375369,
        0.5443323346087288,
        0.47212861075418316,
        0.5443323346087288,
        0.6174038936040667,
        0.5443323346087288,
        0.5443323346087288,
        0.7096473159168414,
        0.48807056260589954,
        0.5443323346087288,
        0.5443323346087288,
        0.6525631418487591,
        0.41727837380011296,
        0.6772007708377219,
        0.44278660624354294,
        0.5504048653784243,
        0.5788383624620932,
        0.5143986448334275,
        0.30694760390069437,
        0.39361809238809775,
        0.5443323346087288,
        0.39361809238809775,
        0.5443323346087288,
        0.6525631418487591,
        0.5545438139255907,
        0.41727837380011296,
        0.48807056260589954,
        0.5443323346087288,
        0.28485049819929026,
        0.5087574843820629,
        0.6113757147051662,
        0.44278660624354294,
        0.3015191475654224,
        0.28078090590350974,
        0.47212861075418316,
        0.5143986448334275,
        0.4646460420168239,
        0.4646460420168239
    ],
    "val_auroc": [
        0.5059288537549407,
        0.8616600790513834,
        0.9181253529079616,
        0.940146809712027,
        0.9011857707509882,
        0.904573687182383,
        0.9661208356860531,
        0.9644268774703557,
        0.9655561829474872,
        0.9593450028232636,
        0.9700734048560136,
        0.9678147939017505,
        0.9712027103331451,
        0.9678147939017504,
        0.9706380575945792,
        0.9728966685488425,
        0.9734613212874081,
        0.9745906267645398,
        0.8910220214568041,
        0.9661208356860531,
        0.9644268774703557,
        0.9666854884246189,
        0.9717673630717109,
        0.9689440993788819,
        0.9666854884246189,
        0.971767363071711,
        0.9678147939017504,
        0.9503105590062113,
        0.9621682665160927,
        0.9006211180124223,
        0.9570863918690006,
        0.9429700734048561,
        0.9655561829474872,
        0.9390175042348956,
        0.9486166007905138,
        0.9700734048560136,
        0.968944099378882,
        0.9486166007905139,
        0.9294184076792773,
        0.9627329192546583,
        0.9203839638622247,
        0.898927159796725,
        0.9548277809147375,
        0.9435347261434218,
        0.9153020892151327,
        0.9028797289666854,
        0.7792207792207793,
        0.9316770186335404,
        0.9491812535290796,
        0.9604743083003953
    ]
}