{
    "train_loss": [
        0.4083363881165331,
        0.24110421267422763,
        0.23210419409654356,
        0.18884739042683082,
        0.1336931325495243,
        0.10006486870009791,
        0.10029461988332597,
        0.08531023409556258,
        0.08860226872969758,
        0.08930137211626227,
        0.08877106730572203,
        0.07629574625752866,
        0.07161665686660192,
        0.07125321157615293,
        0.06363405769860203,
        0.07534847980026495,
        0.057887187312272465,
        0.057701559059999206,
        0.08622376290573315,
        0.06995734345929866,
        0.06486457514322617,
        0.053430334559049115,
        0.04422323418442498,
        0.04074743472632359,
        0.04007155084135858,
        0.035874823087149045,
        0.03455949487926608,
        0.0427932447372851,
        0.035032840593802655,
        0.03704768920380792,
        0.0493281109533696,
        0.034765278243205765,
        0.028846794136122546,
        0.041982955849644815,
        0.07382037446156821,
        0.04777378220619126,
        0.02821295081891797,
        0.02392130314414813,
        0.020834708480503072,
        0.015501039843498305,
        0.011559711811556057,
        0.01713532323695042,
        0.015607296087017114,
        0.010995358556763014,
        0.008926947347142479,
        0.007973963712257419,
        0.008372227724810893,
        0.007044904098041694,
        0.013102795468346978,
        0.029975574003236197
    ],
    "val_loss": [
        0.24234253664811453,
        0.2193442520995935,
        0.2151403153936068,
        0.1628082673996687,
        0.16713773583372435,
        0.12388017866760492,
        0.12577506061643362,
        0.14176459532851973,
        0.13788102008402348,
        0.15035156874607006,
        0.18868846609257162,
        0.19340456657422087,
        0.18408150148267546,
        0.17642257052163282,
        0.19805013691075146,
        0.2220433479330192,
        0.20051013755922517,
        0.20632442024846873,
        0.18237712536938488,
        0.23232546293487152,
        0.24390967395932725,
        0.25237593830873567,
        0.2443554081643621,
        0.2637371199283128,
        0.27427787450142205,
        0.28024392963076633,
        0.2876429674603666,
        0.25555064467092353,
        0.26013771797685575,
        0.272723135810035,
        0.2887193172549208,
        0.28639899626917514,
        0.2981757430631357,
        0.2725124307326041,
        0.242129482057256,
        0.26306813210248947,
        0.2723123931597608,
        0.2929283334912422,
        0.31414290170262876,
        0.3295129970065318,
        0.3204291972021262,
        0.31953578690687817,
        0.3221707468231519,
        0.34956012970845524,
        0.3393772554894288,
        0.3607602446184804,
        0.3774826421577018,
        0.37798480089986697,
        0.3406000106285016,
        0.35068416750679415
    ],
    "val_mcc": [
        0.0,
        0.0,
        0.0,
        0.0,
        0.6772007708377219,
        0.6174038936040667,
        0.6174038936040667,
        0.48807056260589954,
        0.48807056260589954,
        0.39361809238809775,
        0.4272095352695313,
        0.39361809238809775,
        0.3654188590462732,
        0.3654188590462732,
        0.3654188590462732,
        0.4272095352695313,
        0.3654188590462732,
        0.3654188590462732,
        0.3412408778783571,
        0.3654188590462732,
        0.4272095352695313,
        0.39361809238809775,
        0.3412408778783571,
        0.3412408778783571,
        0.3654188590462732,
        0.30694760390069437,
        0.28078090590350974,
        0.3412408778783571,
        0.09621290848090852,
        0.39361809238809775,
        0.30694760390069437,
        0.30694760390069437,
        0.3388235309124364,
        0.1466903483783305,
        0.46832941383896765,
        0.39361809238809775,
        0.28078090590350974,
        0.1866856725318574,
        0.28078090590350974,
        0.28078090590350974,
        -0.04522829031153819,
        0.1866856725318574,
        0.1866856725318574,
        0.28078090590350974,
        0.1866856725318574,
        0.1866856725318574,
        0.28078090590350974,
        0.28078090590350974,
        0.23765410727335523,
        0.2082434400451838
    ],
    "val_auroc": [
        0.7995482778091474,
        0.8492377188029361,
        0.8740824392998305,
        0.8622247317899493,
        0.8176171654432525,
        0.8130999435347263,
        0.8204404291360814,
        0.7989836250705816,
        0.831733483907397,
        0.8362507058159232,
        0.8955392433653303,
        0.8424618859401469,
        0.8176171654432525,
        0.7899491812535291,
        0.83399209486166,
        0.7814793901750423,
        0.8130999435347263,
        0.8328627893845285,
        0.8921513269339356,
        0.8181818181818181,
        0.510446075663467,
        0.7380011293054771,
        0.8238283455674761,
        0.7639751552795031,
        0.6329757199322417,
        0.7402597402597403,
        0.7086391869000566,
        0.83399209486166,
        0.7476002258610954,
        0.6860530773574252,
        0.6883116883116883,
        0.6973461321287409,
        0.6538678712591757,
        0.5872388481084133,
        0.7910784867306606,
        0.7837380011293055,
        0.8136645962732919,
        0.8006775832862789,
        0.691699604743083,
        0.751552795031056,
        0.7707509881422925,
        0.7645398080180689,
        0.6866177300959909,
        0.7594579333709768,
        0.7893845285149632,
        0.7154150197628458,
        0.7837380011293055,
        0.6566911349520046,
        0.6533032185206098,
        0.7188029361942405
    ]
}