{
    "train_loss": [
        0.3706714829260653,
        0.240907049653205,
        0.24225232276049527,
        0.23501428826288742,
        0.22671558437022296,
        0.14923995902592485,
        0.10955815880813381,
        0.10257157700305636,
        0.10864405537193472,
        0.10057064543732187,
        0.08865107045593587,
        0.09226320988752625,
        0.08727620245719497,
        0.08427059637721289,
        0.08001973238688978,
        0.0898527591065927,
        0.08532839607108723,
        0.07794255162165924,
        0.07396331636912444,
        0.07445772923529148,
        0.07833549083972519,
        0.0703911006196656,
        0.07162404255094854,
        0.06861973105167801,
        0.06929476262832229,
        0.06419203743677247,
        0.06649021884765137,
        0.05995941610837525,
        0.06044551196762107,
        0.056258987804705445,
        0.05300932902504097,
        0.054694114506921986,
        0.06316157961687581,
        0.06659645633772016,
        0.05925830978561531,
        0.049209133150394664,
        0.041348128568973734,
        0.042422029062766924,
        0.060367287644608456,
        0.04888443054038693,
        0.04277217118281194,
        0.04053150407377292,
        0.05328128040260212,
        0.045496965208175505,
        0.04636814900335263,
        0.03303388825787062,
        0.036099180706184016,
        0.028023168666880916,
        0.03213177201211114,
        0.030958955356089227
    ],
    "val_loss": [
        0.23179079592227936,
        0.21949166928728422,
        0.21933109685778618,
        0.21805218483010927,
        0.1713214541474978,
        0.12094879057258368,
        0.11329375269512336,
        0.13112068517754474,
        0.11001613736152649,
        0.10438527632504702,
        0.09622874793907006,
        0.1031164163723588,
        0.11013346010198195,
        0.12914740146758655,
        0.14833409362472594,
        0.11510742378110687,
        0.11702736994872491,
        0.13747378283490738,
        0.15242145513184369,
        0.15468694649947187,
        0.12077930329057078,
        0.1421691698487848,
        0.1475433431720982,
        0.14592798900169632,
        0.1361087157856673,
        0.14860040162845203,
        0.15577976048613587,
        0.15739971376024187,
        0.1590510493842885,
        0.16196609986945987,
        0.14902988200386366,
        0.15401161120583615,
        0.14154870610218495,
        0.1361078100744635,
        0.1603397021535784,
        0.1614187757174174,
        0.16440530975038806,
        0.16576256862996766,
        0.12290052002451073,
        0.15081023250240833,
        0.17012960040786615,
        0.17883434053510427,
        0.1500852924461166,
        0.19548063282854855,
        0.19907888770103455,
        0.21824696784218153,
        0.19035814749076962,
        0.19100311037618667,
        0.17624662723392248,
        0.18929287938711545
    ],
    "val_mcc": [
        0.0,
        0.0,
        0.0,
        0.0,
        0.0,
        0.547333863896855,
        0.6172321067240548,
        0.5786882152809495,
        0.6770526934074996,
        0.6770526934074996,
        0.6770526934074996,
        0.5543500069874341,
        0.5543500069874341,
        0.5543500069874341,
        0.5543500069874341,
        0.5543500069874341,
        0.5543500069874341,
        0.6113636363636363,
        0.5811712053972111,
        0.5811712053972111,
        0.5811712053972111,
        0.5811712053972111,
        0.5811712053972111,
        0.5811712053972111,
        0.5811712053972111,
        0.5786882152809495,
        0.5786882152809495,
        0.36519159216758945,
        0.39341519530280955,
        0.6191668677752271,
        0.5811712053972111,
        0.6191668677752271,
        0.44257512513588665,
        0.5142045454545454,
        0.4681818181818182,
        0.4270329760737674,
        0.39341519530280955,
        0.28053935906660077,
        0.6442872472102531,
        0.4270329760737674,
        0.39341519530280955,
        0.46441276676461507,
        0.6172321067240548,
        0.4325419935812174,
        0.4270329760737674,
        0.4270329760737674,
        0.39341519530280955,
        0.39341519530280955,
        0.6113636363636363,
        0.39341519530280955
    ],
    "val_auroc": [
        0.7289772727272728,
        0.5249999999999999,
        0.9392045454545453,
        0.9738636363636364,
        0.9732954545454546,
        0.9261363636363636,
        0.884090909090909,
        0.8142045454545455,
        0.9454545454545454,
        0.9096590909090909,
        0.9409090909090909,
        0.9193181818181818,
        0.9227272727272727,
        0.890340909090909,
        0.8636363636363635,
        0.9585227272727272,
        0.93125,
        0.9136363636363636,
        0.8505681818181817,
        0.8494318181818182,
        0.9397727272727272,
        0.9261363636363638,
        0.9204545454545455,
        0.9392045454545455,
        0.9369318181818181,
        0.8238636363636364,
        0.7636363636363637,
        0.8806818181818182,
        0.8818181818181818,
        0.8835227272727273,
        0.8920454545454546,
        0.8818181818181818,
        0.8846590909090909,
        0.9380681818181817,
        0.8585227272727273,
        0.9267045454545454,
        0.890909090909091,
        0.8823863636363636,
        0.9232954545454546,
        0.8534090909090909,
        0.8693181818181819,
        0.8829545454545454,
        0.9215909090909091,
        0.7869318181818181,
        0.8147727272727272,
        0.8693181818181819,
        0.8875000000000001,
        0.865909090909091,
        0.9,
        0.8914772727272727
    ]
}