{
    "train_loss": [
        0.4064484854990786,
        0.25995837355201895,
        0.23580474914474922,
        0.16939525966617194,
        0.11885380880399184,
        0.11553828215057199,
        0.11528033458373764,
        0.10118714830076153,
        0.09474384192038666,
        0.08933444117957895,
        0.0849061727693135,
        0.07969331715933302,
        0.08712042148479006,
        0.07756459056823091,
        0.07220190577208996,
        0.07699502454223958,
        0.07888843550939452,
        0.08198152143846858,
        0.05936166965825991,
        0.06336784062229774,
        0.06301537901163101,
        0.05833153790709647,
        0.06454651823944667,
        0.04318592409518632,
        0.04865381959825754,
        0.05555017178200863,
        0.0558549679858102,
        0.03905245084950531,
        0.03083715357140384,
        0.0331038447858935,
        0.027268189270134,
        0.0420527576722882,
        0.03719776955602521,
        0.028959396633912216,
        0.032502733880061314,
        0.033546709032221275,
        0.040907942499457436,
        0.02537691225932742,
        0.013801228694236752,
        0.012064836268440227,
        0.012007477762050588,
        0.029079887957777828,
        0.021011003057620572,
        0.019611907974732192,
        0.008467353843364188,
        0.006036155253902755,
        0.0055222805716436014,
        0.004370012114205482,
        0.006252902469978752,
        0.011179817332462831
    ],
    "val_loss": [
        0.2588080217440923,
        0.24078828593095145,
        0.2259442334373792,
        0.14884907752275467,
        0.13964873241881529,
        0.1433617031822602,
        0.14183438134690127,
        0.13867367431521416,
        0.1450781219949325,
        0.1443718330313762,
        0.15041630094250044,
        0.15647931024432182,
        0.1646567229181528,
        0.13989343866705894,
        0.14491106507678828,
        0.14410197734832764,
        0.15679138029615083,
        0.13691642011205354,
        0.18780357825259367,
        0.15962203312665224,
        0.15809259905169407,
        0.1519486658896009,
        0.18346061992148557,
        0.16543246371050677,
        0.25761158764362335,
        0.18901016501088938,
        0.1778318313881755,
        0.18694313988089561,
        0.17992838472127914,
        0.20966392879684767,
        0.1982579044997692,
        0.21630910349388918,
        0.20538279165824255,
        0.20084187450508276,
        0.21530067982772985,
        0.1856055019889027,
        0.21653005418678126,
        0.25588693966468173,
        0.23698386053244272,
        0.24551919102668762,
        0.2373304764429728,
        0.229177076369524,
        0.22863712130735317,
        0.23802469174067178,
        0.2709335535764694,
        0.2792697511613369,
        0.2886405922472477,
        0.2875751492877801,
        0.3101036821802457,
        0.29365989069143933
    ],
    "val_mcc": [
        0.0,
        0.0,
        0.0,
        0.6855481141700032,
        0.6619777036506953,
        0.7043052599705966,
        0.7043052599705966,
        0.7043052599705966,
        0.7043052599705966,
        0.7043052599705966,
        0.7043052599705966,
        0.5813462701261382,
        0.5064552788726858,
        0.7043052599705966,
        0.7043052599705966,
        0.7043052599705966,
        0.5813462701261382,
        0.7043052599705966,
        0.5143986448334275,
        0.7043052599705966,
        0.7043052599705966,
        0.7343393577431244,
        0.5813462701261382,
        0.6746219776463768,
        0.3388235309124364,
        0.5813462701261382,
        0.7043052599705966,
        0.5443323346087288,
        0.7086391869000565,
        0.5443323346087288,
        0.611518915866742,
        0.5443323346087288,
        0.5443323346087288,
        0.5443323346087288,
        0.5443323346087288,
        0.6458780629739146,
        0.5443323346087288,
        0.5064552788726858,
        0.5788383624620932,
        0.5443323346087288,
        0.47212861075418316,
        0.5443323346087288,
        0.6746219776463768,
        0.5443323346087288,
        0.5443323346087288,
        0.39361809238809775,
        0.47212861075418316,
        0.47212861075418316,
        0.3412408778783571,
        0.39361809238809775
    ],
    "val_auroc": [
        0.7636928289102202,
        0.8944099378881988,
        0.8961038961038961,
        0.8656126482213439,
        0.9124788255223037,
        0.8735177865612648,
        0.8887634105025409,
        0.8735177865612648,
        0.8893280632411068,
        0.8870694522868436,
        0.9023150762281198,
        0.9390175042348956,
        0.9311123658949747,
        0.9141727837380011,
        0.9503105590062111,
        0.9237718802936196,
        0.9378881987577639,
        0.9113495200451722,
        0.8469791078486731,
        0.9141727837380011,
        0.9147374364765669,
        0.9378881987577641,
        0.9130434782608696,
        0.8893280632411068,
        0.7114624505928854,
        0.898927159796725,
        0.9102202145680406,
        0.9339356295878035,
        0.9113495200451722,
        0.8944099378881987,
        0.9265951439864484,
        0.9136081309994354,
        0.8876341050254094,
        0.9294184076792773,
        0.924901185770751,
        0.9361942405420667,
        0.9311123658949746,
        0.9130434782608696,
        0.904009034443817,
        0.9226425748164878,
        0.9322416713721062,
        0.9333709768492376,
        0.9164313946922642,
        0.9328063241106719,
        0.9181253529079616,
        0.9265951439864484,
        0.9243365330321851,
        0.9141727837380011,
        0.8887634105025409,
        0.924901185770751
    ]
}