{
    "train_loss": [
        0.3031537145376205,
        0.13833193853497505,
        0.07068136582771938,
        0.05583740125099818,
        0.04237576061859727,
        0.0650721979017059,
        0.03285815408453345,
        0.017797486080477636,
        0.013418692039946715,
        0.02842551705737909,
        0.031672591987686856,
        0.018071175971999764,
        0.015904361878832183,
        0.007123991458987196,
        0.0055158800135056175,
        0.0030296892781431477,
        0.002360693912487477,
        0.002212335243045042,
        0.001850573621535053,
        0.001624433797163268,
        0.0013530785140270988,
        0.001274075471640875,
        0.0013325497430438796,
        0.0010575919683712225,
        0.0009289633560304841,
        0.001486065238714218,
        0.0008670843691409876,
        0.0010220092061596611,
        0.0008208706121270855,
        0.0007274677685927599,
        0.0006737086708502223,
        0.0006212525554777433,
        0.0006039899657480418,
        0.0006703549219916265,
        0.0005524904544775684,
        0.0004933994709669302,
        0.0005240815439416717,
        0.000516732269898057,
        0.000491709602647461,
        0.0004588526770627747,
        0.00045015074817153315,
        0.0005882204510271549,
        0.0004725193449606498,
        0.00043677165522240104,
        0.00038619963355207196,
        0.0003211331417939315,
        0.0004335796179172272,
        0.00040827124127342055,
        0.00029176512277141834,
        0.0004139334186523532
    ],
    "val_loss": [
        0.12957632448524237,
        0.07135590678080916,
        0.06879821280017495,
        0.058067869511432946,
        0.0819679926498793,
        0.06282215827377513,
        0.05822903354419395,
        0.05862007735413499,
        0.06301522828289308,
        0.06665523740230128,
        0.07609052211046219,
        0.0610091851267498,
        0.06882147271244321,
        0.08204991371894721,
        0.08600863593164831,
        0.08710882945160847,
        0.08980681306275073,
        0.09037637394794729,
        0.0931150698379497,
        0.09418863200698979,
        0.09519237428321503,
        0.09546012420469197,
        0.09610290866476134,
        0.09536555297745508,
        0.0952508429363661,
        0.09781356834355392,
        0.09831638493778883,
        0.10076605754511547,
        0.10191045380634023,
        0.10251981421242817,
        0.10307727735926164,
        0.10346086831123102,
        0.10356093187874649,
        0.10444048795397975,
        0.10492885851272149,
        0.10554059730566223,
        0.10534529757387645,
        0.106647939681352,
        0.10607907460325805,
        0.10616915739046817,
        0.10582440808866522,
        0.10678511590958806,
        0.1091202373499982,
        0.10799122611751955,
        0.10699271125849918,
        0.10690353360769222,
        0.10881738931129803,
        0.11033960888198635,
        0.10725979848575662,
        0.1078710854617384
    ],
    "val_mcc": [
        0.9430521597641348,
        0.9621059691482227,
        0.9621059691482227,
        0.9621059691482227,
        0.9254771399164523,
        0.9624387375561093,
        0.9621059691482227,
        0.9811382548511067,
        0.9255939267362071,
        0.9621059691482227,
        0.943889104146584,
        0.9621059691482227,
        0.9436017575589276,
        0.9430521597641348,
        0.9621059691482227,
        0.9621059691482227,
        0.9430521597641348,
        0.9430521597641348,
        0.9430521597641348,
        0.9430521597641348,
        0.9430521597641348,
        0.9430521597641348,
        0.9430521597641348,
        0.9621059691482227,
        0.9430521597641348,
        0.9621059691482227,
        0.9430521597641348,
        0.9242119382964453,
        0.9242119382964453,
        0.9242119382964453,
        0.9430521597641348,
        0.9430521597641348,
        0.9430521597641348,
        0.9430521597641348,
        0.9430521597641348,
        0.9430521597641348,
        0.9430521597641348,
        0.9430521597641348,
        0.9430521597641348,
        0.9621059691482227,
        0.9430521597641348,
        0.9430521597641348,
        0.9436017575589276,
        0.9621059691482227,
        0.9621059691482227,
        0.9430521597641348,
        0.9621059691482227,
        0.9430521597641348,
        0.9430521597641348,
        0.9430521597641348
    ],
    "val_auroc": [
        0.9896042924211939,
        0.9959758551307847,
        0.9956405097250167,
        0.9976525821596244,
        0.9953051643192489,
        0.9973172367538565,
        0.9969818913480886,
        0.9963112005365526,
        0.9979879275653923,
        0.9966465459423205,
        0.9966465459423206,
        0.9976525821596244,
        0.9969818913480886,
        0.9949698189134809,
        0.9953051643192489,
        0.9953051643192489,
        0.993963782696177,
        0.994634473507713,
        0.9949698189134809,
        0.9932930918846412,
        0.993963782696177,
        0.994299128101945,
        0.994299128101945,
        0.9949698189134809,
        0.9949698189134809,
        0.9953051643192489,
        0.993963782696177,
        0.993963782696177,
        0.9942991281019451,
        0.9942991281019451,
        0.994634473507713,
        0.994634473507713,
        0.9953051643192489,
        0.994634473507713,
        0.9942991281019451,
        0.993963782696177,
        0.993963782696177,
        0.9949698189134809,
        0.9949698189134809,
        0.9949698189134809,
        0.994634473507713,
        0.994634473507713,
        0.9959758551307847,
        0.9956405097250167,
        0.9956405097250167,
        0.9956405097250167,
        0.9956405097250167,
        0.9953051643192488,
        0.9949698189134809,
        0.9949698189134809
    ]
}