{
    "train_loss": [
        0.3403606911500295,
        0.11473001092672348,
        0.0813383831953009,
        0.07142792101949454,
        0.06182582176600893,
        0.044429720596720776,
        0.03657869597276052,
        0.023707266493390004,
        0.02887296738723914,
        0.03206047418837746,
        0.02901832324763139,
        0.020216444646939634,
        0.017442986462265254,
        0.008542548337330421,
        0.005205841114123662,
        0.003685818853167196,
        0.00526144583709538,
        0.02557326735307773,
        0.031073475799833734,
        0.013654061756096781,
        0.025110080698505045,
        0.04601423838175833,
        0.014450956725825866,
        0.0160183787617522,
        0.011549291503615677,
        0.0050067720003426075,
        0.0030142945509093505,
        0.0026092848818128306,
        0.0015323861812551816,
        0.0013513340149074794,
        0.0010106480195342252,
        0.0008298075699713081,
        0.0007824076572433114,
        0.0008938286666913579,
        0.0007361109407308201,
        0.0006237648175253222,
        0.0007013771954613427,
        0.0006060626881662756,
        0.0006644331171022107,
        0.0006106515143377085,
        0.0006741873143861691,
        0.0005947286767574648,
        0.000521964323706925,
        0.00046172971876027685,
        0.0004569411442692702,
        0.000704774193582125,
        0.0005362088850233704,
        0.0005197017317793022,
        0.0003146842776914127,
        0.00035847515925221767
    ],
    "val_loss": [
        0.13421740755438805,
        0.0903010293841362,
        0.06311762612313032,
        0.09485737141221762,
        0.05304177897050977,
        0.06848164787515998,
        0.06729600299149752,
        0.05782288499176502,
        0.039987208088859916,
        0.024098545778542757,
        0.10870556184090674,
        0.06725363980513066,
        0.07302380551118404,
        0.08460607950109988,
        0.07019460207084194,
        0.07552097615553066,
        0.03876764583401382,
        0.18653340265154839,
        0.11699738563038409,
        0.039237738761585206,
        0.030896418553311378,
        0.1394718704978004,
        0.033722635998856276,
        0.11850977200083435,
        0.017144469340564683,
        0.09204405243508518,
        0.054139593776199035,
        0.05410039906564634,
        0.06361449124233332,
        0.05479597491648747,
        0.05598496331367642,
        0.06132789741968736,
        0.06078761560638668,
        0.06357172268326394,
        0.06722957722377032,
        0.06614267645636573,
        0.06381031738419551,
        0.06327166155097075,
        0.05101883733004797,
        0.0514220935292542,
        0.06586980593056069,
        0.07852668474515667,
        0.07817545558646088,
        0.07266606826306088,
        0.07023975653282832,
        0.0801907520799432,
        0.09557753610351938,
        0.07923557351023192,
        0.06816357612842694,
        0.06611969213554403
    ],
    "val_mcc": [
        0.9266325832219493,
        0.9291664622950404,
        0.9444083040750081,
        0.9461948805559043,
        0.9461948805559043,
        0.9461948805559043,
        0.9461948805559043,
        0.9461948805559043,
        0.9438975339262832,
        0.9815845978127674,
        0.9461948805559043,
        0.9461948805559043,
        0.9461948805559043,
        0.9461948805559043,
        0.9461948805559043,
        0.9461948805559043,
        0.9815845978127674,
        0.8804608268433263,
        0.9461948805559043,
        0.9626596790042581,
        0.9815845978127674,
        0.9125494391391841,
        0.9815845978127674,
        0.9291664622950404,
        0.9815845978127674,
        0.9461948805559043,
        0.9636589114684625,
        0.9636589114684625,
        0.9636589114684625,
        0.9636589114684625,
        0.9636589114684625,
        0.9636589114684625,
        0.9636589114684625,
        0.9636589114684625,
        0.9636589114684625,
        0.9636589114684625,
        0.9636589114684625,
        0.9636589114684625,
        0.9815845978127674,
        0.9815845978127674,
        0.9636589114684625,
        0.9636589114684625,
        0.9636589114684625,
        0.9636589114684625,
        0.9636589114684625,
        0.9636589114684625,
        0.9461948805559043,
        0.9636589114684625,
        0.9636589114684625,
        0.9636589114684625
    ],
    "val_auroc": [
        0.9970520799213889,
        0.9977071732721914,
        0.9980347199475925,
        0.9960694398951851,
        0.9980347199475926,
        0.9970520799213889,
        0.9980347199475926,
        0.9986898132983951,
        0.998689813298395,
        1.0,
        0.9983622666229939,
        0.9980347199475926,
        0.9983622666229939,
        0.9983622666229939,
        0.9983622666229939,
        0.9983622666229939,
        0.9990173599737963,
        0.9967245332459876,
        0.9990173599737964,
        0.9993449066491975,
        0.9993449066491975,
        0.9983622666229938,
        0.9993449066491975,
        0.9990173599737964,
        1.0,
        0.9990173599737963,
        0.9993449066491975,
        0.9993449066491975,
        0.9993449066491975,
        0.9993449066491975,
        0.9993449066491975,
        0.9993449066491975,
        0.9993449066491975,
        0.9993449066491975,
        0.9993449066491975,
        0.9993449066491975,
        0.9993449066491975,
        0.9993449066491975,
        0.9993449066491975,
        0.9993449066491975,
        0.9993449066491975,
        0.9996724533245988,
        0.9996724533245988,
        0.9996724533245988,
        0.9996724533245988,
        0.9990173599737963,
        0.998689813298395,
        0.9990173599737963,
        0.9993449066491975,
        0.9993449066491975
    ]
}