{
    "train_loss": [
        0.21808027625083923,
        0.08219753814240296,
        0.07441118738303582,
        0.04454351911942164,
        0.04735726583749056,
        0.04062391817569733,
        0.03368538065503041,
        0.020821079549690088,
        0.01600307799720516,
        0.011734213478242357,
        0.003992400776284436,
        0.0033549785769234103,
        0.002622705895919353,
        0.002342215715907514,
        0.0018259658478200435,
        0.0021495853085070848,
        0.0012213976859735945,
        0.001528110650057594,
        0.0011225782063168785,
        0.0011002934110971789,
        0.0009535383588323991,
        0.0010334249508256713,
        0.0008585406079267462,
        0.0007774857280310243,
        0.0009191671522178998,
        0.0006628524124001463,
        0.0007183213679430385,
        0.0006414070900063962,
        0.0006462602003011852,
        0.00056349634930181,
        0.0005363250927378734,
        0.0005232862643121431,
        0.0004973086897128572,
        0.0004146573744947091,
        0.0005090406853317593,
        0.0004032129038629743,
        0.00073168210995694,
        0.0003854317823424935,
        0.00036974297545384617,
        0.00034617584703179697,
        0.00036845999614646037,
        0.000355714131728746,
        0.00031019729309870553,
        0.0004785650623186181,
        0.000315796278785759,
        0.0028814546414650975,
        0.021104777784785256,
        0.03422624444744239,
        0.024172743898816407,
        0.024777074561764798
    ],
    "val_loss": [
        0.13290601037442684,
        0.1695918394252658,
        0.12655617389827967,
        0.14190861117094755,
        0.12399841751903296,
        0.1492992325220257,
        0.16700014390517026,
        0.14763153158128262,
        0.18755262391641736,
        0.16118711093440652,
        0.14866632281336933,
        0.1601313930004835,
        0.1721356908674352,
        0.17599709995556623,
        0.1842814827687107,
        0.19082999776583165,
        0.1923392980825156,
        0.19598990032682195,
        0.19746404694160447,
        0.19742796442005783,
        0.20036962057929486,
        0.20191487143165432,
        0.2056375417741947,
        0.2065560666960664,
        0.21009631792549044,
        0.2114641722291708,
        0.2138857319660019,
        0.21545292751397938,
        0.215003671386512,
        0.21610028002760373,
        0.21703832058119588,
        0.21807790047023445,
        0.21869760970002972,
        0.2198881708609406,
        0.22734821622725576,
        0.22951490301056765,
        0.23893193154071923,
        0.2429806612781249,
        0.24594899773364887,
        0.2464953511953354,
        0.25011858859215863,
        0.2509086136124097,
        0.2501416011364199,
        0.26331438665511087,
        0.2647558326716535,
        0.3828035891056061,
        0.22140633076196536,
        0.18251716112717986,
        0.18765073211397976,
        0.3469972759485245
    ],
    "val_mcc": [
        0.9058238738943076,
        0.907605465436683,
        0.9258200997725514,
        0.9063785942932301,
        0.9246031746031746,
        0.9258200997725514,
        0.907605465436683,
        0.9063785942932301,
        0.8864143349643965,
        0.9054466190452621,
        0.9054466190452621,
        0.9054466190452621,
        0.9054466190452621,
        0.9054466190452621,
        0.9054466190452621,
        0.9054466190452621,
        0.9054466190452621,
        0.9054466190452621,
        0.9054466190452621,
        0.9054466190452621,
        0.9054466190452621,
        0.9054466190452621,
        0.9054466190452621,
        0.9054466190452621,
        0.9054466190452621,
        0.9054466190452621,
        0.9054466190452621,
        0.9054466190452621,
        0.9054466190452621,
        0.9054466190452621,
        0.9054466190452621,
        0.9054466190452621,
        0.9054466190452621,
        0.9054466190452621,
        0.9054466190452621,
        0.9054466190452621,
        0.9054466190452621,
        0.9054466190452621,
        0.9054466190452621,
        0.9054466190452621,
        0.9054466190452621,
        0.9054466190452621,
        0.9054466190452621,
        0.9054466190452621,
        0.9054466190452621,
        0.790804668555721,
        0.8864143349643965,
        0.907605465436683,
        0.907605465436683,
        0.7464609720122968
    ],
    "val_auroc": [
        0.986441798941799,
        0.9811507936507936,
        0.9811507936507936,
        0.9818121693121693,
        0.978505291005291,
        0.9761904761904762,
        0.978505291005291,
        0.9818121693121693,
        0.9728835978835979,
        0.976521164021164,
        0.9758597883597884,
        0.9748677248677248,
        0.9748677248677248,
        0.9751984126984127,
        0.9751984126984127,
        0.9748677248677248,
        0.9751984126984126,
        0.9748677248677248,
        0.9748677248677248,
        0.9748677248677248,
        0.974537037037037,
        0.9745370370370371,
        0.974537037037037,
        0.974537037037037,
        0.9742063492063491,
        0.974537037037037,
        0.974537037037037,
        0.9755291005291005,
        0.9755291005291005,
        0.9755291005291005,
        0.9751984126984127,
        0.9755291005291006,
        0.9755291005291005,
        0.9755291005291005,
        0.9758597883597883,
        0.9758597883597883,
        0.974537037037037,
        0.9742063492063492,
        0.9742063492063492,
        0.9742063492063492,
        0.9742063492063492,
        0.9748677248677248,
        0.9748677248677248,
        0.9761904761904762,
        0.9761904761904762,
        0.9801587301587302,
        0.9758597883597884,
        0.9847883597883597,
        0.9824735449735449,
        0.9831349206349206
    ]
}