{
    "train_loss": [
        0.29574358463287354,
        0.12286814202864965,
        0.07689678805569808,
        0.07310094349086285,
        0.06535267295936743,
        0.04389091040939093,
        0.030210335987309614,
        0.021472538945575555,
        0.02204898139461875,
        0.01665278511742751,
        0.01481044616860648,
        0.010798437024156253,
        0.013005588133819402,
        0.03208570109369854,
        0.018577970471233128,
        0.013318912747005621,
        0.009179222692425052,
        0.025571071612648665,
        0.014166423212736845,
        0.00908544307264189,
        0.0052736556972377,
        0.002372211442949871,
        0.0014821799413766712,
        0.0012610025005415082,
        0.0012349950266070664,
        0.0010326578514650464,
        0.0009027689268502096,
        0.0009260550238347302,
        0.0008538268196086089,
        0.0007630867961173257,
        0.0005795026217432071,
        0.0013584458540814618,
        0.0008715203691584369,
        0.0006214135326445102,
        0.0006962899487310399,
        0.0004779764257060985,
        0.0005534512708739688,
        0.0004702674962269763,
        0.0004416708650145059,
        0.0004134054606159528,
        0.0004245744969618196,
        0.0004646129324100912,
        0.0005591856199316681,
        0.00033557012696595244,
        0.0003511459110692764,
        0.0003810917910110826,
        0.00031402259677027665,
        0.00032482849104174724,
        0.0003303283447166905,
        0.00027859199326485395
    ],
    "val_loss": [
        0.20821529254317284,
        0.13535268604755402,
        0.04303047899156809,
        0.15201347321271896,
        0.06932048592716455,
        0.1280675446614623,
        0.07582711381837726,
        0.07729590032249689,
        0.14016352873295546,
        0.1570853628218174,
        0.15462561137974262,
        0.06864632689394057,
        0.3041006624698639,
        0.25210699811577797,
        0.024582193698734045,
        0.18089967221021652,
        0.05074284877628088,
        0.05493248999118805,
        0.19985196739435196,
        0.04998631798662245,
        0.18731793202459812,
        0.12705341447144747,
        0.10413118172436953,
        0.11692384537309408,
        0.12455262709408998,
        0.13229075446724892,
        0.13653750624507666,
        0.13453520415350795,
        0.13532517151907086,
        0.13296204432845116,
        0.1274580522440374,
        0.16584195289760828,
        0.14184215757995844,
        0.12429054267704487,
        0.1408618288114667,
        0.1560048358514905,
        0.1528865024447441,
        0.1463733548298478,
        0.14546730648726225,
        0.145454877987504,
        0.1448656553402543,
        0.15002985950559378,
        0.15325965080410242,
        0.12156107695773244,
        0.12250152276828885,
        0.13468283601105213,
        0.14226567186415195,
        0.1469435030594468,
        0.15250841341912746,
        0.1544144470244646
    ],
    "val_mcc": [
        0.8339741126155059,
        0.8955910525085281,
        0.9812328999345131,
        0.879664438186246,
        0.9286112429750731,
        0.9286112429750731,
        0.9286112429750731,
        0.9457507306074072,
        0.879664438186246,
        0.8955910525085281,
        0.8955910525085281,
        0.9633432944855655,
        0.8488746876271654,
        0.8640987597877147,
        0.9814164735593364,
        0.879664438186246,
        0.9457507306074072,
        0.9633432944855655,
        0.8955910525085281,
        0.9633432944855655,
        0.8955910525085281,
        0.9286112429750731,
        0.9286112429750731,
        0.9286112429750731,
        0.9286112429750731,
        0.9118992727752026,
        0.9118992727752026,
        0.9118992727752026,
        0.9118992727752026,
        0.9118992727752026,
        0.9118992727752026,
        0.9118992727752026,
        0.9118992727752026,
        0.9286112429750731,
        0.9286112429750731,
        0.9118992727752026,
        0.9118992727752026,
        0.9118992727752026,
        0.9118992727752026,
        0.9118992727752026,
        0.9118992727752026,
        0.9118992727752026,
        0.9118992727752026,
        0.9286112429750731,
        0.9286112429750731,
        0.9286112429750731,
        0.9286112429750731,
        0.9118992727752026,
        0.9118992727752026,
        0.9118992727752026
    ],
    "val_auroc": [
        0.9937169312169312,
        0.9993386243386244,
        0.9996693121693122,
        0.9996693121693122,
        1.0,
        1.0,
        1.0,
        1.0,
        1.0,
        1.0,
        1.0,
        1.0,
        1.0,
        1.0,
        1.0,
        1.0,
        1.0,
        1.0,
        1.0,
        1.0,
        1.0,
        1.0,
        1.0,
        1.0,
        1.0,
        1.0,
        1.0,
        1.0,
        1.0,
        1.0,
        1.0,
        1.0,
        1.0,
        1.0,
        1.0,
        1.0,
        1.0,
        1.0,
        1.0,
        1.0,
        1.0,
        1.0,
        1.0,
        1.0,
        1.0,
        1.0,
        1.0,
        1.0,
        1.0,
        1.0
    ]
}