{
    "train_loss": [
        0.24795682604114214,
        0.11216203806300958,
        0.07338194164137045,
        0.06270454426606496,
        0.08186381986985604,
        0.05833772650609414,
        0.04628565165524681,
        0.03704058350995183,
        0.037461756635457276,
        0.021642186927298704,
        0.015298654969471196,
        0.008484483292947213,
        0.0067179249754796425,
        0.004564428748562932,
        0.0037948012507210177,
        0.003963046175582955,
        0.0038398246901730697,
        0.0033092225048070153,
        0.00555010891209046,
        0.00461743699076275,
        0.003985659188280503,
        0.006210638225699464,
        0.002898393365709732,
        0.0017292176218082508,
        0.0013275944142757605,
        0.0013146784893857935,
        0.0008246268203947693,
        0.0007980922644492238,
        0.0007685041055083275,
        0.0008629948036589971,
        0.0006484853491807977,
        0.0006426034776571517,
        0.000556050743519639,
        0.0004639635735657066,
        0.0005119922328352308,
        0.0007117020839359611,
        0.00043512495273413757,
        0.0004801949670460696,
        0.0004761486818703512,
        0.0003803132577255989,
        0.0003875449377422531,
        0.0005559720642243823,
        0.0004314688228381177,
        0.00048220125512064745,
        0.00041594263069176426,
        0.00041176986414939167,
        0.000374838532297872,
        0.00027302901435177773,
        0.00027067777409683913,
        0.000262051975975434
    ],
    "val_loss": [
        0.13907159864902496,
        0.10498414980247617,
        0.0968605587258935,
        0.1050635096617043,
        0.08463815355207771,
        0.11555961356498301,
        0.08750360808335245,
        0.09053278167266399,
        0.08714324980974197,
        0.11809283460024744,
        0.10052401325083338,
        0.11244956939481199,
        0.1095472335582599,
        0.11260999404476024,
        0.12025692118913867,
        0.12537212943425402,
        0.1216493755200645,
        0.128264568906161,
        0.1303256171522662,
        0.11542713672679383,
        0.10057740552292671,
        0.11653745952935424,
        0.12314532727759797,
        0.1542590348253725,
        0.13854671522130957,
        0.13376023621822242,
        0.1316368328043609,
        0.1356633682444226,
        0.14062416532397037,
        0.14248957958625397,
        0.1426757886292762,
        0.14305425721977372,
        0.14404726534849033,
        0.14324068069981877,
        0.14164167599665234,
        0.14096938107468304,
        0.13918835810545716,
        0.142292015174462,
        0.1444332045793999,
        0.1464415185400867,
        0.14580886279509286,
        0.1461569983694062,
        0.14257916351925815,
        0.14484757139507565,
        0.1475478262946126,
        0.14908985071087955,
        0.1508427739245235,
        0.15061985764987185,
        0.15179771634575445,
        0.15352832330972888
    ],
    "val_mcc": [
        0.8318307230351194,
        0.9444083040750081,
        0.9063785942932301,
        0.8875726517394207,
        0.9093049296723977,
        0.9266092224680211,
        0.9438975339262832,
        0.9438975339262832,
        0.9253193580085162,
        0.9252853920667758,
        0.9438975339262832,
        0.9438975339262832,
        0.9438975339262832,
        0.9438975339262832,
        0.9438975339262832,
        0.9252853920667758,
        0.9438975339262832,
        0.9438975339262832,
        0.9253193580085162,
        0.9253193580085162,
        0.9438975339262832,
        0.9266092224680211,
        0.9068106119605033,
        0.9068106119605033,
        0.9068106119605033,
        0.9252853920667758,
        0.9252853920667758,
        0.9252853920667758,
        0.9068106119605033,
        0.9068106119605033,
        0.9252853920667758,
        0.9252853920667758,
        0.9252853920667758,
        0.9252853920667758,
        0.9252853920667758,
        0.9252853920667758,
        0.9252853920667758,
        0.9252853920667758,
        0.9252853920667758,
        0.9252853920667758,
        0.9252853920667758,
        0.9252853920667758,
        0.9438975339262832,
        0.9438975339262832,
        0.9252853920667758,
        0.9252853920667758,
        0.9252853920667758,
        0.9252853920667758,
        0.9252853920667758,
        0.9252853920667758
    ],
    "val_auroc": [
        0.9888634130363576,
        0.9941041598427776,
        0.996069439895185,
        0.9950867998689814,
        0.9963969865705864,
        0.9957418932197838,
        0.9963969865705863,
        0.996069439895185,
        0.996069439895185,
        0.9944317065181788,
        0.9957418932197838,
        0.9944317065181788,
        0.9957418932197838,
        0.9957418932197838,
        0.9947592531935802,
        0.9944317065181788,
        0.9954143465443827,
        0.9934490664919751,
        0.996069439895185,
        0.9963969865705863,
        0.9963969865705863,
        0.9963969865705863,
        0.996069439895185,
        0.99475925319358,
        0.9950867998689814,
        0.9954143465443825,
        0.9954143465443825,
        0.9954143465443825,
        0.9954143465443825,
        0.9950867998689814,
        0.9950867998689814,
        0.9950867998689814,
        0.9947592531935802,
        0.9950867998689814,
        0.9957418932197838,
        0.996069439895185,
        0.996069439895185,
        0.9957418932197838,
        0.9954143465443825,
        0.9954143465443825,
        0.9957418932197838,
        0.996069439895185,
        0.9957418932197838,
        0.9954143465443825,
        0.9957418932197838,
        0.9957418932197838,
        0.9957418932197838,
        0.9957418932197838,
        0.9957418932197838,
        0.9957418932197838
    ]
}