{
    "train_loss": [
        0.3471505166617809,
        0.13901098424361813,
        0.10185903956665208,
        0.08417165162110771,
        0.07323475022524319,
        0.0709722261806881,
        0.05793119583244401,
        0.03481945878054291,
        0.04027874156168697,
        0.028016272792161477,
        0.02401350664526776,
        0.04590778345030871,
        0.036216076006422994,
        0.013170398549172442,
        0.017265008767329466,
        0.011974425568176364,
        0.007550532674401809,
        0.018746031698322407,
        0.051245207605124625,
        0.04121005454281759,
        0.013346326078236517,
        0.015780212240416504,
        0.01722605331182152,
        0.05930138494241638,
        0.049419103142874385,
        0.026797292281925265,
        0.015002471223447679,
        0.007881937870277196,
        0.014976448658638186,
        0.016868862350141473,
        0.01143736635492166,
        0.0055207027894707775,
        0.004416475302638934,
        0.012458628147821097,
        0.0466317165197257,
        0.10196808065046314,
        0.032657360804107693,
        0.021916854167270853,
        0.023884821013510832,
        0.0070941925816306916,
        0.004560459043811231,
        0.004026543277345977,
        0.005088527835646851,
        0.0032892469755973217,
        0.003832673351873247,
        0.003384894250538545,
        0.0033415217946000026,
        0.0032596986423380223,
        0.0035811626602042924,
        0.003689068647738033
    ],
    "val_loss": [
        0.15000397126589501,
        0.10396049806981214,
        0.10682060925423034,
        0.07564726393736367,
        0.05965987750927785,
        0.06640025336361889,
        0.05226535722613335,
        0.07876625461670171,
        0.05319686223187351,
        0.09240965955957238,
        0.051201924353205995,
        0.06452165211417846,
        0.04784128881042956,
        0.07072545770850931,
        0.04579941901777472,
        0.04549491807951459,
        0.049512925005858834,
        0.062250873790097624,
        0.06593587830762512,
        0.05857834815521658,
        0.03713084174004117,
        0.030086517620864988,
        0.082787827210268,
        0.04303625157003158,
        0.21848590395945525,
        0.08388615118747111,
        0.10678322097269952,
        0.13511432296426001,
        0.10420299066234813,
        0.08814231094791987,
        0.08719510747115626,
        0.09219964153765302,
        0.09769025567376437,
        0.10804148980865388,
        0.10565178535762243,
        0.08289834297361917,
        0.09545997853066572,
        0.06266327810070445,
        0.06467983323610886,
        0.057187802399961844,
        0.05772139646952772,
        0.06448982760723863,
        0.06253501879733189,
        0.06409629973911381,
        0.06549304395931747,
        0.06753997951662834,
        0.0688984369033798,
        0.07016611434326998,
        0.07247822809300228,
        0.07348620595517527
    ],
    "val_mcc": [
        0.9023095802406114,
        0.929009292470296,
        0.9156677936010053,
        0.9419073690258397,
        0.948148357194763,
        0.9352883436503429,
        0.9548598688476014,
        0.9289568653870959,
        0.967976732270412,
        0.9565736185433682,
        0.9612515997443568,
        0.9365051724337556,
        0.9677469700108701,
        0.9354193893505375,
        0.9678678334088183,
        0.9807592095411874,
        0.9743385672602652,
        0.948502730317175,
        0.9483302285668924,
        0.9678678334088183,
        0.9615720787244945,
        0.9871790363971218,
        0.94848932545335,
        0.954891901101364,
        0.9383242177949589,
        0.9418310497168044,
        0.9554363703848601,
        0.9297254679387639,
        0.9427739702597048,
        0.9551180638922376,
        0.9743138530370441,
        0.9743138530370441,
        0.9679766291261527,
        0.9679766291261527,
        0.9373140184918907,
        0.9613203551050277,
        0.9303774378249098,
        0.9679407242561534,
        0.9743138530370441,
        0.9743138530370441,
        0.9743138530370441,
        0.9743138530370441,
        0.9743138530370441,
        0.9743138530370441,
        0.9743138530370441,
        0.9743138530370441,
        0.9743138530370441,
        0.9743138530370441,
        0.9743138530370441,
        0.9743138530370441
    ],
    "val_auroc": [
        0.9909693181954949,
        0.9920056824419294,
        0.9954690352485963,
        0.995938530114183,
        0.9978112939747344,
        0.9980218856762754,
        0.9987023109254373,
        0.9984394331086239,
        0.998978436232009,
        0.9972709873423474,
        0.9984412800135201,
        0.99837768425206,
        0.9957279251727961,
        0.9975176243934101,
        0.9973305439920578,
        0.996961337811868,
        0.9979777192403642,
        0.9967286520943254,
        0.9980082500216693,
        0.9989625372916441,
        0.9993998245155606,
        0.9986607215512658,
        0.9988176196166215,
        0.9985608459367704,
        0.9943427551853907,
        0.9990826929502502,
        0.9990510156312385,
        0.9988319160854888,
        0.9989759086530823,
        0.9991109142729449,
        0.9980422367992915,
        0.9983761924123957,
        0.9989111663539157,
        0.9986672948618653,
        0.9980486895481727,
        0.9969833673688875,
        0.9979618269199223,
        0.9976535551207014,
        0.9980106669687624,
        0.9981088129301184,
        0.9982442844136568,
        0.9982842580764842,
        0.9983476160244692,
        0.9983356356341356,
        0.9983986482801631,
        0.9982297698244734,
        0.9984295210534642,
        0.9984260650571471,
        0.9983570622159531,
        0.9983416258293024
    ]
}