{
    "train_loss": [
        0.3306824975664279,
        0.13569628850867352,
        0.09398158316293524,
        0.07668115396949428,
        0.08856247268030765,
        0.07269512117771362,
        0.04759764551461019,
        0.059156718978623825,
        0.06716413884768607,
        0.028591106719061458,
        0.06034283950510952,
        0.02362469362345076,
        0.035721987716560426,
        0.021491974760364328,
        0.016969845265891677,
        0.009610686423170759,
        0.05331853627986102,
        0.019811660045956227,
        0.010277727453891808,
        0.009065863609538172,
        0.006269711174590392,
        0.006579142972272907,
        0.005619659682755203,
        0.0051863901123094065,
        0.006493411098307223,
        0.030072187351093075,
        0.04020904334525026,
        0.021003364556775154,
        0.011709386119575895,
        0.008308776689874422,
        0.00709243829192861,
        0.00507716299438875,
        0.004677836325114455,
        0.0036863260998129758,
        0.003944267079296643,
        0.0038163402814124885,
        0.0053740843828833295,
        0.004023077484951635,
        0.003460902683501546,
        0.0038058522365679017,
        0.004959672732756762,
        0.004265249931955218,
        0.0042838161912018054,
        0.004109609563278759,
        0.003830842676810183,
        0.0044850645969779215,
        0.004146201450701618,
        0.005929723687047415,
        0.004220003771748721,
        0.004098345334232026
    ],
    "val_loss": [
        0.18825496709905565,
        0.12111991603991815,
        0.09156988790657904,
        0.0984177530377305,
        0.09905461178693388,
        0.08837621143486883,
        0.10398235384075503,
        0.1258414416141542,
        0.07238977687666193,
        0.07082499868036914,
        0.0744323407000463,
        0.07857994688259039,
        0.04878984791659085,
        0.09163261229904103,
        0.06522320876995634,
        0.07331458720519939,
        0.0870374796712505,
        0.05798505972987706,
        0.06478599095550765,
        0.06452308513377959,
        0.07282164001974577,
        0.08315737452773776,
        0.07321785303533293,
        0.08891052406813417,
        0.08758435524785975,
        0.10597430476835663,
        0.12320847504140277,
        0.07648482704930107,
        0.061971934788743965,
        0.08087707230671574,
        0.09145777673360758,
        0.08025505076875561,
        0.08752426515638945,
        0.08857241687837814,
        0.0911760569103665,
        0.10722179719076459,
        0.08666196067263497,
        0.09177445015354481,
        0.09043005532008205,
        0.09821789547952774,
        0.09755703307408632,
        0.08940793298279459,
        0.09287329208278347,
        0.09129462068735197,
        0.0971102630754623,
        0.09568142180160066,
        0.10486947858121962,
        0.09514665661936306,
        0.10011313092711914,
        0.0893626842336224
    ],
    "val_mcc": [
        0.7962158728899119,
        0.8693406896653002,
        0.9184754197257722,
        0.9156069611189381,
        0.9116611969629659,
        0.9304572769534907,
        0.9093003472447908,
        0.8980289959582163,
        0.9353011466674809,
        0.9420151492247002,
        0.9227713888798806,
        0.9358760930320549,
        0.9430550104985088,
        0.923631913366468,
        0.9562256965426214,
        0.9352338546032666,
        0.9432575211053424,
        0.9426561528320156,
        0.9617500083940047,
        0.9622521032321539,
        0.9683697155665792,
        0.9562256965426214,
        0.9551214927378644,
        0.9562256965426214,
        0.9218535995934298,
        0.9416136040372739,
        0.8991815423457447,
        0.9422119891182867,
        0.9497672724213235,
        0.9557169217531379,
        0.9562256965426214,
        0.9429309080049649,
        0.9562256965426214,
        0.9562256965426214,
        0.9562256965426214,
        0.9502881284799897,
        0.9495231084651699,
        0.9562256965426214,
        0.9562256965426214,
        0.9562256965426214,
        0.9562256965426214,
        0.9562256965426214,
        0.9562256965426214,
        0.9562256965426214,
        0.9562256965426214,
        0.9495231084651699,
        0.9502881284799897,
        0.9562256965426214,
        0.9562256965426214,
        0.9429309080049649
    ],
    "val_auroc": [
        0.9749546890519838,
        0.9903174393819208,
        0.9940431203188789,
        0.993180314760986,
        0.9915209029480924,
        0.9948749489249495,
        0.9935952732987771,
        0.9920711002022315,
        0.9965490223684372,
        0.9963745385724668,
        0.9960780027301812,
        0.9953626161131552,
        0.9990865041784094,
        0.9970128723408146,
        0.9987205458041052,
        0.9981711614519228,
        0.995893942251124,
        0.9975863479652672,
        0.9969475930990667,
        0.9972782099676109,
        0.9968333366969525,
        0.9969404629861165,
        0.9967602881240856,
        0.9972342168861926,
        0.9964666547857278,
        0.9947962455289886,
        0.9936916040478243,
        0.9963391575137783,
        0.9973849975747401,
        0.9957375117044248,
        0.9957796825390485,
        0.9962827214883121,
        0.9958499524796673,
        0.9957418977731131,
        0.9955863939888235,
        0.9947845426716689,
        0.9961499080753032,
        0.9958256596368887,
        0.9953666137690433,
        0.9946834065776717,
        0.9951665304779412,
        0.9955766091153052,
        0.9954896423085339,
        0.9958521446865211,
        0.9956476769817115,
        0.995831646522094,
        0.995037052499531,
        0.9957475492862454,
        0.9955984982508369,
        0.995926671859206
    ]
}