{
    "train_loss": [
        0.33156189260383445,
        0.14996468434455218,
        0.09245116102371227,
        0.07724495902140108,
        0.05862309750066035,
        0.05584949094164013,
        0.04779381875414401,
        0.03638076424572824,
        0.015557889778089399,
        0.010161386024534565,
        0.01815968338632956,
        0.010336553935539323,
        0.0121605615077661,
        0.012698389879207954,
        0.024573719672776793,
        0.010531378377992142,
        0.017268746028329823,
        0.017616521419970214,
        0.004934598687988775,
        0.00826886887349516,
        0.012052362218296534,
        0.016313886123060475,
        0.036951531142457736,
        0.012742769001676977,
        0.016381879644878035,
        0.014790215804370947,
        0.015850037406683743,
        0.01700658798896863,
        0.0036128412876105694,
        0.0023288470951633323,
        0.0026943270632829,
        0.0012469880255391924,
        0.0013983083819632022,
        0.0011331171884160507,
        0.0018819752878227046,
        0.0014264164811821603,
        0.0022617478506516716,
        0.0018855876613222925,
        0.0008476952019986196,
        0.0011674951973772193,
        0.0013079985431061316,
        0.001132975691588298,
        0.0009756062276277657,
        0.0013836765613598767,
        0.0006953012539775551,
        0.0026786029516019712,
        0.00136377000153179,
        0.0008257506592430959,
        0.001580528424811847,
        0.0005820806216231884
    ],
    "val_loss": [
        0.22266832080536655,
        0.19400275309037948,
        0.1682578959402495,
        0.16327015706337988,
        0.19717078263472235,
        0.15768201188516937,
        0.17437537521722593,
        0.13845021528790571,
        0.14418799703707919,
        0.15133715360674874,
        0.18375461564573925,
        0.16808871157575464,
        0.17119805996065093,
        0.19257476742495783,
        0.17414852284959384,
        0.18879549800476525,
        0.22179170072714832,
        0.20154116361300112,
        0.2228572896347032,
        0.20596896141588722,
        0.19835417176052164,
        0.2652228193557156,
        0.15666520529859035,
        0.15949078237671138,
        0.20166299911735613,
        0.1814753446233226,
        0.19180621894442343,
        0.13824832504282572,
        0.16335148099252755,
        0.16527482766209037,
        0.18145034434980647,
        0.1876126337977309,
        0.19883746532078866,
        0.19377954725184413,
        0.20706697220729048,
        0.2026534038918076,
        0.20738341820132128,
        0.20259706596490495,
        0.21536538530537136,
        0.2160115032656904,
        0.22165079865408188,
        0.213339113553697,
        0.22348517988991393,
        0.22220989656878892,
        0.22415215868230526,
        0.22035931763353542,
        0.22123881741247584,
        0.21415717435567266,
        0.2309193223598933,
        0.23345022883742267
    ],
    "val_mcc": [
        0.778925951845071,
        0.855304052365913,
        0.8528394446894327,
        0.9160959383644486,
        0.8715683869519714,
        0.8856611208734487,
        0.8894576010858053,
        0.9164185028231492,
        0.9291209297655794,
        0.9355133642748662,
        0.9286428195158538,
        0.9354358123278493,
        0.9355133642748662,
        0.9290599198446747,
        0.9354358123278493,
        0.9286712174319802,
        0.9029956506038777,
        0.9287181362775925,
        0.9087552403712433,
        0.9288277920645548,
        0.9355133642748662,
        0.8805143180830625,
        0.9351694773805285,
        0.9222210631002274,
        0.9220201454803852,
        0.9355133642748662,
        0.9286003140105199,
        0.9352489491503386,
        0.9352489491503386,
        0.9418444323720333,
        0.9352489491503386,
        0.9352489491503386,
        0.9351694773805285,
        0.9352489491503386,
        0.9352489491503386,
        0.9352489491503386,
        0.9351694773805285,
        0.9352489491503386,
        0.9352489491503386,
        0.9352489491503386,
        0.9351694773805285,
        0.9352489491503386,
        0.9351694773805285,
        0.9352489491503386,
        0.9352489491503386,
        0.9352489491503386,
        0.9286428195158538,
        0.9352489491503386,
        0.9352489491503386,
        0.9352489491503386
    ],
    "val_auroc": [
        0.982930404580804,
        0.978598308976537,
        0.986978133059856,
        0.98115627571109,
        0.9767320323675848,
        0.9805001713541119,
        0.9796449551529222,
        0.9832432391905847,
        0.9831736598538808,
        0.9826912735152344,
        0.9861874364871374,
        0.9862858167853968,
        0.9847959757684311,
        0.9849775854159235,
        0.9881733737196122,
        0.9835174640146294,
        0.9849082341294205,
        0.9861248862282143,
        0.9799546552842916,
        0.9820385674821245,
        0.986065560772056,
        0.9853915847952034,
        0.9870809062946795,
        0.9841851470240268,
        0.9798173431825598,
        0.9923043321700685,
        0.9827682813091382,
        0.9863792427943623,
        0.986638607727266,
        0.9870847075929542,
        0.9874441793339054,
        0.985732526956419,
        0.9862139344433953,
        0.9853661432228339,
        0.9853904493054587,
        0.9882775700736891,
        0.9880604818089105,
        0.9887863943376495,
        0.987472920264517,
        0.9872776038835135,
        0.9894335125317532,
        0.9900809760278144,
        0.9883362049259321,
        0.9885145295731054,
        0.9882054565381355,
        0.9909105084151207,
        0.9913188235148737,
        0.9901210067448446,
        0.988142500946311,
        0.9887423311287927
    ]
}