{
    "train_loss": [
        0.3236873009138637,
        0.14083428625707273,
        0.10330380642510674,
        0.0922905499615741,
        0.07694438112796181,
        0.05407286570752384,
        0.057269887127741066,
        0.03596220956684125,
        0.02902279255040749,
        0.05146175184873519,
        0.041868723068748497,
        0.02874374110898417,
        0.028266116728816456,
        0.01774212015960883,
        0.01687728394150596,
        0.045548696932167294,
        0.027111153615233315,
        0.031096198020451184,
        0.017981172229930828,
        0.025719843609732815,
        0.03397513797217808,
        0.014259216903829601,
        0.010212272579708413,
        0.010150869832917428,
        0.007177966925627078,
        0.006114686593112613,
        0.005655638716941919,
        0.00402851890922412,
        0.006108627828696088,
        0.004497845838664539,
        0.00356982734107684,
        0.003651598241655544,
        0.005109436044693683,
        0.003939248645582228,
        0.0037161227209489204,
        0.005520518130517168,
        0.004264429702878395,
        0.0033336594950486432,
        0.0033963590850800284,
        0.0031599584539502823,
        0.00400028254309156,
        0.0033808452632608046,
        0.015390775830113583,
        0.040109476176439784,
        0.052621182521020445,
        0.03747438792898147,
        0.010539331943922056,
        0.009695968497706216,
        0.006445028392422332,
        0.006447146317373996
    ],
    "val_loss": [
        0.15758171797330892,
        0.08047942364854473,
        0.0673421384001683,
        0.07841305832178998,
        0.09914247984332698,
        0.049163618711255755,
        0.07117463710684595,
        0.05381049755877549,
        0.060533598942648884,
        0.05386071329537247,
        0.05390573999154315,
        0.06865616807980197,
        0.04297537235626286,
        0.04896340091363527,
        0.036630714335063076,
        0.0887479470267343,
        0.042390497103042435,
        0.03144255725367527,
        0.052393078234412575,
        0.08253138372258816,
        0.029215686937927136,
        0.059128796112158204,
        0.0527385277346184,
        0.04910037065357236,
        0.04738444934524263,
        0.043203701679366144,
        0.053628266780184015,
        0.05361386813300279,
        0.0484014713724069,
        0.05243812044994099,
        0.05325899272559452,
        0.053771665095285116,
        0.053919785913292016,
        0.055171717698613065,
        0.058459645895319615,
        0.05100156349908502,
        0.057145847472124194,
        0.05744603382598663,
        0.05910989254724492,
        0.05917792168656888,
        0.06069252957656447,
        0.058620269932881844,
        0.1278329612341622,
        0.04730483633881834,
        0.1103250274484578,
        0.043849096566970856,
        0.03729933788833607,
        0.036818210481474774,
        0.04424350437199921,
        0.04263653767546722
    ],
    "val_mcc": [
        0.8377649177665798,
        0.9104724323646225,
        0.9245391695168131,
        0.9299320854676087,
        0.8909882825294779,
        0.955425595901955,
        0.930721172525358,
        0.9428052090773305,
        0.9309383946610085,
        0.9556135116646219,
        0.9680902439413235,
        0.937243504515514,
        0.9680902439413235,
        0.9745036404753553,
        0.9680511787357337,
        0.9120131781144498,
        0.9744804902930597,
        0.9746194405552742,
        0.9680713810256976,
        0.945066794393949,
        0.9623226629477214,
        0.9318496196786004,
        0.9680713810256976,
        0.9746194405552742,
        0.9809099928623352,
        0.9809099928623352,
        0.9680902439413235,
        0.9746194405552742,
        0.9745036404753553,
        0.9745036404753553,
        0.9745036404753553,
        0.9809099928623352,
        0.9745036404753553,
        0.9745036404753553,
        0.9680902439413235,
        0.9745036404753553,
        0.9745036404753553,
        0.9745036404753553,
        0.9745036404753553,
        0.9745036404753553,
        0.9745036404753553,
        0.9745036404753553,
        0.8756065806346344,
        0.9681583254290215,
        0.9198797382573248,
        0.9619291608329114,
        0.9745036404753553,
        0.9745036404753553,
        0.9681677943821451,
        0.9745036404753553
    ],
    "val_auroc": [
        0.9884794056926025,
        0.9956255814796533,
        0.9973306909882766,
        0.9956359280904682,
        0.9960612960400094,
        0.9984262720972321,
        0.9968140133279363,
        0.9979246879299298,
        0.998693147196564,
        0.9979651845060183,
        0.9972675425013874,
        0.9974527858142933,
        0.9989408169670174,
        0.9983007440250179,
        0.9974560419727343,
        0.9980826828143384,
        0.9975769266550293,
        0.999590039608274,
        0.9981870867721172,
        0.9971661003401131,
        0.9995903271051628,
        0.9982725261292459,
        0.9977751607226114,
        0.9977116478661988,
        0.998227265799124,
        0.9987812943380248,
        0.9982091034811927,
        0.9976672333102755,
        0.9987014043011805,
        0.9981500066739774,
        0.9982699553737145,
        0.9981984428056009,
        0.9984012300029618,
        0.9982510676456989,
        0.9987322531086503,
        0.9980533316474793,
        0.997718527642538,
        0.997962643854461,
        0.9979283016446271,
        0.9982509088452677,
        0.9979228726884569,
        0.9977374153705537,
        0.9981154839956439,
        0.9988714071372655,
        0.9956904653490083,
        0.9987605312123695,
        0.9993109760887658,
        0.999185508172718,
        0.9990857476048586,
        0.9989413919607951
    ]
}