{
    "train_loss": [
        0.3236594723744525,
        0.1257918952722792,
        0.11083672109439417,
        0.07745936825112612,
        0.06270795296101521,
        0.06784094384595475,
        0.04621276400414192,
        0.04610359342768788,
        0.036964963653763,
        0.04130714323535493,
        0.03921940705859689,
        0.03280964015155203,
        0.03213277309852721,
        0.01875135808519122,
        0.018571370722148223,
        0.04251574719307461,
        0.019938226319263102,
        0.011357739588237126,
        0.02041413142567897,
        0.01958401864814934,
        0.019861417793435976,
        0.01194935245897526,
        0.015489198913133738,
        0.02507413959958487,
        0.01194125698775342,
        0.07009638050092487,
        0.044913558168681686,
        0.025575084608674473,
        0.014711046753089048,
        0.017039093257928337,
        0.008019381617958532,
        0.007188834601914062,
        0.004747986769534355,
        0.005356555194777212,
        0.0038372737560873954,
        0.004172102881528661,
        0.003770053473393394,
        0.00433080707565144,
        0.0033687324984283703,
        0.004002029822139001,
        0.004156367749803596,
        0.005130861542124034,
        0.004283534064732656,
        0.0037309811469404615,
        0.005909833905375477,
        0.02112401464964259,
        0.03552196643418197,
        0.02518398475809523,
        0.016047597819393827,
        0.008327804486826709
    ],
    "val_loss": [
        0.17104318322214698,
        0.08045335087393012,
        0.08311484421470336,
        0.07380751141213945,
        0.07092053665214085,
        0.049809923861175776,
        0.0567291838316513,
        0.09408732557702544,
        0.062401185664514615,
        0.05248721837831129,
        0.06992374346425224,
        0.08111107797178972,
        0.06154691338763639,
        0.04401514431395169,
        0.05115276356601888,
        0.06656394527609726,
        0.056669684162313515,
        0.08272480893148375,
        0.057058464104816915,
        0.05755686421876557,
        0.08856418782306719,
        0.06909710697904561,
        0.06550802440896016,
        0.07598613282191634,
        0.13294480354202928,
        0.08239743791844896,
        0.04446608645230299,
        0.06414290922631542,
        0.06902930566866416,
        0.06926513723997882,
        0.05726138464680324,
        0.07915311523694461,
        0.06048269709000514,
        0.06370999632963503,
        0.06597844008553823,
        0.06777454298272849,
        0.07805851571486398,
        0.0634449042250448,
        0.06653729067758311,
        0.07328579834432146,
        0.0721629069744917,
        0.06882704745787903,
        0.07306138411305645,
        0.0693645281650918,
        0.08837327106058572,
        0.08857989130254802,
        0.13564657190779275,
        0.06808572107131892,
        0.07475795472107295,
        0.06827778880168418
    ],
    "val_mcc": [
        0.7945277210638989,
        0.935696814723559,
        0.9237610739615173,
        0.9373274175170226,
        0.9419352209802198,
        0.9619734012214888,
        0.9490138409300448,
        0.9220170806208295,
        0.9356901152072211,
        0.9429327431976492,
        0.9487586038574594,
        0.9061655286105775,
        0.9562872609897567,
        0.9680029504990797,
        0.9683264276295364,
        0.9370046839423127,
        0.9619734012214888,
        0.92576418335319,
        0.9496148451018895,
        0.9619734012214888,
        0.950758185915023,
        0.9440478140988892,
        0.955005500762401,
        0.9387108231810701,
        0.9061655286105775,
        0.9314886817685234,
        0.9426561528320156,
        0.9436746619263201,
        0.93055501418637,
        0.9622266181792319,
        0.9619734012214888,
        0.9392140044252232,
        0.9619734012214888,
        0.9619734012214888,
        0.9685679077408533,
        0.9619734012214888,
        0.9559090975461851,
        0.9619734012214888,
        0.9683264276295364,
        0.9619734012214888,
        0.9553726834576977,
        0.9619734012214888,
        0.9619734012214888,
        0.9553726834576977,
        0.9393106971013045,
        0.9507506741876679,
        0.9152910777968905,
        0.9556248109340362,
        0.9562174568591345,
        0.9495751421018228
    ],
    "val_auroc": [
        0.9908775275910325,
        0.9968721275791067,
        0.9963212513872604,
        0.9964265307715282,
        0.9965343805976126,
        0.9983428119199372,
        0.9978023235768112,
        0.9965240936174514,
        0.9973953160808783,
        0.9982038778201586,
        0.996175712450905,
        0.9986128231596623,
        0.9982218450956974,
        0.9975380514789315,
        0.9982919944745982,
        0.9975684583885568,
        0.9983428086099758,
        0.9972299978000269,
        0.9985463478973949,
        0.9984997000554084,
        0.9959405043673307,
        0.9977374474760801,
        0.9968117069709885,
        0.997972670702434,
        0.996910247717115,
        0.9958506646796751,
        0.998660523290719,
        0.9984349643761651,
        0.9981811907588395,
        0.9975578722792896,
        0.9979990714333146,
        0.9974581205364742,
        0.9978242094023814,
        0.9978705185623333,
        0.9978426425415963,
        0.9977474900228428,
        0.9965139700618986,
        0.9980248824288394,
        0.9978782384106394,
        0.9975112211273416,
        0.9980107098316523,
        0.9979514984838994,
        0.9977774376887152,
        0.9982229006947293,
        0.996462585884324,
        0.9980172502092465,
        0.9952687885328859,
        0.9977999942584314,
        0.997919107557852,
        0.9980867189141165
    ]
}