{
    "train_loss": [
        0.3016236772139867,
        0.12672678927580516,
        0.07991004958748818,
        0.04874356538057327,
        0.03178179319947958,
        0.022226001011828582,
        0.014346615069856246,
        0.010673290491104126,
        0.007293070604403814,
        0.005727248173207045,
        0.005747983558103442,
        0.004007057022924225,
        0.0032122183591127397,
        0.0027348514335850875,
        0.002383572321074704,
        0.0021245834805692235,
        0.001914889869901041,
        0.0017615942284464835,
        0.0015728268849973877,
        0.0014314928480113546,
        0.0013166456328084072,
        0.0011973055312409996,
        0.001120977154156814,
        0.0010387974985254307,
        0.0009618581389077008,
        0.000909834576305002,
        0.0008406321168877185,
        0.0008039811626076698,
        0.0007382805381591121,
        0.0006969122836987178,
        0.0006554361199960113,
        0.0006329864806806048,
        0.0005865802677969138,
        0.0005538223078474403,
        0.0005278185398007433,
        0.0005087698169518262,
        0.000534510292345658,
        0.0004599135097426673,
        0.0004411981557495892,
        0.0004233187122736126,
        0.00040187457537588976,
        0.0003843568808709582,
        0.0003687065094709396,
        0.0003563387804509451,
        0.00034373075662491224,
        0.00032804059446789324,
        0.00031713604112155737,
        0.00030872750406463943,
        0.00029583032980250813,
        0.00028417802920254566
    ],
    "val_loss": [
        0.17757727578282356,
        0.08694621082395315,
        0.07488349080085754,
        0.08699464378878474,
        0.0725539973936975,
        0.09898586152121425,
        0.051404060795903206,
        0.06991106877103448,
        0.053262598579749465,
        0.06241370283532888,
        0.05889470945112407,
        0.06464901112485677,
        0.05519995547365397,
        0.058726095710881054,
        0.06386290863156319,
        0.06449802202405408,
        0.06532438041176647,
        0.06745578080881387,
        0.06575701769907027,
        0.06834691533003934,
        0.07083515365957282,
        0.06969314583693631,
        0.07150700269266963,
        0.07188652208424173,
        0.0727961611119099,
        0.07281965363654308,
        0.0746109077881556,
        0.07588610920356587,
        0.0742264733707998,
        0.07440932177996729,
        0.07520218417630531,
        0.07685140099783894,
        0.07936903114023153,
        0.07858222050708719,
        0.07898916502017528,
        0.07870093832025304,
        0.07962012483039871,
        0.08044697908917442,
        0.08019218266417738,
        0.08027685072738677,
        0.08120677903934848,
        0.0810422560753068,
        0.08116393951058853,
        0.0816130291641457,
        0.08160800077894237,
        0.0827099223897676,
        0.08297704693541164,
        0.08299304424872389,
        0.08284269870637218,
        0.08335976717353333
    ],
    "val_mcc": [
        0.8923997227248791,
        0.9253193580085162,
        0.9444083040750081,
        0.9266325832219493,
        0.9266325832219493,
        0.9266325832219493,
        0.9444083040750081,
        0.9444083040750081,
        0.9444083040750081,
        0.9444083040750081,
        0.9444083040750081,
        0.9444083040750081,
        0.9444083040750081,
        0.9444083040750081,
        0.9444083040750081,
        0.9444083040750081,
        0.9444083040750081,
        0.9444083040750081,
        0.9444083040750081,
        0.9444083040750081,
        0.9444083040750081,
        0.9444083040750081,
        0.9444083040750081,
        0.9444083040750081,
        0.9444083040750081,
        0.9444083040750081,
        0.9444083040750081,
        0.9444083040750081,
        0.9444083040750081,
        0.9444083040750081,
        0.9444083040750081,
        0.9444083040750081,
        0.9444083040750081,
        0.9444083040750081,
        0.9444083040750081,
        0.9444083040750081,
        0.9444083040750081,
        0.9444083040750081,
        0.9444083040750081,
        0.9444083040750081,
        0.9444083040750081,
        0.9444083040750081,
        0.9444083040750081,
        0.9444083040750081,
        0.9444083040750081,
        0.9444083040750081,
        0.9444083040750081,
        0.9444083040750081,
        0.9444083040750081,
        0.9444083040750081
    ],
    "val_auroc": [
        0.996069439895185,
        0.9977071732721913,
        0.9980347199475925,
        0.9983622666229938,
        0.998689813298395,
        0.998689813298395,
        0.9990173599737964,
        0.9990173599737964,
        0.9990173599737964,
        0.9990173599737964,
        0.9990173599737964,
        0.9990173599737964,
        0.9990173599737964,
        0.9990173599737964,
        0.9990173599737964,
        0.9990173599737964,
        0.9990173599737964,
        0.9990173599737964,
        0.9990173599737964,
        0.9990173599737964,
        0.9990173599737964,
        0.9990173599737964,
        0.9990173599737964,
        0.9990173599737964,
        0.9990173599737964,
        0.9990173599737964,
        0.9990173599737964,
        0.9990173599737964,
        0.9990173599737964,
        0.9990173599737964,
        0.9990173599737964,
        0.9990173599737964,
        0.9990173599737964,
        0.9990173599737964,
        0.9990173599737964,
        0.9990173599737964,
        0.9990173599737964,
        0.9990173599737964,
        0.9990173599737964,
        0.9990173599737964,
        0.9990173599737964,
        0.9990173599737964,
        0.9990173599737964,
        0.9990173599737964,
        0.9990173599737964,
        0.9990173599737964,
        0.9990173599737964,
        0.9990173599737964,
        0.9990173599737964,
        0.9990173599737964
    ]
}