{
    "train_loss": [
        0.336900786558787,
        0.14552095284064612,
        0.10637877235809962,
        0.0587058915446202,
        0.03126431529720624,
        0.019661706561843555,
        0.012892901028196017,
        0.009496280644088983,
        0.007135278048614661,
        0.005838352628052235,
        0.0048697079376628,
        0.004238066558415691,
        0.0036683892210324603,
        0.003237778972834349,
        0.002911141918351253,
        0.0025988974298040072,
        0.0023493481799960136,
        0.0021338195151959856,
        0.001965649224196871,
        0.001828606651785473,
        0.0016481864654148619,
        0.0015430545744796595,
        0.001428950042463839,
        0.0013246206101030112,
        0.001243432789730529,
        0.0011631387130667766,
        0.0010898320547615488,
        0.0010465428737613063,
        0.0009692593865717451,
        0.0009158051960791151,
        0.0008649438192757467,
        0.0008215173419254522,
        0.0007756718861249586,
        0.00073509350962316,
        0.0006966395808073382,
        0.0006737420490632455,
        0.000641120842192322,
        0.0006091395043767989,
        0.0005781356613927831,
        0.0005568430681402484,
        0.0005354009995547433,
        0.0005075901824360093,
        0.0004902025781727085,
        0.00046991333753491443,
        0.0004507764747055868,
        0.0004329557627594719,
        0.00041623503202572467,
        0.0004023464357790848,
        0.000386805438514178,
        0.00037359649043840665
    ],
    "val_loss": [
        0.22267278656363487,
        0.14098542369902134,
        0.12835214100778103,
        0.11823373008519411,
        0.11067689675837755,
        0.12222676165401936,
        0.11753416643477976,
        0.11914793960750103,
        0.12644809670746326,
        0.12740911403670907,
        0.1312777460552752,
        0.13274956261739135,
        0.13289987156167626,
        0.13559785322286189,
        0.13612543744966388,
        0.13902862137183547,
        0.14037162018939853,
        0.14219046384096146,
        0.14315114979399368,
        0.14449279330438003,
        0.1452697755303234,
        0.14648338471306488,
        0.14820745214819908,
        0.14898671105038375,
        0.1500776075408794,
        0.15122240682831034,
        0.15241823968244717,
        0.1534627857618034,
        0.15442925188108347,
        0.1554510712157935,
        0.1559395244694315,
        0.15657125023426488,
        0.15756340496591292,
        0.15843525348464027,
        0.15927656972780824,
        0.15998978284187615,
        0.16077624389436096,
        0.16167319696978666,
        0.16230038431240246,
        0.1628723833418917,
        0.16351460953592323,
        0.16419943870278075,
        0.16489946554065682,
        0.1655001709877979,
        0.16621790439239703,
        0.16670101547788363,
        0.1673395953112049,
        0.16807577914732974,
        0.16894942504586652,
        0.16954418757813983
    ],
    "val_mcc": [
        0.8714893406611902,
        0.9433397594898876,
        0.907605465436683,
        0.9258200997725514,
        0.9245181185940877,
        0.9245181185940877,
        0.9441549509633318,
        0.9054466190452621,
        0.9245181185940877,
        0.9441549509633318,
        0.9245181185940877,
        0.9245181185940877,
        0.9441549509633318,
        0.9245181185940877,
        0.9441549509633318,
        0.9441549509633318,
        0.9245181185940877,
        0.9245181185940877,
        0.9245181185940877,
        0.9245181185940877,
        0.9441549509633318,
        0.9441549509633318,
        0.9245181185940877,
        0.9441549509633318,
        0.9441549509633318,
        0.9441549509633318,
        0.9441549509633318,
        0.9441549509633318,
        0.9441549509633318,
        0.9441549509633318,
        0.9441549509633318,
        0.9441549509633318,
        0.9441549509633318,
        0.9441549509633318,
        0.9441549509633318,
        0.9441549509633318,
        0.9441549509633318,
        0.9441549509633318,
        0.9441549509633318,
        0.9441549509633318,
        0.9441549509633318,
        0.9441549509633318,
        0.9441549509633318,
        0.9441549509633318,
        0.9441549509633318,
        0.9441549509633318,
        0.9441549509633318,
        0.9441549509633318,
        0.9441549509633318,
        0.9441549509633318
    ],
    "val_auroc": [
        0.9837962962962963,
        0.9880952380952381,
        0.9884259259259259,
        0.986111111111111,
        0.9874338624338624,
        0.9847883597883598,
        0.988095238095238,
        0.9880952380952381,
        0.9880952380952381,
        0.9887566137566137,
        0.9880952380952381,
        0.9894179894179894,
        0.9894179894179894,
        0.9894179894179894,
        0.9897486772486772,
        0.9900793650793651,
        0.9897486772486772,
        0.9900793650793651,
        0.9900793650793651,
        0.9900793650793651,
        0.9900793650793651,
        0.9900793650793651,
        0.9900793650793651,
        0.9900793650793651,
        0.9900793650793651,
        0.9900793650793651,
        0.9900793650793651,
        0.9900793650793651,
        0.9900793650793651,
        0.9900793650793651,
        0.9900793650793651,
        0.9900793650793651,
        0.9900793650793651,
        0.9900793650793651,
        0.9900793650793651,
        0.9900793650793651,
        0.9900793650793651,
        0.9897486772486772,
        0.9897486772486772,
        0.9897486772486772,
        0.9897486772486772,
        0.9897486772486772,
        0.9897486772486772,
        0.9897486772486772,
        0.9897486772486772,
        0.9897486772486772,
        0.9897486772486772,
        0.9897486772486772,
        0.9897486772486772,
        0.9897486772486772
    ]
}