{
    "train_loss": [
        0.40575859546661375,
        0.16952871431907018,
        0.10069681977232298,
        0.06501461304724217,
        0.04858365965386232,
        0.02871156676361958,
        0.023309185666342578,
        0.012808936772247155,
        0.009061242577930291,
        0.007320027519017458,
        0.005603080041085681,
        0.004794224631041288,
        0.004113379027694463,
        0.003616178594529629,
        0.0032488381179670493,
        0.0028804544514666,
        0.0026195909672727187,
        0.0023699917209645113,
        0.0021802096317211786,
        0.0020026938524097203,
        0.001844326911183695,
        0.0017091616289690136,
        0.0015876725936929384,
        0.0014673398962865272,
        0.0014022406733905275,
        0.0012973711903517444,
        0.0012140885926783084,
        0.0011365022199849287,
        0.0010797795994828144,
        0.001018509086376677,
        0.0009561254022022089,
        0.0009280342375859619,
        0.000863447436131537,
        0.0008272303850390017,
        0.0007829425934081277,
        0.0007497360852236549,
        0.0007196841218198339,
        0.0006899273178229729,
        0.0006480726219403247,
        0.000625585011827449,
        0.0006026982213370502,
        0.0005716484660903613,
        0.0005475901416502893,
        0.000529787972724686,
        0.0005066376509300123,
        0.0004878220866279056,
        0.0004738860336753229,
        0.00045034496967370313,
        0.00043583906954154373,
        0.0004246087900052468
    ],
    "val_loss": [
        0.24931921809911728,
        0.13922145776450634,
        0.10779487900435925,
        0.10878239199519157,
        0.06939318031072617,
        0.09826854057610035,
        0.08350392058491707,
        0.07580035738646984,
        0.10903269052505493,
        0.12552342750132084,
        0.0852122912183404,
        0.09698274452239275,
        0.10620938427746296,
        0.10567387100309134,
        0.10617192555218935,
        0.11617395095527172,
        0.11622277833521366,
        0.1115305982530117,
        0.11407026462256908,
        0.11550910212099552,
        0.11746065318584442,
        0.11578741297125816,
        0.11795666255056858,
        0.11608686111867428,
        0.1180241983383894,
        0.12333675473928452,
        0.12264380976557732,
        0.1247192993760109,
        0.11926915496587753,
        0.12040475197136402,
        0.12213173881173134,
        0.12255142629146576,
        0.12863987311720848,
        0.12739817798137665,
        0.1267548855394125,
        0.1266384068876505,
        0.12589422427117825,
        0.1264817100018263,
        0.12564836256206036,
        0.12657090835273266,
        0.12663386575877666,
        0.12813755683600903,
        0.12863384932279587,
        0.1267546061426401,
        0.1284327693283558,
        0.12956387363374233,
        0.12908003479242325,
        0.12912475131452084,
        0.12961537949740887,
        0.1313454434275627
    ],
    "val_mcc": [
        0.8219277191853159,
        0.9286112429750731,
        0.9286112429750731,
        0.9286112429750731,
        0.9457507306074072,
        0.9457507306074072,
        0.9286112429750731,
        0.9286112429750731,
        0.9118992727752026,
        0.9118992727752026,
        0.9286112429750731,
        0.9118992727752026,
        0.9118992727752026,
        0.9118992727752026,
        0.9118992727752026,
        0.9118992727752026,
        0.9118992727752026,
        0.9118992727752026,
        0.9118992727752026,
        0.9118992727752026,
        0.9118992727752026,
        0.9118992727752026,
        0.9118992727752026,
        0.9118992727752026,
        0.9118992727752026,
        0.9118992727752026,
        0.9118992727752026,
        0.9118992727752026,
        0.9118992727752026,
        0.9118992727752026,
        0.9118992727752026,
        0.9118992727752026,
        0.9118992727752026,
        0.9118992727752026,
        0.9118992727752026,
        0.9118992727752026,
        0.9118992727752026,
        0.9118992727752026,
        0.9118992727752026,
        0.9118992727752026,
        0.9118992727752026,
        0.9118992727752026,
        0.9118992727752026,
        0.9118992727752026,
        0.9118992727752026,
        0.9118992727752026,
        0.9118992727752026,
        0.9118992727752026,
        0.9118992727752026,
        0.9118992727752026
    ],
    "val_auroc": [
        0.9837962962962964,
        0.9976851851851851,
        0.9996693121693122,
        0.9996693121693122,
        1.0,
        1.0,
        1.0,
        1.0,
        1.0,
        1.0,
        1.0,
        1.0,
        1.0,
        1.0,
        1.0,
        1.0,
        1.0,
        1.0,
        1.0,
        1.0,
        1.0,
        1.0,
        1.0,
        1.0,
        1.0,
        1.0,
        1.0,
        1.0,
        1.0,
        1.0,
        1.0,
        1.0,
        1.0,
        1.0,
        1.0,
        1.0,
        1.0,
        1.0,
        1.0,
        1.0,
        1.0,
        1.0,
        1.0,
        1.0,
        1.0,
        1.0,
        1.0,
        1.0,
        1.0,
        1.0
    ]
}