{
    "train_loss": [
        0.3351324071486791,
        0.16580964426199596,
        0.09517648691932361,
        0.07381623350083828,
        0.05793641755978266,
        0.03784336280077696,
        0.027101198956370354,
        0.019573197700083256,
        0.013065731773773829,
        0.009950533447166284,
        0.007429185695946217,
        0.00608846532801787,
        0.005060132623960574,
        0.004377430786068241,
        0.003846879644940297,
        0.0034238599396000306,
        0.003046021889895201,
        0.0027275589993223546,
        0.0025005985672275225,
        0.0022847698380549747,
        0.0020902518338213366,
        0.0019030472030863166,
        0.0017838560044765473,
        0.0016371073434129357,
        0.0015191465461005767,
        0.0014048814152677854,
        0.0013175171644737324,
        0.0012264739722013473,
        0.0011495812252784769,
        0.001070503102770696,
        0.0010114790328467885,
        0.0009549004763054352,
        0.0008982046507298947,
        0.0008489642331066231,
        0.0007913845785272618,
        0.0007569931796751917,
        0.0007136022284006079,
        0.0006787411364105841,
        0.0006411281142694254,
        0.000610336607011656,
        0.0005871745175682008,
        0.0005514896765816957,
        0.0005324811791069806,
        0.0005047802425300081,
        0.00048524982606371243,
        0.0004647449415642768,
        0.0004437665726679067,
        0.000425886382193615,
        0.0004102833045180887,
        0.0003945865474330882
    ],
    "val_loss": [
        0.22620171867311,
        0.17624963633716106,
        0.16835672315210104,
        0.12769801542162895,
        0.13698579324409366,
        0.12403376260772347,
        0.13587129418738186,
        0.13896550284698606,
        0.15306842559948564,
        0.15529867471195757,
        0.16084656142629683,
        0.16674222308211029,
        0.17073762963991612,
        0.17514825449325144,
        0.1777459432487376,
        0.17993573634885252,
        0.18214387079933658,
        0.18655846238834783,
        0.18903407757170498,
        0.19066346803447232,
        0.19421870645601302,
        0.19592747173737735,
        0.19726669928058982,
        0.2004301554406993,
        0.20273275236831978,
        0.20482999394880608,
        0.20681483842781745,
        0.20822583479457535,
        0.2102604312240146,
        0.2117886497580912,
        0.21296883095055819,
        0.21419538394548,
        0.21598471893230453,
        0.21707089646952227,
        0.21853350565652363,
        0.21942500642035156,
        0.2211538995616138,
        0.22262998572841752,
        0.22368709946749732,
        0.22520286520011723,
        0.22637718218902592,
        0.22797049445216544,
        0.22914916298759636,
        0.2304822089499794,
        0.23165256467473228,
        0.23294203614932485,
        0.2338523977668956,
        0.23499798333796207,
        0.23632223924505524,
        0.2377298956271261
    ],
    "val_mcc": [
        0.8318307230351194,
        0.8503120383861473,
        0.8520848856485194,
        0.8896062549754361,
        0.8688882312695652,
        0.9063785942932301,
        0.8884606304270842,
        0.9063785942932301,
        0.9063785942932301,
        0.9063785942932301,
        0.9063785942932301,
        0.9063785942932301,
        0.9063785942932301,
        0.9063785942932301,
        0.9063785942932301,
        0.9063785942932301,
        0.9063785942932301,
        0.9063785942932301,
        0.9063785942932301,
        0.9063785942932301,
        0.9063785942932301,
        0.9063785942932301,
        0.9063785942932301,
        0.9063785942932301,
        0.9063785942932301,
        0.9063785942932301,
        0.9063785942932301,
        0.9063785942932301,
        0.9063785942932301,
        0.9063785942932301,
        0.9063785942932301,
        0.9063785942932301,
        0.9063785942932301,
        0.9063785942932301,
        0.9063785942932301,
        0.9063785942932301,
        0.9063785942932301,
        0.9063785942932301,
        0.9063785942932301,
        0.9063785942932301,
        0.9063785942932301,
        0.9063785942932301,
        0.9063785942932301,
        0.9063785942932301,
        0.9063785942932301,
        0.9063785942932301,
        0.9063785942932301,
        0.9063785942932301,
        0.9063785942932301,
        0.9063785942932301
    ],
    "val_auroc": [
        0.9829675728791352,
        0.989190959711759,
        0.9921388797903701,
        0.99475925319358,
        0.9921388797903702,
        0.9941041598427777,
        0.9941041598427776,
        0.9937766131673763,
        0.9927939731411726,
        0.9934490664919752,
        0.9927939731411726,
        0.9921388797903701,
        0.9921388797903701,
        0.9921388797903701,
        0.9921388797903701,
        0.9924664264657713,
        0.9924664264657713,
        0.9918113331149689,
        0.9921388797903701,
        0.9924664264657713,
        0.9918113331149689,
        0.9921388797903701,
        0.9921388797903701,
        0.9921388797903701,
        0.9921388797903701,
        0.9921388797903701,
        0.9921388797903701,
        0.9921388797903701,
        0.9921388797903701,
        0.9918113331149689,
        0.9921388797903701,
        0.9918113331149689,
        0.9921388797903701,
        0.9918113331149689,
        0.9918113331149689,
        0.9918113331149689,
        0.9918113331149689,
        0.9918113331149689,
        0.9918113331149689,
        0.9921388797903701,
        0.9921388797903701,
        0.9918113331149689,
        0.9921388797903701,
        0.9924664264657713,
        0.9921388797903701,
        0.9921388797903701,
        0.9921388797903701,
        0.9921388797903701,
        0.9921388797903701,
        0.9921388797903701
    ]
}