{
    "train_loss": [
        0.3337118188540141,
        0.15900548348824184,
        0.09323919067780177,
        0.06463834332923095,
        0.047040565560261406,
        0.035025671559075516,
        0.031894876559575396,
        0.019202769050995508,
        0.012826773865769307,
        0.0096887677287062,
        0.006913881500562032,
        0.005416665024434527,
        0.00423533784536024,
        0.0036989464269330105,
        0.0031807609212895233,
        0.002801945960770051,
        0.0025292341597378254,
        0.0022725938896959027,
        0.0020656317627678316,
        0.0018606417424355945,
        0.0017371780859927336,
        0.0015790578909218311,
        0.0014671680905545752,
        0.0013616638878981271,
        0.0012788931373506785,
        0.001175688273118188,
        0.0011137802541876832,
        0.0010299138996439675,
        0.0009668979754981895,
        0.0009230999780508379,
        0.0008601145042727391,
        0.0008169375670452913,
        0.0007776858711925646,
        0.0007379534111047784,
        0.0006946389951432745,
        0.0006648387953949471,
        0.0006551565408396224,
        0.0005992045005162557,
        0.0005721402160512904,
        0.0005444319627713412,
        0.0005195992339091997,
        0.0005030929615410666,
        0.00047813922089214126,
        0.0004575327620841563,
        0.0004438532516360283,
        0.00042834185102644067,
        0.0004050201018496106,
        0.0003924514322231213,
        0.0003758495460109164,
        0.00036313241192450124
    ],
    "val_loss": [
        0.1783307120203972,
        0.10651009809225798,
        0.08452559635043144,
        0.08878075890243053,
        0.07127563934773207,
        0.06551434798166156,
        0.07320870039984584,
        0.06051394855603576,
        0.06604419904761016,
        0.059026411501690745,
        0.06140254659112543,
        0.06623058317927644,
        0.06689095718320459,
        0.06706104410113767,
        0.06683044490637258,
        0.06810660689370707,
        0.06940403737826273,
        0.06942102109314874,
        0.0694309678801801,
        0.07059742158162408,
        0.07046709189307876,
        0.07144753501052037,
        0.0710727411787957,
        0.07253329435479827,
        0.07282550109084696,
        0.07307233891333453,
        0.07362133383867331,
        0.07305058460042346,
        0.07361653071711771,
        0.07404762001533527,
        0.07468630200310145,
        0.07514618526329286,
        0.07507245262968354,
        0.07499570667278022,
        0.07573465735185891,
        0.07634515601966996,
        0.07680924666055944,
        0.0764978660736233,
        0.07715929612459149,
        0.07707675246638246,
        0.07768955583742354,
        0.07811486841819715,
        0.07780557635851437,
        0.07846753377089044,
        0.0787985870410921,
        0.0795202005392639,
        0.08020293797017075,
        0.08085978847520892,
        0.08051079683355056,
        0.08080644573783502
    ],
    "val_mcc": [
        0.9254771399164523,
        0.9621059691482227,
        0.9624387375561093,
        0.943889104146584,
        0.9430521597641348,
        0.9621059691482227,
        0.9624387375561093,
        0.9430521597641348,
        0.9624387375561093,
        0.9624387375561093,
        0.9624387375561093,
        0.9624387375561093,
        0.9624387375561093,
        0.9624387375561093,
        0.9624387375561093,
        0.9624387375561093,
        0.9624387375561093,
        0.9624387375561093,
        0.9624387375561093,
        0.9624387375561093,
        0.9624387375561093,
        0.9624387375561093,
        0.9624387375561093,
        0.9624387375561093,
        0.9624387375561093,
        0.9624387375561093,
        0.9624387375561093,
        0.9624387375561093,
        0.9624387375561093,
        0.9624387375561093,
        0.9624387375561093,
        0.9624387375561093,
        0.9624387375561093,
        0.9624387375561093,
        0.9624387375561093,
        0.9624387375561093,
        0.9624387375561093,
        0.9624387375561093,
        0.9624387375561093,
        0.9624387375561093,
        0.9624387375561093,
        0.9624387375561093,
        0.9624387375561093,
        0.9624387375561093,
        0.9624387375561093,
        0.9624387375561093,
        0.9624387375561093,
        0.9624387375561093,
        0.9624387375561093,
        0.9624387375561093
    ],
    "val_auroc": [
        0.9761904761904762,
        0.9936284372904091,
        0.993963782696177,
        0.9926224010731053,
        0.9949698189134809,
        0.9956405097250167,
        0.994634473507713,
        0.9956405097250167,
        0.994299128101945,
        0.9953051643192489,
        0.9953051643192489,
        0.9949698189134809,
        0.9953051643192489,
        0.9956405097250168,
        0.9956405097250168,
        0.9956405097250168,
        0.9956405097250168,
        0.9956405097250168,
        0.9956405097250168,
        0.9956405097250168,
        0.9956405097250168,
        0.9956405097250168,
        0.9956405097250168,
        0.9956405097250168,
        0.9956405097250168,
        0.9956405097250168,
        0.9956405097250168,
        0.9956405097250168,
        0.9956405097250168,
        0.9956405097250168,
        0.9956405097250168,
        0.9956405097250168,
        0.9956405097250168,
        0.9956405097250168,
        0.9956405097250168,
        0.9956405097250168,
        0.9956405097250168,
        0.9956405097250168,
        0.9956405097250168,
        0.9956405097250168,
        0.9956405097250168,
        0.9956405097250168,
        0.9956405097250168,
        0.9956405097250168,
        0.9956405097250168,
        0.9956405097250168,
        0.9956405097250168,
        0.9956405097250168,
        0.9956405097250168,
        0.9956405097250168
    ]
}