{
    "train_loss": [
        0.4374128133058548,
        0.08756575621664524,
        0.05770751666277647,
        0.045290273334831,
        0.03464568317867815,
        0.03411002783104777,
        0.057751284819096325,
        0.02004117565229535,
        0.02068235008046031,
        0.05357822843361646,
        0.018945566937327386,
        0.02046356366481632,
        0.01834198241122067,
        0.036057336162775754,
        0.016481689363718032,
        0.004776676511391997,
        0.0030122307245619593,
        0.0014851507963612675,
        0.001110909751150757,
        0.0009574976109433919,
        0.0008585041738115251,
        0.0007797723228577524,
        0.000717050553066656,
        0.0006634024728555232,
        0.0006166598526760936,
        0.0005748010182287544,
        0.0005371050967369229,
        0.0005016494571464137,
        0.00046848403289914133,
        0.00043720866669900716,
        0.0004070109687745571,
        0.00037863503384869544,
        0.000352576861041598,
        0.00032783923379611226,
        0.0003049505961826071,
        0.0002823244634782895,
        0.0002611000585602596,
        0.0002409515611361712,
        0.0002214330103015527,
        0.00020339986513135956,
        0.0001868323772214353,
        0.00017228796932613477,
        0.0001589958425029181,
        0.0001473527168855071,
        0.0001373019738821313,
        0.00012840159906772896,
        0.0001205207510793116,
        0.0001133291247242596,
        0.0001069729114533402,
        0.00010104525135830044
    ],
    "val_loss": [
        0.11065638562043507,
        0.031567818174759545,
        0.04084249027073383,
        0.0883897840200613,
        0.013092686887830496,
        0.009116860572248697,
        0.008804445698236426,
        0.005577895635118087,
        0.13115642856185636,
        0.041160461764472224,
        0.042721928912214935,
        0.13708398661886653,
        0.004303652133482198,
        0.0648127462870131,
        0.019350417074747384,
        0.03989877353888005,
        0.03694976846842716,
        0.06913242547307163,
        0.07712730086253335,
        0.07817001931834966,
        0.07507816894212738,
        0.07600283807065959,
        0.07609848107676953,
        0.07687928246256585,
        0.08004499461579447,
        0.08222153331735171,
        0.0835357282194309,
        0.08478487685594398,
        0.08703228883678094,
        0.08902713848510757,
        0.08927752509286317,
        0.09086976420561162,
        0.09258060156328914,
        0.09424421342555434,
        0.09453229029410674,
        0.09663227996982944,
        0.09747485478389233,
        0.09889488271437585,
        0.0995964320609346,
        0.10044890249264427,
        0.10027815621773091,
        0.10062264250882436,
        0.1012472690102489,
        0.1014647018891992,
        0.10155755795130972,
        0.1025043866878453,
        0.10309316041336085,
        0.10363865960001324,
        0.10463091283842611,
        0.10527142609498696
    ],
    "val_mcc": [
        0.973505222533836,
        1.0,
        0.973505222533836,
        0.9473309334313418,
        1.0,
        1.0,
        1.0,
        1.0,
        0.9214426752509267,
        0.9473309334313418,
        0.9473309334313418,
        0.9473309334313418,
        1.0,
        0.9473309334313418,
        0.973505222533836,
        0.9473309334313418,
        0.973505222533836,
        0.9473309334313418,
        0.9473309334313418,
        0.9473309334313418,
        0.9473309334313418,
        0.9473309334313418,
        0.9473309334313418,
        0.9473309334313418,
        0.9473309334313418,
        0.9473309334313418,
        0.9473309334313418,
        0.9473309334313418,
        0.9473309334313418,
        0.9473309334313418,
        0.9473309334313418,
        0.9473309334313418,
        0.9473309334313418,
        0.9473309334313418,
        0.9473309334313418,
        0.9473309334313418,
        0.9473309334313418,
        0.9473309334313418,
        0.9473309334313418,
        0.9473309334313418,
        0.9473309334313418,
        0.9473309334313418,
        0.9473309334313418,
        0.9473309334313418,
        0.9473309334313418,
        0.9473309334313418,
        0.9473309334313418,
        0.9473309334313418,
        0.9473309334313418,
        0.9473309334313418
    ],
    "val_auroc": [
        1.0,
        1.0,
        1.0,
        1.0,
        1.0,
        1.0,
        1.0,
        1.0,
        1.0,
        1.0,
        1.0,
        1.0,
        1.0,
        1.0,
        1.0,
        1.0,
        1.0,
        1.0,
        1.0,
        1.0,
        1.0,
        1.0,
        1.0,
        1.0,
        1.0,
        1.0,
        1.0,
        1.0,
        1.0,
        1.0,
        1.0,
        1.0,
        1.0,
        1.0,
        1.0,
        1.0,
        1.0,
        1.0,
        1.0,
        1.0,
        1.0,
        1.0,
        1.0,
        1.0,
        1.0,
        1.0,
        1.0,
        1.0,
        1.0,
        1.0
    ]
}