{
    "train_loss": [
        0.67130206823349,
        0.5078500151634217,
        0.1824360102415085,
        0.06940438877791166,
        0.06441326169297099,
        0.03416157001629472,
        0.026022960525006057,
        0.044181294925510886,
        0.043130968371406196,
        0.026694934722036122,
        0.04397797961719334,
        0.03619853747077286,
        0.029335800302214922,
        0.03149445126764476,
        0.06516602039337158,
        0.029161818325519562,
        0.010379111883230508,
        0.004527500795666129,
        0.0017246075090952217,
        0.0014293513493612408,
        0.0010776538983918726,
        0.0009026874147821217,
        0.0007889516069553793,
        0.0006919116247445344,
        0.0006132563168648631,
        0.0005434413615148515,
        0.00048515979724470524,
        0.0004356754128821194,
        0.00039339688082691283,
        0.00035610054328572005,
        0.0003244190156692639,
        0.0002968668908579275,
        0.00027245562232565136,
        0.0002504665986634791,
        0.00023070312745403497,
        0.00021209765109233558,
        0.0001949806246557273,
        0.00017885328124975786,
        0.00016412821132689716,
        0.00015015711687738076,
        0.0001374879779177718,
        0.00012546334037324413,
        0.00011457906948635355,
        0.00010454091607243754,
        9.538434314890765e-05,
        8.704260253580287e-05,
        7.957776178955101e-05,
        7.263394873007201e-05,
        6.656050791207236e-05,
        6.093856391089503e-05
    ],
    "val_loss": [
        0.6108327309290568,
        0.3560549815495809,
        0.10400265206893285,
        0.049169907346367836,
        0.028223139389107626,
        0.021044783915082615,
        0.008630550156037012,
        0.07555625975752871,
        0.013927661503354708,
        0.047404706478118896,
        0.0387062719091773,
        0.10508530074730515,
        0.023958710255101323,
        0.0614842331657807,
        0.01004567975178361,
        0.014074173096256951,
        0.006488071056082845,
        0.008103841605285803,
        0.001646226291389515,
        0.001199847300692151,
        0.0010212667790862422,
        0.0008942797624816498,
        0.0007811082953897616,
        0.0006788625032640994,
        0.0005919849694085618,
        0.0005216558541481694,
        0.0004629843751899898,
        0.0004132154378263901,
        0.0003702510051274051,
        0.0003341097229470809,
        0.0003032615447106461,
        0.00027649096834162873,
        0.0002534234372433275,
        0.00023276099818758667,
        0.00021387504239100963,
        0.00019634925411082804,
        0.00018016895046457648,
        0.00016534396854694933,
        0.00015143669346192232,
        0.00013891530397813767,
        0.00012713174995345375,
        0.00011646945010094593,
        0.00010657589640080307,
        9.753187866105388e-05,
        8.935533696785569e-05,
        8.191168308258057e-05,
        7.506974119072159e-05,
        6.896440512112652e-05,
        6.341005306846152e-05,
        5.846260319231078e-05
    ],
    "val_mcc": [
        0.4621247905424446,
        0.9738516810963534,
        0.9473309334313418,
        1.0,
        1.0,
        1.0,
        1.0,
        0.9214426752509267,
        1.0,
        0.9738516810963534,
        0.9738516810963534,
        0.9214426752509267,
        0.9738516810963534,
        0.9738516810963534,
        1.0,
        0.9738516810963534,
        1.0,
        1.0,
        1.0,
        1.0,
        1.0,
        1.0,
        1.0,
        1.0,
        1.0,
        1.0,
        1.0,
        1.0,
        1.0,
        1.0,
        1.0,
        1.0,
        1.0,
        1.0,
        1.0,
        1.0,
        1.0,
        1.0,
        1.0,
        1.0,
        1.0,
        1.0,
        1.0,
        1.0,
        1.0,
        1.0,
        1.0,
        1.0,
        1.0,
        1.0
    ],
    "val_auroc": [
        0.9993333333333333,
        0.9993333333333333,
        0.9993333333333333,
        1.0,
        1.0,
        1.0,
        1.0,
        1.0,
        1.0,
        1.0,
        1.0,
        1.0,
        1.0,
        1.0,
        1.0,
        1.0,
        1.0,
        1.0,
        1.0,
        1.0,
        1.0,
        1.0,
        1.0,
        1.0,
        1.0,
        1.0,
        1.0,
        1.0,
        1.0,
        1.0,
        1.0,
        1.0,
        1.0,
        1.0,
        1.0,
        1.0,
        1.0,
        1.0,
        1.0,
        1.0,
        1.0,
        1.0,
        1.0,
        1.0,
        1.0,
        1.0,
        1.0,
        1.0,
        1.0,
        1.0
    ]
}