{
    "train_loss": [
        0.6642070651054383,
        0.3948222488164902,
        0.11244479827582836,
        0.10891595017164946,
        0.04864519396796822,
        0.03483726158738136,
        0.033412641705945136,
        0.09402799615636467,
        0.06904529836028814,
        0.036945709772408006,
        0.05682691368274391,
        0.07020059679634869,
        0.0483062562532723,
        0.03152363724075258,
        0.024760833382606505,
        0.05338373342528939,
        0.11571091266814619,
        0.04889672743156552,
        0.025607100781053306,
        0.01586808692663908,
        0.03724382920190692,
        0.01236064131371677,
        0.012868937617167831,
        0.02376930998871103,
        0.04071513367816806,
        0.011184966610744595,
        0.008161418605595827,
        0.004629636975005269,
        0.002113623492186889,
        0.001157905743457377,
        0.0010289721190929412,
        0.0009140603826381267,
        0.0008197009563446044,
        0.0007422121125273407,
        0.0006778978335205465,
        0.0006195225054398179,
        0.0005674131971318275,
        0.0005198659404413774,
        0.0004768792248796672,
        0.000437158063868992,
        0.0003997597348643467,
        0.0003665609925519675,
        0.000333543962915428,
        0.00030097049311734737,
        0.00026960379909723997,
        0.00023971213086042552,
        0.00021268900018185378,
        0.00018963793554576113,
        0.000170607547624968,
        0.00015559567254967986
    ],
    "val_loss": [
        0.5609059929847717,
        0.2204410433769226,
        0.04041022372742494,
        0.10061108320951462,
        0.014338143014659485,
        0.020292700345938403,
        0.1042046844959259,
        0.04482995664390425,
        0.020747427828609943,
        0.01017184043303132,
        0.02524155770273258,
        0.029545345654090244,
        0.026918062940239906,
        0.011184699134901166,
        0.06934094429016113,
        0.05433515307959169,
        0.11977711816628774,
        0.04355543716034541,
        0.0045217547643308835,
        0.0034606085003664098,
        0.009510696050710976,
        0.0040794162002081675,
        0.010621559825570634,
        0.0828532303373019,
        0.028367537539452314,
        0.0044274842366576195,
        0.02593674202216789,
        0.0016488741772870223,
        0.0013335758509735267,
        0.0012232086349589129,
        0.00110064620578972,
        0.0009726281374848137,
        0.0008650346620318791,
        0.0007803977835768213,
        0.0007065086004634699,
        0.0006417351736066242,
        0.0005846560622255007,
        0.0005328519134006152,
        0.00048535798365871113,
        0.00044211761754316586,
        0.0004033737350255251,
        0.00036564524634741247,
        0.0003290706081315875,
        0.0002937957615358755,
        0.0002597934120179464,
        0.00022872751287650317,
        0.0002025390761749198,
        0.0001812251090692977,
        0.0001649052477053677,
        0.0001527252073477333
    ],
    "val_mcc": [
        0.0,
        1.0,
        1.0,
        0.9009798587550961,
        1.0,
        0.973505222533836,
        0.9244162777371754,
        0.973505222533836,
        1.0,
        1.0,
        0.973505222533836,
        1.0,
        0.9738516810963534,
        1.0,
        0.9486832980505139,
        0.973505222533836,
        0.9009798587550961,
        0.973505222533836,
        1.0,
        1.0,
        1.0,
        1.0,
        0.973505222533836,
        0.9486832980505139,
        0.973505222533836,
        1.0,
        0.973505222533836,
        1.0,
        1.0,
        1.0,
        1.0,
        1.0,
        1.0,
        1.0,
        1.0,
        1.0,
        1.0,
        1.0,
        1.0,
        1.0,
        1.0,
        1.0,
        1.0,
        1.0,
        1.0,
        1.0,
        1.0,
        1.0,
        1.0,
        1.0
    ],
    "val_auroc": [
        1.0,
        1.0,
        1.0,
        1.0,
        1.0,
        1.0,
        1.0,
        1.0,
        1.0,
        1.0,
        1.0,
        1.0,
        1.0,
        1.0,
        1.0,
        1.0,
        1.0,
        1.0,
        1.0,
        1.0,
        1.0,
        1.0,
        1.0,
        1.0,
        1.0,
        1.0,
        1.0,
        1.0,
        1.0,
        1.0,
        1.0,
        1.0,
        1.0,
        1.0,
        1.0,
        1.0,
        1.0,
        1.0,
        1.0,
        1.0,
        1.0,
        1.0,
        1.0,
        1.0,
        1.0,
        1.0,
        1.0,
        1.0,
        1.0,
        1.0
    ]
}