{
    "train_loss": [
        0.5937630772590637,
        0.23677816540002822,
        0.062483839318156244,
        0.06239423528313637,
        0.027166276052594186,
        0.03003923036158085,
        0.04200937685091048,
        0.017477967287413777,
        0.03187158964574337,
        0.031217366456985474,
        0.015026365639641881,
        0.0648313286015764,
        0.07611209133174271,
        0.025947238644585015,
        0.010057593509554864,
        0.008163464465178549,
        0.012046830041799694,
        0.005220735282637179,
        0.002367072133347392,
        0.007546290999744088,
        0.006427069008350372,
        0.003387568035395816,
        0.0013075806782580912,
        0.0008390240895096212,
        0.0007488613890018314,
        0.0006785979843698442,
        0.000617525473353453,
        0.0005667571676895022,
        0.0005230910232057795,
        0.00048451441980432717,
        0.00045190072269178926,
        0.00042077482503373177,
        0.0003939458110835403,
        0.00036982841265853494,
        0.00034715227375272664,
        0.0003265860548708588,
        0.0003063571290113032,
        0.000287958633271046,
        0.0002705014849198051,
        0.00025322537258034574,
        0.00023795778251951561,
        0.00022248777677305042,
        0.00020841590012423694,
        0.00019473260472295805,
        0.0001805364096071571,
        0.0001675826555583626,
        0.00015306515269912778,
        0.00013753488310612737,
        0.0001229938439792022,
        0.00010889026380027645
    ],
    "val_loss": [
        0.43011433879534405,
        0.0816971988727649,
        0.05366650347908338,
        0.04213795717805624,
        0.10911070959021647,
        0.056422566063702106,
        0.07470976596232504,
        0.052001654519699514,
        0.054048798978328705,
        0.059298042324371636,
        0.05876957454408208,
        0.09721779078245163,
        0.03652436379343271,
        0.04813479259610176,
        0.0391405503032729,
        0.0468446584418416,
        0.05816018305874119,
        0.04327567827810223,
        0.05946274800226092,
        0.04394155183884626,
        0.05923438373914299,
        0.06372662544405709,
        0.0637006395845674,
        0.06459738896228373,
        0.06606208866772552,
        0.0676892683065186,
        0.06901660568837542,
        0.07008893213545282,
        0.07099282329242367,
        0.07172216061250462,
        0.07236577777075581,
        0.07287036808459864,
        0.07337581169849727,
        0.07393454523601879,
        0.0744399774557678,
        0.07497852389496984,
        0.07550577160873218,
        0.07607383527647471,
        0.07672416902399466,
        0.07727878511165424,
        0.07789446911435031,
        0.07847913407749729,
        0.07906201553608601,
        0.07964133152321058,
        0.08026450358859923,
        0.08079605978612865,
        0.08100145101707312,
        0.08097978367247076,
        0.08069290484248388,
        0.08030965671302208
    ],
    "val_mcc": [
        0.9738516810963534,
        0.9738516810963534,
        0.9738516810963534,
        0.9738516810963534,
        0.9473309334313418,
        0.9738516810963534,
        0.9466666666666667,
        0.9738516810963534,
        0.9738516810963534,
        0.973505222533836,
        0.9738516810963534,
        0.9244162777371754,
        0.9738516810963534,
        0.9738516810963534,
        0.9738516810963534,
        0.9738516810963534,
        0.9738516810963534,
        0.9738516810963534,
        0.9738516810963534,
        0.9738516810963534,
        0.9738516810963534,
        0.9738516810963534,
        0.9738516810963534,
        0.9738516810963534,
        0.9738516810963534,
        0.9738516810963534,
        0.9738516810963534,
        0.9738516810963534,
        0.9738516810963534,
        0.9738516810963534,
        0.9738516810963534,
        0.9738516810963534,
        0.9738516810963534,
        0.9738516810963534,
        0.9738516810963534,
        0.9738516810963534,
        0.9738516810963534,
        0.9738516810963534,
        0.9738516810963534,
        0.9738516810963534,
        0.9738516810963534,
        0.9738516810963534,
        0.9738516810963534,
        0.9738516810963534,
        0.9738516810963534,
        0.9738516810963534,
        0.9738516810963534,
        0.9738516810963534,
        0.9738516810963534,
        0.9738516810963534
    ],
    "val_auroc": [
        0.998,
        0.9953333333333333,
        0.9993333333333333,
        0.9993333333333333,
        0.9993333333333333,
        0.9993333333333333,
        0.9993333333333333,
        0.9993333333333333,
        1.0,
        0.9993333333333333,
        1.0,
        1.0,
        0.9993333333333333,
        0.9993333333333333,
        0.9993333333333333,
        0.9993333333333333,
        0.9993333333333333,
        0.9993333333333333,
        0.9993333333333333,
        0.9993333333333333,
        0.9993333333333333,
        0.9993333333333333,
        0.9993333333333333,
        0.9993333333333333,
        0.9993333333333333,
        0.9993333333333333,
        0.9993333333333333,
        0.9993333333333333,
        0.9993333333333333,
        0.9993333333333333,
        0.9993333333333333,
        0.9993333333333333,
        0.9993333333333333,
        0.9993333333333333,
        0.9993333333333333,
        0.9993333333333333,
        0.9993333333333333,
        0.9993333333333333,
        0.9993333333333333,
        0.9993333333333333,
        0.9993333333333333,
        0.9993333333333333,
        1.0,
        1.0,
        1.0,
        1.0,
        1.0,
        1.0,
        1.0,
        1.0
    ]
}