{
    "train_loss": [
        0.6225832939147949,
        0.2922243058681488,
        0.07116539292037487,
        0.030359939951449633,
        0.03326721526682377,
        0.03411763305775821,
        0.018328259838744997,
        0.022679906571283937,
        0.01971220104023814,
        0.026099716452881692,
        0.044128280901350084,
        0.04067631405778229,
        0.024846354057081042,
        0.006032024929299951,
        0.005554354377090931,
        0.0038933294825255873,
        0.002332933247089386,
        0.001393995643593371,
        0.0012210734304971993,
        0.0010578582528978585,
        0.000933764735236764,
        0.000844705174677074,
        0.0007698661182075738,
        0.000703993352362886,
        0.0006458958610892296,
        0.0005924149299971759,
        0.0005440014647319913,
        0.0004986374726286158,
        0.00045790637377649544,
        0.0004205496341455728,
        0.0003866628016112372,
        0.0003564814425772056,
        0.000328735017683357,
        0.00030400159303098915,
        0.000281823895056732,
        0.0002618993516080081,
        0.00024382777191931382,
        0.00022750717616872861,
        0.00021247672120807692,
        0.0001984757953323424,
        0.00018522345781093463,
        0.00017274967831326649,
        0.00016074341110652312,
        0.00014941728441044688,
        0.00013899821205995977,
        0.0001292222375923302,
        0.0001199798243760597,
        0.00011151958024129272,
        0.00010376242644269951,
        9.647451952332631e-05
    ],
    "val_loss": [
        0.4896384576956431,
        0.14008949448664984,
        0.07767391887803872,
        0.08517440098027389,
        0.05771732951203982,
        0.05126657895743847,
        0.09766936923066775,
        0.08801385511954625,
        0.09375825400153796,
        0.05857191622878114,
        0.20642384390036264,
        0.05159052523473898,
        0.050462132319808006,
        0.06422357074916363,
        0.05717922025360167,
        0.07086756887535255,
        0.06829853177381058,
        0.06896594224963337,
        0.07073509797919542,
        0.07259422761853784,
        0.07392120233271271,
        0.0751220181894799,
        0.0763227390513445,
        0.07753234579771136,
        0.078817176943024,
        0.08009180713755389,
        0.08151978848036379,
        0.08290311323556428,
        0.08430707303341478,
        0.08567328016700533,
        0.08702079333791819,
        0.08847166407698144,
        0.08982247137464583,
        0.09108492498247263,
        0.0923432045286366,
        0.09349912297329865,
        0.09464800469383287,
        0.09574963559862226,
        0.09676098356915948,
        0.09781854118530948,
        0.09881620857534774,
        0.09972724524171402,
        0.10066854704443055,
        0.10157612315864147,
        0.10242426246986724,
        0.10329064538139694,
        0.10410191717285973,
        0.104922640035511,
        0.10571403883902046,
        0.10649985582373726
    ],
    "val_mcc": [
        0.814683429872666,
        0.9486832980505139,
        0.9486832980505139,
        0.9486832980505139,
        0.9738516810963534,
        0.9738516810963534,
        0.9244162777371754,
        0.9244162777371754,
        0.8931977372352651,
        0.9738516810963534,
        0.9009798587550961,
        0.9738516810963534,
        0.9738516810963534,
        0.9738516810963534,
        0.9738516810963534,
        0.9738516810963534,
        0.9738516810963534,
        0.9738516810963534,
        0.9738516810963534,
        0.9738516810963534,
        0.9738516810963534,
        0.9738516810963534,
        0.9738516810963534,
        0.9738516810963534,
        0.9738516810963534,
        0.9738516810963534,
        0.9738516810963534,
        0.9738516810963534,
        0.9738516810963534,
        0.9738516810963534,
        0.9738516810963534,
        0.9738516810963534,
        0.9738516810963534,
        0.9738516810963534,
        0.9738516810963534,
        0.9738516810963534,
        0.9738516810963534,
        0.9738516810963534,
        0.9738516810963534,
        0.9738516810963534,
        0.9738516810963534,
        0.9738516810963534,
        0.9738516810963534,
        0.9738516810963534,
        0.9738516810963534,
        0.9738516810963534,
        0.9738516810963534,
        0.9738516810963534,
        0.9738516810963534,
        0.9738516810963534
    ],
    "val_auroc": [
        0.9953333333333333,
        0.9966666666666667,
        0.998,
        0.9973333333333334,
        0.9973333333333334,
        0.9973333333333334,
        0.9973333333333334,
        0.9973333333333334,
        0.9966666666666667,
        0.9966666666666667,
        0.994,
        0.9966666666666667,
        0.9973333333333334,
        0.9973333333333334,
        0.996,
        0.9953333333333333,
        0.9946666666666667,
        0.994,
        0.9913333333333334,
        0.9826666666666667,
        0.9813333333333333,
        0.9813333333333333,
        0.9813333333333333,
        0.9806666666666667,
        0.98,
        0.98,
        0.98,
        0.9806666666666667,
        0.9806666666666667,
        0.9806666666666667,
        0.9806666666666667,
        0.9813333333333333,
        0.9813333333333333,
        0.9813333333333333,
        0.982,
        0.982,
        0.982,
        0.982,
        0.9826666666666667,
        0.9826666666666667,
        0.9826666666666667,
        0.982,
        0.982,
        0.982,
        0.982,
        0.982,
        0.982,
        0.982,
        0.982,
        0.982
    ]
}