{
    "train_loss": [
        0.25651758909225464,
        0.11630349879463514,
        0.08838524638364713,
        0.06671527614817023,
        0.07272194555650155,
        0.06305138959238926,
        0.06494921467577418,
        0.08199459755172332,
        0.07988722498218219,
        0.0978298768401146,
        0.10766821370149653,
        0.06036638083557288,
        0.11056212758024533,
        0.08190747170398632,
        0.06394305573776364,
        0.055616521866371234,
        0.0440429823162655,
        0.0443880851380527,
        0.05430044087891777,
        0.08509831645836433,
        0.05242559341713786,
        0.04498364956428607,
        0.03773695604565243,
        0.03392944556350509,
        0.032938079147910075,
        0.031876135539884366,
        0.030870811144510905,
        0.03706864782143384,
        0.04269481220593055,
        0.04017045406314234,
        0.04034464828049143,
        0.02547125896283736,
        0.02959515667365243,
        0.09184940743725747,
        0.0432847011834383,
        0.041956859982262056,
        0.033971111942082646,
        0.02988184182904661,
        0.07012009558578332,
        0.03509852680532883,
        0.04140327312828352,
        0.03246599123813212,
        0.022087029282314083,
        0.021163853521769246,
        0.02107940153994908,
        0.03173272517354538,
        0.02018336100348582,
        0.013216333060214917,
        0.01877654230532547,
        0.011643348284997046
    ],
    "val_loss": [
        0.09172934107482433,
        0.06082299957051873,
        0.044474591966718435,
        0.1421214637812227,
        0.04955370770767331,
        0.06800591968931258,
        0.025061090476810932,
        0.024302171543240547,
        0.03768070414662361,
        0.086522385943681,
        0.21838537603616714,
        0.0958482816349715,
        0.018188281101174653,
        0.030150358797982335,
        0.17721471935510635,
        0.02707333501894027,
        0.14256456214934587,
        0.026156802661716938,
        0.22159989550709724,
        0.038879144471138716,
        0.025416842428967357,
        0.0890135527588427,
        0.06278340076096356,
        0.14758243970572948,
        0.091077808116097,
        0.162123586749658,
        0.16767061507562175,
        0.06488947884645313,
        0.025448336265981197,
        0.03381244058255106,
        0.13916007708758116,
        0.06406367535237223,
        0.4017268568277359,
        0.14795304369181395,
        0.1478768140077591,
        0.01739463466219604,
        0.170989902690053,
        0.02137855254113674,
        0.030022374587133527,
        0.02597218129085377,
        0.21587798930704594,
        0.09021183755248785,
        0.05430130159948021,
        0.22762032970786095,
        0.2552249515429139,
        0.13371604424901307,
        0.08108538383385167,
        0.12630991823971272,
        0.10744444135343656,
        0.1092240777797997
    ],
    "val_mcc": [
        0.9438975339262832,
        0.9814164735593364,
        0.9633432944855655,
        0.9118992727752026,
        0.9633432944855655,
        0.9633432944855655,
        1.0,
        0.9812328999345131,
        0.9814164735593364,
        0.9457507306074072,
        0.879664438186246,
        0.9457507306074072,
        1.0,
        1.0,
        0.879664438186246,
        0.9814164735593364,
        0.9118992727752026,
        0.9814164735593364,
        0.879664438186246,
        0.9633432944855655,
        1.0,
        0.9286112429750731,
        0.9633432944855655,
        0.9286112429750731,
        0.9457507306074072,
        0.9286112429750731,
        0.9286112429750731,
        0.9814164735593364,
        0.9814164735593364,
        0.9814164735593364,
        0.9118992727752026,
        0.9633432944855655,
        0.8640987597877147,
        0.879664438186246,
        0.9118992727752026,
        0.9814164735593364,
        0.9118992727752026,
        0.9814164735593364,
        0.9814164735593364,
        0.9814164735593364,
        0.879664438186246,
        0.9286112429750731,
        0.9814164735593364,
        0.9286112429750731,
        0.9118992727752026,
        0.9286112429750731,
        0.9814164735593364,
        0.9457507306074072,
        0.9633432944855655,
        0.9814164735593364
    ],
    "val_auroc": [
        0.9976851851851852,
        0.9996693121693122,
        0.9993386243386243,
        0.9996693121693122,
        1.0,
        1.0,
        1.0,
        1.0,
        1.0,
        1.0,
        1.0,
        1.0,
        1.0,
        1.0,
        1.0,
        1.0,
        1.0,
        1.0,
        1.0,
        1.0,
        1.0,
        1.0,
        1.0,
        1.0,
        1.0,
        1.0,
        1.0,
        1.0,
        1.0,
        1.0,
        1.0,
        1.0,
        1.0,
        1.0,
        1.0,
        1.0,
        1.0,
        1.0,
        1.0,
        1.0,
        1.0,
        1.0,
        1.0,
        1.0,
        1.0,
        1.0,
        1.0,
        1.0,
        1.0,
        1.0
    ]
}