{
    "train_loss": [
        0.2787755161523819,
        0.10377246327698231,
        0.09967788538585107,
        0.09988117584337791,
        0.07423644543935855,
        0.06938948178042968,
        0.05810342381397883,
        0.05277339055513342,
        0.0493950491771102,
        0.045209511276334526,
        0.04196097695579131,
        0.04115155007069309,
        0.05784921295319994,
        0.09671079535037279,
        0.04622243649015824,
        0.05068637647976478,
        0.035523149898896614,
        0.03455008299400409,
        0.03776997917642196,
        0.041347984690219164,
        0.030309871304780245,
        0.03512768553725133,
        0.04175652340830614,
        0.027189063451563317,
        0.03175470698624849,
        0.06459040880824128,
        0.042357562389224765,
        0.039306869419912495,
        0.02955303752484421,
        0.03539819644453625,
        0.036291136701280875,
        0.04764473009854555,
        0.02196753052994609,
        0.028306593472370876,
        0.13484799154102803,
        0.07395393010228872,
        0.042866618900249405,
        0.029157317274560533,
        0.023372270120307802,
        0.01768834829951326,
        0.01615436446542541,
        0.013696897402405738,
        0.011777300042255471,
        0.008062528335722163,
        0.006292988812007631,
        0.010387406431254931,
        0.026681919398834,
        0.02037105498990665,
        0.009641492273658514,
        0.011513074462224418
    ],
    "val_loss": [
        0.10907029919326305,
        0.0769376705866307,
        0.17398013081401587,
        0.08337429258972406,
        0.06387499254196882,
        0.07828671880997717,
        0.07942754996474832,
        0.1472541029797867,
        0.08185009367298335,
        0.08392678713425994,
        0.1401061243377626,
        0.17465374094899744,
        0.16568945231847465,
        0.08638997876551002,
        0.1176798750529997,
        0.1263823874760419,
        0.12917959032347426,
        0.09089653356932104,
        0.09826900193002075,
        0.07877526857191697,
        0.11781686590984464,
        0.17100614053197205,
        0.15014935727231205,
        0.20385216164868325,
        0.20153656631009653,
        0.15054734575096518,
        0.062038761971052736,
        0.09384043980389833,
        0.1114082093408797,
        0.07861577381845564,
        0.07925458595855162,
        0.0896092097973451,
        0.11706294456962496,
        0.17544842505594715,
        0.2813650054158643,
        0.0819078596541658,
        0.06898322291090153,
        0.05912469295435585,
        0.06801700295181945,
        0.06724844023119658,
        0.07929828349733725,
        0.10564032140246127,
        0.10826732584973797,
        0.11591258225234924,
        0.11582119431113824,
        0.12263097260438371,
        0.13588257028459338,
        0.10917320531734731,
        0.10886854949058034,
        0.13028413493157132
    ],
    "val_mcc": [
        0.8884606304270842,
        0.9438975339262832,
        0.8552939954562563,
        0.9266092224680211,
        0.9447329926514414,
        0.9253193580085162,
        0.9447329926514414,
        0.8729691484629669,
        0.9068106119605033,
        0.9266092224680211,
        0.9086150974691304,
        0.9086150974691304,
        0.8907389552720495,
        0.962998132394131,
        0.9093049296723977,
        0.9093049296723977,
        0.9086150974691304,
        0.9253193580085162,
        0.9072320103372488,
        0.9444083040750081,
        0.9253193580085162,
        0.9093049296723977,
        0.9266325832219493,
        0.8688882312695652,
        0.9093049296723977,
        0.9253193580085162,
        0.9438975339262832,
        0.962998132394131,
        0.9266092224680211,
        0.9626596790042581,
        0.9266325832219493,
        0.9252853920667758,
        0.9072320103372488,
        0.9093049296723977,
        0.8160571683005166,
        0.9252853920667758,
        0.962998132394131,
        0.962998132394131,
        0.962998132394131,
        0.962998132394131,
        0.962998132394131,
        0.962998132394131,
        0.962998132394131,
        0.962998132394131,
        0.962998132394131,
        0.962998132394131,
        0.962998132394131,
        0.962998132394131,
        0.962998132394131,
        0.962998132394131
    ],
    "val_auroc": [
        0.9957418932197839,
        0.99737962659679,
        0.9970520799213888,
        0.9980347199475925,
        0.998689813298395,
        0.9970520799213888,
        0.9967245332459875,
        0.9977071732721913,
        0.9967245332459875,
        0.99737962659679,
        0.99737962659679,
        0.9967245332459875,
        0.99737962659679,
        0.99737962659679,
        0.9944317065181789,
        0.99475925319358,
        0.9963969865705863,
        0.99737962659679,
        0.9954143465443825,
        0.99737962659679,
        0.9954143465443825,
        0.9937766131673764,
        0.9941041598427776,
        0.9914837864395677,
        0.9957418932197838,
        0.9927939731411726,
        0.9977071732721913,
        0.9937766131673763,
        0.9888634130363576,
        0.9970520799213888,
        0.9986898132983951,
        0.9963969865705863,
        0.9957418932197838,
        0.9963969865705863,
        0.9934490664919751,
        0.9963969865705863,
        0.99737962659679,
        0.9977071732721913,
        0.99737962659679,
        0.996069439895185,
        0.9941041598427777,
        0.9823124795283328,
        0.980019652800524,
        0.9734687192924992,
        0.9806747461513265,
        0.9728136259416967,
        0.9780543727481166,
        0.9868981329839502,
        0.9832951195545365,
        0.9803471994759254
    ]
}