{
    "train_loss": [
        0.2343914692600568,
        0.13173519211510817,
        0.10789036167164644,
        0.06811798643320799,
        0.07724439191321532,
        0.07735671034703652,
        0.04512058179825544,
        0.03795726945002874,
        0.08663177794466416,
        0.07689457998300592,
        0.03988872238745292,
        0.03512908716996511,
        0.02812198658163349,
        0.03439934919588268,
        0.06174052186931173,
        0.02866060792778929,
        0.034121128094072146,
        0.03472625135909766,
        0.0276636993784147,
        0.031280286711019775,
        0.022132331257065138,
        0.01772368416811029,
        0.014969451182211439,
        0.011450805270578712,
        0.010121463293520113,
        0.01046418265226142,
        0.02698460447330338,
        0.02757914784597233,
        0.016881354327779263,
        0.027394861723102317,
        0.00740771727093185,
        0.008574270838289521,
        0.017563650351560985,
        0.019404625221310805,
        0.027188080694759264,
        0.031974890356650576,
        0.01692705856015285,
        0.01022948299262983,
        0.010626698146613005,
        0.033348461679027726,
        0.017943962894302484,
        0.01215850273729302,
        0.002605042405775748,
        0.003689970197835161,
        0.0006960779777728021,
        0.00023714528942946344,
        0.0001359612069791183,
        0.0001086272367198641,
        9.41036494623404e-05,
        8.385190255163858e-05
    ],
    "val_loss": [
        0.09988745022565126,
        0.24680260568857193,
        0.09419800853356719,
        0.21448180032894015,
        0.23950057895854115,
        0.09313595900312066,
        0.0917705986648798,
        0.10976055171340704,
        0.14745764806866646,
        0.15201266668736935,
        0.20458030758891255,
        0.15526820835657418,
        0.18828241497976705,
        0.29099041619338095,
        0.22744856588542461,
        0.12018908653408289,
        0.1448605041950941,
        0.16133427573367953,
        0.12895337981171906,
        0.13483183342032135,
        0.1372403964633122,
        0.14022269914858043,
        0.17912067472934723,
        0.13856362851220183,
        0.14793737235595472,
        0.17712436337023973,
        0.15446428628638387,
        0.13214509026147425,
        0.18246716726571321,
        0.2437864094390534,
        0.15804293099790812,
        0.1419757214607671,
        0.24710899218916893,
        0.19741619285196066,
        0.16322659360594116,
        0.1788186328485608,
        0.17733554064761847,
        0.19534225389361382,
        0.2034293329634238,
        0.1931250724592246,
        0.25899931028834544,
        0.1486097399611026,
        0.20309565014758846,
        0.21781004732474685,
        0.2273905568763439,
        0.24543580417957855,
        0.2522839535595267,
        0.24750454467357486,
        0.24387142869454692,
        0.24467713716148864
    ],
    "val_mcc": [
        0.9433397594898876,
        0.8274517141717178,
        0.9433397594898876,
        0.8894991799933214,
        0.8535639569308375,
        0.962621902223779,
        0.962621902223779,
        0.9246031746031746,
        0.8544784126535336,
        0.9258200997725514,
        0.8894991799933214,
        0.9258200997725514,
        0.9258200997725514,
        0.8714893406611902,
        0.8714893406611902,
        0.9433397594898876,
        0.9258200997725514,
        0.9058238738943076,
        0.9441549509633318,
        0.9258200997725514,
        0.907605465436683,
        0.9246031746031746,
        0.9054466190452621,
        0.9441549509633318,
        0.9441549509633318,
        0.9441549509633318,
        0.9258200997725514,
        0.9433397594898876,
        0.8492063492063492,
        0.907605465436683,
        0.9441549509633318,
        0.9441549509633318,
        0.8061979576344277,
        0.8512809112494895,
        0.9441549509633318,
        0.907605465436683,
        0.8894991799933214,
        0.8512809112494895,
        0.9258200997725514,
        0.8894991799933214,
        0.8714893406611902,
        0.9245181185940877,
        0.9258200997725514,
        0.8864143349643965,
        0.9258200997725514,
        0.9054466190452621,
        0.9054466190452621,
        0.9058238738943076,
        0.9058238738943076,
        0.9058238738943076
    ],
    "val_auroc": [
        0.9857804232804231,
        0.9880952380952381,
        0.9871031746031746,
        0.9847883597883598,
        0.982473544973545,
        0.9831349206349206,
        0.9814814814814814,
        0.980489417989418,
        0.9841269841269841,
        0.9794973544973544,
        0.9768518518518517,
        0.9794973544973544,
        0.9742063492063492,
        0.9662698412698412,
        0.9742063492063492,
        0.9811507936507936,
        0.97255291005291,
        0.9708994708994708,
        0.9778439153439153,
        0.9785052910052909,
        0.9781746031746031,
        0.9781746031746033,
        0.9788359788359788,
        0.9874338624338623,
        0.9890873015873016,
        0.9874338624338624,
        0.9722222222222221,
        0.9761904761904762,
        0.9685846560846562,
        0.970568783068783,
        0.974867724867725,
        0.9854497354497354,
        0.9695767195767195,
        0.9699074074074074,
        0.9742063492063492,
        0.9751984126984128,
        0.9738756613756614,
        0.9712301587301588,
        0.9715608465608465,
        0.9788359788359788,
        0.9735449735449735,
        0.9748677248677249,
        0.974537037037037,
        0.974537037037037,
        0.9844576719576721,
        0.9871031746031746,
        0.9877645502645502,
        0.9877645502645502,
        0.9877645502645502,
        0.9880952380952381
    ]
}