{
    "train_loss": [
        0.2653384692966938,
        0.15897658119599026,
        0.08373370418945948,
        0.07012060328076283,
        0.07772218473255635,
        0.062182095771034555,
        0.06988220866769553,
        0.04947563751290242,
        0.0437502965486298,
        0.055076009780168536,
        0.07741501790781816,
        0.03994141298656662,
        0.035059912502765654,
        0.033817523748924334,
        0.06498100987325112,
        0.04735234035179019,
        0.03635301388179262,
        0.027195663804498813,
        0.019884094378600517,
        0.09815419405543556,
        0.05238441340625286,
        0.07221871986985207,
        0.15364739407474795,
        0.061816696636378766,
        0.0376996047484378,
        0.027413954120129348,
        0.03026851179699103,
        0.030777969490736724,
        0.023761590577972433,
        0.020995910294974843,
        0.024996106652542947,
        0.03952079117298126,
        0.041058171556020776,
        0.024485379721348486,
        0.0347668420135354,
        0.03096744165911029,
        0.013602525026847919,
        0.008431590744294226,
        0.006261469580931589,
        0.003842214796653328,
        0.004285565962588104,
        0.03475469803573408,
        0.13060047837595146,
        0.06366172845785817,
        0.01704870242004593,
        0.014305096179790174,
        0.028637871355749668,
        0.03185927619536718,
        0.006827771046664566,
        0.004006444232072681
    ],
    "val_loss": [
        0.18171831034123898,
        0.054285258054733276,
        0.055996065493673086,
        0.10443748394027352,
        0.05763557460159063,
        0.03717802418395877,
        0.036412101704627275,
        0.028369728825055063,
        0.031659449683502316,
        0.024211019277572632,
        0.03316124563571066,
        0.04481615521945059,
        0.03533211653120816,
        0.015450807637535036,
        0.04223221947904676,
        0.03639166580978781,
        0.04219609050778672,
        0.03031272190855816,
        0.07973613555077463,
        0.04541635769419372,
        0.056299543008208275,
        0.0227545325178653,
        0.04707444179803133,
        0.10393315344117582,
        0.02631342806853354,
        0.03465482604224235,
        0.05337298777885735,
        0.028655272559262812,
        0.020483833272010088,
        0.04864425820414908,
        0.03292673220857978,
        0.09137088467832655,
        0.03470887534786016,
        0.03481136160553433,
        0.06582737065036781,
        0.01899279368808493,
        0.040628887451021,
        0.05684024887159467,
        0.05048222825280391,
        0.043771314223704394,
        0.05590334026783239,
        0.03505812748335302,
        0.03723776317201555,
        0.04534472871455364,
        0.04873937787488103,
        0.060583291662624106,
        0.05962993708817521,
        0.032362370810005814,
        0.04140646636369638,
        0.054693902071448974
    ],
    "val_mcc": [
        0.8890177189675237,
        0.9811382548511067,
        0.9811382548511067,
        0.9254771399164523,
        0.9624387375561093,
        0.9811382548511067,
        0.9811382548511067,
        0.9811382548511067,
        0.9621059691482227,
        0.9811382548511067,
        0.9811382548511067,
        0.9624387375561093,
        0.9811382548511067,
        0.9811382548511067,
        0.9624387375561093,
        0.9811382548511067,
        0.9624387375561093,
        0.9811382548511067,
        0.9624387375561093,
        0.9624387375561093,
        0.9624387375561093,
        0.9621059691482227,
        0.9624387375561093,
        0.9071907117407407,
        0.9811382548511067,
        0.9811382548511067,
        0.9624387375561093,
        0.9811382548511067,
        0.9811382548511067,
        0.9811382548511067,
        0.9811382548511067,
        0.943889104146584,
        0.9811382548511067,
        0.9811382548511067,
        0.943889104146584,
        0.9811382548511067,
        0.9811382548511067,
        0.9811382548511067,
        0.9811382548511067,
        0.9811382548511067,
        0.9621059691482227,
        0.9631494433326853,
        0.9621059691482227,
        0.9811382548511067,
        0.9624387375561093,
        0.9811382548511067,
        0.9624387375561093,
        0.9811382548511067,
        0.9811382548511067,
        0.9811382548511067
    ],
    "val_auroc": [
        0.994634473507713,
        0.9979879275653923,
        0.9986586183769282,
        1.0,
        0.999664654594232,
        0.999664654594232,
        0.999664654594232,
        0.999664654594232,
        0.999664654594232,
        0.999664654594232,
        0.999664654594232,
        0.999664654594232,
        0.999664654594232,
        1.0,
        0.999664654594232,
        0.9989939637826962,
        0.9993293091884642,
        0.9993293091884642,
        0.9919517102615694,
        1.0,
        0.999664654594232,
        0.999664654594232,
        0.999664654594232,
        0.999664654594232,
        0.999664654594232,
        1.0,
        0.999664654594232,
        1.0,
        1.0,
        0.9963112005365526,
        0.999664654594232,
        0.9949698189134809,
        0.9989939637826962,
        0.9993293091884642,
        0.9979879275653923,
        0.999664654594232,
        0.9986586183769282,
        0.9953051643192489,
        0.9983232729711603,
        0.9993293091884642,
        0.9989939637826962,
        1.0,
        0.999664654594232,
        0.9986586183769282,
        0.9993293091884642,
        0.9979879275653923,
        0.9986586183769282,
        0.9993293091884642,
        0.9989939637826962,
        0.9986586183769282
    ]
}