{
    "train_loss": [
        0.37374140943090123,
        0.09650979104141394,
        0.11255262078096469,
        0.09229257721453905,
        0.08700590409959356,
        0.11002515709648529,
        0.1009011843552192,
        0.08985532109315196,
        0.06563732729603847,
        0.049307746595392624,
        0.05155442940692107,
        0.04266675724647939,
        0.04507755876208345,
        0.040822973505904275,
        0.04924722732976079,
        0.047776931710541246,
        0.05169648832331101,
        0.12329890307349463,
        0.08025175300426782,
        0.08030812403497596,
        0.04199125413627674,
        0.03756839710598191,
        0.037336073350161314,
        0.03794446873168151,
        0.035502961937648556,
        0.028399927029386162,
        0.029056584167604645,
        0.024744072292620937,
        0.016674434921393793,
        0.03851761953361953,
        0.05173452645540237,
        0.0933413770981133,
        0.04071410400792956,
        0.03567036869741666,
        0.05597877075585226,
        0.026630042924080045,
        0.019856017463219664,
        0.018289575271774085,
        0.010081987948312113,
        0.007625487725696682,
        0.024826293055472584,
        0.04699047010702392,
        0.025901353933538,
        0.009263451121902714,
        0.0057947024077293465,
        0.012452081606412927,
        0.011597930473120263,
        0.008031663292786106,
        0.0018163406353172225,
        0.0978230295596101
    ],
    "val_loss": [
        0.10316094383597374,
        0.1145439250394702,
        0.06834536790847778,
        0.07727306219749153,
        0.1109730969183147,
        0.0676415900234133,
        0.1179536241106689,
        0.058484483044594526,
        0.10886330204084516,
        0.05257467622868717,
        0.07477031135931611,
        0.057956868316978216,
        0.07334630406694487,
        0.08207377977669239,
        0.07745490339584649,
        0.08230882277712226,
        0.06632734683807939,
        0.19305888004601002,
        0.23512000776827335,
        0.06347162881866097,
        0.06071231979876757,
        0.10907299490645528,
        0.07879228115780279,
        0.0756698225159198,
        0.1256277177017182,
        0.0849426886998117,
        0.12432046927278861,
        0.12356339316465892,
        0.06381384321139194,
        0.04232484457315877,
        0.04718223930103704,
        0.15907186642289162,
        0.06548693098011427,
        0.21886311657726765,
        0.06284714600769803,
        0.07326852803817019,
        0.07385445143154357,
        0.08803726189944427,
        0.23854556982405484,
        0.07536169727609376,
        0.07099040282628266,
        0.05204290920664789,
        0.041895041315001436,
        0.18499811026595125,
        0.18107133674038778,
        0.15100154064930393,
        0.04470472229877487,
        0.059057448321254924,
        0.08983340114355087,
        0.12279646284878254
    ],
    "val_mcc": [
        0.9072320103372488,
        0.9072320103372488,
        0.9438975339262832,
        0.9266325832219493,
        0.9266325832219493,
        0.9444083040750081,
        0.9266092224680211,
        0.9253193580085162,
        0.9461948805559043,
        0.962998132394131,
        0.9266325832219493,
        0.9438975339262832,
        0.9266325832219493,
        0.9266325832219493,
        0.9447329926514414,
        0.9266325832219493,
        0.9444083040750081,
        0.8758931191737623,
        0.8804608268433263,
        0.9626596790042581,
        0.9626596790042581,
        0.9266325832219493,
        0.9444083040750081,
        0.9444083040750081,
        0.9266325832219493,
        0.9444083040750081,
        0.9266325832219493,
        0.9266325832219493,
        0.9814164735593364,
        0.962998132394131,
        0.9626596790042581,
        0.8597628856299069,
        0.9444083040750081,
        0.8439882489871711,
        0.962998132394131,
        0.9444083040750081,
        0.9444083040750081,
        0.9266325832219493,
        0.8758931191737623,
        0.9444083040750081,
        0.9626596790042581,
        0.962998132394131,
        0.9626596790042581,
        0.9291664622950404,
        0.9266325832219493,
        0.9266325832219493,
        0.962998132394131,
        0.9266325832219493,
        0.9444083040750081,
        0.9093049296723977
    ],
    "val_auroc": [
        0.9970520799213889,
        0.99475925319358,
        0.9957418932197838,
        0.9980347199475925,
        0.9980347199475925,
        0.9970520799213888,
        0.9950867998689814,
        0.9977071732721913,
        0.9983622666229939,
        0.9980347199475925,
        0.996069439895185,
        0.9954143465443825,
        0.9941041598427776,
        0.9931215198165738,
        0.9872256796593515,
        0.9885358663609564,
        0.9931215198165738,
        0.986570586308549,
        0.9977071732721913,
        0.9963969865705863,
        0.9950867998689814,
        0.9954143465443825,
        0.9921388797903701,
        0.9888634130363576,
        0.9908286930887652,
        0.9872256796593515,
        0.9891909597117589,
        0.9895185063871601,
        0.99737962659679,
        0.9990173599737964,
        0.9980347199475925,
        0.9963969865705863,
        0.9977071732721913,
        0.9970520799213889,
        0.9944317065181788,
        0.996069439895185,
        0.9970520799213889,
        0.9967245332459875,
        0.996069439895185,
        0.9980347199475925,
        0.9937766131673764,
        0.99737962659679,
        0.998689813298395,
        0.9983622666229938,
        0.9983622666229938,
        0.9977071732721913,
        0.998689813298395,
        0.9990173599737964,
        0.998689813298395,
        0.9941041598427777
    ]
}