{
    "train_loss": [
        0.5607047100861867,
        0.32146617273489636,
        0.16249383638302486,
        0.10670335739850997,
        0.08915903742114703,
        0.09014449591437976,
        0.06759798179070155,
        0.056261237462361655,
        0.061107315868139264,
        0.030672313769658406,
        0.018334949078659218,
        0.013021418328086535,
        0.01031513965378205,
        0.008735813231517871,
        0.007620477676391601,
        0.006924948655068874,
        0.006070979312062264,
        0.005557456395278374,
        0.005058637168258428,
        0.004663385854413112,
        0.004287407097096244,
        0.003955177124589681,
        0.0036698954179883005,
        0.0034398725101103386,
        0.003240653422350685,
        0.0030013717400530974,
        0.0028134067077189686,
        0.0026687262114137413,
        0.0025243000127375126,
        0.00237706508487463,
        0.002255464065819979,
        0.00213029352016747,
        0.0020435583312064408,
        0.0019380611755574742,
        0.0018660107161849737,
        0.0017730284327020249,
        0.0016936537732059756,
        0.0016196938852469126,
        0.001545964127096037,
        0.001482483046129346,
        0.0014280506564925113,
        0.001380863079490761,
        0.0013211616935829321,
        0.0012748396800210079,
        0.0012261915641526382,
        0.0011957363924011589,
        0.001149523879090945,
        0.0011003711183244984,
        0.0010723726397069793,
        0.0010316906031221152
    ],
    "val_loss": [
        0.3901938572525978,
        0.21341250836849213,
        0.11989877745509148,
        0.10576061625033617,
        0.10717010125517845,
        0.1228897012770176,
        0.08549622818827629,
        0.08344236435368657,
        0.11454091547057033,
        0.12057873047888279,
        0.13678154652006924,
        0.13022691174410284,
        0.13212572829797864,
        0.12990449415519834,
        0.13308483525179327,
        0.13641082448884845,
        0.1344499991973862,
        0.13845650339499116,
        0.14205933478660882,
        0.14399049466010183,
        0.1461018564295955,
        0.14807830203790218,
        0.1495589159312658,
        0.15159272646997124,
        0.15351941681001335,
        0.15388423774857074,
        0.1559399679536,
        0.1570820816559717,
        0.15939866052940488,
        0.16029378288658336,
        0.1607822790974751,
        0.16282366964151151,
        0.1641185570624657,
        0.16580198841984384,
        0.16673341239220463,
        0.16776284616207704,
        0.16916037845658138,
        0.17091284695197828,
        0.1720621178392321,
        0.17293644207529724,
        0.17374009566265158,
        0.17604590236442164,
        0.1769697261042893,
        0.17808080787654035,
        0.17891405447153375,
        0.18021821597358212,
        0.18026526187895797,
        0.1812017789343372,
        0.1821537503565196,
        0.18367979663889855
    ],
    "val_mcc": [
        0.9241445201815177,
        0.9241445201815177,
        0.9621059691482227,
        0.9430521597641348,
        0.9241445201815177,
        0.9241445201815177,
        0.9621059691482227,
        0.9430521597641348,
        0.9241445201815177,
        0.9241445201815177,
        0.943889104146584,
        0.9241445201815177,
        0.9241445201815177,
        0.9241445201815177,
        0.9241445201815177,
        0.9241445201815177,
        0.9241445201815177,
        0.9241445201815177,
        0.9241445201815177,
        0.9241445201815177,
        0.9241445201815177,
        0.9241445201815177,
        0.9241445201815177,
        0.9241445201815177,
        0.9241445201815177,
        0.9241445201815177,
        0.9241445201815177,
        0.9241445201815177,
        0.9241445201815177,
        0.9241445201815177,
        0.9241445201815177,
        0.9241445201815177,
        0.9241445201815177,
        0.9241445201815177,
        0.9241445201815177,
        0.9241445201815177,
        0.9241445201815177,
        0.943889104146584,
        0.943889104146584,
        0.943889104146584,
        0.943889104146584,
        0.943889104146584,
        0.943889104146584,
        0.943889104146584,
        0.943889104146584,
        0.943889104146584,
        0.943889104146584,
        0.943889104146584,
        0.943889104146584,
        0.943889104146584
    ],
    "val_auroc": [
        0.9872568745808182,
        0.994634473507713,
        0.9936284372904092,
        0.9936284372904092,
        0.9976525821596244,
        0.9875922199865861,
        0.9983232729711603,
        0.9989939637826962,
        0.9906103286384977,
        0.9936284372904092,
        0.9859154929577465,
        0.9818913480885312,
        0.9862508383635143,
        0.9845741113346747,
        0.9862508383635143,
        0.9869215291750503,
        0.9852448021462106,
        0.9855801475519785,
        0.9862508383635143,
        0.9872568745808181,
        0.9875922199865861,
        0.987927565392354,
        0.987927565392354,
        0.9875922199865861,
        0.98859825620389,
        0.9872568745808181,
        0.987927565392354,
        0.9869215291750503,
        0.9889336016096579,
        0.988262910798122,
        0.987927565392354,
        0.9889336016096579,
        0.98859825620389,
        0.9889336016096579,
        0.98859825620389,
        0.98859825620389,
        0.98859825620389,
        0.9896042924211939,
        0.9892689470154259,
        0.9892689470154259,
        0.9889336016096579,
        0.9899396378269618,
        0.9896042924211939,
        0.9896042924211939,
        0.9896042924211939,
        0.9896042924211939,
        0.9896042924211939,
        0.9896042924211939,
        0.9896042924211939,
        0.9896042924211939
    ]
}