{
    "train_loss": [
        0.5659634033838908,
        0.3105033318201701,
        0.16970267196496328,
        0.10115847984949748,
        0.06694180518388748,
        0.0491148026039203,
        0.06102907011906306,
        0.07789855686326821,
        0.05158213439087073,
        0.03825570891300837,
        0.02933081965893507,
        0.026846099955340225,
        0.022305711234609286,
        0.012161138374358416,
        0.008039982927342256,
        0.0067779088703294596,
        0.00596430745596687,
        0.005325198670228322,
        0.00483473710094889,
        0.004422728500018517,
        0.004051391175016761,
        0.003801644950484236,
        0.003472901415079832,
        0.003259038459509611,
        0.0030368121961752573,
        0.002853481564670801,
        0.0026543303082386654,
        0.0025233171104143064,
        0.002369826224943002,
        0.002252027749394377,
        0.0021430854530384144,
        0.002049520223711928,
        0.001931074890308082,
        0.0018356664261470238,
        0.001759100922693809,
        0.00168034378439188,
        0.001614351764631768,
        0.0015363418962806464,
        0.0014582991600036622,
        0.0014133090541387598,
        0.0013537875919913253,
        0.0012937396221483746,
        0.0012560420592005054,
        0.001223598428380986,
        0.0011596475262194872,
        0.0011226126613716285,
        0.0010883150117782256,
        0.0010420994794306656,
        0.0010005089920014144,
        0.0009782691136933862
    ],
    "val_loss": [
        0.39129726588726044,
        0.20906264707446098,
        0.14113451540470123,
        0.07297462038695812,
        0.04808884859085083,
        0.034762798342853785,
        0.03548217611387372,
        0.036544605158269405,
        0.033436175901442766,
        0.11766230640932918,
        0.05873567168600857,
        0.017698768293485045,
        0.05727618816308677,
        0.0733566777780652,
        0.059105009539052844,
        0.052858807728625834,
        0.0516911253798753,
        0.04988076211884618,
        0.047678526025265455,
        0.04754791455343366,
        0.04591003805398941,
        0.04455467686057091,
        0.04350249585695565,
        0.04268660512752831,
        0.042213572771288455,
        0.041110849764663726,
        0.040965269843582064,
        0.040128369408193976,
        0.039465185604058206,
        0.039015817746985704,
        0.03892215894302353,
        0.03859075024956837,
        0.03837663831654936,
        0.03828330663964152,
        0.03739839472109452,
        0.036789146601222456,
        0.035868097678758204,
        0.037415272381622344,
        0.03770536885713227,
        0.0366927428112831,
        0.036447277350816876,
        0.03625098225893453,
        0.036039193510077894,
        0.03591664295527153,
        0.035946971707744524,
        0.03560928555089049,
        0.035541747987736017,
        0.03522964281728491,
        0.03510422061663121,
        0.03515378912561573
    ],
    "val_mcc": [
        0.9444083040750081,
        0.9461948805559043,
        0.9291664622950404,
        0.9626596790042581,
        0.9814164735593364,
        0.9815845978127674,
        0.9814164735593364,
        0.9814164735593364,
        0.9815845978127674,
        0.8804608268433263,
        0.9461948805559043,
        1.0,
        0.9636589114684625,
        0.9636589114684625,
        0.9636589114684625,
        0.9636589114684625,
        0.9636589114684625,
        0.9636589114684625,
        0.9636589114684625,
        0.9636589114684625,
        0.9815845978127674,
        0.9815845978127674,
        0.9815845978127674,
        0.9815845978127674,
        0.9815845978127674,
        0.9815845978127674,
        0.9815845978127674,
        0.9815845978127674,
        0.9815845978127674,
        0.9815845978127674,
        0.9815845978127674,
        0.9815845978127674,
        0.9815845978127674,
        0.9815845978127674,
        0.9815845978127674,
        0.9815845978127674,
        0.9815845978127674,
        0.9815845978127674,
        0.9815845978127674,
        0.9815845978127674,
        0.9815845978127674,
        0.9815845978127674,
        0.9815845978127674,
        0.9815845978127674,
        0.9815845978127674,
        0.9815845978127674,
        0.9815845978127674,
        0.9815845978127674,
        0.9815845978127674,
        0.9815845978127674
    ],
    "val_auroc": [
        0.9990173599737963,
        0.9993449066491975,
        0.998689813298395,
        0.9993449066491975,
        1.0,
        1.0,
        1.0,
        1.0,
        1.0,
        0.9996724533245988,
        1.0,
        1.0,
        0.9996724533245988,
        0.9993449066491975,
        0.9996724533245988,
        0.9996724533245988,
        0.9996724533245988,
        0.9996724533245988,
        0.9996724533245988,
        0.9996724533245988,
        0.9996724533245988,
        0.9996724533245988,
        0.9996724533245988,
        0.9996724533245988,
        1.0,
        1.0,
        1.0,
        1.0,
        1.0,
        1.0,
        1.0,
        1.0,
        1.0,
        1.0,
        1.0,
        1.0,
        1.0,
        1.0,
        1.0,
        1.0,
        1.0,
        1.0,
        1.0,
        1.0,
        1.0,
        1.0,
        1.0,
        1.0,
        1.0,
        1.0
    ]
}