{
    "train_loss": [
        0.5686266819636027,
        0.3051555464665095,
        0.15475684156020483,
        0.09077563807368279,
        0.08873025625944138,
        0.058777448162436484,
        0.05686095195511977,
        0.047554172575473785,
        0.04484113939106464,
        0.026162095367908478,
        0.015249402076005936,
        0.01214353572577238,
        0.00904142005989949,
        0.007639043467740218,
        0.006684004981070757,
        0.005994176243742307,
        0.005440966443469127,
        0.004943798513462146,
        0.004565655471136173,
        0.004222146018097798,
        0.003908200748264789,
        0.00360702412823836,
        0.003382070114215215,
        0.0031641749665141106,
        0.0029811794869601727,
        0.0027860645515223343,
        0.0026458581443876026,
        0.002466817037202418,
        0.002343477130246659,
        0.0022477190165470042,
        0.002128930987479786,
        0.002000737617102762,
        0.0019205399168034396,
        0.0018205887094760935,
        0.0017489689247061808,
        0.001681508682668209,
        0.001598173170350492,
        0.0015427972733353574,
        0.0014869268983602525,
        0.001418383838608861,
        0.0013660312164574862,
        0.0013189251767471433,
        0.0012704683855796854,
        0.0012120507502307494,
        0.0011764378985390067,
        0.0011305124110852678,
        0.0010997752814243236,
        0.0010595747269690036,
        0.0010177173612949749,
        0.0009884286167410512
    ],
    "val_loss": [
        0.4215683564543724,
        0.23183273896574974,
        0.1527634561061859,
        0.16084749531000853,
        0.13710598833858967,
        0.15122649213299155,
        0.1291184974834323,
        0.12772423727437854,
        0.11097650555893779,
        0.12481105932965875,
        0.15145501238293946,
        0.13623604807071388,
        0.14953573886305094,
        0.15123766148462892,
        0.15381765668280423,
        0.15611601155251265,
        0.1583413063781336,
        0.16152966814115644,
        0.1639157038880512,
        0.1659775241278112,
        0.1692209504544735,
        0.17080334236379713,
        0.1723046253900975,
        0.17451366275781766,
        0.17653296026401222,
        0.17804172146134079,
        0.1799393132678233,
        0.18139077140949667,
        0.1827559766243212,
        0.18449966982007027,
        0.18590005807345733,
        0.1873994502821006,
        0.18870205036364496,
        0.19007362378761172,
        0.191457778098993,
        0.1932458417431917,
        0.19452980678761378,
        0.19592421271954663,
        0.1970651011215523,
        0.1978787236730568,
        0.19915041458443739,
        0.20046519077732228,
        0.20132617498165928,
        0.20233894482953474,
        0.20337187460972928,
        0.20452012927853502,
        0.20552398535073735,
        0.20636233329423703,
        0.20742948644328862,
        0.20846516932942905
    ],
    "val_mcc": [
        0.7853020791783134,
        0.8884606304270842,
        0.9063785942932301,
        0.9252853920667758,
        0.9063785942932301,
        0.9093049296723977,
        0.9438975339262832,
        0.9068106119605033,
        0.9253193580085162,
        0.9438975339262832,
        0.9252853920667758,
        0.9438975339262832,
        0.9252853920667758,
        0.9252853920667758,
        0.9252853920667758,
        0.9252853920667758,
        0.9252853920667758,
        0.9252853920667758,
        0.9252853920667758,
        0.9252853920667758,
        0.9252853920667758,
        0.9252853920667758,
        0.9252853920667758,
        0.9252853920667758,
        0.9252853920667758,
        0.9252853920667758,
        0.9252853920667758,
        0.9252853920667758,
        0.9252853920667758,
        0.9252853920667758,
        0.9252853920667758,
        0.9252853920667758,
        0.9252853920667758,
        0.9252853920667758,
        0.9252853920667758,
        0.9252853920667758,
        0.9252853920667758,
        0.9252853920667758,
        0.9252853920667758,
        0.9252853920667758,
        0.9252853920667758,
        0.9252853920667758,
        0.9252853920667758,
        0.9252853920667758,
        0.9252853920667758,
        0.9252853920667758,
        0.9252853920667758,
        0.9252853920667758,
        0.9252853920667758,
        0.9252853920667758
    ],
    "val_auroc": [
        0.9839502129053391,
        0.9734687192924991,
        0.9754339993449066,
        0.9895185063871602,
        0.9924664264657714,
        0.9937766131673763,
        0.9846053062561415,
        0.9885358663609565,
        0.996069439895185,
        0.9950867998689813,
        0.985260399606944,
        0.989190959711759,
        0.9829675728791353,
        0.9793645594497216,
        0.9823124795283328,
        0.9846053062561415,
        0.9888634130363577,
        0.9882083196855553,
        0.9898460530625615,
        0.9908286930887651,
        0.9898460530625615,
        0.9911562397641663,
        0.9921388797903702,
        0.9918113331149688,
        0.9918113331149688,
        0.9921388797903702,
        0.9918113331149689,
        0.9918113331149689,
        0.9918113331149689,
        0.9918113331149689,
        0.9918113331149689,
        0.9924664264657714,
        0.9927939731411726,
        0.9927939731411726,
        0.9934490664919751,
        0.9927939731411726,
        0.9924664264657714,
        0.9921388797903702,
        0.9931215198165738,
        0.9934490664919751,
        0.9931215198165738,
        0.9931215198165738,
        0.9934490664919751,
        0.9934490664919751,
        0.9937766131673763,
        0.9934490664919751,
        0.9934490664919751,
        0.9937766131673763,
        0.9934490664919751,
        0.9931215198165738
    ]
}