{
    "train_loss": [
        0.5576705912748973,
        0.3130677094062169,
        0.1766906723380089,
        0.10869713028271993,
        0.07225983291864395,
        0.04707361496984959,
        0.03190990947186947,
        0.022973807280262312,
        0.03222651115308205,
        0.11683125284810861,
        0.03365632370114326,
        0.014912742252151171,
        0.009908976498991251,
        0.00806787737334768,
        0.006952602571497361,
        0.006203878639886777,
        0.0056174625642597675,
        0.005102829169481992,
        0.004679073424388965,
        0.004287720906237761,
        0.003975169267505407,
        0.003664254086712996,
        0.0034371893076846995,
        0.0032058811280876397,
        0.0030252150104691585,
        0.002854971184084813,
        0.0026935186237096787,
        0.0024982620651523273,
        0.002369715552777052,
        0.0022481927648186685,
        0.002122626422593991,
        0.0020287913813566167,
        0.001944747978510956,
        0.0018433317619686326,
        0.0017655707352484265,
        0.0016793464620908102,
        0.0016112430409217875,
        0.0015366832492873072,
        0.0014898364044105014,
        0.0014156706631183625,
        0.0013575871397430697,
        0.0013069046971698603,
        0.0012629667374615867,
        0.0012119072722271084,
        0.001183459023013711,
        0.0011396026626850169,
        0.00108945204410702,
        0.001063761580735445,
        0.0010244369584446152,
        0.000991959155847629
    ],
    "val_loss": [
        0.41532378643751144,
        0.2640256881713867,
        0.17091700807213783,
        0.1365298628807068,
        0.11780444905161858,
        0.15066983923316002,
        0.17358850128948689,
        0.10924007929861546,
        0.29163840040564537,
        0.13420513179153204,
        0.11313207261264324,
        0.1480517708696425,
        0.1316406363621354,
        0.12981489161029458,
        0.12892405223101377,
        0.12891659373417497,
        0.12890997296199203,
        0.1283149761147797,
        0.12919172132387757,
        0.1310702993068844,
        0.1320830057375133,
        0.13243756326846778,
        0.13322134409099817,
        0.13336027110926807,
        0.13414826150983572,
        0.13498998852446675,
        0.13552372716367245,
        0.13645226333756,
        0.13730103010311723,
        0.13795478094834834,
        0.13845873612444848,
        0.1390493344515562,
        0.1395058596972376,
        0.1401125603588298,
        0.14068229915574193,
        0.14109771547373384,
        0.14176552882418036,
        0.14209685113746673,
        0.14263584627769887,
        0.14325338788330555,
        0.1434660506201908,
        0.14410155487712473,
        0.14445663429796696,
        0.1451871640747413,
        0.14578173821792006,
        0.1463502881815657,
        0.1469971276819706,
        0.1475364586804062,
        0.1479290728457272,
        0.1483880488667637
    ],
    "val_mcc": [
        0.8714893406611902,
        0.8714893406611902,
        0.9258200997725514,
        0.9258200997725514,
        0.9433397594898876,
        0.9245181185940877,
        0.8674927968252835,
        0.9258200997725514,
        0.8001720985283973,
        0.9063785942932301,
        0.9433397594898876,
        0.9063785942932301,
        0.9063785942932301,
        0.9063785942932301,
        0.9246031746031746,
        0.9246031746031746,
        0.9246031746031746,
        0.9246031746031746,
        0.9246031746031746,
        0.9246031746031746,
        0.9246031746031746,
        0.9246031746031746,
        0.9246031746031746,
        0.9246031746031746,
        0.9246031746031746,
        0.9246031746031746,
        0.9246031746031746,
        0.9246031746031746,
        0.9246031746031746,
        0.9246031746031746,
        0.9246031746031746,
        0.9246031746031746,
        0.9246031746031746,
        0.9246031746031746,
        0.9246031746031746,
        0.9246031746031746,
        0.9246031746031746,
        0.9246031746031746,
        0.9246031746031746,
        0.9246031746031746,
        0.9246031746031746,
        0.9246031746031746,
        0.9246031746031746,
        0.9246031746031746,
        0.9246031746031746,
        0.9246031746031746,
        0.9246031746031746,
        0.9246031746031746,
        0.9246031746031746,
        0.9246031746031746
    ],
    "val_auroc": [
        0.9791666666666666,
        0.9828042328042328,
        0.9616402116402117,
        0.9864417989417988,
        0.976521164021164,
        0.9732142857142857,
        0.966931216931217,
        0.9884259259259259,
        0.9533730158730158,
        0.9831349206349206,
        0.9768518518518517,
        0.9785052910052909,
        0.9788359788359787,
        0.974537037037037,
        0.9761904761904762,
        0.976521164021164,
        0.9768518518518517,
        0.976521164021164,
        0.9755291005291005,
        0.9758597883597884,
        0.9765211640211641,
        0.9765211640211641,
        0.9771825396825398,
        0.9768518518518519,
        0.9765211640211641,
        0.9775132275132276,
        0.9778439153439153,
        0.9775132275132276,
        0.9778439153439153,
        0.978505291005291,
        0.9778439153439153,
        0.9788359788359788,
        0.978505291005291,
        0.978505291005291,
        0.9778439153439153,
        0.9781746031746033,
        0.978505291005291,
        0.978505291005291,
        0.978505291005291,
        0.978505291005291,
        0.978505291005291,
        0.978505291005291,
        0.978505291005291,
        0.978505291005291,
        0.978505291005291,
        0.978505291005291,
        0.978505291005291,
        0.978505291005291,
        0.978505291005291,
        0.978505291005291
    ]
}