{
    "train_loss": [
        0.5724545300006867,
        0.2999278247356415,
        0.16841906706492107,
        0.09408368344108263,
        0.058685985207557675,
        0.052448743705948195,
        0.07455017591516176,
        0.13605702134470146,
        0.06607363273700079,
        0.038542327284812924,
        0.025832005714376768,
        0.020994472689926623,
        0.02002771825840076,
        0.02698392520348231,
        0.016389983085294563,
        0.014453294624884924,
        0.013360211749871571,
        0.012621974696715672,
        0.011665795308848223,
        0.01121268601467212,
        0.010017521741489569,
        0.00923945711304744,
        0.008540456307431062,
        0.0074309115298092365,
        0.006314583666001757,
        0.005191818795477351,
        0.004481240827590227,
        0.0039170230738818645,
        0.003566943434998393,
        0.0032834852890421947,
        0.0030600660170118014,
        0.002898946140582363,
        0.002754493011161685,
        0.002599057019688189,
        0.002492371457628906,
        0.0023628205216179293,
        0.002265214640647173,
        0.002156373579055071,
        0.002058562256085376,
        0.001921020463729898,
        0.0017976195318624376,
        0.0017108530271798372,
        0.0016404498523722093,
        0.0015838190369928877,
        0.0015236890486751995,
        0.0014653702344124516,
        0.0014163735400264462,
        0.0013706679455935955,
        0.001322397741023451,
        0.0012826415748956302
    ],
    "val_loss": [
        0.4186132326722145,
        0.21999864280223846,
        0.159897368401289,
        0.13136856630444527,
        0.10010991990566254,
        0.14812033623456955,
        0.11759161949157715,
        0.11215059459209442,
        0.15639367513358593,
        0.13019665703177452,
        0.1097294595092535,
        0.15245475992560387,
        0.10865065827965736,
        0.1802949607372284,
        0.14916137605905533,
        0.18606264889240265,
        0.1840098574757576,
        0.18540408834815025,
        0.18560732528567314,
        0.1889631524682045,
        0.1908387802541256,
        0.18927576765418053,
        0.1945890374481678,
        0.1934816762804985,
        0.20596648007631302,
        0.2100217267870903,
        0.21338628977537155,
        0.2120381034910679,
        0.21036961302161217,
        0.2096686027944088,
        0.21095802262425423,
        0.2093292959034443,
        0.2115446738898754,
        0.2106371410191059,
        0.21280579268932343,
        0.21167240291833878,
        0.2120022550225258,
        0.21255043521523476,
        0.2141326479613781,
        0.2157083936035633,
        0.2168053202331066,
        0.21732967719435692,
        0.21880390122532845,
        0.21898765116930008,
        0.21918683871626854,
        0.2202593944966793,
        0.21994439512491226,
        0.22078994289040565,
        0.2224760614335537,
        0.22313931211829185
    ],
    "val_mcc": [
        0.8713438408287706,
        0.8886350389948482,
        0.8955910525085281,
        0.9118992727752026,
        0.9286112429750731,
        0.9118992727752026,
        0.9063785942932301,
        0.9457507306074072,
        0.8640987597877147,
        0.9286112429750731,
        0.9286112429750731,
        0.8955910525085281,
        0.9286112429750731,
        0.9118992727752026,
        0.9118992727752026,
        0.8955910525085281,
        0.8955910525085281,
        0.8955910525085281,
        0.8955910525085281,
        0.8955910525085281,
        0.8955910525085281,
        0.8955910525085281,
        0.8955910525085281,
        0.8955910525085281,
        0.8955910525085281,
        0.8955910525085281,
        0.8955910525085281,
        0.8955910525085281,
        0.8955910525085281,
        0.8955910525085281,
        0.8955910525085281,
        0.8955910525085281,
        0.8955910525085281,
        0.8955910525085281,
        0.8955910525085281,
        0.8955910525085281,
        0.8955910525085281,
        0.8955910525085281,
        0.8955910525085281,
        0.8955910525085281,
        0.8955910525085281,
        0.8955910525085281,
        0.8955910525085281,
        0.8955910525085281,
        0.8955910525085281,
        0.8955910525085281,
        0.8955910525085281,
        0.8955910525085281,
        0.8955910525085281,
        0.8955910525085281
    ],
    "val_auroc": [
        0.9712301587301588,
        0.9953703703703703,
        0.9973544973544973,
        0.9973544973544973,
        0.9973544973544973,
        0.9910714285714286,
        0.9957010582010583,
        0.998015873015873,
        0.9990079365079365,
        0.9990079365079365,
        0.9986772486772487,
        0.9970238095238095,
        0.9986772486772487,
        0.996031746031746,
        0.9963624338624338,
        0.9976851851851851,
        0.9976851851851851,
        0.9973544973544973,
        0.9970238095238095,
        0.9970238095238095,
        0.9970238095238095,
        0.9970238095238095,
        0.9966931216931216,
        0.9970238095238095,
        0.9953703703703703,
        0.9966931216931216,
        0.9963624338624338,
        0.9957010582010581,
        0.9943783068783069,
        0.9933862433862434,
        0.9923941798941799,
        0.9917328042328042,
        0.9920634920634921,
        0.9914021164021164,
        0.9914021164021164,
        0.9914021164021164,
        0.9914021164021164,
        0.9910714285714286,
        0.9907407407407407,
        0.9904100529100529,
        0.9900793650793651,
        0.9894179894179894,
        0.9894179894179894,
        0.9890873015873016,
        0.9897486772486772,
        0.9897486772486772,
        0.9897486772486772,
        0.9897486772486772,
        0.9887566137566137,
        0.9887566137566137
    ]
}