{
    "train_loss": [
        0.5561858773231506,
        0.38472603956858314,
        0.3083282639582952,
        0.2888337234656016,
        0.23527877231438954,
        0.21564574639002482,
        0.17246543020009994,
        0.15506563584009805,
        0.14291480630636216,
        0.14057493458191553,
        0.12280034075180689,
        0.09620192175110182,
        0.10563038686911265,
        0.10802585830291113,
        0.0922505629559358,
        0.09378577619791031,
        0.08904374862710634,
        0.07831698047618071,
        0.2279678087681532,
        0.07639561519026757,
        0.11210994136830171,
        0.09549701611200968,
        0.09350418336689473,
        0.08142174817621708,
        0.10767849336067835,
        0.14319898784160615,
        0.08952877956132094,
        0.11804469103614489,
        0.11564565226435661,
        0.07594613706072172,
        0.10867312848567963,
        0.11057382449507713,
        0.08598007609446844,
        0.08040643731753032,
        0.05778586218754451,
        0.060625631486376126,
        0.06496343333274127,
        0.059093469257156056,
        0.06356980844090382,
        0.06002279371023178,
        0.09997466386606296,
        0.09648320395499468,
        0.1498237415527304,
        0.05223681094745795,
        0.05929172815134128,
        0.0562281317388018,
        0.03696226937075456,
        0.05247024117658536,
        0.0451045369108518,
        0.09747857886056105
    ],
    "val_loss": [
        0.515794463455677,
        0.34456002712249756,
        0.2778329588472843,
        0.24355140700936317,
        0.21288344264030457,
        0.18279112875461578,
        0.17092923447489738,
        0.1546489205211401,
        0.14055428095161915,
        0.13030284456908703,
        0.12195085547864437,
        0.1238867724314332,
        0.11178991850465536,
        0.10806427616626024,
        0.09625531546771526,
        0.09495855867862701,
        0.08865711838006973,
        0.09905363526195288,
        0.08400138467550278,
        0.09515710780397058,
        0.08695263927802444,
        0.09797403402626514,
        0.0773948528803885,
        0.08257278986275196,
        0.08721020352095366,
        0.08693991461768746,
        0.10030178353190422,
        0.0878450945019722,
        0.09585637412965298,
        0.10576424933969975,
        0.09582273475825787,
        0.12834257492795587,
        0.09770960407331586,
        0.0858132247813046,
        0.08327347040176392,
        0.08862867020070553,
        0.0855037362780422,
        0.0991441491059959,
        0.09134372184053063,
        0.08502118242904544,
        0.07314647175371647,
        0.09623429086059332,
        0.1456819677259773,
        0.08531910553574562,
        0.07125915819779038,
        0.07679920154623687,
        0.0764713219832629,
        0.0780426668934524,
        0.07871482777409256,
        0.07513540796935558
    ],
    "val_mcc": [
        0.8688882312695652,
        0.8879790370127744,
        0.9086150974691304,
        0.9266092224680211,
        0.9086150974691304,
        0.9266092224680211,
        0.9266092224680211,
        0.9266092224680211,
        0.9252853920667758,
        0.9252853920667758,
        0.9063785942932301,
        0.9266092224680211,
        0.9068106119605033,
        0.9266092224680211,
        0.9253193580085162,
        0.9447329926514414,
        0.9447329926514414,
        0.9086150974691304,
        0.9266092224680211,
        0.9252853920667758,
        0.9252853920667758,
        0.9252853920667758,
        0.9447329926514414,
        0.9266092224680211,
        0.9252853920667758,
        0.9266092224680211,
        0.9266092224680211,
        0.9252853920667758,
        0.9252853920667758,
        0.9252853920667758,
        0.9253193580085162,
        0.9068106119605033,
        0.9063785942932301,
        0.9253193580085162,
        0.9253193580085162,
        0.9063785942932301,
        0.9253193580085162,
        0.9447329926514414,
        0.9252853920667758,
        0.9252853920667758,
        0.9438975339262832,
        0.9253193580085162,
        0.8884606304270842,
        0.9447329926514414,
        0.9447329926514414,
        0.9447329926514414,
        0.9447329926514414,
        0.9252853920667758,
        0.9438975339262832,
        0.9447329926514414
    ],
    "val_auroc": [
        0.9718309859154929,
        0.987880773010154,
        0.996069439895185,
        0.9970520799213888,
        0.9977071732721913,
        0.9970520799213888,
        0.9977071732721913,
        0.998689813298395,
        0.9970520799213888,
        0.9963969865705863,
        0.9970520799213888,
        0.9970520799213888,
        0.9963969865705863,
        0.9967245332459875,
        0.99737962659679,
        0.99737962659679,
        0.9980347199475925,
        0.9980347199475925,
        0.9977071732721913,
        0.9970520799213888,
        0.99737962659679,
        0.9970520799213888,
        0.9990173599737964,
        0.9977071732721914,
        0.9970520799213888,
        0.9977071732721913,
        0.99737962659679,
        0.99737962659679,
        0.9950867998689813,
        0.99475925319358,
        0.9944317065181789,
        0.9918113331149688,
        0.996069439895185,
        0.9967245332459875,
        0.9967245332459875,
        0.9970520799213889,
        0.9973796265967901,
        0.9963969865705863,
        0.9963969865705863,
        0.99737962659679,
        0.9967245332459875,
        0.9950867998689813,
        0.9941041598427776,
        0.9983622666229938,
        0.9977071732721914,
        0.9977071732721914,
        0.9983622666229939,
        0.9973796265967901,
        0.99737962659679,
        0.99737962659679
    ]
}