{
    "train_loss": [
        0.4986203690369924,
        0.35248860716819763,
        0.2918091654777527,
        0.22657718261082968,
        0.21832316021124523,
        0.18277590175469716,
        0.15385173708200456,
        0.14883016645908356,
        0.13535120238860449,
        0.14007587730884552,
        0.12333838691314061,
        0.10290917456150055,
        0.11141414592663447,
        0.19156947458783785,
        0.10503096207976341,
        0.09702136367559433,
        0.09135002170999845,
        0.07913564207653205,
        0.07780098989605903,
        0.10115042577187221,
        0.0772344467540582,
        0.08959211309750875,
        0.0911286020030578,
        0.09093530674775442,
        0.06450050038595995,
        0.07411054323116938,
        0.08865620158612728,
        0.11788775796691577,
        0.0566399992754062,
        0.05730170564105113,
        0.061114662885665895,
        0.06446782959004244,
        0.04166192803531885,
        0.14246504766245682,
        0.1119306664293011,
        0.04293606790403525,
        0.060203980281949045,
        0.06430271342396736,
        0.05717591162150105,
        0.03825923837721348,
        0.09102438017725945,
        0.06781860260913769,
        0.09652780244747798,
        0.06499905784924825,
        0.0771671491364638,
        0.050899109927316506,
        0.03549627438187599,
        0.05213570467506846,
        0.029364732032020887,
        0.05077511904140313
    ],
    "val_loss": [
        0.46148454397916794,
        0.2899569682776928,
        0.2174554131925106,
        0.19562925025820732,
        0.1681032720953226,
        0.1398422997444868,
        0.12189777940511703,
        0.1100653950124979,
        0.09277122095227242,
        0.09363464824855328,
        0.07142561580985785,
        0.07595252152532339,
        0.06927110534161329,
        0.09016463719308376,
        0.09349633613601327,
        0.08989969966933131,
        0.07618419267237186,
        0.06455328827723861,
        0.05566364200785756,
        0.04301481042057276,
        0.06814901856705546,
        0.06081900419667363,
        0.056910610757768154,
        0.06081276712939143,
        0.06696547940373421,
        0.05550353857688606,
        0.0688267583027482,
        0.07214830256998539,
        0.08382815402001143,
        0.06437301146797836,
        0.052416729275137186,
        0.05944005586206913,
        0.05717056919820607,
        0.045952741988003254,
        0.12544736498966813,
        0.10024326201528311,
        0.0641116842161864,
        0.07166441762819886,
        0.051724445540457964,
        0.04288156237453222,
        0.070987478364259,
        0.04821786005049944,
        0.040188034530729055,
        0.069810401648283,
        0.06752431439235806,
        0.05178756616078317,
        0.055425914004445076,
        0.04561090539209545,
        0.04597145086154342,
        0.05580427485983819
    ],
    "val_mcc": [
        0.8709460422707073,
        0.9071907117407407,
        0.9624387375561093,
        0.9254771399164523,
        0.9624387375561093,
        0.9811382548511067,
        0.9624387375561093,
        0.9624387375561093,
        0.9624387375561093,
        0.943889104146584,
        0.9624387375561093,
        0.9624387375561093,
        0.9811382548511067,
        0.9254771399164523,
        0.9254771399164523,
        0.943889104146584,
        0.943889104146584,
        0.943889104146584,
        0.9811382548511067,
        0.9811382548511067,
        0.943889104146584,
        0.943889104146584,
        0.9811382548511067,
        0.9624387375561093,
        0.943889104146584,
        0.9624387375561093,
        0.943889104146584,
        0.943889104146584,
        0.943889104146584,
        0.943889104146584,
        0.9811382548511067,
        0.9624387375561093,
        0.9624387375561093,
        0.9811382548511067,
        0.9071907117407407,
        0.9254771399164523,
        0.943889104146584,
        0.943889104146584,
        0.9624387375561093,
        0.9811382548511067,
        0.9254771399164523,
        0.9811382548511067,
        0.9811382548511067,
        0.9242119382964453,
        0.9624387375561093,
        0.9624387375561093,
        0.9811382548511067,
        0.9621059691482227,
        0.9624387375561093,
        0.9624387375561093
    ],
    "val_auroc": [
        0.9889336016096579,
        0.994299128101945,
        0.9976525821596244,
        0.9966465459423206,
        0.9989939637826962,
        0.999664654594232,
        0.9989939637826962,
        0.9986586183769282,
        0.9993293091884642,
        0.9989939637826962,
        1.0,
        0.9989939637826962,
        0.9993293091884642,
        0.9963112005365526,
        0.9983232729711603,
        0.9963112005365526,
        0.9989939637826962,
        0.9983232729711603,
        0.9993293091884642,
        1.0,
        0.9986586183769282,
        0.999664654594232,
        0.9993293091884642,
        1.0,
        0.9993293091884642,
        0.9989939637826962,
        0.9986586183769282,
        0.9966465459423205,
        0.9956405097250167,
        0.9979879275653923,
        0.9989939637826962,
        0.9993293091884642,
        0.9993293091884642,
        0.9989939637826962,
        0.9916163648558014,
        0.9986586183769282,
        0.9979879275653923,
        0.9976525821596244,
        0.999664654594232,
        1.0,
        0.9989939637826962,
        0.9986586183769282,
        0.9993293091884642,
        0.9973172367538564,
        0.9989939637826962,
        0.9993293091884642,
        0.9989939637826962,
        0.9989939637826962,
        0.999664654594232,
        0.9993293091884642
    ]
}