{
    "train_loss": [
        0.5250470300515493,
        0.3785346468289693,
        0.3054116090138753,
        0.2713906149069468,
        0.2105858653783798,
        0.19299029409885407,
        0.15568768630425137,
        0.16374197403589885,
        0.17456387728452682,
        0.1509919136762619,
        0.11195781330267589,
        0.10619475270311038,
        0.10831424991289774,
        0.09691297560930252,
        0.08730461994806925,
        0.08298735953867435,
        0.08720038334528606,
        0.10216712901989619,
        0.08310851653416952,
        0.05810137788454692,
        0.1086646031588316,
        0.08795964941382409,
        0.08469666093587876,
        0.06795842635134856,
        0.0732760729889075,
        0.07164313681423665,
        0.08098510988056659,
        0.07586989973982175,
        0.05764814435193936,
        0.0594597361360987,
        0.09726940263062715,
        0.09462187861402829,
        0.05162549428641796,
        0.06645883675664663,
        0.07254115547984838,
        0.09378393602867921,
        0.045359543959299725,
        0.04585611519093315,
        0.04022774801899989,
        0.049352363931636015,
        0.09994773492217064,
        0.0532221927617987,
        0.049479191191494465,
        0.07923129784564177,
        0.06226322241127491,
        0.13878732963154713,
        0.05726298950612545,
        0.11653790225585302,
        0.06579847261309624,
        0.07003094404935836
    ],
    "val_loss": [
        0.5027033090591431,
        0.32938896864652634,
        0.2736869715154171,
        0.22031405940651894,
        0.20527024567127228,
        0.1725015603005886,
        0.15178711526095867,
        0.12861635349690914,
        0.10962678492069244,
        0.1153336763381958,
        0.10699096135795116,
        0.08866211399435997,
        0.08579057268798351,
        0.08145082462579012,
        0.07625834923237562,
        0.07903145719319582,
        0.0561487041413784,
        0.0667262626811862,
        0.0526271415874362,
        0.05020899558439851,
        0.051908835768699646,
        0.06295448169112206,
        0.049978879280388355,
        0.03995097707957029,
        0.04290190851315856,
        0.058190581388771534,
        0.038981880992650986,
        0.035216622054576874,
        0.06396959628909826,
        0.04899785667657852,
        0.03533982578665018,
        0.03757063392549753,
        0.053293789736926556,
        0.042415112257003784,
        0.0498943068087101,
        0.031726252287626266,
        0.04074474796652794,
        0.05878215841948986,
        0.05245866905897856,
        0.05337779689580202,
        0.035569509491324425,
        0.0793270394206047,
        0.09406879171729088,
        0.08653721492737532,
        0.09460975509136915,
        0.05449400097131729,
        0.049993542954325676,
        0.05310119315981865,
        0.03505745530128479,
        0.054900198709219694
    ],
    "val_mcc": [
        0.8503776882806522,
        0.9258200997725514,
        0.9633432944855655,
        0.9623015873015873,
        0.9457507306074072,
        0.9457507306074072,
        0.9633432944855655,
        0.9814164735593364,
        0.9814164735593364,
        0.9457507306074072,
        0.9814164735593364,
        0.9814164735593364,
        0.9457507306074072,
        0.9457507306074072,
        0.9457507306074072,
        0.9633432944855655,
        1.0,
        0.9633432944855655,
        1.0,
        0.9814164735593364,
        1.0,
        0.9633432944855655,
        1.0,
        1.0,
        1.0,
        0.9814164735593364,
        1.0,
        1.0,
        0.9457507306074072,
        1.0,
        1.0,
        1.0,
        0.9814164735593364,
        1.0,
        1.0,
        1.0,
        1.0,
        0.9814164735593364,
        0.9814164735593364,
        0.9633432944855655,
        0.9814164735593364,
        0.9633432944855655,
        0.9286112429750731,
        0.9286112429750731,
        0.9118992727752026,
        0.9633432944855655,
        0.9623015873015873,
        0.9812328999345131,
        0.9812328999345131,
        0.9633432944855655
    ],
    "val_auroc": [
        0.9854497354497355,
        0.9957010582010581,
        0.9990079365079365,
        0.9990079365079365,
        0.9996693121693122,
        0.9996693121693122,
        0.9996693121693122,
        1.0,
        1.0,
        1.0,
        1.0,
        1.0,
        1.0,
        1.0,
        1.0,
        1.0,
        1.0,
        1.0,
        1.0,
        1.0,
        1.0,
        1.0,
        1.0,
        1.0,
        1.0,
        1.0,
        1.0,
        1.0,
        1.0,
        1.0,
        1.0,
        1.0,
        1.0,
        1.0,
        1.0,
        1.0,
        1.0,
        1.0,
        1.0,
        0.9996693121693122,
        0.9996693121693122,
        0.998015873015873,
        0.998015873015873,
        0.9996693121693122,
        1.0,
        0.9996693121693122,
        0.9993386243386244,
        0.9983465608465609,
        1.0,
        0.9996693121693122
    ]
}