{
    "train_loss": [
        0.5555571993192037,
        0.37047629555066425,
        0.2965261985858281,
        0.2440067986647288,
        0.2216791917880376,
        0.17733126680056255,
        0.15238939225673676,
        0.13147981812556583,
        0.13680447886387506,
        0.10444726000229518,
        0.13307845145463942,
        0.1041200652718544,
        0.10285624365011851,
        0.08812834670146306,
        0.09126393695672354,
        0.11427927563587824,
        0.07546747649709383,
        0.055841985841592154,
        0.07856037380794684,
        0.12373241397241751,
        0.06695582953592141,
        0.04893068249026934,
        0.05440887883305549,
        0.05807815541823705,
        0.05861844010651111,
        0.08037516362965107,
        0.06089429234464963,
        0.04414652908841769,
        0.05572755138079325,
        0.15024180797239145,
        0.05839898542811473,
        0.06522473009924094,
        0.056406472250819205,
        0.07397632673382759,
        0.175086146282653,
        0.06677179684241613,
        0.043288971111178395,
        0.04877645429223776,
        0.05075139341255029,
        0.1055160260759294,
        0.03719698178271453,
        0.047547654776523514,
        0.05937685420115789,
        0.0758177695175012,
        0.07319055336217085,
        0.04085701455672582,
        0.045287191836784285,
        0.17352990948905547,
        0.07379896690448125,
        0.05215443676958482
    ],
    "val_loss": [
        0.529630184173584,
        0.33484310656785965,
        0.27976706624031067,
        0.24943910911679268,
        0.22034546732902527,
        0.18953555449843407,
        0.17674054577946663,
        0.16124672070145607,
        0.15670519694685936,
        0.1429875660687685,
        0.1284609641879797,
        0.13109706155955791,
        0.12646891921758652,
        0.12663120217621326,
        0.11587019078433514,
        0.13081433810293674,
        0.13066544011235237,
        0.12719104252755642,
        0.12010072730481625,
        0.12485860288143158,
        0.12292388640344143,
        0.1396437454968691,
        0.14318454265594482,
        0.13861113972961903,
        0.1395147992298007,
        0.1317219166085124,
        0.14928240049630404,
        0.1340500619262457,
        0.13839410711079836,
        0.15574482642114162,
        0.146058551967144,
        0.15814002510160208,
        0.14766493067145348,
        0.14260301366448402,
        0.19714358262717724,
        0.16096576303243637,
        0.15768640767782927,
        0.15086085721850395,
        0.15305089205503464,
        0.17250066995620728,
        0.15850764233618975,
        0.1366494232788682,
        0.12494343426078558,
        0.1559209395200014,
        0.1590118259191513,
        0.12269075307995081,
        0.13020938448607922,
        0.14281011279672384,
        0.1416474487632513,
        0.15039824787527323
    ],
    "val_mcc": [
        0.8687664928166448,
        0.9058238738943076,
        0.9058238738943076,
        0.9245181185940877,
        0.9441549509633318,
        0.9441549509633318,
        0.9245181185940877,
        0.9433397594898876,
        0.9433397594898876,
        0.9245181185940877,
        0.9245181185940877,
        0.907605465436683,
        0.9258200997725514,
        0.9441549509633318,
        0.9441549509633318,
        0.907605465436683,
        0.9258200997725514,
        0.9054466190452621,
        0.9258200997725514,
        0.9245181185940877,
        0.9245181185940877,
        0.9245181185940877,
        0.9245181185940877,
        0.907605465436683,
        0.9258200997725514,
        0.9441549509633318,
        0.9245181185940877,
        0.8869047619047619,
        0.9245181185940877,
        0.9054466190452621,
        0.8674927968252835,
        0.8869047619047619,
        0.9054466190452621,
        0.9054466190452621,
        0.8010714293888773,
        0.9258200997725514,
        0.9245181185940877,
        0.9054466190452621,
        0.9245181185940877,
        0.9058238738943076,
        0.9441549509633318,
        0.9245181185940877,
        0.9058238738943076,
        0.9058238738943076,
        0.907605465436683,
        0.9245181185940877,
        0.9054466190452621,
        0.9054466190452621,
        0.9245181185940877,
        0.9258200997725514
    ],
    "val_auroc": [
        0.9804894179894179,
        0.9828042328042328,
        0.9837962962962963,
        0.986441798941799,
        0.9867724867724867,
        0.9871031746031746,
        0.9880952380952381,
        0.9880952380952381,
        0.9877645502645502,
        0.9871031746031746,
        0.9874338624338624,
        0.9897486772486772,
        0.988425925925926,
        0.9874338624338623,
        0.9890873015873016,
        0.9861111111111112,
        0.9847883597883598,
        0.9877645502645502,
        0.986111111111111,
        0.9851190476190477,
        0.9847883597883598,
        0.9818121693121693,
        0.9751984126984127,
        0.9804894179894179,
        0.9798280423280423,
        0.9844576719576719,
        0.9788359788359788,
        0.9828042328042328,
        0.9828042328042328,
        0.976521164021164,
        0.9814814814814815,
        0.9755291005291005,
        0.9794973544973544,
        0.9818121693121693,
        0.9771825396825395,
        0.9689153439153438,
        0.9751984126984127,
        0.9798280423280423,
        0.9801587301587301,
        0.9702380952380952,
        0.976521164021164,
        0.9828042328042328,
        0.9861111111111112,
        0.9778439153439153,
        0.9794973544973544,
        0.9861111111111112,
        0.984457671957672,
        0.9814814814814815,
        0.9828042328042328,
        0.9801587301587301
    ]
}