{
    "train_loss": [
        0.5166880508263906,
        0.3533014714717865,
        0.3110836277405421,
        0.2622344583272934,
        0.24088990986347197,
        0.2045748362938563,
        0.1848668803771337,
        0.19522776554028193,
        0.15782024959723154,
        0.14887287666400273,
        0.14091167400280635,
        0.10955528741081556,
        0.11561796913544337,
        0.11205569952726364,
        0.12652278890212376,
        0.08260913118720055,
        0.11018561820189159,
        0.11824225833018621,
        0.09245954838891825,
        0.11749508244295916,
        0.06498488299548626,
        0.07550410653154055,
        0.09750157048304876,
        0.09879648226002852,
        0.08772313371300697,
        0.08818696718662977,
        0.07239801126221816,
        0.11226621307432652,
        0.06322048008441924,
        0.06268103557328383,
        0.08254444183160861,
        0.08004398345947265,
        0.06510988461474577,
        0.09940412218372027,
        0.05671229747434457,
        0.0862582106453677,
        0.054643638183673224,
        0.1209855576356252,
        0.07105649753163258,
        0.07668008195857207,
        0.07202018828441699,
        0.06763667507718006,
        0.05464052588989337,
        0.049134429761519036,
        0.07271198978026708,
        0.05413688886910677,
        0.07408616530398528,
        0.05007655275985599,
        0.06226819803317388,
        0.2003790040810903
    ],
    "val_loss": [
        0.4897095561027527,
        0.32630742341279984,
        0.27253934368491173,
        0.2420812025666237,
        0.20238425210118294,
        0.18382149934768677,
        0.16960087418556213,
        0.17694170773029327,
        0.13574147038161755,
        0.11947643384337425,
        0.11237223818898201,
        0.0982973724603653,
        0.08351007476449013,
        0.08423501439392567,
        0.08785144239664078,
        0.07866315171122551,
        0.0774412602186203,
        0.07199442945420742,
        0.07016207929700613,
        0.062134088948369026,
        0.0804165992885828,
        0.07492247596383095,
        0.06710000149905682,
        0.06682738102972507,
        0.06223508529365063,
        0.05801905505359173,
        0.061709899455308914,
        0.05651428736746311,
        0.05729207303375006,
        0.0663056243211031,
        0.059943762607872486,
        0.05493836244568229,
        0.05217400658875704,
        0.06422577612102032,
        0.06395471375435591,
        0.050667415373027325,
        0.038985445629805326,
        0.044870576821267605,
        0.05380298104137182,
        0.03617406915873289,
        0.045468789990991354,
        0.04933342570438981,
        0.05654642591252923,
        0.043464770540595055,
        0.05220758565701544,
        0.06200666958466172,
        0.07344046095386147,
        0.057680466677993536,
        0.05432137264870107,
        0.060419756919145584
    ],
    "val_mcc": [
        0.9125494391391841,
        0.9291664622950404,
        0.9461948805559043,
        0.9291664622950404,
        0.9815845978127674,
        0.9461948805559043,
        0.9461948805559043,
        0.9291664622950404,
        0.9461948805559043,
        0.9815845978127674,
        0.9461948805559043,
        0.9814164735593364,
        0.9814164735593364,
        0.9814164735593364,
        0.9626596790042581,
        0.9815845978127674,
        0.9815845978127674,
        0.9814164735593364,
        0.9814164735593364,
        0.9814164735593364,
        0.9626596790042581,
        0.9626596790042581,
        0.9814164735593364,
        0.9444083040750081,
        0.9636589114684625,
        0.9814164735593364,
        0.962998132394131,
        0.9814164735593364,
        0.9814164735593364,
        0.9626596790042581,
        0.9447329926514414,
        0.9626596790042581,
        0.9626596790042581,
        0.9626596790042581,
        0.9814164735593364,
        0.9814164735593364,
        0.9814164735593364,
        0.9814164735593364,
        0.9447329926514414,
        0.9814164735593364,
        0.9814164735593364,
        0.9814164735593364,
        0.962998132394131,
        0.9814164735593364,
        0.9447329926514414,
        0.9447329926514414,
        0.9438975339262832,
        0.9447329926514414,
        0.9447329926514414,
        0.9266325832219493
    ],
    "val_auroc": [
        0.9980347199475926,
        0.9993449066491975,
        0.9990173599737963,
        0.9993449066491975,
        0.9996724533245988,
        0.9996724533245988,
        0.9996724533245988,
        0.9980347199475925,
        0.9993449066491975,
        1.0,
        1.0,
        0.9996724533245988,
        1.0,
        0.9990173599737964,
        0.9993449066491975,
        0.9996724533245988,
        0.9996724533245988,
        0.9993449066491975,
        0.9990173599737964,
        0.9990173599737964,
        0.998689813298395,
        0.998689813298395,
        0.9980347199475925,
        0.998689813298395,
        0.9993449066491975,
        0.9990173599737964,
        0.9990173599737964,
        0.9996724533245988,
        0.9990173599737964,
        0.998689813298395,
        0.9986898132983951,
        0.9990173599737964,
        0.9990173599737964,
        0.9980347199475925,
        0.99737962659679,
        0.998689813298395,
        1.0,
        0.9993449066491975,
        0.9993449066491975,
        1.0,
        0.9993449066491975,
        0.9996724533245988,
        0.998689813298395,
        0.9993449066491975,
        0.9993449066491975,
        0.9970520799213888,
        0.9954143465443827,
        0.9980347199475925,
        0.9983622666229938,
        0.9980347199475925
    ]
}