{
    "train_loss": [
        0.6160868063569069,
        0.5072316423058509,
        0.4741405978798866,
        0.4630675420165062,
        0.5260722011327743,
        0.43954692780971527,
        0.4464955359697342,
        0.4270671889185905,
        0.4451479628682137,
        0.4198861733078957,
        0.4193167507648468,
        0.4106107443571091,
        0.4195112571120262,
        0.42435516268014906,
        0.4264467999339104,
        0.4068146586418152,
        0.39691000878810884,
        0.4045265600085258,
        0.40318052992224696,
        0.4108625590801239,
        0.3829732533544302,
        0.39926920607686045,
        0.3931890591979027,
        0.3627427086234093,
        0.37261456027626993,
        0.3378235138952732,
        0.3430927835404873,
        0.32311317697167397,
        0.3572582684457302,
        0.34272931441664695,
        0.3703902535140514,
        0.3718500293791294,
        0.3154300432652235,
        0.3267891701310873,
        0.3190113268792629,
        0.3484574221074581,
        0.3119752317667007,
        0.30073355957865716,
        0.30607786364853384,
        0.31784553453326225,
        0.28358258232474326,
        0.28592795990407466,
        0.2921275347471237,
        0.26699412483721974,
        0.2691613303497434,
        0.2747516199946404,
        0.2980101086199284,
        0.3286802016198635,
        0.29778473675251005,
        0.272007305175066
    ],
    "val_loss": [
        0.508148467540741,
        0.4996117532253265,
        0.5060270071029663,
        0.54013751745224,
        0.4911552906036377,
        0.4925007700920105,
        0.500846803188324,
        0.5207108557224274,
        0.5286738634109497,
        0.539560979604721,
        0.5390497148036957,
        0.5206420004367829,
        0.5509613573551178,
        0.5548886835575104,
        0.5314367353916168,
        0.5675329804420471,
        0.5460011482238769,
        0.535945326089859,
        0.5216069638729095,
        0.6122950315475464,
        0.6058391094207763,
        0.567706310749054,
        0.5888723611831665,
        0.5551233768463135,
        0.579643315076828,
        0.6318910002708436,
        0.5780859410762786,
        0.6332125127315521,
        0.6091799795627594,
        0.599196481704712,
        0.5931559443473816,
        0.6114118576049805,
        0.6270944118499756,
        0.5983529925346375,
        0.6820539951324462,
        0.5536037504673004,
        0.7063273906707763,
        0.6786415219306946,
        0.6105360150337219,
        0.6721962630748749,
        0.7827941179275513,
        0.6768553853034973,
        0.6013653874397278,
        0.7306711614131928,
        0.7258650541305542,
        0.7006643891334534,
        0.6963366031646728,
        0.8034924387931823,
        0.688560277223587,
        0.7908019065856934
    ],
    "val_mcc": [
        0.397112380964016,
        0.5043575549249526,
        0.41166750694999443,
        0.49766404547443904,
        0.517812958165832,
        0.4785999862471003,
        0.47469288317114394,
        0.5405753968432622,
        0.39452268394624423,
        0.4536804288397352,
        0.4234296094380687,
        0.4586276173207597,
        0.35040962150727806,
        0.4298052003967214,
        0.44032995772289835,
        0.40555555555555556,
        0.42962962962962964,
        0.37902349574330746,
        0.44951398255540453,
        0.36167967605963075,
        0.42907430209405667,
        0.39568145630893564,
        0.45308703869781114,
        0.45308703869781114,
        0.4178920253557934,
        0.41944734894242286,
        0.4453951121014892,
        0.43434136476994417,
        0.4204522053456932,
        0.3658010669613767,
        0.4511777625672017,
        0.4733002574487753,
        0.3411500451640062,
        0.4845911257512229,
        0.37450496425811003,
        0.4866666666666667,
        0.40263931881105647,
        0.4398765500800706,
        0.32395765104529,
        0.42490498154100403,
        0.36997240426544964,
        0.4000940939272025,
        0.4011111111111111,
        0.4126520746660305,
        0.42962962962962964,
        0.411791563051741,
        0.4361111111111111,
        0.375107632852264,
        0.40263931881105647,
        0.3578697591072149
    ],
    "val_auroc": [
        0.8262962962962963,
        0.8255555555555556,
        0.8235185185185185,
        0.8229629629629629,
        0.8290740740740741,
        0.8274074074074074,
        0.8177777777777777,
        0.8211111111111111,
        0.8014814814814815,
        0.8038888888888889,
        0.7975925925925926,
        0.807962962962963,
        0.7907407407407406,
        0.8218518518518517,
        0.8137037037037037,
        0.8037037037037037,
        0.808888888888889,
        0.7925925925925925,
        0.8190740740740742,
        0.7894444444444444,
        0.812037037037037,
        0.7799999999999999,
        0.8040740740740742,
        0.8085185185185186,
        0.7951851851851852,
        0.8003703703703703,
        0.8029629629629629,
        0.7746296296296296,
        0.8016666666666667,
        0.7825925925925926,
        0.7951851851851852,
        0.7990740740740742,
        0.8038888888888888,
        0.8088888888888889,
        0.7927777777777778,
        0.817037037037037,
        0.7885185185185185,
        0.7983333333333333,
        0.7872222222222222,
        0.7842592592592592,
        0.7751851851851851,
        0.8,
        0.7914814814814815,
        0.7962962962962963,
        0.7898148148148147,
        0.7918518518518518,
        0.7946296296296296,
        0.7557407407407408,
        0.8044444444444444,
        0.763888888888889
    ]
}