{
    "train_loss": [
        0.5484912842512131,
        0.4874640956521034,
        0.4855851098895073,
        0.4560507506132126,
        0.46559775322675706,
        0.429533751308918,
        0.4703334718942642,
        0.4279317960143089,
        0.43480656370520593,
        0.42851604521274567,
        0.43490538746118546,
        0.4073788031935692,
        0.4127972424030304,
        0.4242930576205254,
        0.41402434557676315,
        0.40445661544799805,
        0.4007252998650074,
        0.42285533547401427,
        0.4031396746635437,
        0.3831779077649117,
        0.3545782335102558,
        0.33969889432191847,
        0.3987840510904789,
        0.37626431658864024,
        0.3552476942539215,
        0.3361237794160843,
        0.36139457300305367,
        0.36673666164278984,
        0.3399924710392952,
        0.307355560362339,
        0.34619332030415534,
        0.33871477246284487,
        0.30015590749681,
        0.32074034176766875,
        0.36434116289019586,
        0.3108434766530991,
        0.3082569047808647,
        0.29422395005822183,
        0.2926482506096363,
        0.30225345566868783,
        0.36194076091051103,
        0.28367531299591064,
        0.2876719135791063,
        0.24975511841475964,
        0.2685399610549212,
        0.2650469444692135,
        0.24968033283948898,
        0.21729790605604649,
        0.24808977097272872,
        0.2404987241141498
    ],
    "val_loss": [
        0.5383844316005707,
        0.5172595918178559,
        0.5177826702594757,
        0.5101072490215302,
        0.5044895470142364,
        0.5549912810325622,
        0.5178909718990325,
        0.5469558119773865,
        0.5689757823944092,
        0.5051620304584503,
        0.5304688930511474,
        0.5815438985824585,
        0.5374447226524353,
        0.4993229269981384,
        0.5719086349010467,
        0.5664522588253021,
        0.5340652763843536,
        0.5688394844532013,
        0.5776457607746124,
        0.5378288269042969,
        0.569090586900711,
        0.5943843424320221,
        0.6019182682037354,
        0.5367481410503387,
        0.5400588631629943,
        0.5939632773399353,
        0.5579665660858154,
        0.5521683096885681,
        0.5663057863712311,
        0.6450366497039794,
        0.591562283039093,
        0.6149231433868408,
        0.6002568244934082,
        0.5398121774196625,
        0.6250973105430603,
        0.6622686624526978,
        0.60044025182724,
        0.6301912009716034,
        0.6192764043807983,
        0.7431085109710693,
        0.6148673295974731,
        0.69941486120224,
        0.6164058923721314,
        0.7075827240943908,
        0.7041564822196961,
        0.6777644991874695,
        0.699337363243103,
        0.7384838581085205,
        0.7412532806396485,
        0.7855066418647766
    ],
    "val_mcc": [
        0.3890886959470662,
        0.40144221135376856,
        0.3765797575592405,
        0.3937735849056604,
        0.41293060564750855,
        0.46990278285718545,
        0.36547137380284955,
        0.4371921628851767,
        0.43811510771168916,
        0.4451966794342491,
        0.3593264726339932,
        0.4618730319320276,
        0.4280829607710349,
        0.4565175826701634,
        0.39566723474012894,
        0.40561450745183036,
        0.3832400698233865,
        0.43430121223417345,
        0.42693510619959607,
        0.46487858710762375,
        0.32168024758403935,
        0.46990278285718545,
        0.4694548334726777,
        0.4176529208136236,
        0.43431930956317644,
        0.4995981626800555,
        0.45314983001112125,
        0.47325067117784064,
        0.4615634812910983,
        0.43430121223417345,
        0.4591860635913502,
        0.42209630564268347,
        0.3827279979620448,
        0.3871705285065625,
        0.4475603049125207,
        0.35566437083934166,
        0.4787212374825174,
        0.3836330325763641,
        0.42357737163051146,
        0.37870674438105884,
        0.44438796485409054,
        0.4448715198015258,
        0.3766149655639191,
        0.3992918259420683,
        0.37063988986458757,
        0.41293060564750855,
        0.33933204444551107,
        0.43446272755579407,
        0.37468238737693066,
        0.43461404933974157
    ],
    "val_auroc": [
        0.8052830188679245,
        0.8322641509433962,
        0.8162264150943396,
        0.8179245283018868,
        0.8200000000000001,
        0.8149056603773585,
        0.8066037735849056,
        0.8088679245283019,
        0.8132075471698115,
        0.8128301886792453,
        0.7967924528301886,
        0.7911320754716982,
        0.81,
        0.8139622641509434,
        0.7918867924528302,
        0.8032075471698114,
        0.7939622641509435,
        0.7981132075471697,
        0.7945283018867925,
        0.800566037735849,
        0.7852830188679245,
        0.8152830188679245,
        0.7939622641509434,
        0.8075471698113207,
        0.8005660377358491,
        0.7941509433962263,
        0.8156603773584905,
        0.7949056603773585,
        0.8066037735849056,
        0.7762264150943397,
        0.81,
        0.7956603773584905,
        0.7798113207547169,
        0.8028301886792453,
        0.7884905660377358,
        0.7867924528301886,
        0.7956603773584906,
        0.800188679245283,
        0.780377358490566,
        0.7747169811320755,
        0.7990566037735849,
        0.7862264150943397,
        0.780377358490566,
        0.7781132075471697,
        0.7745283018867924,
        0.7916981132075471,
        0.7769811320754716,
        0.7839622641509434,
        0.780754716981132,
        0.7841509433962264
    ]
}