{
    "train_loss": [
        0.6203215271234512,
        0.5127614855766296,
        0.477400878071785,
        0.4894822761416435,
        0.4565059170126915,
        0.4678483083844185,
        0.45783061534166336,
        0.4479811266064644,
        0.4680132269859314,
        0.4518006443977356,
        0.43478258699178696,
        0.4217612162232399,
        0.42613895833492277,
        0.4721688240766525,
        0.42097882479429244,
        0.39188947677612307,
        0.394891007989645,
        0.38266185149550436,
        0.4015645608305931,
        0.4211599424481392,
        0.3722761794924736,
        0.37207870483398436,
        0.36892526000738146,
        0.33915130198001864,
        0.3421922944486141,
        0.3584432926028967,
        0.3696641445159912,
        0.3998143345117569,
        0.33247669152915477,
        0.31206114701926707,
        0.32902912348508834,
        0.30848337840288875,
        0.34171203523874283,
        0.34749789014458654,
        0.312348750513047,
        0.31773667335510253,
        0.3502866119146347,
        0.3131220944225788,
        0.3302675489336252,
        0.30949874725192783,
        0.2888410046696663,
        0.28619618713855743,
        0.2960682600736618,
        0.26389051154255866,
        0.3090072438120842,
        0.30064729899168013,
        0.2721201110631227,
        0.2692605942487717,
        0.2804006341844797,
        0.3030310098081827
    ],
    "val_loss": [
        0.5391156792640686,
        0.5551338791847229,
        0.5384118258953094,
        0.49524282813072207,
        0.4782222151756287,
        0.49309204816818236,
        0.4861860930919647,
        0.4912651538848877,
        0.4955268085002899,
        0.49274657368659974,
        0.48794270157814024,
        0.49948935508728026,
        0.5360031366348267,
        0.5467481434345245,
        0.5178439140319824,
        0.5067765414714813,
        0.5292425513267517,
        0.5607154369354248,
        0.5434726059436799,
        0.5444121837615967,
        0.5542950928211212,
        0.5659914314746857,
        0.5591847062110901,
        0.5926011145114899,
        0.6656453847885132,
        0.6131825923919678,
        0.6527224898338317,
        0.6064880907535553,
        0.584698474407196,
        0.7204603791236878,
        0.6530871629714966,
        0.7347427725791931,
        0.6848797917366027,
        0.7417670369148255,
        0.8383488893508911,
        0.7004825115203858,
        0.7309488296508789,
        0.7388678193092346,
        0.7813867330551147,
        0.8708512783050537,
        0.7857951045036315,
        0.8672510743141174,
        0.8686499714851379,
        0.8737489700317382,
        0.8037537097930908,
        0.9744035005569458,
        0.8268456339836121,
        0.8654672861099243,
        0.9113811016082763,
        0.9022386789321899
    ],
    "val_mcc": [
        0.35729630855229466,
        0.4071435752789069,
        0.43721065077734916,
        0.4733002574487753,
        0.47949172484536823,
        0.44951398255540453,
        0.4629100498862757,
        0.4622623072217398,
        0.5241315111650593,
        0.4824558761384663,
        0.43010856046828544,
        0.45814814814814814,
        0.4427410738901448,
        0.46354777877784786,
        0.4554505402607156,
        0.40555555555555556,
        0.45264468713792444,
        0.46161804147608465,
        0.45814814814814814,
        0.3868989217888074,
        0.4785757597651158,
        0.3919769048757483,
        0.3856719951141793,
        0.5012054027960614,
        0.3895848214069169,
        0.3158693091759673,
        0.46161804147608465,
        0.45130786010254886,
        0.37450496425811003,
        0.3578697591072149,
        0.3895848214069169,
        0.4572272005939312,
        0.17739006868265333,
        0.46444788387593805,
        0.30953653338027165,
        0.4415554128904508,
        0.32222222222222224,
        0.4065175003046483,
        0.4065175003046483,
        0.34856850115866755,
        0.45308703869781114,
        0.36735408694354177,
        0.27850227157001006,
        0.3440740740740741,
        0.36232865092627065,
        0.3440740740740741,
        0.4547051855333284,
        0.3275366019667524,
        0.400614719113164,
        0.31844529735483207
    ],
    "val_auroc": [
        0.8037037037037037,
        0.8188888888888889,
        0.8233333333333333,
        0.8287037037037037,
        0.8325925925925927,
        0.8175925925925926,
        0.8305555555555555,
        0.8312962962962963,
        0.8283333333333334,
        0.8257407407407407,
        0.825925925925926,
        0.8283333333333334,
        0.8150000000000001,
        0.8177777777777778,
        0.8253703703703703,
        0.8151851851851851,
        0.8311111111111111,
        0.8174074074074075,
        0.830925925925926,
        0.8005555555555555,
        0.8227777777777778,
        0.8114814814814815,
        0.8038888888888889,
        0.8227777777777777,
        0.7898148148148149,
        0.7796296296296296,
        0.7872222222222223,
        0.8042592592592593,
        0.7787037037037037,
        0.789074074074074,
        0.7659259259259259,
        0.8068518518518519,
        0.76,
        0.8051851851851851,
        0.7570370370370371,
        0.7862962962962963,
        0.7577777777777778,
        0.7903703703703704,
        0.7607407407407407,
        0.7651851851851852,
        0.7653703703703704,
        0.7422222222222222,
        0.7648148148148148,
        0.745,
        0.7818518518518518,
        0.735,
        0.7748148148148148,
        0.715925925925926,
        0.7474074074074074,
        0.7301851851851853
    ]
}