{
    "train_loss": [
        0.6016800463199615,
        0.5336344808340072,
        0.5077433466911316,
        0.47136020958423613,
        0.47529653161764146,
        0.4776289492845535,
        0.4690855905413628,
        0.4346876859664917,
        0.4666895031929016,
        0.4476274773478508,
        0.4199416138231754,
        0.4293182224035263,
        0.42627267092466353,
        0.4306375771760941,
        0.4367974787950516,
        0.39892945289611814,
        0.38572153076529503,
        0.38076824247837066,
        0.3966499999165535,
        0.4035356745123863,
        0.38230400159955025,
        0.39837453365325926,
        0.34749251380562785,
        0.3448265213519335,
        0.35857154093682764,
        0.3887570410966873,
        0.3785502307116985,
        0.34809669107198715,
        0.30815709494054316,
        0.33586755990982053,
        0.33178753349930046,
        0.3262604631483555,
        0.3131377948448062,
        0.32948599830269815,
        0.2937810555100441,
        0.2950967326760292,
        0.30157615840435026,
        0.29627222567796707,
        0.2978418909013271,
        0.2688446559011936,
        0.3170002654194832,
        0.26702601462602615,
        0.2903584472835064,
        0.290788434445858,
        0.2537955015897751,
        0.25339224748313427,
        0.23606524132192136,
        0.24265560060739516,
        0.2965658619999886,
        0.2925473913550377
    ],
    "val_loss": [
        0.5187901675701141,
        0.5141191482543945,
        0.4695854663848877,
        0.4461992263793945,
        0.44760643839836123,
        0.4877965450286865,
        0.4365158319473267,
        0.47258097529411314,
        0.46203842759132385,
        0.43624005913734437,
        0.47460647821426394,
        0.45191404819488523,
        0.4621080279350281,
        0.4636437475681305,
        0.5486863851547241,
        0.5024551749229431,
        0.4914414048194885,
        0.5255352914333343,
        0.5091755390167236,
        0.47973343133926394,
        0.5343431532382965,
        0.5629475891590119,
        0.5466940999031067,
        0.5345975637435914,
        0.5222449719905853,
        0.5628752708435059,
        0.5639932036399842,
        0.5488596141338349,
        0.568111777305603,
        0.5721895694732666,
        0.5825983822345734,
        0.5730486631393432,
        0.6249265670776367,
        0.5772377550601959,
        0.601768684387207,
        0.6461961686611175,
        0.6308056950569153,
        0.753548264503479,
        0.6820099353790283,
        0.7008764624595643,
        0.6937369346618653,
        0.6800433039665222,
        0.7148134469985962,
        0.7451139926910401,
        0.8337033033370972,
        0.8393335580825806,
        0.8237919330596923,
        0.8648075342178345,
        0.6674883604049683,
        0.7220716357231141
    ],
    "val_mcc": [
        0.49948353893598557,
        0.4650877168471985,
        0.5423030094813729,
        0.5108426742450194,
        0.5922271838166456,
        0.5560391378618794,
        0.6082385589723914,
        0.4453526074983863,
        0.5735421669624219,
        0.5925582105897612,
        0.5205884609545359,
        0.5739802516622767,
        0.5423030094813729,
        0.5423030094813729,
        0.5292422281579331,
        0.5344222219546008,
        0.519487944872376,
        0.517812958165832,
        0.5118137336952348,
        0.5313256180417312,
        0.5523586388082835,
        0.5134824899322735,
        0.47186039625508397,
        0.47823203819165144,
        0.4829785782690125,
        0.5400660110544787,
        0.44661782771824043,
        0.519487944872376,
        0.563178312189625,
        0.4618833599503053,
        0.5405753968432622,
        0.5112313234371975,
        0.4118105678657055,
        0.5274857417680364,
        0.4666666666666667,
        0.5044185153893525,
        0.45814814814814814,
        0.39452268394624423,
        0.523845989024464,
        0.44629245426346864,
        0.4554505402607156,
        0.517812958165832,
        0.4621652292352401,
        0.4647078424315797,
        0.4121880516208469,
        0.42907587963565635,
        0.40881490876633847,
        0.3230866555487593,
        0.48998909370053606,
        0.3777291792892347
    ],
    "val_auroc": [
        0.860185185185185,
        0.8603703703703703,
        0.8588888888888889,
        0.8683333333333333,
        0.8677777777777778,
        0.8657407407407408,
        0.8683333333333333,
        0.8635185185185185,
        0.8640740740740741,
        0.8731481481481481,
        0.8512962962962963,
        0.8618518518518519,
        0.8603703703703705,
        0.8596296296296296,
        0.8481481481481481,
        0.8468518518518519,
        0.8498148148148148,
        0.845,
        0.8516666666666667,
        0.8455555555555555,
        0.8407407407407408,
        0.8498148148148148,
        0.8383333333333334,
        0.8388888888888889,
        0.8348148148148149,
        0.820925925925926,
        0.8475925925925925,
        0.8392592592592593,
        0.827037037037037,
        0.8298148148148148,
        0.8442592592592593,
        0.8312962962962963,
        0.8222222222222223,
        0.8342592592592593,
        0.8081481481481482,
        0.8238888888888888,
        0.8174074074074074,
        0.807037037037037,
        0.8198148148148148,
        0.7968518518518518,
        0.8116666666666668,
        0.8181481481481483,
        0.8001851851851852,
        0.7998148148148149,
        0.7914814814814815,
        0.7859259259259259,
        0.7881481481481483,
        0.7851851851851852,
        0.8135185185185185,
        0.7812962962962964
    ]
}