{
    "train_loss": [
        0.5551069810986519,
        0.5450404942035675,
        0.4779490038752556,
        0.45662598609924315,
        0.44580440074205396,
        0.4532617837190628,
        0.4520797342061996,
        0.4304072767496109,
        0.4265266880393028,
        0.424891796708107,
        0.41605451703071594,
        0.42760005295276643,
        0.3997944802045822,
        0.37995786564424633,
        0.391845366358757,
        0.42604791224002836,
        0.4001589924097061,
        0.38188509419560435,
        0.36371498107910155,
        0.38772359043359755,
        0.369434155523777,
        0.3426004499197006,
        0.3545391023159027,
        0.3515173029154539,
        0.33166913464665415,
        0.3311354503035545,
        0.34125044494867324,
        0.3556238129734993,
        0.3162026725709438,
        0.3022763878107071,
        0.35274560526013377,
        0.33069216310977934,
        0.2873478602617979,
        0.2940323978662491,
        0.30145204439759254,
        0.28637844547629354,
        0.25386930322274565,
        0.2650593208149076,
        0.25752316527068614,
        0.29254644364118576,
        0.2556602582335472,
        0.236402172036469,
        0.2479271363466978,
        0.2900784283876419,
        0.2524376191198826,
        0.2220162285491824,
        0.2154453620314598,
        0.25324885491281746,
        0.2991869140416384,
        0.2880273461341858
    ],
    "val_loss": [
        0.5744555473327637,
        0.5007677495479583,
        0.5163378953933716,
        0.5096661806106567,
        0.5073951244354248,
        0.5377818584442139,
        0.5386093497276306,
        0.4969323754310608,
        0.4938808917999268,
        0.5229967117309571,
        0.5073983669281006,
        0.49692170023918153,
        0.553113055229187,
        0.5495407581329346,
        0.6125787794589996,
        0.5903513789176941,
        0.5398914515972137,
        0.5911158561706543,
        0.5883280277252197,
        0.6570300936698914,
        0.559905344247818,
        0.5955608010292053,
        0.631072747707367,
        0.63919438123703,
        0.631812447309494,
        0.7380981922149659,
        0.6340945959091187,
        0.5996730983257293,
        0.678102332353592,
        0.7113355875015259,
        0.7064671397209168,
        0.6405197441577911,
        0.7140277266502381,
        0.705106782913208,
        0.7021030366420746,
        0.7238798141479492,
        0.7955685734748841,
        0.7913175225257874,
        0.7532328724861145,
        0.7732662200927735,
        0.7605391263961792,
        0.8255042910575867,
        0.839600396156311,
        0.8093351125717163,
        0.8702536940574646,
        0.9563347578048706,
        0.9065973639488221,
        0.8117832064628601,
        0.8151283502578736,
        0.8154143452644348
    ],
    "val_mcc": [
        0.369667025505472,
        0.47557980318240717,
        0.4144153012724327,
        0.39566723474012894,
        0.4782111394617429,
        0.43058518709773635,
        0.43058518709773635,
        0.47557980318240717,
        0.501250805084697,
        0.43340096358149277,
        0.4562172790691313,
        0.45892059503810484,
        0.45185561781237116,
        0.41982570521563306,
        0.41895360246089813,
        0.3837650025353839,
        0.40499036057036664,
        0.4046048987136283,
        0.3766149655639191,
        0.3948756445225109,
        0.404316334215188,
        0.4278916850683048,
        0.37915757283846513,
        0.38511704290962384,
        0.3834905391684458,
        0.33770973930574316,
        0.35405047268938294,
        0.3765797575592405,
        0.34893175368717294,
        0.3240139334427568,
        0.37915757283846513,
        0.34689450309740066,
        0.36775709784974636,
        0.3545075720882169,
        0.3264767878697755,
        0.40561450745183036,
        0.34451320507888716,
        0.3545075720882169,
        0.3119368240689813,
        0.32240208116205477,
        0.38784148835650406,
        0.406340002462896,
        0.30706033806556327,
        0.3999486424729386,
        0.35405047268938294,
        0.34689450309740066,
        0.36775709784974636,
        0.2987600417729415,
        0.34835113598526907,
        0.34960307774233984
    ],
    "val_auroc": [
        0.8139622641509433,
        0.8175471698113208,
        0.8183018867924529,
        0.8150943396226414,
        0.8094339622641509,
        0.810566037735849,
        0.8171698113207547,
        0.8137735849056604,
        0.8162264150943397,
        0.8135849056603774,
        0.8122641509433963,
        0.8133962264150943,
        0.8111320754716982,
        0.8079245283018868,
        0.8032075471698114,
        0.7988679245283019,
        0.8024528301886793,
        0.7918867924528302,
        0.7850943396226415,
        0.7820754716981132,
        0.7886792452830189,
        0.7766037735849057,
        0.7767924528301886,
        0.770188679245283,
        0.7647169811320754,
        0.7679245283018867,
        0.7762264150943397,
        0.7666037735849057,
        0.759056603773585,
        0.7537735849056604,
        0.7839622641509434,
        0.769245283018868,
        0.7477358490566037,
        0.7620754716981132,
        0.740377358490566,
        0.749622641509434,
        0.7283018867924529,
        0.7362264150943396,
        0.7533962264150943,
        0.7352830188679246,
        0.7481132075471698,
        0.7475471698113207,
        0.7135849056603774,
        0.7645283018867924,
        0.730188679245283,
        0.7279245283018868,
        0.720566037735849,
        0.7332075471698114,
        0.7507547169811319,
        0.7477358490566037
    ]
}