{
    "train_loss": [
        0.6688219964504242,
        0.5799865871667862,
        0.44702295064926145,
        0.3340130537748337,
        0.2447180598974228,
        0.18146521598100662,
        0.1583754003047943,
        0.13238780945539474,
        0.09418831244111062,
        0.08278312273323536,
        0.1058124139904976,
        0.05292111933231354,
        0.046890095248818396,
        0.04499385133385658,
        0.0679200179874897,
        0.04141046181321144,
        0.029089912958443164,
        0.026110693439841272,
        0.023514909483492375,
        0.0213571073487401,
        0.019543327577412128,
        0.01797338966280222,
        0.016598986554890872,
        0.015384628158062696,
        0.014306009560823441,
        0.013351156748831272,
        0.012491790298372506,
        0.011716198548674584,
        0.01101480508223176,
        0.010376967210322618,
        0.009796270914375783,
        0.009264677576720715,
        0.008784270286560059,
        0.00833363770507276,
        0.007920134672895074,
        0.007539535127580166,
        0.007187611982226371,
        0.00685930042527616,
        0.006555281486362219,
        0.006272572698071599,
        0.006008919002488256,
        0.005758389364928007,
        0.005527102062478662,
        0.005310004996135831,
        0.005105671752244234,
        0.004912922717630863,
        0.004731738613918424,
        0.004559914069250226,
        0.004398429067805409,
        0.004246689518913627
    ],
    "val_loss": [
        0.6799437403678894,
        0.5396414200464884,
        0.4171765943368276,
        0.3120488276084264,
        0.2418678253889084,
        0.2620220681031545,
        0.1471545770764351,
        0.14699762811263403,
        0.10513670245806377,
        0.23366290579239526,
        0.1300268198053042,
        0.07939207678039868,
        0.11190040409564972,
        0.07206592957178752,
        0.08982435738046964,
        0.06506398692727089,
        0.06285843004782994,
        0.06129666417837143,
        0.05966330381731192,
        0.05860090876619021,
        0.057790106162428856,
        0.057116031646728516,
        0.0565667903671662,
        0.05611457830915848,
        0.055747276482482754,
        0.055490815391143165,
        0.05531314046432575,
        0.05518397440512975,
        0.05510502805312475,
        0.055055721662938595,
        0.055047620398302875,
        0.05505993993331989,
        0.05513338310023149,
        0.05521190849443277,
        0.055300201599796615,
        0.055400614316264786,
        0.05552550544962287,
        0.055656391816834606,
        0.05580211260045568,
        0.05596916532764832,
        0.0561515831698974,
        0.056312185091276966,
        0.05648840917274356,
        0.056675245674947895,
        0.056871059350669384,
        0.05706698913127184,
        0.05726404550174872,
        0.05745227045069138,
        0.057639125579347215,
        0.057851641749342285
    ],
    "val_mcc": [
        0.0,
        0.0,
        0.9486832980505139,
        0.9486832980505139,
        0.9486832980505139,
        0.8958064164776166,
        0.9738516810963534,
        0.9486832980505139,
        0.9738516810963534,
        0.8958064164776166,
        0.9244162777371754,
        0.9738516810963534,
        0.9244162777371754,
        0.9738516810963534,
        0.9486832980505139,
        0.9738516810963534,
        0.9738516810963534,
        0.9738516810963534,
        0.9738516810963534,
        0.9738516810963534,
        0.9738516810963534,
        0.9738516810963534,
        0.9738516810963534,
        0.9738516810963534,
        0.9738516810963534,
        0.9738516810963534,
        0.9738516810963534,
        0.9738516810963534,
        0.9738516810963534,
        0.9738516810963534,
        0.9738516810963534,
        0.9738516810963534,
        0.9738516810963534,
        0.9738516810963534,
        0.9738516810963534,
        0.9738516810963534,
        0.9738516810963534,
        0.9738516810963534,
        0.9738516810963534,
        0.9738516810963534,
        0.9738516810963534,
        0.9738516810963534,
        0.9738516810963534,
        0.9738516810963534,
        0.9738516810963534,
        0.9738516810963534,
        0.9738516810963534,
        0.9738516810963534,
        0.9738516810963534,
        0.9738516810963534
    ],
    "val_auroc": [
        0.9973333333333334,
        0.9606666666666667,
        0.992,
        0.9973333333333334,
        0.9953333333333333,
        0.9993333333333333,
        1.0,
        1.0,
        1.0,
        1.0,
        0.9986666666666667,
        0.998,
        0.998,
        0.998,
        0.998,
        0.9973333333333334,
        0.9986666666666667,
        0.9986666666666667,
        0.9986666666666667,
        0.9986666666666667,
        0.9986666666666667,
        0.9986666666666667,
        0.998,
        0.998,
        0.998,
        0.998,
        0.998,
        0.998,
        0.998,
        0.998,
        0.998,
        0.998,
        0.998,
        0.998,
        0.998,
        0.998,
        0.998,
        0.998,
        0.998,
        0.998,
        0.998,
        0.998,
        0.998,
        0.998,
        0.998,
        0.998,
        0.998,
        0.998,
        0.998,
        0.998
    ]
}