{
    "train_loss": [
        0.6559215068817139,
        0.5377546906471252,
        0.4228072166442871,
        0.31543330252170565,
        0.234256374835968,
        0.20326784551143645,
        0.16546547263860703,
        0.14779740795493126,
        0.1053864374756813,
        0.10017877221107482,
        0.07386530674993992,
        0.09054025933146477,
        0.06083952412009239,
        0.04783952124416828,
        0.04759874828159809,
        0.03342157751321793,
        0.029811548069119453,
        0.026507351733744144,
        0.02393464036285877,
        0.02178375907242298,
        0.019922851212322713,
        0.018292190320789815,
        0.016872776299715044,
        0.015623032953590155,
        0.01452617384493351,
        0.0135384202003479,
        0.012646353896707296,
        0.011852756701409816,
        0.01113514108583331,
        0.010484234243631364,
        0.009889974258840084,
        0.009347985032945871,
        0.00885167932137847,
        0.008397357957437634,
        0.007976647140458227,
        0.007591426791623235,
        0.007230523740872741,
        0.006899286434054375,
        0.0065885419491678475,
        0.0063011512160301205,
        0.006034264899790287,
        0.00578113910742104,
        0.005546517064794898,
        0.005327482707798481,
        0.005119541333988309,
        0.004925810173153878,
        0.0047431998886168,
        0.004569791816174984,
        0.004405835643410683,
        0.0042522888164967295
    ],
    "val_loss": [
        0.6367332935333252,
        0.5007269978523254,
        0.3936183949311574,
        0.2925904889901479,
        0.23622389137744904,
        0.19276700417200723,
        0.143763966858387,
        0.12921808660030365,
        0.13345601658026376,
        0.11295194675525029,
        0.1131408264239629,
        0.089119387169679,
        0.09402508040269215,
        0.07469034194946289,
        0.05714588860670725,
        0.0887177437543869,
        0.07592268039782842,
        0.06556557615598042,
        0.06182380268971125,
        0.06042220629751682,
        0.060592956840991974,
        0.06053514343996843,
        0.06005699746310711,
        0.060220563784241676,
        0.06024019792675972,
        0.06050294078886509,
        0.06050587755938371,
        0.060440110663572945,
        0.060496715207894645,
        0.06057967307666937,
        0.06074979963401953,
        0.06094256043434143,
        0.06119617695609728,
        0.06134712758163611,
        0.061490751802921295,
        0.06186397994558016,
        0.06191515984634558,
        0.062193671241402626,
        0.06229666993021965,
        0.06244834450383981,
        0.06287752278149128,
        0.06307908706367016,
        0.06329743377864361,
        0.06352643420298894,
        0.06374776860078175,
        0.06393259887893994,
        0.06427984870970249,
        0.06461103508869807,
        0.0647118507574002,
        0.0650617703795433
    ],
    "val_mcc": [
        0.0,
        0.9738516810963534,
        0.9738516810963534,
        0.9738516810963534,
        0.9486832980505139,
        0.9486832980505139,
        0.9738516810963534,
        0.9738516810963534,
        0.9486832980505139,
        0.9486832980505139,
        0.9486832980505139,
        0.973505222533836,
        0.9486832980505139,
        0.9738516810963534,
        0.9738516810963534,
        0.9486832980505139,
        0.9486832980505139,
        0.9738516810963534,
        0.9738516810963534,
        0.9738516810963534,
        0.9738516810963534,
        0.9738516810963534,
        0.9738516810963534,
        0.9738516810963534,
        0.9738516810963534,
        0.9738516810963534,
        0.9738516810963534,
        0.9738516810963534,
        0.9738516810963534,
        0.9738516810963534,
        0.9738516810963534,
        0.9738516810963534,
        0.9738516810963534,
        0.9738516810963534,
        0.9738516810963534,
        0.9738516810963534,
        0.9738516810963534,
        0.9486832980505139,
        0.9738516810963534,
        0.9738516810963534,
        0.9486832980505139,
        0.9486832980505139,
        0.9486832980505139,
        0.9486832980505139,
        0.9486832980505139,
        0.9486832980505139,
        0.9486832980505139,
        0.9486832980505139,
        0.9486832980505139,
        0.9486832980505139
    ],
    "val_auroc": [
        0.9993333333333333,
        0.9993333333333333,
        1.0,
        1.0,
        0.9953333333333333,
        0.9993333333333333,
        1.0,
        0.9993333333333333,
        0.9873333333333333,
        0.9993333333333333,
        1.0,
        1.0,
        1.0,
        1.0,
        1.0,
        1.0,
        1.0,
        1.0,
        1.0,
        1.0,
        1.0,
        1.0,
        1.0,
        1.0,
        1.0,
        1.0,
        1.0,
        1.0,
        1.0,
        1.0,
        1.0,
        1.0,
        1.0,
        1.0,
        1.0,
        1.0,
        1.0,
        1.0,
        1.0,
        1.0,
        1.0,
        1.0,
        1.0,
        1.0,
        1.0,
        1.0,
        1.0,
        1.0,
        1.0,
        1.0
    ]
}