{
    "train_loss": [
        0.6667659044265747,
        0.5696096837520599,
        0.440367129445076,
        0.33378559052944184,
        0.25102241337299347,
        0.2417372152209282,
        0.17002089619636535,
        0.1258694790303707,
        0.09222668036818504,
        0.07576880976557732,
        0.07892221100628376,
        0.06205491982400417,
        0.06595233976840972,
        0.08612265102565289,
        0.04094761423766613,
        0.03294891100376844,
        0.029131907410919665,
        0.02604066990315914,
        0.023568825051188468,
        0.021473175659775735,
        0.0196801096200943,
        0.018136942759156227,
        0.01676688324660063,
        0.015551856346428394,
        0.0144906148314476,
        0.013527346961200237,
        0.01266891285777092,
        0.011897072941064835,
        0.011189178004860878,
        0.010552424658089875,
        0.009968041721731425,
        0.009437083266675472,
        0.008948971517384052,
        0.008498804084956646,
        0.00808585500344634,
        0.007701560482382774,
        0.007348531112074852,
        0.0070157896261662245,
        0.006708696624264121,
        0.006424160907045007,
        0.006155028101056814,
        0.00590649489313364,
        0.005670299893245101,
        0.005450697522610426,
        0.005242459941655397,
        0.005048632202669978,
        0.004864298040047288,
        0.004690923169255257,
        0.004526998056098819,
        0.004372525354847312
    ],
    "val_loss": [
        0.6638558109601339,
        0.5193201303482056,
        0.40277401606241864,
        0.2963528831799825,
        0.23971902330716452,
        0.21657688915729523,
        0.1344467674692472,
        0.10657929380734761,
        0.08738961194952329,
        0.07161775976419449,
        0.060708556324243546,
        0.11870651692152023,
        0.049086411794026695,
        0.04649380035698414,
        0.0365529494980971,
        0.033274235824743904,
        0.029039547468225162,
        0.02618408078948657,
        0.02372654837866624,
        0.02167478824655215,
        0.01991475901256005,
        0.018352993143101532,
        0.016995659408469994,
        0.015815929509699345,
        0.01473689762254556,
        0.013784839771687984,
        0.012922659205893675,
        0.012136982753872871,
        0.011436330464979013,
        0.010795055888593197,
        0.010217060800641775,
        0.009681541472673416,
        0.009188938265045484,
        0.008737624622881413,
        0.008314932541300854,
        0.007926034120221933,
        0.0075597687003513174,
        0.0072264728757242365,
        0.006916393525898457,
        0.006621396945168574,
        0.006350146761784951,
        0.006091910880059004,
        0.005853783804923296,
        0.00562811316922307,
        0.0054192510433495045,
        0.005219226082166036,
        0.005031986084456245,
        0.004854929322997729,
        0.004688041362290581,
        0.00452793847459058
    ],
    "val_mcc": [
        0.0,
        1.0,
        1.0,
        1.0,
        0.973505222533836,
        1.0,
        1.0,
        1.0,
        1.0,
        1.0,
        1.0,
        0.9244162777371754,
        1.0,
        1.0,
        1.0,
        1.0,
        1.0,
        1.0,
        1.0,
        1.0,
        1.0,
        1.0,
        1.0,
        1.0,
        1.0,
        1.0,
        1.0,
        1.0,
        1.0,
        1.0,
        1.0,
        1.0,
        1.0,
        1.0,
        1.0,
        1.0,
        1.0,
        1.0,
        1.0,
        1.0,
        1.0,
        1.0,
        1.0,
        1.0,
        1.0,
        1.0,
        1.0,
        1.0,
        1.0,
        1.0
    ],
    "val_auroc": [
        1.0,
        1.0,
        1.0,
        1.0,
        1.0,
        1.0,
        1.0,
        1.0,
        1.0,
        1.0,
        1.0,
        1.0,
        1.0,
        1.0,
        1.0,
        1.0,
        1.0,
        1.0,
        1.0,
        1.0,
        1.0,
        1.0,
        1.0,
        1.0,
        1.0,
        1.0,
        1.0,
        1.0,
        1.0,
        1.0,
        1.0,
        1.0,
        1.0,
        1.0,
        1.0,
        1.0,
        1.0,
        1.0,
        1.0,
        1.0,
        1.0,
        1.0,
        1.0,
        1.0,
        1.0,
        1.0,
        1.0,
        1.0,
        1.0,
        1.0
    ]
}