{
    "train_loss": [
        0.6591062247753143,
        0.5465444028377533,
        0.4213505744934082,
        0.3185384780168533,
        0.23987954705953599,
        0.1940849766135216,
        0.19350965917110444,
        0.29281216859817505,
        0.12738217562437057,
        0.10106307566165924,
        0.09446250721812248,
        0.07354011349380016,
        0.059587175771594045,
        0.04979375600814819,
        0.04833216480910778,
        0.0431748766452074,
        0.031305034272372724,
        0.028716429509222506,
        0.0252295583486557,
        0.02288210466504097,
        0.020825004391372203,
        0.01909311916679144,
        0.017602046020329,
        0.01629029316827655,
        0.01513557080179453,
        0.014101769868284464,
        0.01317621609196067,
        0.012345677334815263,
        0.011596317309886217,
        0.010914719197899103,
        0.010298356879502535,
        0.00972958980128169,
        0.009212351590394973,
        0.008733979891985655,
        0.008296042447909713,
        0.007893301220610738,
        0.007518381346017122,
        0.007169334450736642,
        0.006847018282860518,
        0.006547990115359425,
        0.006266817031428218,
        0.006004197662696243,
        0.005759709561243653,
        0.005528524005785585,
        0.005314395390450954,
        0.005110925203189254,
        0.004920008219778537,
        0.004739585844799876,
        0.004568741098046303,
        0.0044087761547416445
    ],
    "val_loss": [
        0.653199315071106,
        0.49867639938990277,
        0.3903636932373047,
        0.32877083619435626,
        0.22807889183362326,
        0.17242449025313059,
        0.2029551019271215,
        0.19099553426106772,
        0.1252365286151568,
        0.11405263220270474,
        0.08994507417082787,
        0.068673275411129,
        0.057463325560092926,
        0.07385855913162231,
        0.10140356173117955,
        0.06295434323449929,
        0.043424988786379494,
        0.05088179434339205,
        0.05877019837498665,
        0.05564055219292641,
        0.0510991762081782,
        0.04717737063765526,
        0.04404212534427643,
        0.04175117611885071,
        0.039558286468187966,
        0.038050707429647446,
        0.0367911122739315,
        0.035637978153924145,
        0.03490872463832299,
        0.03437912339965502,
        0.033812591806054115,
        0.03334445785731077,
        0.03333357162773609,
        0.03291310012961427,
        0.03271049214527011,
        0.03250754407296578,
        0.03218707566459974,
        0.03204366440574328,
        0.03206361162786683,
        0.0321915678990384,
        0.03209541396548351,
        0.03201845303798715,
        0.032090541906654835,
        0.032236576390763126,
        0.03214486610765258,
        0.03228724763418237,
        0.03236740928453704,
        0.032495582243427634,
        0.032468967605382204,
        0.03255353953378896
    ],
    "val_mcc": [
        0.0,
        0.8958064164776166,
        1.0,
        0.8783100656536799,
        0.9738516810963534,
        0.9738516810963534,
        0.9009798587550961,
        0.9009798587550961,
        1.0,
        0.9738516810963534,
        0.9738516810963534,
        1.0,
        1.0,
        0.9738516810963534,
        0.9473309334313418,
        0.9738516810963534,
        1.0,
        0.9738516810963534,
        0.9738516810963534,
        0.9738516810963534,
        0.9738516810963534,
        0.9738516810963534,
        0.9738516810963534,
        0.9738516810963534,
        0.9738516810963534,
        0.9738516810963534,
        0.9738516810963534,
        0.9738516810963534,
        0.9738516810963534,
        0.9738516810963534,
        0.9738516810963534,
        0.9738516810963534,
        0.9738516810963534,
        0.9738516810963534,
        0.9738516810963534,
        0.9738516810963534,
        0.9738516810963534,
        0.9738516810963534,
        0.9738516810963534,
        0.9738516810963534,
        0.9738516810963534,
        0.9738516810963534,
        0.9738516810963534,
        0.9738516810963534,
        0.9738516810963534,
        0.9738516810963534,
        0.9738516810963534,
        0.9738516810963534,
        0.9738516810963534,
        0.9738516810963534
    ],
    "val_auroc": [
        0.9973333333333334,
        1.0,
        1.0,
        0.988,
        0.998,
        1.0,
        1.0,
        1.0,
        1.0,
        1.0,
        1.0,
        1.0,
        1.0,
        1.0,
        1.0,
        1.0,
        1.0,
        1.0,
        1.0,
        1.0,
        1.0,
        1.0,
        1.0,
        1.0,
        1.0,
        1.0,
        1.0,
        1.0,
        1.0,
        1.0,
        1.0,
        1.0,
        1.0,
        1.0,
        1.0,
        1.0,
        1.0,
        1.0,
        1.0,
        1.0,
        1.0,
        1.0,
        1.0,
        1.0,
        1.0,
        1.0,
        1.0,
        1.0,
        1.0,
        1.0
    ]
}