{
    "train_loss": [
        0.673931223154068,
        0.600240969657898,
        0.4662598729133606,
        0.3554814666509628,
        0.29373528361320494,
        0.20304690897464753,
        0.18642314225435258,
        0.15969667881727218,
        0.11090244427323341,
        0.10027507171034813,
        0.08305295147001743,
        0.059520226716995236,
        0.054756305366754535,
        0.04362049847841263,
        0.043114767782390116,
        0.03281305190175772,
        0.029390397109091283,
        0.026518093049526216,
        0.02400955967605114,
        0.02187574002891779,
        0.02005398739129305,
        0.01846042536199093,
        0.0170609962195158,
        0.0158194862306118,
        0.0147246646694839,
        0.013753131870180369,
        0.01286310851573944,
        0.012066725175827742,
        0.01135142780840397,
        0.010696350689977407,
        0.010099973343312741,
        0.009554875269532203,
        0.009056252986192703,
        0.008594227768480778,
        0.0081715177744627,
        0.007780669676139951,
        0.007418112736195326,
        0.0070788244716823105,
        0.006766650965437293,
        0.006476463470607996,
        0.006199955707415938,
        0.005946358339861036,
        0.00570716755464673,
        0.005481783440336585,
        0.00527130737900734,
        0.005073497537523508,
        0.004886525357142091,
        0.004709961265325547,
        0.004543371545150876,
        0.004385856492444873
    ],
    "val_loss": [
        0.687911331653595,
        0.5528501073519388,
        0.4221511085828145,
        0.3300494949022929,
        0.2574623425801595,
        0.20597651104132333,
        0.15088446189959845,
        0.13983383029699326,
        0.0967354786892732,
        0.13942250361045203,
        0.07216155404845874,
        0.06156048799554507,
        0.1483001410961151,
        0.06776177324354649,
        0.06755078832308452,
        0.03625270165503025,
        0.04679124616086483,
        0.04231277791162332,
        0.03261185996234417,
        0.026326458901166916,
        0.02253212748716275,
        0.020057619859774906,
        0.018295076054831345,
        0.016830893854300182,
        0.015574439118305842,
        0.014479623486598333,
        0.013529015394548575,
        0.012683486565947533,
        0.011921068343023459,
        0.011228234196702639,
        0.010602917366971573,
        0.010032233782112598,
        0.009506368233511845,
        0.009033417950073877,
        0.00859142110372583,
        0.008178634103387594,
        0.00779657003780206,
        0.0074488309522469836,
        0.007119527241835992,
        0.0068100830540061,
        0.006530339519182841,
        0.006262737171103557,
        0.006012937209258477,
        0.005781729860852162,
        0.005562432575970888,
        0.005355439924945434,
        0.005160115038355191,
        0.004976323262477915,
        0.004802804905921221,
        0.004638576414436102
    ],
    "val_mcc": [
        0.0,
        0.0,
        1.0,
        0.9486832980505139,
        0.973505222533836,
        0.9486832980505139,
        0.9738516810963534,
        0.973505222533836,
        0.9738516810963534,
        0.9214426752509267,
        1.0,
        1.0,
        0.9214426752509267,
        0.9738516810963534,
        0.973505222533836,
        1.0,
        0.9738516810963534,
        0.9738516810963534,
        0.9738516810963534,
        1.0,
        1.0,
        1.0,
        1.0,
        1.0,
        1.0,
        1.0,
        1.0,
        1.0,
        1.0,
        1.0,
        1.0,
        1.0,
        1.0,
        1.0,
        1.0,
        1.0,
        1.0,
        1.0,
        1.0,
        1.0,
        1.0,
        1.0,
        1.0,
        1.0,
        1.0,
        1.0,
        1.0,
        1.0,
        1.0,
        1.0
    ],
    "val_auroc": [
        1.0,
        1.0,
        1.0,
        1.0,
        1.0,
        1.0,
        1.0,
        1.0,
        1.0,
        1.0,
        1.0,
        1.0,
        1.0,
        1.0,
        1.0,
        1.0,
        1.0,
        1.0,
        1.0,
        1.0,
        1.0,
        1.0,
        1.0,
        1.0,
        1.0,
        1.0,
        1.0,
        1.0,
        1.0,
        1.0,
        1.0,
        1.0,
        1.0,
        1.0,
        1.0,
        1.0,
        1.0,
        1.0,
        1.0,
        1.0,
        1.0,
        1.0,
        1.0,
        1.0,
        1.0,
        1.0,
        1.0,
        1.0,
        1.0,
        1.0
    ]
}