{
    "train_loss": [
        0.4360611682588404,
        0.26520109650763596,
        0.23895071311430496,
        0.23091407695954497,
        0.17418414405123753,
        0.14176442084664648,
        0.11940184100107713,
        0.11040786975486712,
        0.10747547989541834,
        0.11434573951092633,
        0.11127638918432323,
        0.10796190603551539,
        0.10177626562389461,
        0.09906751556660641,
        0.09439601715315472,
        0.09282821264456619,
        0.0883703428235921,
        0.08833261210979386,
        0.09245685487985611,
        0.10171956645155494,
        0.10238330049270933,
        0.08653509951281277,
        0.08150539284741337,
        0.08194287057796662,
        0.08001610899174755,
        0.0781347726217725,
        0.08464788450774821,
        0.08403639021244916,
        0.08828173611651767,
        0.08012413428249684,
        0.07990779372101481,
        0.07321933402933857,
        0.0709296521434391,
        0.07398028269579465,
        0.07090790214186365,
        0.06792268324220045,
        0.07878346436403015,
        0.07940387865528464,
        0.06595286019993099,
        0.06097772217948328,
        0.05498825477182188,
        0.05418556021653454,
        0.053071706598116594,
        0.05228718210392716,
        0.05188995468514887,
        0.04510267774193463,
        0.060848081378604875,
        0.06640726628459313,
        0.06012199277227575,
        0.0484597246395424
    ],
    "val_loss": [
        0.2831578701734543,
        0.2249614025155703,
        0.2195932057996591,
        0.1857942988475164,
        0.11561258261402448,
        0.09754621175428231,
        0.08466224030901988,
        0.07502398795137803,
        0.06623579158137242,
        0.08509932210048039,
        0.06105670100077987,
        0.08809646979595225,
        0.06532158826788266,
        0.07215652878706653,
        0.07399368115390341,
        0.07310513453558087,
        0.07506214982519548,
        0.07690909799809258,
        0.07430880369308095,
        0.0693114073947072,
        0.07688632654026151,
        0.07744019602735837,
        0.07420451752841473,
        0.07688795767414074,
        0.0765997221848617,
        0.07692264470582207,
        0.07808216676736872,
        0.08027532401805122,
        0.07927219018650551,
        0.07664002012461424,
        0.07686185332325597,
        0.07775043649598956,
        0.07885540517357488,
        0.07786533422768116,
        0.07941521944788595,
        0.07961355180790027,
        0.07397757261060178,
        0.076572276186198,
        0.08184896525926888,
        0.08542561973445117,
        0.08780568232759833,
        0.08111918395540367,
        0.0954308439977467,
        0.09503469565728058,
        0.09007116158803304,
        0.09275140172879522,
        0.09827645348074536,
        0.08229034832523514,
        0.09650759499830504,
        0.0992094186367467
    ],
    "val_mcc": [
        0.0,
        0.0,
        0.0,
        0.0,
        0.0,
        0.0,
        0.0,
        0.6854365268376295,
        0.8241617276558911,
        0.8455767262643882,
        0.8455767262643882,
        0.6113636363636363,
        0.7911146277286897,
        0.8241617276558911,
        0.8241617276558911,
        0.7911146277286897,
        0.7911146277286897,
        0.7911146277286897,
        0.7678008319191324,
        0.8241617276558911,
        0.7911146277286897,
        0.7911146277286897,
        0.7911146277286897,
        0.7911146277286897,
        0.7911146277286897,
        0.7911146277286897,
        0.7911146277286897,
        0.761314709835944,
        0.7911146277286897,
        0.7911146277286897,
        0.7911146277286897,
        0.7911146277286897,
        0.7911146277286897,
        0.7342244874330721,
        0.7911146277286897,
        0.7911146277286897,
        0.7911146277286897,
        0.7911146277286897,
        0.7911146277286897,
        0.7342244874330721,
        0.7342244874330721,
        0.7342244874330721,
        0.7911146277286897,
        0.6744860186581717,
        0.7911146277286897,
        0.7342244874330721,
        0.7342244874330721,
        0.8056818181818182,
        0.645743840298938,
        0.7342244874330721
    ],
    "val_auroc": [
        0.6744318181818182,
        0.9363636363636364,
        0.9857954545454546,
        0.9920454545454545,
        0.9880681818181818,
        0.9920454545454546,
        0.9852272727272728,
        0.9892045454545454,
        0.9892045454545455,
        0.9857954545454545,
        0.984659090909091,
        0.9886363636363636,
        0.9875,
        0.9892045454545455,
        0.9903409090909092,
        0.9875,
        0.9721590909090909,
        0.9068181818181817,
        0.9022727272727272,
        0.9227272727272727,
        0.918181818181818,
        0.9698863636363636,
        0.9130681818181817,
        0.9164772727272728,
        0.927840909090909,
        0.9318181818181818,
        0.91875,
        0.9835227272727273,
        0.9511363636363637,
        0.9363636363636363,
        0.9568181818181818,
        0.9346590909090909,
        0.9357954545454545,
        0.9414772727272727,
        0.9477272727272726,
        0.9636363636363636,
        0.9602272727272727,
        0.9659090909090908,
        0.9482954545454545,
        0.9136363636363636,
        0.946590909090909,
        0.9761363636363636,
        0.9505681818181818,
        0.9431818181818181,
        0.9392045454545455,
        0.9607954545454546,
        0.9505681818181819,
        0.9607954545454547,
        0.9602272727272727,
        0.9369318181818181
    ]
}