{
    "train_loss": [
        0.4452349679036574,
        0.2616225531832738,
        0.24465581165118652,
        0.23247995701703159,
        0.16578557206825775,
        0.1317874745211818,
        0.11236537087031385,
        0.13256682387807153,
        0.1174724515188824,
        0.1000574547374113,
        0.09943122873929414,
        0.10680785842917183,
        0.11006270196627486,
        0.10493483749980276,
        0.08814576632258567,
        0.11157962112602862,
        0.09112822526896541,
        0.09223458848216316,
        0.08857190024785021,
        0.08484877002510158,
        0.08476401306688786,
        0.07994187098335136,
        0.0805777591991831,
        0.08883726131170988,
        0.07573043601587415,
        0.07691529041833499,
        0.07572144460441037,
        0.07656791581856934,
        0.08449222016232935,
        0.06793692161921751,
        0.06434803172437982,
        0.06302151033146815,
        0.0625551746819507,
        0.0724525133317167,
        0.06180775555020029,
        0.05817786371335387,
        0.052956113634123045,
        0.07108095220544121,
        0.06655526588755575,
        0.05535109815272418,
        0.05089634623039852,
        0.049263911406424915,
        0.04493187346749685,
        0.04420268992808732,
        0.04851761646568775,
        0.04314809842881831,
        0.040667217605831946,
        0.04582565739242868,
        0.04536353707821532,
        0.03791831986216659
    ],
    "val_loss": [
        0.302303488055865,
        0.24644930784900984,
        0.24253207196791968,
        0.21815512453516325,
        0.16384505604704222,
        0.14872015143434206,
        0.14225735080738863,
        0.14128956384956837,
        0.1562857385724783,
        0.14139329766233763,
        0.14334901670614877,
        0.1447611196587483,
        0.13380243877569833,
        0.14432085243364176,
        0.13729961154361567,
        0.14521862318118414,
        0.141818734506766,
        0.14659672416746616,
        0.15240596669415632,
        0.150014645109574,
        0.15445118211209774,
        0.15344944099585214,
        0.14913518323252598,
        0.1725960448384285,
        0.15065594824651876,
        0.1612576631208261,
        0.15473070554435253,
        0.17401007935404778,
        0.14040423495074114,
        0.1580187976360321,
        0.16614975904424986,
        0.20382588108380637,
        0.14271544106304646,
        0.1333410426353415,
        0.157452710904181,
        0.1371873946239551,
        0.21041607608397803,
        0.14249934939046702,
        0.14575624279677868,
        0.16121908401449522,
        0.16001986091335615,
        0.15559974561134973,
        0.18373537249863148,
        0.16055192798376083,
        0.15049348895748457,
        0.15948898469408354,
        0.17954203734795252,
        0.15333401691168547,
        0.1465995740145445,
        0.21885687236984572
    ],
    "val_mcc": [
        0.0,
        0.0,
        0.0,
        0.0,
        0.0,
        0.0,
        0.7343393577431244,
        0.7043052599705966,
        0.6525631418487591,
        0.7043052599705966,
        0.7043052599705966,
        0.7043052599705966,
        0.7879953293760422,
        0.7043052599705966,
        0.6855481141700032,
        0.7043052599705966,
        0.7043052599705966,
        0.7043052599705966,
        0.5443323346087288,
        0.6444415858343575,
        0.6444415858343575,
        0.6444415858343575,
        0.7043052599705966,
        0.3388235309124364,
        0.6444415858343575,
        0.5788383624620932,
        0.5443323346087288,
        0.5443323346087288,
        0.7043052599705966,
        0.611518915866742,
        0.5443323346087288,
        0.4272095352695313,
        0.7043052599705966,
        0.7614224140655513,
        0.7086391869000565,
        0.7343393577431244,
        0.5064552788726858,
        0.5813462701261382,
        0.6746219776463768,
        0.5788383624620932,
        0.5788383624620932,
        0.5443323346087288,
        0.5064552788726858,
        0.47212861075418316,
        0.611518915866742,
        0.5788383624620932,
        0.5064552788726858,
        0.6772007708377219,
        0.6746219776463768,
        0.47212861075418316
    ],
    "val_auroc": [
        0.7284020327498588,
        0.7300959909655562,
        0.8881987577639752,
        0.8690005646527386,
        0.8644833427442123,
        0.9062676453980802,
        0.9085262563523433,
        0.8582721626199886,
        0.8249576510446075,
        0.9192546583850931,
        0.8159232072275552,
        0.9576510446075663,
        0.8537549407114624,
        0.9034443817052512,
        0.8814229249011857,
        0.88085827216262,
        0.9226425748164878,
        0.8853754940711462,
        0.9124788255223037,
        0.9333709768492376,
        0.945793337097685,
        0.9480519480519481,
        0.9237718802936193,
        0.9695087521174478,
        0.9627329192546583,
        0.9638622247317901,
        0.9429700734048561,
        0.9762845849802372,
        0.9367588932806323,
        0.9678147939017504,
        0.9548277809147374,
        0.9124788255223037,
        0.9412761151891587,
        0.9384528514963297,
        0.9305477131564088,
        0.9457933370976849,
        0.9186900056465274,
        0.9520045172219085,
        0.9661208356860531,
        0.9542631281761716,
        0.9661208356860531,
        0.9553924336533032,
        0.9700734048560135,
        0.9536984754376059,
        0.9587803500846979,
        0.9627329192546584,
        0.9644268774703557,
        0.9632975719932242,
        0.9695087521174477,
        0.9395821569734613
    ]
}