{
    "train_loss": [
        0.4520957659591328,
        0.2658025212585926,
        0.240197459066456,
        0.22972129556265744,
        0.17105002599683675,
        0.13714375329965894,
        0.12180510298772292,
        0.10062089799480005,
        0.09419629164040089,
        0.09827306358651682,
        0.10302216678180477,
        0.0902645117179914,
        0.08706425286998803,
        0.08476305617527528,
        0.08282225350426002,
        0.08262725309892134,
        0.08098579748449,
        0.08576432581652295,
        0.07812621281482279,
        0.09615273646671664,
        0.09047037760981104,
        0.08328342319212177,
        0.08323838900436055,
        0.08511137158017267,
        0.08143410666591742,
        0.08537367756732485,
        0.07508665797385303,
        0.07194504414854402,
        0.07047135279175233,
        0.07712754332037135,
        0.08352887875993144,
        0.07473832000554963,
        0.07019099914892153,
        0.06538379463282498,
        0.06529771443456411,
        0.06500533405183391,
        0.06996570265089924,
        0.08006826995617965,
        0.06524021517146718,
        0.07103955517099662,
        0.06617442073977807,
        0.058829383945769885,
        0.06023675927215002,
        0.06015641072934324,
        0.06242269175973805,
        0.06044925558804111,
        0.06532174048267982,
        0.07594119147820906,
        0.0587539227086712,
        0.06850423934784802
    ],
    "val_loss": [
        0.29116057852904004,
        0.22635946546991667,
        0.21993181854486465,
        0.19228386878967285,
        0.14596569848557314,
        0.12785869588454565,
        0.11292314746727546,
        0.10873619622240464,
        0.10612182846913736,
        0.10277614866693814,
        0.10792903369292617,
        0.1104545093451937,
        0.11057138567169507,
        0.11178309105647107,
        0.12146870473710199,
        0.11012354516424239,
        0.12222064418407778,
        0.11272443714551628,
        0.10970165254548192,
        0.10922676549913983,
        0.10640668294702967,
        0.11556210345588624,
        0.11784184568872054,
        0.11349759770867725,
        0.11676311562769115,
        0.11497803746412198,
        0.11834098305553198,
        0.13441200174080828,
        0.13447336379128197,
        0.11383643257431686,
        0.11636826302856207,
        0.12210895377211273,
        0.1339707332663238,
        0.14521485737835368,
        0.13156117467830578,
        0.14086903755863509,
        0.12383109633810818,
        0.1321027031323562,
        0.13678585070495805,
        0.12769255756090084,
        0.12901827871489027,
        0.13302593305706978,
        0.13925553439185023,
        0.13166213151998818,
        0.13795055146329105,
        0.13824433096063635,
        0.13693997217342257,
        0.14097778568975627,
        0.14483618394782147,
        0.13129847294961414
    ],
    "val_mcc": [
        0.0,
        0.0,
        0.0,
        0.0,
        0.0,
        0.0,
        0.6744860186581717,
        0.6770526934074996,
        0.629847683753378,
        0.6867734371761149,
        0.6770526934074996,
        0.6770526934074996,
        0.6442872472102531,
        0.6172321067240548,
        0.6442872472102531,
        0.6770526934074996,
        0.5811712053972111,
        0.5811712053972111,
        0.6770526934074996,
        0.6442872472102531,
        0.7041733672263722,
        0.6770526934074996,
        0.6523995931218626,
        0.6172321067240548,
        0.6113636363636363,
        0.6770526934074996,
        0.6113636363636363,
        0.6113636363636363,
        0.6113636363636363,
        0.5811712053972111,
        0.6770526934074996,
        0.6744860186581717,
        0.6113636363636363,
        0.645743840298938,
        0.6744860186581717,
        0.6113636363636363,
        0.7085227272727272,
        0.6113636363636363,
        0.6442872472102531,
        0.6442872472102531,
        0.6442872472102531,
        0.6744860186581717,
        0.6442872472102531,
        0.645743840298938,
        0.6442872472102531,
        0.6442872472102531,
        0.5811712053972111,
        0.5811712053972111,
        0.6442872472102531,
        0.6172321067240548
    ],
    "val_auroc": [
        0.5732954545454545,
        0.8247159090909091,
        0.890340909090909,
        0.95625,
        0.9244318181818181,
        0.9125,
        0.9147727272727273,
        0.9755681818181818,
        0.96875,
        0.9403409090909091,
        0.9630681818181818,
        0.9625,
        0.8857954545454545,
        0.959659090909091,
        0.8227272727272728,
        0.9352272727272727,
        0.8812500000000001,
        0.8829545454545455,
        0.8982954545454546,
        0.9545454545454546,
        0.9642045454545455,
        0.8874999999999998,
        0.8937499999999999,
        0.8846590909090909,
        0.8323863636363638,
        0.8369318181818182,
        0.8397727272727272,
        0.8482954545454546,
        0.8579545454545454,
        0.9625000000000001,
        0.9244318181818182,
        0.8340909090909092,
        0.8426136363636364,
        0.7585227272727273,
        0.8255681818181819,
        0.8363636363636365,
        0.8755681818181817,
        0.8636363636363636,
        0.8585227272727274,
        0.8579545454545454,
        0.8607954545454546,
        0.7857954545454545,
        0.8517045454545455,
        0.7920454545454546,
        0.8051136363636363,
        0.8085227272727272,
        0.8284090909090909,
        0.9022727272727273,
        0.8119318181818183,
        0.928409090909091
    ]
}