{
    "train_loss": [
        0.44398375194181094,
        0.2549822682684118,
        0.23431079360571774,
        0.23363917354832997,
        0.20731841451065106,
        0.14950950934805654,
        0.12202838689766148,
        0.1103161566636779,
        0.09205230613323775,
        0.09701951161365617,
        0.10494073251770301,
        0.09339117258787155,
        0.09739383022216233,
        0.08068101277405565,
        0.07711875133893707,
        0.07631851046938788,
        0.07324083572761579,
        0.06877210975455289,
        0.06366992674090645,
        0.06169788107614626,
        0.06315314337949861,
        0.05911961473016576,
        0.061986869730224665,
        0.05492464796936309,
        0.05435626667035236,
        0.056919067801738325,
        0.07408668994056908,
        0.05861669503660365,
        0.06467448505149646,
        0.06376503382555464,
        0.0653049907731739,
        0.05031059877100316,
        0.048789311020465735,
        0.04615156647791578,
        0.045794615395028486,
        0.04577142074280842,
        0.042916210971518674,
        0.03981337842362171,
        0.04356560377742757,
        0.043964954537593505,
        0.03630846190604974,
        0.03680462248369374,
        0.03238013327460398,
        0.03162549569440836,
        0.030912613422101873,
        0.029967373914339325,
        0.02816050734624944,
        0.032037354042668914,
        0.04767951851880008,
        0.037946977546777234
    ],
    "val_loss": [
        0.2867943545182546,
        0.22548436746001244,
        0.22002273177107176,
        0.21687519053618112,
        0.17230737333496413,
        0.1689273559798797,
        0.13880442641675472,
        0.1454383119319876,
        0.16686214429015914,
        0.13028813091417155,
        0.14445452112704515,
        0.1542835469978551,
        0.20086655765771866,
        0.15868374162043133,
        0.16055803063015142,
        0.15789850009605289,
        0.16451629910928509,
        0.1725077322529008,
        0.17403845147540173,
        0.2108342422482868,
        0.19455568476890525,
        0.22903547587338835,
        0.17793267123245946,
        0.20609805022832006,
        0.20360617382296672,
        0.1727813583565876,
        0.2275359264264504,
        0.20325481065083295,
        0.18517727633782974,
        0.2023535919142887,
        0.22992295364383608,
        0.21325977084537348,
        0.22640874174733958,
        0.22752693357566992,
        0.2380768017222484,
        0.24011579590539137,
        0.2411026369469861,
        0.2498741642339155,
        0.2518099941856538,
        0.2558855527313426,
        0.2543854671918477,
        0.2592158783227205,
        0.2717780350940302,
        0.2688394234282896,
        0.26047608671554673,
        0.27567314356565475,
        0.27115389248744276,
        0.20551189058460295,
        0.2549358462371553,
        0.2841778009897098
    ],
    "val_mcc": [
        0.0,
        0.0,
        0.0,
        0.0,
        0.0,
        0.0,
        0.0,
        0.0,
        0.44278660624354294,
        0.5707549345615969,
        0.5545438139255907,
        0.5545438139255907,
        0.3388235309124364,
        0.5545438139255907,
        0.5545438139255907,
        0.5545438139255907,
        0.5545438139255907,
        0.3654188590462732,
        0.44278660624354294,
        0.3654188590462732,
        0.394794855085661,
        0.4272095352695313,
        0.44278660624354294,
        0.47212861075418316,
        0.41727837380011296,
        0.44278660624354294,
        0.46832941383896765,
        0.44278660624354294,
        0.47212861075418316,
        0.4272095352695313,
        0.39361809238809775,
        0.47212861075418316,
        0.39361809238809775,
        0.44278660624354294,
        0.39361809238809775,
        0.39361809238809775,
        0.39361809238809775,
        0.39361809238809775,
        0.3654188590462732,
        0.30694760390069437,
        0.23765410727335523,
        0.20931764798590516,
        0.20931764798590516,
        0.20931764798590516,
        0.30694760390069437,
        0.11733188624899324,
        0.23765410727335523,
        0.48807056260589954,
        0.3654188590462732,
        0.28078090590350974
    ],
    "val_auroc": [
        0.30604178430265394,
        0.6860530773574252,
        0.9090909090909091,
        0.8825522303783173,
        0.9260304912478825,
        0.8848108413325805,
        0.8469791078486733,
        0.9407114624505929,
        0.9356295878035008,
        0.8283455674760023,
        0.8503670242800678,
        0.7730095990965556,
        0.823828345567476,
        0.805759457933371,
        0.8266516092603049,
        0.7944664031620555,
        0.8853754940711462,
        0.8605307735742518,
        0.8684359119141728,
        0.8023715415019763,
        0.8272162619988708,
        0.8701298701298701,
        0.8802936194240543,
        0.9000564652738565,
        0.9339356295878035,
        0.9328063241106719,
        0.7944664031620554,
        0.9282891022021458,
        0.828910220214568,
        0.8198757763975155,
        0.8142292490118577,
        0.8147939017504235,
        0.7944664031620553,
        0.7684923771880294,
        0.7775268210050821,
        0.878035008469791,
        0.8051948051948051,
        0.8881987577639752,
        0.8565782044042913,
        0.6871823828345568,
        0.72557876905703,
        0.7521174477696216,
        0.7227555053642011,
        0.7312252964426877,
        0.67871259175607,
        0.6922642574816488,
        0.6770186335403726,
        0.8266516092603049,
        0.7622811970638058,
        0.8018068887634106
    ]
}