{
    "train_loss": [
        0.4318165758794004,
        0.2589208012954755,
        0.2347105545076457,
        0.23763166401873936,
        0.19098586775362492,
        0.14926005290313202,
        0.1228319513188167,
        0.11331094064834443,
        0.13575564274056393,
        0.10712410441853783,
        0.09976320929655974,
        0.10043933259492571,
        0.09299541061574762,
        0.0953942048786716,
        0.08339822427792982,
        0.08625555156984112,
        0.0860936227677898,
        0.08743478239259937,
        0.0842855226417834,
        0.07796796053563329,
        0.09159201392057267,
        0.07996483058245345,
        0.08890036891468546,
        0.07666652147996832,
        0.06933218619616871,
        0.07073716857385906,
        0.06402398451146754,
        0.07035782975568013,
        0.06835298729129136,
        0.0646395989778367,
        0.06352239373055371,
        0.06319290890612385,
        0.05756192006678744,
        0.055436941160058435,
        0.055129785810343244,
        0.047660016221925616,
        0.05814399663358927,
        0.06395781840282408,
        0.05759650959887288,
        0.06814819697121327,
        0.05025307133539834,
        0.07779831930317661,
        0.0737854670309885,
        0.05576789129356092,
        0.047010318164459684,
        0.044214396441186014,
        0.04433236836286431,
        0.03973387922583656,
        0.034450617105573074,
        0.032172894486310805
    ],
    "val_loss": [
        0.28371819605429965,
        0.224561870098114,
        0.2199546272555987,
        0.21603262796998024,
        0.14553465445836386,
        0.11864836265643437,
        0.14038683380931616,
        0.19170456131299338,
        0.09274022995183866,
        0.0939597728041311,
        0.1054342935482661,
        0.08966980595141649,
        0.08018971001729369,
        0.09214580136661728,
        0.10860978641236822,
        0.09214245155453682,
        0.09685027025019129,
        0.09754056747381885,
        0.14140927985620996,
        0.0860599644171695,
        0.08945565732816856,
        0.09354652278125286,
        0.09362150651092331,
        0.08342593939354022,
        0.09054279855142038,
        0.10387328049788873,
        0.0915865261728565,
        0.10236988464991252,
        0.0966698108240962,
        0.102187089001139,
        0.10954031565537055,
        0.10094449979563554,
        0.1111775500078996,
        0.12400960767020781,
        0.11397911421954632,
        0.14998030996260545,
        0.11861549566189449,
        0.10228849295526743,
        0.19878926787835857,
        0.11089951133665939,
        0.1728759209314982,
        0.1110050630910943,
        0.11562392379467686,
        0.12256692241256435,
        0.13264509267173707,
        0.1430812442364792,
        0.1740144748085489,
        0.1260119608292977,
        0.1596949032197396,
        0.15021125071992478
    ],
    "val_mcc": [
        0.0,
        0.0,
        0.0,
        0.0,
        0.0,
        0.0,
        0.0,
        0.0,
        0.7343393577431244,
        0.5788383624620932,
        0.5064552788726858,
        0.7096473159168414,
        0.5443323346087288,
        0.44278660624354294,
        0.47212861075418316,
        0.7096473159168414,
        0.6525631418487591,
        0.47212861075418316,
        0.47212861075418316,
        0.6772007708377219,
        0.5788383624620932,
        0.7096473159168414,
        0.5443323346087288,
        0.5443323346087288,
        0.7043052599705966,
        0.5443323346087288,
        0.7343393577431244,
        0.5143986448334275,
        0.611518915866742,
        0.5443323346087288,
        0.6746219776463768,
        0.7343393577431244,
        0.7043052599705966,
        0.6444415858343575,
        0.7343393577431244,
        0.5443323346087288,
        0.6174038936040667,
        0.6746219776463768,
        0.39361809238809775,
        0.5443323346087288,
        0.6192924653572738,
        0.5443323346087288,
        0.5143986448334275,
        0.5788383624620932,
        0.4272095352695313,
        0.3388235309124364,
        0.5443323346087288,
        0.6444415858343575,
        0.47212861075418316,
        0.3654188590462732
    ],
    "val_auroc": [
        0.19847543760587238,
        0.8735177865612649,
        0.8418972332015809,
        0.8842461885940147,
        0.8994918125352909,
        0.9153020892151327,
        0.9627329192546583,
        0.554488989271598,
        0.9802371541501976,
        0.9779785431959345,
        0.9762845849802372,
        0.9762845849802372,
        0.9779785431959345,
        0.9774138904573687,
        0.9734613212874083,
        0.9706380575945794,
        0.9723320158102767,
        0.9745906267645398,
        0.8898927159796726,
        0.9768492377188029,
        0.9791078486730661,
        0.971767363071711,
        0.974025974025974,
        0.9785431959345003,
        0.9774138904573687,
        0.9751552795031055,
        0.9757199322416714,
        0.9700734048560136,
        0.974025974025974,
        0.9723320158102766,
        0.8898927159796725,
        0.9723320158102767,
        0.8927159796725015,
        0.914172783738001,
        0.9424054206662902,
        0.8921513269339355,
        0.9700734048560136,
        0.9576510446075663,
        0.8582721626199886,
        0.8949745906267645,
        0.8125352907961603,
        0.8977978543195936,
        0.9723320158102766,
        0.9576510446075663,
        0.948051948051948,
        0.9587803500846979,
        0.8701298701298701,
        0.9514398644833427,
        0.9582156973461321,
        0.9604743083003953
    ]
}