{
    "train_loss": [
        0.6448292940855026,
        0.5778822541236878,
        0.5119043231010437,
        0.4708642169833183,
        0.4543274939060211,
        0.4300085067749023,
        0.41914600878953934,
        0.4231519877910614,
        0.38810103163123133,
        0.37959995567798616,
        0.3857240803539753,
        0.3468757763504982,
        0.320864762365818,
        0.32727122902870176,
        0.29659954011440276,
        0.28988533914089204,
        0.25499897375702857,
        0.2635125808417797,
        0.215610908344388,
        0.23572675064206122,
        0.20452836845070124,
        0.17814015075564385,
        0.15843834159895778,
        0.1548452346585691,
        0.18912971355021,
        0.2179118063300848,
        0.17817334402352572,
        0.14246010091155767,
        0.12614776529371738,
        0.1338907684199512,
        0.11375051122158766,
        0.1013269167393446,
        0.08844934618100524,
        0.08785618804395198,
        0.10716793350875378,
        0.17276194002479314,
        0.1622386218048632,
        0.08567887097597122,
        0.08187602437101305,
        0.09704548791050911,
        0.10531160114333034,
        0.08080306365154684,
        0.048563167452812195,
        0.05442047961987555,
        0.1455619802698493,
        0.05828178888186812,
        0.032158758398145436,
        0.020367167191579938,
        0.013458105479367077,
        0.00911466993857175
    ],
    "val_loss": [
        0.61957186460495,
        0.5570128202438355,
        0.5341047525405884,
        0.5154023826122284,
        0.5174247622489929,
        0.5200271368026733,
        0.5096780776977539,
        0.5246680021286011,
        0.5326580286026001,
        0.5581845462322235,
        0.568723064661026,
        0.5743065237998962,
        0.6340062260627747,
        0.5944599628448486,
        0.6558597683906555,
        0.6268258452415466,
        0.7645208358764648,
        0.7201236128807068,
        0.7144503712654113,
        0.6617070198059082,
        0.7391093850135804,
        0.8402693748474122,
        0.7452237784862519,
        0.9127710580825805,
        0.7984142899513245,
        0.7709245681762695,
        0.7920522809028625,
        0.8700052261352539,
        0.9415449261665344,
        0.9355741381645203,
        0.8595045328140258,
        0.9780500531196594,
        0.9876636505126953,
        0.9272960901260376,
        0.9305664539337158,
        0.9075450658798218,
        0.9232539176940918,
        1.0538840174674988,
        1.1918557643890382,
        1.2166216731071473,
        1.1153120398521423,
        1.1415441870689391,
        1.1077695488929749,
        1.2817571640014649,
        0.9585783362388611,
        1.2027020454406738,
        1.281834077835083,
        1.3327396512031555,
        1.4396208763122558,
        1.4636722564697267
    ],
    "val_mcc": [
        0.0,
        0.4063175443094532,
        0.5202514355525178,
        0.5124859156653241,
        0.47939900806149177,
        0.5098649469721795,
        0.46229861666345684,
        0.43340096358149277,
        0.44679149668434154,
        0.43431930956317644,
        0.42547302041976914,
        0.4226415094339623,
        0.4382567257688307,
        0.3992657874664462,
        0.31975855153698823,
        0.3999486424729386,
        0.3240139334427568,
        0.41714268769065765,
        0.3834905391684458,
        0.42547302041976914,
        0.36547137380284955,
        0.3366635086541147,
        0.4447998920627336,
        0.3783606953626156,
        0.34835113598526907,
        0.34816915454811437,
        0.39586984983121765,
        0.3572706782757994,
        0.2737315843743262,
        0.3593264726339932,
        0.3834905391684458,
        0.35405047268938294,
        0.3314730455856997,
        0.38784148835650406,
        0.36775709784974636,
        0.3832400698233865,
        0.3015779490081506,
        0.319156762993287,
        0.2893817722994011,
        0.26714508256765657,
        0.27875737137619566,
        0.31861588178809663,
        0.3821189155714581,
        0.2710736175504945,
        0.314138666566768,
        0.2874113692805531,
        0.2541888672152201,
        0.2561165502882162,
        0.2522215101231818,
        0.2384641598612135
    ],
    "val_auroc": [
        0.7824528301886793,
        0.7954716981132074,
        0.8149056603773585,
        0.8158490566037736,
        0.8179245283018868,
        0.8179245283018868,
        0.8152830188679245,
        0.8016981132075472,
        0.7988679245283019,
        0.8007547169811321,
        0.7766037735849056,
        0.7881132075471698,
        0.7660377358490567,
        0.769811320754717,
        0.7558490566037736,
        0.7637735849056604,
        0.7235849056603775,
        0.7526415094339622,
        0.739811320754717,
        0.760566037735849,
        0.7520754716981133,
        0.6924528301886792,
        0.7573584905660378,
        0.7230188679245283,
        0.7320754716981133,
        0.7373584905660377,
        0.7145283018867925,
        0.7318867924528302,
        0.6926415094339623,
        0.7132075471698113,
        0.7164150943396226,
        0.7109433962264151,
        0.6820754716981132,
        0.7281132075471699,
        0.7313207547169811,
        0.6975471698113208,
        0.7458490566037737,
        0.7039622641509433,
        0.6581132075471697,
        0.6416981132075472,
        0.6943396226415095,
        0.6552830188679245,
        0.6794339622641509,
        0.6556603773584905,
        0.7109433962264151,
        0.6909433962264151,
        0.6588679245283019,
        0.6673584905660379,
        0.6624528301886793,
        0.6632075471698113
    ]
}