{
    "train_loss": [
        0.6268226593732834,
        0.5371865302324295,
        0.48968383818864825,
        0.46973042786121366,
        0.46044220998883245,
        0.4387217745184898,
        0.43590703159570693,
        0.41335267573595047,
        0.38445388004183767,
        0.3934861995279789,
        0.37009384445846083,
        0.42501374781131745,
        0.36335398107767103,
        0.35368107035756113,
        0.33696287125349045,
        0.3229797914624214,
        0.3255364989861846,
        0.31818322092294693,
        0.27604728043079374,
        0.24290455654263496,
        0.22732056323438882,
        0.21415549367666245,
        0.23162146136164666,
        0.20662994775921106,
        0.22958408296108246,
        0.1957970131188631,
        0.15274591594934464,
        0.14933510944247247,
        0.14864465910941363,
        0.10687592159956694,
        0.11706696636974812,
        0.09408861082047223,
        0.09866385953500867,
        0.17826375076547266,
        0.15446677189320326,
        0.10554958824068308,
        0.09163984577171505,
        0.08320486145094037,
        0.18175376066938043,
        0.12417707554996013,
        0.1093831541016698,
        0.08421491924673319,
        0.08464332334697247,
        0.07792694559320808,
        0.04668523224536329,
        0.036125268926844,
        0.06440225527621805,
        0.06500224522314965,
        0.042867099842987956,
        0.056016605463810265
    ],
    "val_loss": [
        0.5721794903278351,
        0.49066523313522337,
        0.4785764992237091,
        0.5129791796207428,
        0.4653159201145172,
        0.49280024170875547,
        0.47936607003211973,
        0.4992674648761749,
        0.5007777094841004,
        0.5219715416431427,
        0.5583718597888947,
        0.49975680112838744,
        0.5419747710227967,
        0.546849501132965,
        0.5700672447681427,
        0.5730040192604064,
        0.5316166937351227,
        0.5799072742462158,
        0.5992837250232697,
        0.598740816116333,
        0.6478998064994812,
        0.7390382885932922,
        0.742476761341095,
        0.7070992827415467,
        0.7177188158035278,
        0.7315143823623658,
        0.8652750611305237,
        0.7688255310058594,
        0.8012034893035889,
        0.8763812005519866,
        0.8014974117279052,
        0.9846148371696473,
        0.8125599145889282,
        0.810127568244934,
        0.8412175297737121,
        0.8849336981773377,
        1.0449700355529785,
        1.1295857429504395,
        0.8329532504081726,
        1.0050503015518188,
        0.937856936454773,
        0.9424600243568421,
        1.0293607711791992,
        1.002177655696869,
        1.1146652817726135,
        1.098564040660858,
        0.9663596868515014,
        1.1152317762374877,
        1.112648892402649,
        1.1274587750434875
    ],
    "val_mcc": [
        0.0,
        0.5205884609545359,
        0.5523586388082835,
        0.46322369481325704,
        0.5358594543310069,
        0.4866666666666667,
        0.5215279255120961,
        0.4398765500800706,
        0.5387523225385208,
        0.43434136476994417,
        0.3979548137148311,
        0.4975498563492141,
        0.44969811547495775,
        0.4450458425480579,
        0.400614719113164,
        0.46354777877784786,
        0.5151851851851852,
        0.487232851000485,
        0.37450496425811003,
        0.4741298654308873,
        0.37438839013338365,
        0.3615399583301107,
        0.37438839013338365,
        0.3231973417884659,
        0.3961295342422729,
        0.375,
        0.27850227157001006,
        0.4536804288397352,
        0.3868989217888074,
        0.3725925925925926,
        0.42490498154100403,
        0.3868989217888074,
        0.47949172484536823,
        0.37927200639047215,
        0.42490498154100403,
        0.4572272005939312,
        0.37450496425811003,
        0.2164337479494868,
        0.3914702436085968,
        0.4223683957499603,
        0.37804320740712516,
        0.32708096418961097,
        0.3058358150044225,
        0.34856850115866755,
        0.37927200639047215,
        0.41291196993125556,
        0.3313091226135722,
        0.41291196993125556,
        0.39560465015819835,
        0.4011111111111111
    ],
    "val_auroc": [
        0.8425925925925926,
        0.8601851851851852,
        0.85,
        0.8387037037037037,
        0.8498148148148148,
        0.8224074074074074,
        0.841851851851852,
        0.8298148148148148,
        0.8400000000000001,
        0.8207407407407408,
        0.8366666666666667,
        0.837037037037037,
        0.8246296296296296,
        0.7985185185185186,
        0.7927777777777778,
        0.8092592592592592,
        0.8170370370370371,
        0.7975925925925925,
        0.7825925925925926,
        0.8085185185185185,
        0.7835185185185186,
        0.7914814814814815,
        0.7457407407407408,
        0.7772222222222223,
        0.7872222222222222,
        0.7631481481481481,
        0.7305555555555555,
        0.7820370370370371,
        0.7696296296296297,
        0.742037037037037,
        0.7731481481481481,
        0.7390740740740741,
        0.779074074074074,
        0.7683333333333333,
        0.7555555555555556,
        0.7533333333333334,
        0.7088888888888889,
        0.7068518518518518,
        0.7572222222222222,
        0.7607407407407408,
        0.7512962962962962,
        0.7166666666666667,
        0.7448148148148148,
        0.7559259259259259,
        0.7414814814814814,
        0.7516666666666667,
        0.7624074074074074,
        0.7475925925925926,
        0.7337037037037036,
        0.7518518518518518
    ]
}