{
    "train_loss": [
        0.6499072223901748,
        0.5783821046352386,
        0.506248565018177,
        0.49861223846673963,
        0.4570956289768219,
        0.4276023216545582,
        0.40757537856698034,
        0.4101497158408165,
        0.4173370346426964,
        0.3880409151315689,
        0.37288954555988313,
        0.36704276502132416,
        0.35206889659166335,
        0.3102481685578823,
        0.30364271998405457,
        0.300407874584198,
        0.2812420703470707,
        0.2782458230853081,
        0.27375674769282343,
        0.2502473074942827,
        0.2119108196347952,
        0.19770910143852233,
        0.17726903986185788,
        0.1539274536073208,
        0.1781575160101056,
        0.17759965118020773,
        0.14158338084816932,
        0.1907695373520255,
        0.14717169012874365,
        0.11638850923627615,
        0.1394628628157079,
        0.09686327446252108,
        0.09441089546307921,
        0.08824793482199311,
        0.08891394222155213,
        0.0634362455457449,
        0.08430002792738378,
        0.1916171845048666,
        0.1242173402570188,
        0.08833227846771478,
        0.05295380391180515,
        0.06466843993403018,
        0.07978481762111186,
        0.1392150644212961,
        0.08812968721613287,
        0.0859191223513335,
        0.05218732575885952,
        0.04545776229351759,
        0.04405943006277084,
        0.04452238772064447
    ],
    "val_loss": [
        0.6269386291503907,
        0.5519070386886596,
        0.5412160277366638,
        0.5284182727336884,
        0.5419564008712768,
        0.5227167248725891,
        0.5484593152999878,
        0.5407558143138885,
        0.5639691293239594,
        0.5530225813388825,
        0.5512352406978607,
        0.6058564484119415,
        0.5736131310462952,
        0.5741192758083343,
        0.610755854845047,
        0.6267817258834839,
        0.6558671772480011,
        0.7004641890525818,
        0.6216840505599975,
        0.7168246626853942,
        0.7578012228012085,
        0.7330028355121613,
        0.7986421823501587,
        0.758875161409378,
        0.7355306029319764,
        0.8092202246189117,
        0.8993729710578918,
        0.8233399510383606,
        0.8435322046279907,
        0.9909647464752197,
        0.9666898429393769,
        0.9588658809661865,
        0.9535657405853272,
        1.0328946888446808,
        1.1086348652839662,
        1.0491862773895264,
        1.21058429479599,
        0.7890296041965484,
        1.0380258798599242,
        1.1162946462631225,
        1.1752211689949035,
        1.1070496499538423,
        1.1546330451965332,
        0.8349954605102539,
        1.045276653766632,
        1.1146421790122987,
        1.1355054378509521,
        1.0684806108474731,
        1.1363360643386842,
        1.1662508368492126
    ],
    "val_mcc": [
        0.0,
        0.3766149655639191,
        0.34893175368717294,
        0.4175173988249559,
        0.42209630564268347,
        0.4733865355240367,
        0.3937735849056604,
        0.4615634812910983,
        0.4057326867069121,
        0.43446272755579407,
        0.4512967336533005,
        0.3661231011227208,
        0.3920911055187454,
        0.38511704290962384,
        0.4057326867069121,
        0.40499036057036664,
        0.34402354753397574,
        0.34451320507888716,
        0.4947555142370063,
        0.34368000587674585,
        0.3763048337743454,
        0.3766149655639191,
        0.2951703397312573,
        0.4391688497097006,
        0.34816915454811437,
        0.36215643530106545,
        0.3038524611140102,
        0.3366635086541147,
        0.4475603049125207,
        0.34451320507888716,
        0.3071698113207547,
        0.33486608789882916,
        0.33984696095936384,
        0.32463199906955736,
        0.3360377358490566,
        0.3371589078829326,
        0.24182520754437237,
        0.33662190612497,
        0.3246104062103201,
        0.31861588178809663,
        0.30492672071629173,
        0.35038138826233517,
        0.3476154236760079,
        0.38784148835650406,
        0.28476219705901173,
        0.19329158083094514,
        0.3718143241748422,
        0.4163565040790149,
        0.29588854081860694,
        0.3366635086541147
    ],
    "val_auroc": [
        0.7681132075471697,
        0.7971698113207547,
        0.8073584905660377,
        0.8073584905660377,
        0.8022641509433962,
        0.8120754716981132,
        0.7898113207547169,
        0.8020754716981133,
        0.8018867924528302,
        0.8005660377358491,
        0.7992452830188679,
        0.7820754716981132,
        0.7758490566037736,
        0.7826415094339623,
        0.800188679245283,
        0.7745283018867924,
        0.7799999999999999,
        0.7715094339622642,
        0.7809433962264152,
        0.7550943396226415,
        0.7556603773584907,
        0.7750943396226415,
        0.7379245283018868,
        0.7654716981132076,
        0.7724528301886793,
        0.7562264150943396,
        0.7026415094339622,
        0.7373584905660377,
        0.7526415094339622,
        0.6930188679245284,
        0.698679245283019,
        0.7216981132075472,
        0.7154716981132075,
        0.7154716981132077,
        0.689811320754717,
        0.7018867924528301,
        0.6488679245283019,
        0.7567924528301887,
        0.7,
        0.6766037735849056,
        0.6705660377358491,
        0.7018867924528301,
        0.6903773584905661,
        0.7552830188679245,
        0.7100000000000001,
        0.6316981132075472,
        0.6969811320754717,
        0.7264150943396226,
        0.7252830188679245,
        0.6639622641509434
    ]
}