{
    "train_loss": [
        0.6289017379283905,
        0.5392608717083931,
        0.5077211186289787,
        0.4823013246059418,
        0.4621345028281212,
        0.46371363252401354,
        0.4432530850172043,
        0.4238475441932678,
        0.39445962235331533,
        0.4071141019463539,
        0.4029730439186096,
        0.34721256196498873,
        0.35416238456964494,
        0.31134248077869414,
        0.2892038729041815,
        0.2933034673333168,
        0.2729722857475281,
        0.23505214527249335,
        0.18504057629033924,
        0.21471440196037292,
        0.2763163648545742,
        0.2662901345640421,
        0.16780892312526702,
        0.15909354239702225,
        0.13909064661711454,
        0.14243014762178063,
        0.22549930661916734,
        0.1689220666885376,
        0.22323964424431325,
        0.12213235255330801,
        0.09761891444213688,
        0.07433009394444526,
        0.07201038189232349,
        0.0713749622926116,
        0.06321704993024468,
        0.042506616190075876,
        0.04689076906070113,
        0.043216286599636076,
        0.02580601510126144,
        0.022122289915569127,
        0.01986792329698801,
        0.04062855988740921,
        0.08972960200626404,
        0.15368572496809066,
        0.0737520078662783,
        0.0382553884293884,
        0.02132728841388598,
        0.03806225801818073,
        0.03176168461795896,
        0.05418990734033287
    ],
    "val_loss": [
        0.5669413387775422,
        0.49549065828323363,
        0.4800123631954193,
        0.4578524172306061,
        0.45549591183662413,
        0.4557736158370972,
        0.44400639533996583,
        0.4501966416835785,
        0.49662182331085203,
        0.4785041272640228,
        0.47709898352622987,
        0.5026693940162659,
        0.516429728269577,
        0.5521207332611084,
        0.545967161655426,
        0.561598151922226,
        0.5413121402263641,
        0.6692384243011474,
        0.8316137790679932,
        0.6182286739349365,
        0.630020534992218,
        0.6585421442985535,
        0.7440742611885071,
        0.8119410157203675,
        0.817871916294098,
        0.7310082316398621,
        0.7645431995391846,
        0.7518624067306519,
        0.6672515749931336,
        0.8156621813774109,
        0.8193581104278564,
        0.9068703413009643,
        0.9735974192619323,
        0.9430444836616516,
        0.8959187507629395,
        1.0492340207099915,
        1.1139073252677918,
        1.2076035737991333,
        1.4073623180389405,
        1.12771977186203,
        1.1217840909957886,
        1.1407642602920531,
        1.0502864122390747,
        0.7982250094413758,
        1.0282513856887818,
        1.0798559784889221,
        1.1650743007659912,
        1.0706809878349304,
        1.290179979801178,
        1.235974955558777
    ],
    "val_mcc": [
        0.0,
        0.5263532956993116,
        0.5735421669624219,
        0.5522164981933888,
        0.517812958165832,
        0.5185449728701349,
        0.5205884609545359,
        0.47469288317114394,
        0.4482573346795994,
        0.5456368226311279,
        0.47469288317114394,
        0.4733002574487753,
        0.4690613163740094,
        0.4785999862471003,
        0.4741298654308873,
        0.46601639597086725,
        0.47469288317114394,
        0.3842685269720604,
        0.233999509108495,
        0.4824558761384663,
        0.4081868029172705,
        0.3529299526817895,
        0.44032995772289835,
        0.3385786396448106,
        0.4063321549001754,
        0.4081868029172705,
        0.46601639597086725,
        0.42490498154100403,
        0.44629245426346864,
        0.44565871858907996,
        0.44629245426346864,
        0.4126520746660305,
        0.3385786396448106,
        0.4565989902052032,
        0.4845911257512229,
        0.37927200639047215,
        0.34444444444444444,
        0.29179398576604926,
        0.22378789331000973,
        0.4415554128904508,
        0.4621652292352401,
        0.3019405424385589,
        0.4204522053456932,
        0.4063321549001754,
        0.41291196993125556,
        0.4204522053456932,
        0.4465766581567905,
        0.4572272005939312,
        0.29346473089514225,
        0.35751902338867114
    ],
    "val_auroc": [
        0.8627777777777778,
        0.8624074074074075,
        0.8607407407407408,
        0.8603703703703703,
        0.8624074074074074,
        0.8583333333333334,
        0.8662962962962963,
        0.8616666666666667,
        0.8507407407407408,
        0.845,
        0.8490740740740741,
        0.8314814814814814,
        0.827037037037037,
        0.8227777777777778,
        0.8218518518518519,
        0.8133333333333332,
        0.8266666666666667,
        0.7724074074074074,
        0.7035185185185184,
        0.8025925925925925,
        0.787037037037037,
        0.7957407407407406,
        0.7440740740740741,
        0.7446296296296296,
        0.7407407407407407,
        0.7905555555555556,
        0.765,
        0.7787037037037037,
        0.8064814814814815,
        0.7607407407407407,
        0.7683333333333333,
        0.7281481481481482,
        0.7453703703703703,
        0.764074074074074,
        0.7612962962962964,
        0.7511111111111111,
        0.7501851851851852,
        0.7551851851851852,
        0.7322222222222222,
        0.7549999999999999,
        0.750925925925926,
        0.7288888888888889,
        0.7703703703703704,
        0.7748148148148148,
        0.7609259259259259,
        0.7498148148148147,
        0.737037037037037,
        0.7607407407407407,
        0.7279629629629629,
        0.764074074074074
    ]
}