{
    "train_loss": [
        0.6439097285270691,
        0.5586215764284134,
        0.5032517001032829,
        0.4921904817223549,
        0.45694776624441147,
        0.4457585319876671,
        0.4257650405168533,
        0.403123914450407,
        0.3731600299477577,
        0.4024811565876007,
        0.35374625474214555,
        0.3363409273326397,
        0.3425584860146046,
        0.31861588135361674,
        0.30360929295420647,
        0.2948584742844105,
        0.25793426521122453,
        0.2699147712439299,
        0.24309621527791023,
        0.2438361787237227,
        0.2564962238073349,
        0.25967397913336754,
        0.23541117049753665,
        0.17521198689937592,
        0.22971722092479469,
        0.20631553716957568,
        0.15366360880434513,
        0.17526503428816795,
        0.12295433133840561,
        0.1508105942979455,
        0.1315927095944062,
        0.0970958199352026,
        0.10075145242735743,
        0.13946008840575813,
        0.10610472057014704,
        0.11598308533430099,
        0.07791818557307124,
        0.06866774382069707,
        0.07540321559645236,
        0.11552951289340854,
        0.14907321520149708,
        0.11046255510300398,
        0.05669434145092964,
        0.031104198656976223,
        0.027350106881931423,
        0.031985367019660774,
        0.018409353704191743,
        0.015854930318892003,
        0.017184114805422722,
        0.013210510183125735
    ],
    "val_loss": [
        0.6069379806518554,
        0.5369794189929962,
        0.4993578612804413,
        0.48974589109420774,
        0.4912643074989319,
        0.49905647039413453,
        0.5176312744617462,
        0.5050738334655762,
        0.5419314324855804,
        0.5130554854869842,
        0.5481086254119873,
        0.5502959609031677,
        0.5722230851650238,
        0.5573639869689941,
        0.5983280420303345,
        0.5899700164794922,
        0.6207084417343139,
        0.6766817212104798,
        0.6871411383152009,
        0.7722972452640533,
        0.6746107518672944,
        0.5895928680896759,
        0.7116406321525574,
        0.6915446698665619,
        0.7189536094665527,
        0.6848630785942078,
        0.8050227344036103,
        0.7705439984798431,
        0.8294832050800324,
        0.8493097305297852,
        0.9189964413642884,
        0.967675244808197,
        0.900783634185791,
        0.8512092143297195,
        0.9996672868728638,
        0.9505352795124054,
        0.9033449470996857,
        1.000727915763855,
        1.048823642730713,
        0.9939680099487305,
        0.8610746800899506,
        0.9949415564537049,
        0.9973605453968049,
        1.1132007122039795,
        1.035498857498169,
        1.1632277250289917,
        1.1973673105239868,
        1.1356419682502747,
        1.1640268325805665,
        1.2081666707992553
    ],
    "val_mcc": [
        0.0,
        0.47949172484536823,
        0.5185449728701349,
        0.4733002574487753,
        0.4988422988088412,
        0.45814814814814814,
        0.47427908640032995,
        0.4081868029172705,
        0.4126520746660305,
        0.43893811257017395,
        0.42860685465918363,
        0.4629100498862757,
        0.44032995772289835,
        0.42962962962962964,
        0.45308703869781114,
        0.45814814814814814,
        0.4819309237028978,
        0.3230459069087605,
        0.4722646907420217,
        0.28867513459481287,
        0.4065175003046483,
        0.4511777625672017,
        0.35562158899508195,
        0.4037216635973952,
        0.45264468713792444,
        0.40200132695356616,
        0.41651843589289334,
        0.33269073863276755,
        0.30881062178630625,
        0.36010999912462033,
        0.37450496425811003,
        0.35035720986367375,
        0.3214424133368754,
        0.4063321549001754,
        0.2422700917120663,
        0.36675626587409077,
        0.4011111111111111,
        0.3950386760249629,
        0.32813912498853487,
        0.3230459069087605,
        0.3868989217888074,
        0.33696449304114806,
        0.3313091226135722,
        0.3440740740740741,
        0.4511777625672017,
        0.3556250840128652,
        0.33326687371655933,
        0.3894915964481181,
        0.4453951121014892,
        0.3556250840128652
    ],
    "val_auroc": [
        0.812037037037037,
        0.8181481481481482,
        0.8294444444444444,
        0.8283333333333333,
        0.8227777777777777,
        0.8148148148148148,
        0.8098148148148148,
        0.8096296296296296,
        0.7809259259259259,
        0.8196296296296297,
        0.7977777777777778,
        0.7966666666666666,
        0.7822222222222223,
        0.7927777777777778,
        0.787962962962963,
        0.7781481481481481,
        0.7825925925925926,
        0.7666666666666667,
        0.7618518518518518,
        0.7811111111111111,
        0.7661111111111112,
        0.7855555555555556,
        0.7555555555555556,
        0.7824074074074073,
        0.7818518518518518,
        0.7672222222222222,
        0.7562962962962962,
        0.7624074074074074,
        0.747037037037037,
        0.767962962962963,
        0.7520370370370371,
        0.7542592592592594,
        0.7487037037037036,
        0.748148148148148,
        0.7372222222222222,
        0.7479629629629629,
        0.7646296296296297,
        0.7522222222222222,
        0.7237037037037038,
        0.7374074074074074,
        0.7705555555555555,
        0.7411111111111112,
        0.7646296296296297,
        0.7359259259259259,
        0.7546296296296297,
        0.7392592592592592,
        0.7322222222222223,
        0.7474074074074074,
        0.7496296296296295,
        0.7440740740740741
    ]
}