{
    "train_loss": [
        0.5896999150514602,
        0.4646353490650654,
        0.4235542118549347,
        0.3822521060705185,
        0.32791986018419267,
        0.2801474541425705,
        0.2283780202269554,
        0.19807713143527508,
        0.17357854265719652,
        0.2230027077719569,
        0.18731494210660457,
        0.12129624336957931,
        0.12398910559713841,
        0.09048022832721472,
        0.10301794484257698,
        0.07411316228099167,
        0.04435714427381754,
        0.025733558426145463,
        0.056764300307258965,
        0.04303650378715247,
        0.02861942769959569,
        0.030223098350688815,
        0.012831799499690533,
        0.007969663379481063,
        0.009408651140984148,
        0.004136198083870113,
        0.0028924731392180546,
        0.0024309491534950213,
        0.00215071382408496,
        0.002005525314598344,
        0.0017413515248335897,
        0.001652331493096426,
        0.0014719856000738219,
        0.0013610683352453634,
        0.0012794504524208604,
        0.00119408619357273,
        0.0010960947300191037,
        0.0010295770713128149,
        0.0009572072740411386,
        0.000910255745111499,
        0.000850368637475185,
        0.0008037743915338069,
        0.0007602688143379055,
        0.0007393619860522449,
        0.0007064677076414228,
        0.000651622524310369,
        0.0006183034449350089,
        0.0005884356214664876,
        0.0005517088487977162,
        0.0005277519943774678
    ],
    "val_loss": [
        0.46772065162658694,
        0.450309818983078,
        0.45874900221824644,
        0.519637280702591,
        0.4975152611732483,
        0.5525359332561492,
        0.5784790277481079,
        0.6875271797180176,
        0.7447936117649079,
        0.6759702801704407,
        0.7404944658279419,
        0.7758729457855225,
        0.7441222310066223,
        0.8762802481651306,
        0.8167384505271912,
        0.970949399471283,
        1.1194884419441222,
        1.0912420630455018,
        1.1483810305595399,
        1.1432489275932312,
        1.1267032623291016,
        1.138509500026703,
        1.309169054031372,
        1.245831596851349,
        1.3179372429847718,
        1.3531145453453064,
        1.3809685111045837,
        1.4011218309402467,
        1.41536602973938,
        1.4318191885948182,
        1.4473893880844115,
        1.4614054918289185,
        1.4751819252967835,
        1.4885252714157104,
        1.5003397941589356,
        1.5117469787597657,
        1.5223136067390441,
        1.5339903235435486,
        1.5436600208282472,
        1.5543023824691773,
        1.5644017219543458,
        1.5742181301116944,
        1.5832404136657714,
        1.5934579133987428,
        1.600535273551941,
        1.6090176105499268,
        1.6191898822784423,
        1.6288159370422364,
        1.6367666721343994,
        1.6448436975479126
    ],
    "val_mcc": [
        0.5426025286128388,
        0.46601639597086725,
        0.5151851851851852,
        0.4336735806213181,
        0.5477768923654263,
        0.47469288317114394,
        0.4453951121014892,
        0.4011111111111111,
        0.4453526074983863,
        0.4511777625672017,
        0.4565989902052032,
        0.4011111111111111,
        0.43462110239322554,
        0.42962962962962964,
        0.39560465015819835,
        0.3357587600556811,
        0.3214424133368754,
        0.33326687371655933,
        0.34834185497910414,
        0.3578697591072149,
        0.3894915964481181,
        0.36232865092627065,
        0.32708096418961097,
        0.4081868029172705,
        0.34856850115866755,
        0.36232865092627065,
        0.3404206665803463,
        0.3529299526817895,
        0.3404206665803463,
        0.3404206665803463,
        0.32813912498853487,
        0.32813912498853487,
        0.32813912498853487,
        0.32813912498853487,
        0.32813912498853487,
        0.32813912498853487,
        0.34528826491882486,
        0.34528826491882486,
        0.34528826491882486,
        0.34528826491882486,
        0.34528826491882486,
        0.34528826491882486,
        0.34528826491882486,
        0.34528826491882486,
        0.34528826491882486,
        0.34528826491882486,
        0.34528826491882486,
        0.34528826491882486,
        0.34528826491882486,
        0.34528826491882486
    ],
    "val_auroc": [
        0.8698148148148148,
        0.8598148148148147,
        0.8696296296296295,
        0.8507407407407407,
        0.855,
        0.8316666666666667,
        0.8207407407407408,
        0.7892592592592593,
        0.8377777777777777,
        0.7774074074074074,
        0.7879629629629629,
        0.7933333333333334,
        0.7927777777777778,
        0.7851851851851852,
        0.8085185185185185,
        0.7737037037037037,
        0.7657407407407408,
        0.7866666666666667,
        0.7761111111111112,
        0.7751851851851852,
        0.7824074074074074,
        0.784074074074074,
        0.7844444444444444,
        0.7839814814814814,
        0.7803703703703704,
        0.7822222222222222,
        0.7833333333333333,
        0.7861111111111111,
        0.787037037037037,
        0.7868518518518519,
        0.787962962962963,
        0.788148148148148,
        0.7883333333333333,
        0.789074074074074,
        0.788888888888889,
        0.789074074074074,
        0.7892592592592593,
        0.789074074074074,
        0.7896296296296297,
        0.7898148148148149,
        0.7898148148148149,
        0.79,
        0.79,
        0.7894444444444445,
        0.79,
        0.7898148148148149,
        0.7896296296296296,
        0.7896296296296296,
        0.7894444444444445,
        0.7896296296296296
    ]
}