{
    "train_loss": [
        0.5554606065154075,
        0.44961147010326385,
        0.3890428565442562,
        0.34377908185124395,
        0.30837088748812674,
        0.2719005852937698,
        0.24936279356479646,
        0.23359872289001943,
        0.24699927419424056,
        0.20420538000762462,
        0.1278018827550113,
        0.09383083661086858,
        0.051108806673437354,
        0.02878327970393002,
        0.02687465480994433,
        0.04789703548885882,
        0.036808991828002034,
        0.03757786983624101,
        0.05275081682484597,
        0.08457328118383885,
        0.1103536841692403,
        0.15735834967345,
        0.07782589998096227,
        0.04677825351245701,
        0.024025448481552303,
        0.014847723912680522,
        0.020104077109135688,
        0.009945483115734533,
        0.003940798714756966,
        0.002475153681007214,
        0.002077959245070815,
        0.0018298501294339077,
        0.0016677697072736918,
        0.0014565132369170897,
        0.0014129129296634347,
        0.001249867767910473,
        0.0011520571453729645,
        0.0011499593325424939,
        0.0009959825154510326,
        0.0009342150457086973,
        0.0008780466610915028,
        0.001117635756963864,
        0.0007852057402487844,
        0.0007503938133595512,
        0.0007027756088064052,
        0.0007187366340076551,
        0.0006519093716633506,
        0.0006064502857043407,
        0.0005868828171514906,
        0.0005533212301088497
    ],
    "val_loss": [
        0.509093052148819,
        0.516566926240921,
        0.5304695248603821,
        0.5612609505653381,
        0.6100921034812927,
        0.6777519583702087,
        0.6546005845069885,
        0.6820573568344116,
        0.7277398943901062,
        0.7644691348075867,
        0.8117816567420959,
        0.8091567754745483,
        0.9339815139770508,
        1.043075144290924,
        1.0628677964210511,
        1.0822556853294372,
        1.0841784954071045,
        1.1199599266052247,
        1.1455292105674744,
        0.8739959478378296,
        0.9342582821846008,
        0.9338317155838013,
        0.9737901568412781,
        1.0078932523727417,
        1.134388530254364,
        1.23620525598526,
        1.205342447757721,
        1.2260343432426453,
        1.2473243117332458,
        1.2652610898017884,
        1.2832770824432373,
        1.2993943452835084,
        1.3134210586547852,
        1.32872633934021,
        1.3413390874862672,
        1.3502889633178712,
        1.3611770153045655,
        1.3717466592788696,
        1.3816776514053344,
        1.3921135902404784,
        1.401829218864441,
        1.4108933925628662,
        1.4189995050430297,
        1.427112603187561,
        1.4353965520858765,
        1.444081687927246,
        1.452763819694519,
        1.4604714870452882,
        1.4683674097061157,
        1.4751957178115844
    ],
    "val_mcc": [
        0.4586276173207597,
        0.4795500044623094,
        0.3886585540248189,
        0.42490498154100403,
        0.42490498154100403,
        0.4586276173207597,
        0.4204522053456932,
        0.42962962962962964,
        0.42860685465918363,
        0.399524141950553,
        0.396265244237808,
        0.4586276173207597,
        0.4371015994440689,
        0.3894915964481181,
        0.4398765500800706,
        0.3894915964481181,
        0.3868989217888074,
        0.3656817051069397,
        0.39568145630893564,
        0.4011111111111111,
        0.48998909370053606,
        0.4848401374141137,
        0.42860685465918363,
        0.45130786010254886,
        0.43462110239322554,
        0.3357587600556811,
        0.4733002574487753,
        0.4204522053456932,
        0.42962962962962964,
        0.4178920253557934,
        0.4178920253557934,
        0.42962962962962964,
        0.42962962962962964,
        0.4178920253557934,
        0.4178920253557934,
        0.4178920253557934,
        0.4178920253557934,
        0.4178920253557934,
        0.4178920253557934,
        0.4178920253557934,
        0.4178920253557934,
        0.4178920253557934,
        0.4178920253557934,
        0.4178920253557934,
        0.4178920253557934,
        0.4178920253557934,
        0.4178920253557934,
        0.4178920253557934,
        0.4178920253557934,
        0.4178920253557934
    ],
    "val_auroc": [
        0.8192592592592592,
        0.8288888888888889,
        0.8188888888888889,
        0.7957407407407406,
        0.774074074074074,
        0.7683333333333334,
        0.7892592592592593,
        0.777037037037037,
        0.7564814814814815,
        0.7816666666666667,
        0.7574074074074074,
        0.7785185185185185,
        0.7425925925925926,
        0.7335185185185186,
        0.732037037037037,
        0.7531481481481481,
        0.7216666666666667,
        0.7329629629629629,
        0.7387037037037038,
        0.7803703703703703,
        0.7657407407407407,
        0.7798148148148148,
        0.7614814814814814,
        0.7812962962962964,
        0.7611111111111112,
        0.7522222222222222,
        0.7548148148148148,
        0.758888888888889,
        0.76,
        0.7638888888888888,
        0.7640740740740741,
        0.7644444444444445,
        0.7648148148148148,
        0.7642592592592593,
        0.7646296296296297,
        0.7661111111111111,
        0.7668518518518519,
        0.7668518518518519,
        0.7672222222222222,
        0.7672222222222222,
        0.7674074074074074,
        0.7677777777777778,
        0.767962962962963,
        0.7687037037037037,
        0.7694444444444445,
        0.7690740740740741,
        0.7692592592592592,
        0.7698148148148148,
        0.7694444444444445,
        0.7696296296296297
    ]
}