{
    "train_loss": [
        0.575481778383255,
        0.45268199145793914,
        0.37660001814365385,
        0.3337711036205292,
        0.2903773583471775,
        0.27241519279778004,
        0.22954900301992892,
        0.1839133594185114,
        0.16745752301067113,
        0.11917918622493744,
        0.10710327038541437,
        0.1861260136589408,
        0.11757340952754021,
        0.09264371888712049,
        0.10515081994235516,
        0.06271377392113209,
        0.0439146492164582,
        0.034659839165396986,
        0.03720987387932837,
        0.028276725229807197,
        0.015329796425066888,
        0.029297129565384238,
        0.04557956588687375,
        0.08839294067583978,
        0.07987650707364083,
        0.08438729792833329,
        0.06225838118698448,
        0.06148987167980522,
        0.04602726702578366,
        0.08537820908240974,
        0.060077440645545724,
        0.019754291724530047,
        0.01214616394136101,
        0.007909286417998374,
        0.004435591190122068,
        0.0032126149453688413,
        0.0026707674085628243,
        0.0023315206257393585,
        0.0020271943794796243,
        0.0018621040682774038,
        0.0016568661201745271,
        0.0015332263108575716,
        0.0014134364493656904,
        0.001280139057780616,
        0.0011920651944819839,
        0.0011169034827616998,
        0.0010963742199237459,
        0.0009958366194041447,
        0.0009371106265462003,
        0.0008742163263377734
    ],
    "val_loss": [
        0.5070019245147706,
        0.4941024899482727,
        0.4807669520378113,
        0.5386404097080231,
        0.6081222295761108,
        0.6758862376213074,
        0.6967017829418183,
        0.7015544593334198,
        0.7735387921333313,
        0.8566835880279541,
        0.9543030381202697,
        0.6295880198478698,
        0.8497377276420593,
        0.9247142434120178,
        0.8711360812187194,
        1.0343902826309204,
        1.0754137992858888,
        1.1873579442501068,
        1.1813680171966552,
        1.2280821084976197,
        1.2273560225963593,
        1.2329593181610108,
        1.3467570900917054,
        1.153572189807892,
        0.9338521718978882,
        1.054862666130066,
        1.1242485880851745,
        1.143306517601013,
        1.2506428956985474,
        1.0810544729232787,
        1.124265718460083,
        1.2803797483444215,
        1.2825456857681274,
        1.3411531567573547,
        1.4021564722061157,
        1.439698076248169,
        1.4625703334808349,
        1.4867339849472045,
        1.5051137208938599,
        1.5229937076568603,
        1.5415685653686524,
        1.5556464195251465,
        1.573616862297058,
        1.5873061418533325,
        1.5986409902572631,
        1.6108797073364258,
        1.6219882488250732,
        1.6386436939239502,
        1.6484385013580323,
        1.6552964448928833
    ],
    "val_mcc": [
        0.5445884910255901,
        0.44679149668434154,
        0.5275816978504885,
        0.4550761910083206,
        0.4447998920627336,
        0.37078266459824794,
        0.3302371932014698,
        0.45040877156260045,
        0.319156762993287,
        0.3302371932014698,
        0.36547137380284955,
        0.46361359122765283,
        0.4448715198015258,
        0.43461404933974157,
        0.34835113598526907,
        0.4176529208136236,
        0.400615436055313,
        0.4176529208136236,
        0.37133012228729445,
        0.3314730455856997,
        0.3992657874664462,
        0.3593264726339932,
        0.35038138826233517,
        0.31861588178809663,
        0.4970927485752597,
        0.404316334215188,
        0.3718143241748422,
        0.3662666792426662,
        0.39367516943136294,
        0.31338809466087036,
        0.404316334215188,
        0.3834905391684458,
        0.3698899036569079,
        0.3662666792426662,
        0.3662666792426662,
        0.3662666792426662,
        0.37870674438105884,
        0.37870674438105884,
        0.3662666792426662,
        0.37870674438105884,
        0.37870674438105884,
        0.37870674438105884,
        0.3913848896195001,
        0.3913848896195001,
        0.3913848896195001,
        0.3913848896195001,
        0.3913848896195001,
        0.3913848896195001,
        0.3913848896195001,
        0.3913848896195001
    ],
    "val_auroc": [
        0.8207547169811321,
        0.8254716981132075,
        0.8492452830188679,
        0.8237735849056603,
        0.819811320754717,
        0.7769811320754717,
        0.7841509433962264,
        0.7909433962264151,
        0.7747169811320755,
        0.7666037735849056,
        0.7516981132075471,
        0.7988679245283019,
        0.780377358490566,
        0.789622641509434,
        0.7854716981132076,
        0.7707547169811321,
        0.7503773584905661,
        0.7460377358490566,
        0.7247169811320756,
        0.7354716981132076,
        0.7541509433962263,
        0.7607547169811321,
        0.7358490566037736,
        0.7579245283018868,
        0.7932075471698113,
        0.7524528301886791,
        0.7626415094339624,
        0.7350943396226415,
        0.7460377358490566,
        0.7596226415094339,
        0.7609433962264152,
        0.7530188679245282,
        0.7515094339622641,
        0.750377358490566,
        0.749811320754717,
        0.7458490566037737,
        0.7439622641509435,
        0.7435849056603774,
        0.7426415094339622,
        0.7415094339622642,
        0.740943396226415,
        0.7411320754716981,
        0.740566037735849,
        0.740188679245283,
        0.7403773584905662,
        0.740754716981132,
        0.740754716981132,
        0.7386792452830189,
        0.7383018867924529,
        0.7405660377358491
    ]
}