{
    "train_loss": [
        0.5674484953284263,
        0.4333288460969925,
        0.37446683533489705,
        0.3207194969058037,
        0.304120896011591,
        0.27625133022665976,
        0.22229217886924743,
        0.18795217759907246,
        0.15628138855099677,
        0.17018681578338146,
        0.1549804525449872,
        0.12298485990613699,
        0.08510555732063949,
        0.04099699417129159,
        0.04154266430996358,
        0.029215010115876794,
        0.01399709137622267,
        0.01736015595961362,
        0.1286051796749234,
        0.08532622773200274,
        0.04537451472133398,
        0.03019819415640086,
        0.03158908790210262,
        0.038709604553878306,
        0.02752154415939003,
        0.029841185786062853,
        0.05531591040780768,
        0.09829347655177116,
        0.04885918493382633,
        0.03348965649493039,
        0.04046912690391764,
        0.01655746097676456,
        0.005529477540403604,
        0.0024750292068347335,
        0.001887671064469032,
        0.001586705181398429,
        0.0014284542063251137,
        0.0012654370570089669,
        0.0011327375133987517,
        0.0010401660707429982,
        0.000979681908211205,
        0.0009085410725674592,
        0.001130281633231789,
        0.0007845346233807504,
        0.0007297596399439499,
        0.0006951258270419203,
        0.0006475117348600179,
        0.000788510033453349,
        0.0007240726903546601,
        0.0005519378981261979
    ],
    "val_loss": [
        0.5135163962841034,
        0.5203501760959626,
        0.5461274445056915,
        0.6212671339511872,
        0.6252461493015289,
        0.6522626221179962,
        0.7175310492515564,
        0.8679506301879882,
        0.8883231937885284,
        0.8555178999900818,
        0.9128990948200226,
        1.0551771521568298,
        1.122744357585907,
        1.248936128616333,
        1.2108686923980714,
        1.3311298131942748,
        1.4844921588897706,
        1.5534620523452758,
        0.8983244240283966,
        1.1541253089904786,
        1.2421009540557861,
        1.2867738485336304,
        1.5180960774421692,
        1.426516842842102,
        1.570631468296051,
        1.5051100730895997,
        1.4951133012771607,
        1.1972149848937987,
        1.4215756893157958,
        1.4705843329429626,
        1.4790735840797424,
        1.6412863731384277,
        1.7040652751922607,
        1.750529408454895,
        1.7723332166671752,
        1.7893223524093629,
        1.8133463144302369,
        1.8366458892822266,
        1.8487074613571166,
        1.8638601779937745,
        1.8765745162963867,
        1.8896664381027222,
        1.90103178024292,
        1.912929320335388,
        1.9232228517532348,
        1.9346680879592895,
        1.9451673746109008,
        1.955705952644348,
        1.9647510766983032,
        1.976303505897522
    ],
    "val_mcc": [
        0.486473622614388,
        0.4683492903243093,
        0.45040877156260045,
        0.41714268769065765,
        0.39378383972276654,
        0.45040877156260045,
        0.4226415094339623,
        0.3163619851694849,
        0.3071698113207547,
        0.3593264726339932,
        0.3476154236760079,
        0.26061679801227416,
        0.32628714621438903,
        0.25960678160551515,
        0.2354361769145951,
        0.24160527953499902,
        0.23114273268436036,
        0.21675139402143884,
        0.30151712356879945,
        0.24785399688846033,
        0.36142896760259985,
        0.28476219705901173,
        0.18169343550119862,
        0.2991189670404704,
        0.23629020677313164,
        0.3038524611140102,
        0.2805339760430987,
        0.3071698113207547,
        0.28347418098323873,
        0.31338809466087036,
        0.2896163399001854,
        0.3071698113207547,
        0.31861588178809663,
        0.3071698113207547,
        0.2896163399001854,
        0.2896163399001854,
        0.2896163399001854,
        0.2896163399001854,
        0.2896163399001854,
        0.2896163399001854,
        0.3010986173307519,
        0.3010986173307519,
        0.3010986173307519,
        0.3010986173307519,
        0.3010986173307519,
        0.3010986173307519,
        0.3010986173307519,
        0.3010986173307519,
        0.3010986173307519,
        0.3010986173307519
    ],
    "val_auroc": [
        0.8011320754716982,
        0.8145283018867925,
        0.7990566037735849,
        0.7771698113207548,
        0.7633962264150943,
        0.7654716981132075,
        0.7415094339622642,
        0.7122641509433962,
        0.7060377358490566,
        0.7362264150943396,
        0.690566037735849,
        0.6956603773584906,
        0.6815094339622642,
        0.68,
        0.6739622641509435,
        0.6677358490566038,
        0.6715094339622641,
        0.6779245283018869,
        0.7137735849056603,
        0.7022641509433962,
        0.7079245283018867,
        0.7218867924528302,
        0.6622641509433962,
        0.6771698113207547,
        0.6839622641509434,
        0.6586792452830188,
        0.679433962264151,
        0.7016981132075472,
        0.6820754716981132,
        0.710566037735849,
        0.6973584905660377,
        0.6533962264150944,
        0.6552830188679245,
        0.6643396226415094,
        0.6652830188679246,
        0.6649056603773585,
        0.6669811320754717,
        0.6669811320754717,
        0.6675471698113207,
        0.6684905660377358,
        0.6677358490566037,
        0.6673584905660378,
        0.6666037735849057,
        0.6652830188679246,
        0.6650943396226415,
        0.6652830188679245,
        0.6666037735849056,
        0.6667924528301886,
        0.6664150943396226,
        0.6664150943396226
    ]
}