{
    "train_loss": [
        0.5391467444598674,
        0.4653153195977211,
        0.37417256031185386,
        0.35405629873275757,
        0.2979744067415595,
        0.20592601653188466,
        0.16196920797228814,
        0.1824312884360552,
        0.13109362591058016,
        0.12494653016328812,
        0.11505910670384764,
        0.053963509015738965,
        0.0484407473821193,
        0.0761512668337673,
        0.06078343081753701,
        0.07034288928844035,
        0.11357124503701925,
        0.16028914609923958,
        0.0939682362601161,
        0.045802809484303,
        0.01846686117351055,
        0.00924653308466077,
        0.006239580194232985,
        0.012827871652552858,
        0.006231851305346936,
        0.003483652201248333,
        0.0028772222984116526,
        0.002453152002999559,
        0.002142353370436467,
        0.0018891022715251892,
        0.0016948792501352728,
        0.0015290266572264954,
        0.0014418690843740478,
        0.0012886628566775471,
        0.0012150059366831556,
        0.001134487532544881,
        0.0010630767326802015,
        0.0009927149658324197,
        0.000934529812366236,
        0.0008817120135063306,
        0.0008277787812403404,
        0.0007833692841813899,
        0.0007437884109094739,
        0.0007241514918860048,
        0.0006970404181629419,
        0.0006531822873512283,
        0.000629343009495642,
        0.000596000740188174,
        0.0005700878202333115,
        0.0005452094679640141
    ],
    "val_loss": [
        0.5073355197906494,
        0.4757369875907898,
        0.5067820131778717,
        0.5900084018707276,
        0.48930002748966217,
        0.6143683850765228,
        0.6079084277153015,
        0.6554660975933075,
        0.7091676950454712,
        0.6938905000686646,
        0.7988777995109558,
        0.9573069214820862,
        0.9178466200828552,
        0.8339180469512939,
        0.9681654810905457,
        0.9065444350242615,
        0.8935037195682526,
        0.8053292155265808,
        0.9131751418113708,
        1.042710506916046,
        1.1027193188667297,
        1.1354278683662415,
        1.229793119430542,
        1.2052282810211181,
        1.2330377459526063,
        1.2597683429718018,
        1.2961342453956604,
        1.3205121397972106,
        1.338568651676178,
        1.3571505546569824,
        1.3728044867515563,
        1.3897001266479492,
        1.4035737991333008,
        1.419205892086029,
        1.4307403206825255,
        1.4432475328445435,
        1.4539103031158447,
        1.4674521088600159,
        1.4773919105529785,
        1.486770498752594,
        1.496627140045166,
        1.506098747253418,
        1.5148740887641907,
        1.524360680580139,
        1.5316683888435363,
        1.5399717092514038,
        1.5487505316734314,
        1.5570287823677063,
        1.5649330377578736,
        1.5725199580192566
    ],
    "val_mcc": [
        0.4127264851575443,
        0.5366993141845384,
        0.4842040926431019,
        0.48989794855663565,
        0.5112313234371975,
        0.4169646648968894,
        0.5016830727049841,
        0.4845911257512229,
        0.41291196993125556,
        0.4565989902052032,
        0.43462110239322554,
        0.3894915964481181,
        0.3440740740740741,
        0.4565989902052032,
        0.36232865092627065,
        0.3914702436085968,
        0.4733002574487753,
        0.44565871858907996,
        0.378691704962503,
        0.3357587600556811,
        0.36109116754044285,
        0.3385786396448106,
        0.36232865092627065,
        0.37450496425811003,
        0.35035720986367375,
        0.3385786396448106,
        0.3385786396448106,
        0.3385786396448106,
        0.35035720986367375,
        0.3385786396448106,
        0.3385786396448106,
        0.35035720986367375,
        0.35035720986367375,
        0.35035720986367375,
        0.33326687371655933,
        0.33326687371655933,
        0.33326687371655933,
        0.33326687371655933,
        0.33326687371655933,
        0.33326687371655933,
        0.33326687371655933,
        0.33326687371655933,
        0.33326687371655933,
        0.33326687371655933,
        0.33326687371655933,
        0.33326687371655933,
        0.33326687371655933,
        0.33326687371655933,
        0.3214424133368754,
        0.3214424133368754
    ],
    "val_auroc": [
        0.8451851851851852,
        0.832962962962963,
        0.8190740740740742,
        0.7924074074074073,
        0.8448148148148148,
        0.8062962962962963,
        0.8135185185185184,
        0.7864814814814814,
        0.794074074074074,
        0.8105555555555556,
        0.7901851851851853,
        0.7625925925925926,
        0.7607407407407407,
        0.788888888888889,
        0.7646296296296295,
        0.7881481481481482,
        0.7875925925925926,
        0.8018518518518519,
        0.7735185185185186,
        0.7446296296296295,
        0.7612962962962962,
        0.770925925925926,
        0.7614814814814815,
        0.7755555555555556,
        0.7653703703703704,
        0.7653703703703704,
        0.7627777777777778,
        0.7624074074074074,
        0.762962962962963,
        0.762962962962963,
        0.7631481481481481,
        0.7627777777777778,
        0.7622222222222222,
        0.7612962962962964,
        0.7620370370370371,
        0.762037037037037,
        0.7618518518518519,
        0.7609259259259259,
        0.7616666666666666,
        0.7612962962962962,
        0.7612962962962962,
        0.7607407407407408,
        0.7609259259259259,
        0.7607407407407408,
        0.7614814814814815,
        0.7611111111111112,
        0.7612962962962962,
        0.7612962962962962,
        0.7612962962962962,
        0.7611111111111112
    ]
}