{
    "train_loss": [
        0.5208511769771575,
        0.3233504891395569,
        0.2252884179353714,
        0.1579041451215744,
        0.10649370104074478,
        0.0727987177670002,
        0.0472199559211731,
        0.03167673461139202,
        0.022410647571086885,
        0.016695950739085676,
        0.012935876101255416,
        0.010328780673444272,
        0.008487024437636137,
        0.007233718317002058,
        0.006319081131368876,
        0.005628441460430622,
        0.0050338289700448515,
        0.0045929266139864925,
        0.004213698860257864,
        0.003907405398786068,
        0.0036208932287991047,
        0.0033624430652707815,
        0.0031444461550563575,
        0.002955863159149885,
        0.002779230196028948,
        0.002613610168918967,
        0.002482266444712877,
        0.0023502267897129057,
        0.0022406388074159623,
        0.0021169787039980294,
        0.0020030851010233164,
        0.0019233102910220623,
        0.0018365104915574193,
        0.0017565182643011212,
        0.0016781912418082356,
        0.0016094048973172904,
        0.001539221010170877,
        0.00148076715413481,
        0.0014223392121493817,
        0.0013706570956856013,
        0.0013196037616580725,
        0.0012771151261404157,
        0.0012236190726980568,
        0.00119411131599918,
        0.0011426904937252402,
        0.0011067472863942386,
        0.0010661431588232517,
        0.0010365318157710135,
        0.0010026058298535645,
        0.0009683765820227563
    ],
    "val_loss": [
        0.49829070270061493,
        0.4040742814540863,
        0.2876732870936394,
        0.24651393666863441,
        0.2698887847363949,
        0.2686600238084793,
        0.2613237891346216,
        0.2744460292160511,
        0.28814417123794556,
        0.3025325834751129,
        0.3157512554898858,
        0.3274870980530977,
        0.3369241952896118,
        0.34249469358474016,
        0.3465966386720538,
        0.3496046783402562,
        0.3517663301900029,
        0.35435428051277995,
        0.35752948513254523,
        0.36073936615139246,
        0.36422694521024823,
        0.36770872632041574,
        0.37095896480605006,
        0.3740659998729825,
        0.3771648551337421,
        0.3801948060281575,
        0.38344867480918765,
        0.38651581294834614,
        0.38970132172107697,
        0.3924972736276686,
        0.3951815664768219,
        0.39800342451781034,
        0.40020461985841393,
        0.4029848971404135,
        0.40572107187472284,
        0.4081134032458067,
        0.4106986508704722,
        0.41342939739115536,
        0.41535762534476817,
        0.417577569372952,
        0.41975141502916813,
        0.42189531633630395,
        0.4243439454585314,
        0.42699747160077095,
        0.42927759955637157,
        0.4314521348569542,
        0.43337355949915946,
        0.43516798969358206,
        0.4372069335076958,
        0.43932477408088744
    ],
    "val_mcc": [
        0.6172133998483676,
        0.776762650398282,
        0.8555555555555555,
        0.9274777915203366,
        0.9274777915203366,
        0.9274777915203366,
        0.9274777915203366,
        0.9274777915203366,
        0.9274777915203366,
        0.9274777915203366,
        0.9274777915203366,
        0.9274777915203366,
        0.9274777915203366,
        0.9274777915203366,
        0.9274777915203366,
        0.9274777915203366,
        0.9274777915203366,
        0.9274777915203366,
        0.9274777915203366,
        0.9274777915203366,
        0.9274777915203366,
        0.9274777915203366,
        0.9274777915203366,
        0.9274777915203366,
        0.9274777915203366,
        0.9274777915203366,
        0.9274777915203366,
        0.9274777915203366,
        0.9274777915203366,
        0.9274777915203366,
        0.9274777915203366,
        0.9274777915203366,
        0.9274777915203366,
        0.9274777915203366,
        0.9274777915203366,
        0.9274777915203366,
        0.9274777915203366,
        0.9274777915203366,
        0.9274777915203366,
        0.9274777915203366,
        0.9274777915203366,
        0.9274777915203366,
        0.9274777915203366,
        0.9274777915203366,
        0.9274777915203366,
        0.9274777915203366,
        0.9274777915203366,
        0.9274777915203366,
        0.9274777915203366,
        0.9274777915203366
    ],
    "val_auroc": [
        0.8851851851851852,
        0.9407407407407408,
        0.9851851851851852,
        0.9888888888888888,
        0.9814814814814814,
        0.9814814814814814,
        0.9851851851851852,
        0.9851851851851852,
        0.9814814814814814,
        0.9851851851851852,
        0.9851851851851852,
        0.9888888888888888,
        0.9888888888888888,
        0.9888888888888888,
        0.9888888888888888,
        0.9888888888888888,
        0.9888888888888888,
        0.9925925925925926,
        0.9925925925925926,
        0.9925925925925926,
        0.9925925925925926,
        0.9925925925925926,
        0.9925925925925926,
        0.9925925925925926,
        0.9925925925925926,
        0.9925925925925926,
        0.9925925925925926,
        0.9925925925925926,
        0.9925925925925926,
        0.9925925925925926,
        0.9925925925925926,
        0.9925925925925926,
        0.9925925925925926,
        0.9925925925925926,
        0.9925925925925926,
        0.9925925925925926,
        0.9925925925925926,
        0.9925925925925926,
        0.9925925925925926,
        0.9925925925925926,
        0.9925925925925926,
        0.9925925925925926,
        0.9925925925925926,
        0.9925925925925926,
        0.9925925925925926,
        0.9925925925925926,
        0.9925925925925926,
        0.9925925925925926,
        0.9925925925925926,
        0.9925925925925926
    ]
}