{
    "train_loss": [
        0.49913679957389834,
        0.28428229987621306,
        0.20699286460876465,
        0.1467055380344391,
        0.10106572210788727,
        0.0670300655066967,
        0.042429395765066144,
        0.027939418330788612,
        0.018699145689606667,
        0.013734053261578083,
        0.010555600747466087,
        0.008331907540559768,
        0.006809365749359131,
        0.005760328797623515,
        0.00500250356271863,
        0.00441699787043035,
        0.003943829284980893,
        0.0036001808475703,
        0.00328100910410285,
        0.003019882272928953,
        0.002826530206948519,
        0.0026339893229305744,
        0.0024596336763352154,
        0.002298674499616027,
        0.002172460057772696,
        0.00204571217764169,
        0.0019392346730455756,
        0.001840601209551096,
        0.0017502272967249155,
        0.0016555460868403315,
        0.0015863030450418592,
        0.0015085733262822031,
        0.0014394287718459964,
        0.0013841206207871437,
        0.0013263823231682182,
        0.0012720720376819372,
        0.001223399117588997,
        0.0011784692294895649,
        0.0011311532231047749,
        0.0010910257697105408,
        0.0010503438534215093,
        0.0010123938554897904,
        0.0009762835456058383,
        0.000949532282538712,
        0.0009123150259256363,
        0.0008834747830405831,
        0.0008556498447433114,
        0.0008308193879202008,
        0.0008013391634449363,
        0.0007835572119802237
    ],
    "val_loss": [
        0.6249815374612808,
        0.5290512442588806,
        0.4281828925013542,
        0.385070264339447,
        0.29621370136737823,
        0.3503905087709427,
        0.23063114657998085,
        0.2890787050127983,
        0.3164466880261898,
        0.3012927807867527,
        0.2941579967737198,
        0.3166978545486927,
        0.33863064274191856,
        0.34453126043081284,
        0.3491661660373211,
        0.3709446080029011,
        0.39589952677488327,
        0.4137875512242317,
        0.4149185046553612,
        0.4142724350094795,
        0.4248383119702339,
        0.4370984882116318,
        0.4544799476861954,
        0.46409470587968826,
        0.4715951606631279,
        0.48093292117118835,
        0.48782437294721603,
        0.4934687912464142,
        0.4986961632966995,
        0.5053925663232803,
        0.514975480735302,
        0.5222550928592682,
        0.5286266431212425,
        0.5355959981679916,
        0.5420652106404305,
        0.5455400049686432,
        0.5516881048679352,
        0.5625272244215012,
        0.5671728178858757,
        0.5714382901787758,
        0.575308308005333,
        0.5820464789867401,
        0.5903663635253906,
        0.5951128974556923,
        0.6023849323391914,
        0.6072156205773354,
        0.6125347018241882,
        0.6170664578676224,
        0.6224492639303207,
        0.6281284019351006
    ],
    "val_mcc": [
        0.3959251908590267,
        0.27122540144832413,
        0.47739999005770767,
        0.6434589410887032,
        0.7196684596950643,
        0.6434589410887032,
        0.7196684596950643,
        0.7196684596950643,
        0.7196684596950643,
        0.7196684596950643,
        0.7196684596950643,
        0.7196684596950643,
        0.7196684596950643,
        0.7196684596950643,
        0.7964766161036996,
        0.7964766161036996,
        0.7964766161036996,
        0.7964766161036996,
        0.7964766161036996,
        0.7964766161036996,
        0.7964766161036996,
        0.7964766161036996,
        0.7964766161036996,
        0.7964766161036996,
        0.7964766161036996,
        0.7964766161036996,
        0.7964766161036996,
        0.7964766161036996,
        0.7964766161036996,
        0.7964766161036996,
        0.7964766161036996,
        0.7964766161036996,
        0.7964766161036996,
        0.7964766161036996,
        0.7964766161036996,
        0.7964766161036996,
        0.7964766161036996,
        0.7964766161036996,
        0.7964766161036996,
        0.7964766161036996,
        0.7964766161036996,
        0.7964766161036996,
        0.7964766161036996,
        0.7964766161036996,
        0.7964766161036996,
        0.7964766161036996,
        0.7964766161036996,
        0.7964766161036996,
        0.7964766161036996,
        0.7964766161036996
    ],
    "val_auroc": [
        0.8758620689655172,
        0.9413793103448276,
        0.9655172413793105,
        0.9724137931034483,
        0.9793103448275862,
        0.9862068965517241,
        0.9896551724137931,
        0.9896551724137931,
        0.9896551724137931,
        0.9896551724137931,
        0.9896551724137931,
        0.9896551724137931,
        0.9896551724137931,
        0.9896551724137931,
        0.9896551724137931,
        0.9896551724137931,
        0.9896551724137931,
        0.9896551724137931,
        0.9896551724137931,
        0.9896551724137931,
        0.9896551724137931,
        0.9896551724137931,
        0.9896551724137931,
        0.9896551724137931,
        0.9896551724137931,
        0.9896551724137931,
        0.9896551724137931,
        0.9896551724137931,
        0.9896551724137931,
        0.9896551724137931,
        0.9896551724137931,
        0.9896551724137931,
        0.9896551724137931,
        0.9896551724137931,
        0.9896551724137931,
        0.9896551724137931,
        0.9896551724137931,
        0.9896551724137931,
        0.9896551724137931,
        0.9896551724137931,
        0.9896551724137931,
        0.9896551724137931,
        0.9896551724137931,
        0.9896551724137931,
        0.9896551724137931,
        0.9896551724137931,
        0.9896551724137931,
        0.9896551724137931,
        0.9896551724137931,
        0.9896551724137931
    ]
}