{
    "train_loss": [
        0.5474693596363067,
        0.31912696957588194,
        0.2120169907808304,
        0.14110991805791856,
        0.09509378522634507,
        0.06016612648963928,
        0.03822176642715931,
        0.02683185487985611,
        0.018308158591389657,
        0.014172622188925742,
        0.01118327509611845,
        0.009117265604436398,
        0.007726182322949171,
        0.0067428541369736195,
        0.005951185896992684,
        0.0053238595835864546,
        0.004846854973584414,
        0.004422047780826688,
        0.004074419615790248,
        0.00378040480427444,
        0.0035041012335568665,
        0.0032708919141441585,
        0.0030721587594598533,
        0.002891870541498065,
        0.0027279962319880723,
        0.0025640901178121565,
        0.0024352573789656164,
        0.0023124475264921784,
        0.002194513287395239,
        0.002081691427156329,
        0.0019910365575924517,
        0.0018946625292301177,
        0.0018222503829747438,
        0.001730485400184989,
        0.0016738340258598329,
        0.001598865957930684,
        0.0015209694858640433,
        0.0014657132560387254,
        0.0014097983948886395,
        0.0013627197360619903,
        0.0013067009393125772,
        0.0012679653940722347,
        0.0012185015249997378,
        0.001177302491851151,
        0.0011343339690938592,
        0.0010993497679010033,
        0.0010598047636449337,
        0.0010264702141284943,
        0.0009956508874893188,
        0.0009646808728575706
    ],
    "val_loss": [
        0.4655412435531616,
        0.3640066459774971,
        0.3277140110731125,
        0.3027357831597328,
        0.30301304906606674,
        0.2676854357123375,
        0.26693231612443924,
        0.26342612877488136,
        0.26853665709495544,
        0.2845637649297714,
        0.2959376350045204,
        0.3038174659013748,
        0.3107418045401573,
        0.3130260184407234,
        0.3162008598446846,
        0.317650742828846,
        0.32008928805589676,
        0.32458169013261795,
        0.32690295577049255,
        0.33192215859889984,
        0.33770230412483215,
        0.3415985405445099,
        0.3459906280040741,
        0.34925130009651184,
        0.3516780138015747,
        0.3556300476193428,
        0.3599495440721512,
        0.3634822517633438,
        0.36654187738895416,
        0.36964093893766403,
        0.37205593287944794,
        0.3747474178671837,
        0.3779822885990143,
        0.3818400800228119,
        0.3854413777589798,
        0.38797128200531006,
        0.3908107876777649,
        0.3928830623626709,
        0.39599011838436127,
        0.3988499790430069,
        0.4016665667295456,
        0.40482549369335175,
        0.40730681270360947,
        0.4100070595741272,
        0.41341833770275116,
        0.41518332064151764,
        0.41739556193351746,
        0.41977015882730484,
        0.4222357049584389,
        0.4247385412454605
    ],
    "val_mcc": [
        0.6172133998483676,
        0.6953288019758299,
        0.7111111111111111,
        0.7386222109866251,
        0.7386222109866251,
        0.7386222109866251,
        0.8555555555555555,
        0.8555555555555555,
        0.8555555555555555,
        0.8555555555555555,
        0.8555555555555555,
        0.7933632757799682,
        0.7933632757799682,
        0.7933632757799682,
        0.7933632757799682,
        0.7933632757799682,
        0.7933632757799682,
        0.7933632757799682,
        0.7933632757799682,
        0.7933632757799682,
        0.7933632757799682,
        0.8555555555555555,
        0.8555555555555555,
        0.8555555555555555,
        0.8555555555555555,
        0.8555555555555555,
        0.8555555555555555,
        0.8555555555555555,
        0.8555555555555555,
        0.8555555555555555,
        0.8555555555555555,
        0.8555555555555555,
        0.8555555555555555,
        0.8555555555555555,
        0.8555555555555555,
        0.8555555555555555,
        0.8555555555555555,
        0.8555555555555555,
        0.8555555555555555,
        0.8555555555555555,
        0.8555555555555555,
        0.8555555555555555,
        0.8555555555555555,
        0.8555555555555555,
        0.8555555555555555,
        0.8555555555555555,
        0.8555555555555555,
        0.8555555555555555,
        0.8555555555555555,
        0.8555555555555555
    ],
    "val_auroc": [
        0.9,
        0.9407407407407408,
        0.9555555555555555,
        0.962962962962963,
        0.9740740740740741,
        0.9814814814814815,
        0.9851851851851852,
        0.9851851851851852,
        0.9814814814814815,
        0.9814814814814815,
        0.9814814814814815,
        0.9814814814814815,
        0.9814814814814815,
        0.9814814814814815,
        0.9814814814814815,
        0.9814814814814815,
        0.9814814814814815,
        0.9814814814814815,
        0.9814814814814815,
        0.9814814814814815,
        0.9814814814814815,
        0.9814814814814815,
        0.9814814814814815,
        0.9814814814814815,
        0.9814814814814815,
        0.9814814814814815,
        0.9814814814814815,
        0.9814814814814815,
        0.9814814814814815,
        0.9814814814814815,
        0.9814814814814815,
        0.9814814814814815,
        0.9814814814814815,
        0.9814814814814815,
        0.9814814814814815,
        0.9814814814814815,
        0.9814814814814815,
        0.9814814814814815,
        0.9814814814814815,
        0.9814814814814815,
        0.9814814814814815,
        0.9814814814814815,
        0.9814814814814815,
        0.9814814814814815,
        0.9814814814814815,
        0.9814814814814815,
        0.9814814814814815,
        0.9814814814814815,
        0.9814814814814815,
        0.9814814814814815
    ]
}