{
    "train_loss": [
        0.5238589584827423,
        0.2965954184532166,
        0.21226856708526612,
        0.14650138318538666,
        0.10696549713611603,
        0.06951824128627777,
        0.046660116314888,
        0.03312123976647854,
        0.023239265754818918,
        0.017183580622076988,
        0.013611392490565777,
        0.01082659438252449,
        0.009087604656815528,
        0.007756407372653484,
        0.006666239071637392,
        0.005865889601409435,
        0.005236326064914465,
        0.004706931533291936,
        0.0042731523048132655,
        0.003912178240716458,
        0.0036083966493606567,
        0.0033439708407968284,
        0.0031123174354434012,
        0.0029058191459625958,
        0.0027100582607090472,
        0.0025462185032665728,
        0.002406255016103387,
        0.0022802950814366342,
        0.002149674203246832,
        0.0020315217319875956,
        0.0019326447742059826,
        0.0018292146502062677,
        0.0017510635778307914,
        0.0016728716902434826,
        0.0016027241013944148,
        0.0015300181461498142,
        0.0014626782620325684,
        0.0014139281352981924,
        0.0013502096757292748,
        0.0012976102763786912,
        0.0012472359463572501,
        0.0012064859969541431,
        0.0011577485362067818,
        0.001117546367458999,
        0.0010817400529049338,
        0.0010480012046173216,
        0.0010117697645910084,
        0.0009756170562468469,
        0.000944871874526143,
        0.0009193871286697686
    ],
    "val_loss": [
        0.6314250528812408,
        0.6587034314870834,
        0.5369835570454597,
        0.48972010612487793,
        0.47893980890512466,
        0.5294688679277897,
        0.4778851345181465,
        0.49083736166357994,
        0.4833424463868141,
        0.48119182884693146,
        0.5031655579805374,
        0.5275691449642181,
        0.5466880090534687,
        0.5447094291448593,
        0.5351898148655891,
        0.5409583672881126,
        0.5481973774731159,
        0.5560894459486008,
        0.5634530335664749,
        0.5723664909601212,
        0.5811985731124878,
        0.5884604156017303,
        0.5925313159823418,
        0.5964437499642372,
        0.6021361500024796,
        0.6083570942282677,
        0.6125449240207672,
        0.6158570162951946,
        0.6209801062941551,
        0.624432884156704,
        0.6296293176710606,
        0.6329569891095161,
        0.6362016350030899,
        0.6412448212504387,
        0.645100399851799,
        0.6479399129748344,
        0.6505246758460999,
        0.6522970646619797,
        0.6562711447477341,
        0.66001021489501,
        0.662505067884922,
        0.6659864038228989,
        0.6675726771354675,
        0.6702969297766685,
        0.6740352399647236,
        0.6763197630643845,
        0.6795464567840099,
        0.6822345964610577,
        0.6850723996758461,
        0.688420332968235
    ],
    "val_mcc": [
        0.5756983337031395,
        0.5756983337031395,
        0.7196684596950643,
        0.7261354744623948,
        0.6539886462510549,
        0.6434589410887032,
        0.6539886462510549,
        0.6539886462510549,
        0.7310344827586207,
        0.7310344827586207,
        0.7310344827586207,
        0.7310344827586207,
        0.7310344827586207,
        0.7310344827586207,
        0.7310344827586207,
        0.7310344827586207,
        0.7310344827586207,
        0.7310344827586207,
        0.7310344827586207,
        0.7310344827586207,
        0.7310344827586207,
        0.7310344827586207,
        0.7310344827586207,
        0.7310344827586207,
        0.7310344827586207,
        0.7310344827586207,
        0.7310344827586207,
        0.7310344827586207,
        0.7310344827586207,
        0.7310344827586207,
        0.7310344827586207,
        0.7310344827586207,
        0.7310344827586207,
        0.7310344827586207,
        0.7310344827586207,
        0.7310344827586207,
        0.7310344827586207,
        0.7310344827586207,
        0.7310344827586207,
        0.7310344827586207,
        0.7310344827586207,
        0.7310344827586207,
        0.7310344827586207,
        0.7310344827586207,
        0.7310344827586207,
        0.7310344827586207,
        0.7310344827586207,
        0.7310344827586207,
        0.7310344827586207,
        0.7310344827586207
    ],
    "val_auroc": [
        0.9,
        0.9275862068965518,
        0.9344827586206896,
        0.9551724137931035,
        0.9586206896551723,
        0.9551724137931035,
        0.9551724137931035,
        0.9551724137931035,
        0.9551724137931035,
        0.9586206896551723,
        0.9586206896551723,
        0.9620689655172414,
        0.9655172413793103,
        0.9655172413793103,
        0.9620689655172414,
        0.9620689655172414,
        0.9620689655172414,
        0.9620689655172414,
        0.9620689655172414,
        0.9620689655172414,
        0.9620689655172414,
        0.9620689655172414,
        0.9620689655172414,
        0.9620689655172414,
        0.9620689655172414,
        0.9620689655172414,
        0.9620689655172414,
        0.9620689655172414,
        0.9620689655172414,
        0.9620689655172414,
        0.9620689655172414,
        0.9620689655172414,
        0.9620689655172414,
        0.9620689655172414,
        0.9620689655172414,
        0.9620689655172414,
        0.9620689655172414,
        0.9620689655172414,
        0.9620689655172414,
        0.9620689655172414,
        0.9620689655172414,
        0.9620689655172414,
        0.9620689655172414,
        0.9655172413793103,
        0.9655172413793103,
        0.9655172413793103,
        0.9655172413793103,
        0.9655172413793103,
        0.9655172413793103,
        0.9655172413793103
    ]
}