{
    "train_loss": [
        0.5248909413814544,
        0.3112406998872757,
        0.2380433887243271,
        0.1744050770998001,
        0.11710177212953568,
        0.07961705029010772,
        0.05434459000825882,
        0.03471520878374577,
        0.024527869746088983,
        0.018153808638453485,
        0.013981304503977299,
        0.01123500857502222,
        0.009287275187671185,
        0.007954282127320767,
        0.00690791429951787,
        0.0060905803926289085,
        0.005435054935514927,
        0.0049252213910222055,
        0.004471287364140153,
        0.004103840282186866,
        0.003761512553319335,
        0.0034880793187767266,
        0.003250843519344926,
        0.003028395352885127,
        0.002835887251421809,
        0.002675955882295966,
        0.0025175649439916014,
        0.0023776879999786614,
        0.002252335986122489,
        0.0021235294407233596,
        0.0020253968657925727,
        0.001920296950265765,
        0.0018233531154692173,
        0.0017417133785784245,
        0.0016519666882231832,
        0.0015777542488649488,
        0.0015052374452352523,
        0.0014488238375633955,
        0.0013831432675942778,
        0.0013197023188695311,
        0.0012744607869535685,
        0.0012257773196324706,
        0.00117994777392596,
        0.0011376951588317752,
        0.0010909934993833304,
        0.0010533191612921654,
        0.0010226824670098722,
        0.0009841015678830444,
        0.0009574303054250777,
        0.0009273309027776122
    ],
    "val_loss": [
        0.5151964724063873,
        0.4034637063741684,
        0.32488393783569336,
        0.20807524770498276,
        0.2395082525908947,
        0.1441577896475792,
        0.1108371689915657,
        0.12335428968071938,
        0.106522336602211,
        0.08882465213537216,
        0.08605556190013885,
        0.08959095180034637,
        0.08371017873287201,
        0.07898495346307755,
        0.07053093612194061,
        0.07088356465101242,
        0.07452588714659214,
        0.0783463567495346,
        0.07090005092322826,
        0.06370141915977001,
        0.06267768517136574,
        0.059383198618888855,
        0.05822063982486725,
        0.05877187196165323,
        0.059263791888952255,
        0.05994957871735096,
        0.0554941538721323,
        0.05307971127331257,
        0.05175810120999813,
        0.05192180722951889,
        0.05209055636078119,
        0.052806125953793526,
        0.05316653102636337,
        0.05208406038582325,
        0.05078373942524195,
        0.051401322707533836,
        0.05003936402499676,
        0.05045852344483137,
        0.049196659587323666,
        0.04809836484491825,
        0.04686872102320194,
        0.046067134477198124,
        0.045920523814857006,
        0.04569876007735729,
        0.04500901512801647,
        0.04475298058241606,
        0.04493438545614481,
        0.045403460040688515,
        0.04483267944306135,
        0.04590052366256714
    ],
    "val_mcc": [
        0.47739999005770767,
        0.6434589410887032,
        0.8655172413793103,
        0.8808303292720552,
        0.8655172413793103,
        0.8808303292720552,
        1.0,
        0.9327379053088816,
        0.9327379053088816,
        1.0,
        1.0,
        0.9327379053088816,
        1.0,
        1.0,
        1.0,
        1.0,
        0.9327379053088816,
        0.9327379053088816,
        1.0,
        1.0,
        1.0,
        1.0,
        1.0,
        1.0,
        1.0,
        1.0,
        1.0,
        1.0,
        1.0,
        1.0,
        1.0,
        1.0,
        1.0,
        1.0,
        1.0,
        1.0,
        1.0,
        1.0,
        1.0,
        1.0,
        1.0,
        1.0,
        1.0,
        1.0,
        1.0,
        1.0,
        1.0,
        1.0,
        1.0,
        1.0
    ],
    "val_auroc": [
        0.9724137931034483,
        0.9724137931034483,
        0.9793103448275863,
        0.9931034482758622,
        0.993103448275862,
        1.0,
        1.0,
        1.0,
        1.0,
        1.0,
        1.0,
        1.0,
        1.0,
        1.0,
        1.0,
        1.0,
        1.0,
        1.0,
        1.0,
        1.0,
        1.0,
        1.0,
        1.0,
        1.0,
        1.0,
        1.0,
        1.0,
        1.0,
        1.0,
        1.0,
        1.0,
        1.0,
        1.0,
        1.0,
        1.0,
        1.0,
        1.0,
        1.0,
        1.0,
        1.0,
        1.0,
        1.0,
        1.0,
        1.0,
        1.0,
        1.0,
        1.0,
        1.0,
        1.0,
        1.0
    ]
}