{
    "train_loss": [
        0.5745685026049614,
        0.5035127639770508,
        0.47900236696004866,
        0.45571154952049253,
        0.44478389620780945,
        0.4303614765405655,
        0.41686143577098844,
        0.4137163877487183,
        0.38665561005473137,
        0.3961478568613529,
        0.39206433966755866,
        0.39978124499320983,
        0.3585282027721405,
        0.347857915610075,
        0.33478695899248123,
        0.3292765229940414,
        0.3116337969899178,
        0.3160110987722874,
        0.3084517650306225,
        0.2787812286987901,
        0.31326772794127467,
        0.3159130081534386,
        0.27213648743927477,
        0.23628565855324268,
        0.23411013931035995,
        0.21776046231389046,
        0.2237661276012659,
        0.1972084179520607,
        0.2373145129531622,
        0.22011244371533395,
        0.17418353483080865,
        0.18159684333950282,
        0.16967553310096264,
        0.15032151881605388,
        0.12108587957918644,
        0.11226809769868851,
        0.1372840916737914,
        0.1359651458915323,
        0.10900887744501234,
        0.09767107432708144,
        0.08299245689995587,
        0.0913737652823329,
        0.1526930656284094,
        0.10795462923124433,
        0.10773581294342875,
        0.11812255997210741,
        0.09173828312195838,
        0.08321292772889137,
        0.08424214329570531,
        0.09833108587190509
    ],
    "val_loss": [
        0.5881832957267761,
        0.5706123948097229,
        0.5298280358314514,
        0.5163995504379273,
        0.5024741113185882,
        0.5027994811534882,
        0.520114517211914,
        0.5027797996997834,
        0.5178012013435364,
        0.5180326581001282,
        0.5312408804893494,
        0.5151097238063812,
        0.5500734508037567,
        0.5554477393627166,
        0.5514414131641387,
        0.5597688376903533,
        0.6394263625144958,
        0.5914718449115753,
        0.5812424540519714,
        0.617408138513565,
        0.58527312874794,
        0.6275196671485901,
        0.620618999004364,
        0.6416535019874573,
        0.6931025147438049,
        0.6954540610313416,
        0.6966902732849121,
        0.7792241692543029,
        0.7347887873649597,
        0.7388886451721192,
        0.7495136499404907,
        0.8055034875869751,
        0.8199976086616516,
        0.7996940970420837,
        0.8814891576766968,
        0.913619875907898,
        0.9275720953941345,
        0.924410593509674,
        1.0058500051498414,
        0.9958014011383056,
        1.0554667234420776,
        1.1312209486961364,
        0.9422124981880188,
        1.042527151107788,
        1.0396936774253844,
        1.1547465562820434,
        1.1549931645393372,
        1.083088183403015,
        1.19592444896698,
        1.1842812299728394
    ],
    "val_mcc": [
        0.35674308629722185,
        0.34707674101118247,
        0.43058518709773635,
        0.43431930956317644,
        0.4812526556702007,
        0.4391688497097006,
        0.41982570521563306,
        0.4618115665926189,
        0.43461404933974157,
        0.40950573866272966,
        0.45040877156260045,
        0.4515094339622642,
        0.4512967336533005,
        0.4423706721265714,
        0.40950573866272966,
        0.4718107386056342,
        0.3837650025353839,
        0.43461404933974157,
        0.3992918259420683,
        0.41293060564750855,
        0.3541328902178356,
        0.37915757283846513,
        0.41086237382240853,
        0.37063988986458757,
        0.3593264726339932,
        0.3545075720882169,
        0.3766149655639191,
        0.33984696095936384,
        0.36922544706500926,
        0.33081145691148234,
        0.32463199906955736,
        0.3718143241748422,
        0.3329807124598832,
        0.31338809466087036,
        0.3593264726339932,
        0.30706033806556327,
        0.33081145691148234,
        0.34201399226272894,
        0.2805339760430987,
        0.31338809466087036,
        0.2951703397312573,
        0.3240139334427568,
        0.2951703397312573,
        0.22490355344720153,
        0.31338809466087036,
        0.28347418098323873,
        0.25960678160551515,
        0.3420448085192759,
        0.2728388343291913,
        0.3329807124598832
    ],
    "val_auroc": [
        0.7875471698113208,
        0.7958490566037737,
        0.81,
        0.810188679245283,
        0.8154716981132075,
        0.8164150943396227,
        0.8092452830188679,
        0.8124528301886792,
        0.8109433962264151,
        0.8164150943396227,
        0.8015094339622642,
        0.8058490566037736,
        0.8015094339622642,
        0.7949056603773585,
        0.7984905660377358,
        0.7898113207547169,
        0.7915094339622641,
        0.7783018867924529,
        0.7871698113207547,
        0.7783018867924529,
        0.7750943396226415,
        0.7766037735849056,
        0.7711320754716982,
        0.7699999999999999,
        0.7584905660377358,
        0.7564150943396226,
        0.7503773584905661,
        0.7405660377358491,
        0.740943396226415,
        0.7364150943396227,
        0.7384905660377359,
        0.7264150943396227,
        0.7096226415094339,
        0.7216981132075472,
        0.7190566037735848,
        0.7156603773584905,
        0.6937735849056603,
        0.7137735849056603,
        0.679811320754717,
        0.6941509433962264,
        0.7126415094339622,
        0.6958490566037735,
        0.7145283018867925,
        0.6833962264150945,
        0.6873584905660377,
        0.6750943396226415,
        0.6777358490566037,
        0.7064150943396227,
        0.6832075471698112,
        0.6869811320754716
    ]
}