{
    "train_loss": [
        0.5922114670276641,
        0.5146310240030288,
        0.4647499270737171,
        0.45029511749744416,
        0.44974967688322065,
        0.44070370495319366,
        0.42079728543758393,
        0.4123008415102959,
        0.39527704268693925,
        0.39559913277626035,
        0.38477379977703097,
        0.378731033205986,
        0.36503520533442496,
        0.3551409006118774,
        0.3315199114382267,
        0.33423702195286753,
        0.3272562988102436,
        0.3161364234983921,
        0.30101474821567537,
        0.2951802760362625,
        0.2866292171180248,
        0.30701479539275167,
        0.2797313369810581,
        0.23833610191941262,
        0.23806486688554288,
        0.23907690942287446,
        0.21612017415463924,
        0.22536167576909066,
        0.19231744222342967,
        0.18423290066421033,
        0.18886422254145147,
        0.23423365596681833,
        0.1830557169392705,
        0.16453439518809318,
        0.14734464399516584,
        0.17071999106556177,
        0.13903149999678135,
        0.13819061815738679,
        0.12935139667242765,
        0.12401823289692401,
        0.10748060448095202,
        0.10325879231095314,
        0.10938237458467484,
        0.13700699005275965,
        0.17035420890897512,
        0.1455849521327764,
        0.11703051468357444,
        0.08565298961475491,
        0.06336268889717758,
        0.05838271374814212
    ],
    "val_loss": [
        0.5627102136611939,
        0.5285818755626679,
        0.5300093233585358,
        0.5486375153064728,
        0.5109652757644654,
        0.5196268916130066,
        0.5356972575187683,
        0.5280011355876922,
        0.5581086277961731,
        0.5456191062927246,
        0.5558051943778992,
        0.5713321030139923,
        0.5760033667087555,
        0.5475260138511657,
        0.5732156753540039,
        0.5849457323551178,
        0.5788372874259948,
        0.5856097102165222,
        0.5959881722927094,
        0.5902600586414337,
        0.6890503525733948,
        0.6206791043281555,
        0.6118999660015106,
        0.6720665514469146,
        0.6442771017551422,
        0.6750926375389099,
        0.6825204372406006,
        0.6630800604820252,
        0.6903281688690186,
        0.7707309007644654,
        0.7629445433616638,
        0.6747195839881897,
        0.7467597842216491,
        0.7633014917373657,
        0.7585026562213898,
        0.7730374813079834,
        0.7819828510284423,
        0.7969763278961182,
        0.8685830950736999,
        0.8511818408966064,
        0.8564310431480407,
        0.8772384285926819,
        0.9496924042701721,
        0.9048379778861999,
        0.8308257341384888,
        0.9121485471725463,
        0.9447673559188843,
        0.9017401456832885,
        0.9691496968269349,
        1.0130436539649963
    ],
    "val_mcc": [
        0.2923479062077571,
        0.35937576907218777,
        0.4226415094339623,
        0.45892059503810484,
        0.4549796186952268,
        0.4176529208136236,
        0.4084817350749448,
        0.37416994087458183,
        0.37870674438105884,
        0.3698899036569079,
        0.4451966794342491,
        0.47325067117784064,
        0.40499036057036664,
        0.4515094339622642,
        0.39378383972276654,
        0.41714268769065765,
        0.36547137380284955,
        0.40561450745183036,
        0.38784148835650406,
        0.4226415094339623,
        0.2978068322619943,
        0.4280829607710349,
        0.3992657874664462,
        0.4210689967268648,
        0.43431930956317644,
        0.33662190612497,
        0.3649056603773585,
        0.3999486424729386,
        0.42134081163640025,
        0.31338809466087036,
        0.35682365818816897,
        0.34368000587674585,
        0.41086237382240853,
        0.3314730455856997,
        0.40499036057036664,
        0.40499036057036664,
        0.36547137380284955,
        0.4176529208136236,
        0.32210216725669566,
        0.3087741852341142,
        0.400615436055313,
        0.3766149655639191,
        0.3541328902178356,
        0.34201399226272894,
        0.33933204444551107,
        0.3246104062103201,
        0.34689450309740066,
        0.35405047268938294,
        0.3783606953626156,
        0.40499036057036664
    ],
    "val_auroc": [
        0.7890566037735849,
        0.800377358490566,
        0.800566037735849,
        0.7994339622641511,
        0.8233962264150944,
        0.8077358490566038,
        0.8020754716981132,
        0.8058490566037736,
        0.7962264150943396,
        0.8003773584905661,
        0.7901886792452829,
        0.7964150943396227,
        0.7788679245283019,
        0.800566037735849,
        0.7869811320754717,
        0.7928301886792454,
        0.789245283018868,
        0.8022641509433963,
        0.7833962264150944,
        0.7973584905660378,
        0.7886792452830188,
        0.789433962264151,
        0.7896226415094341,
        0.7939622641509434,
        0.7886792452830189,
        0.7733962264150944,
        0.7866037735849056,
        0.7786792452830188,
        0.7818867924528303,
        0.7560377358490566,
        0.779433962264151,
        0.7732075471698113,
        0.7886792452830188,
        0.7671698113207548,
        0.780377358490566,
        0.7777358490566039,
        0.7690566037735849,
        0.7777358490566038,
        0.750188679245283,
        0.7671698113207547,
        0.7694339622641508,
        0.7573584905660377,
        0.7426415094339622,
        0.7573584905660378,
        0.7750943396226415,
        0.7633962264150943,
        0.7609433962264152,
        0.7722641509433962,
        0.759811320754717,
        0.759056603773585
    ]
}