{
    "train_loss": [
        0.5960572779178619,
        0.5057528406381607,
        0.4761566944420338,
        0.47135627567768096,
        0.46181139796972276,
        0.45211272686719894,
        0.4513496920466423,
        0.42345409393310546,
        0.41185354739427565,
        0.40875315517187116,
        0.3929959625005722,
        0.37768824845552446,
        0.3521967835724354,
        0.3585908129811287,
        0.35309488922357557,
        0.35218955427408216,
        0.3243831731379032,
        0.3221900038421154,
        0.27985345125198363,
        0.25431328974664213,
        0.30558224245905874,
        0.2770876009017229,
        0.23081451691687108,
        0.21655564270913602,
        0.22467311695218087,
        0.2244415931403637,
        0.2460102166980505,
        0.18676433339715004,
        0.23189992047846317,
        0.1943355355411768,
        0.17261194586753845,
        0.1513662425801158,
        0.14139986410737038,
        0.15218140967190266,
        0.12721410179510712,
        0.1040204068645835,
        0.16903893928974867,
        0.1383153224363923,
        0.09877241477370262,
        0.07670088047161698,
        0.06159573146142065,
        0.05837575043551624,
        0.04936855752021074,
        0.07307048356160521,
        0.1730758251622319,
        0.11971196453087032,
        0.07629896476864814,
        0.04376965179108083,
        0.05267022717744112,
        0.04627566747367382
    ],
    "val_loss": [
        0.499783992767334,
        0.46198284029960635,
        0.48429839611053466,
        0.43806692957878113,
        0.4322644591331482,
        0.43847945928573606,
        0.44360819458961487,
        0.44702114462852477,
        0.4695019662380219,
        0.4635790526866913,
        0.4738862156867981,
        0.5110030770301819,
        0.49040480256080626,
        0.5265727579593659,
        0.49276634454727175,
        0.5855184435844422,
        0.600333696603775,
        0.5277657270431518,
        0.5402262151241303,
        0.6827037453651428,
        0.5657620787620544,
        0.6292293787002563,
        0.6498289287090302,
        0.5569107711315155,
        0.6127949833869935,
        0.613102263212204,
        0.6574059724807739,
        0.6744195282459259,
        0.6086424231529236,
        0.6560397446155548,
        0.6858027398586273,
        0.7715173363685608,
        0.7958583652973175,
        0.7947186827659607,
        0.7485315322875976,
        0.8944557070732116,
        0.7705813407897949,
        0.8789444923400879,
        0.8628792047500611,
        0.8954206109046936,
        0.9302733063697814,
        0.9325054883956909,
        0.9639377117156982,
        0.9404617667198181,
        0.7968075037002563,
        0.8336037278175354,
        0.934735918045044,
        0.9654813647270203,
        0.9768459677696228,
        1.0495577812194825
    ],
    "val_mcc": [
        0.5452193754144914,
        0.5426025286128388,
        0.5474208175930333,
        0.5687822180346598,
        0.5561291847272316,
        0.5498051602938211,
        0.5337984137894888,
        0.5177310926909664,
        0.4554505402607156,
        0.4666666666666667,
        0.5152964303632328,
        0.4453526074983863,
        0.5337984137894888,
        0.41944734894242286,
        0.5205884609545359,
        0.42907430209405667,
        0.3979548137148311,
        0.4949311924976656,
        0.43293836293668037,
        0.351193939778555,
        0.488179355005863,
        0.4795500044623094,
        0.4123951744684367,
        0.49604652413672967,
        0.4371015994440689,
        0.49119899737932593,
        0.4223107960068364,
        0.4371015994440689,
        0.507637536974827,
        0.470198855849646,
        0.5151851851851852,
        0.40263931881105647,
        0.3914702436085968,
        0.3979548137148311,
        0.4629100498862757,
        0.4298052003967214,
        0.4234296094380687,
        0.4690613163740094,
        0.5044185153893525,
        0.4554505402607156,
        0.43293836293668037,
        0.4586276173207597,
        0.4554505402607156,
        0.4690613163740094,
        0.4123951744684367,
        0.43293836293668037,
        0.4223107960068364,
        0.4621550622759656,
        0.44565871858907996,
        0.41944734894242286
    ],
    "val_auroc": [
        0.865,
        0.8607407407407408,
        0.8685185185185185,
        0.8648148148148148,
        0.8692592592592594,
        0.8653703703703703,
        0.8618518518518519,
        0.8618518518518519,
        0.8525925925925926,
        0.8581481481481481,
        0.8514814814814815,
        0.8450000000000001,
        0.8435185185185186,
        0.8337037037037037,
        0.8344444444444445,
        0.8301851851851851,
        0.8346296296296296,
        0.8301851851851851,
        0.8233333333333334,
        0.8209259259259261,
        0.825,
        0.8188888888888889,
        0.7962962962962963,
        0.827777777777778,
        0.8142592592592592,
        0.8074074074074074,
        0.7916666666666667,
        0.7951851851851852,
        0.8135185185185185,
        0.804074074074074,
        0.8103703703703703,
        0.7887037037037037,
        0.7703703703703704,
        0.7764814814814816,
        0.789074074074074,
        0.767037037037037,
        0.7914814814814815,
        0.7748148148148148,
        0.7864814814814814,
        0.778888888888889,
        0.7603703703703705,
        0.7685185185185185,
        0.7644444444444444,
        0.7774074074074074,
        0.7946296296296296,
        0.8016666666666666,
        0.7731481481481481,
        0.7985185185185185,
        0.780925925925926,
        0.7685185185185186
    ]
}