{
    "train_loss": [
        0.5696681648492813,
        0.5310923680663109,
        0.46670864522457123,
        0.47484300285577774,
        0.4608920857310295,
        0.4555283017456532,
        0.44409412443637847,
        0.4336343064904213,
        0.4080783504992723,
        0.41636309325695037,
        0.3999928541481495,
        0.3930632159113884,
        0.3948482066392899,
        0.37022084593772886,
        0.35814205929636955,
        0.4028451003134251,
        0.3709028817713261,
        0.3365468896925449,
        0.3897186115384102,
        0.3458417385816574,
        0.31247457042336463,
        0.3104923591017723,
        0.29755460023880004,
        0.2883350059390068,
        0.25586330853402617,
        0.2676014915108681,
        0.27910391241312027,
        0.26114052049815656,
        0.23925934173166752,
        0.22203910760581494,
        0.22727171555161477,
        0.2042609505355358,
        0.20464961044490337,
        0.1928404089063406,
        0.18124886751174926,
        0.1608836816623807,
        0.14030952714383602,
        0.12469514617696405,
        0.17906623445451259,
        0.1717665552161634,
        0.12778533902019262,
        0.09973689839243889,
        0.08929292904213071,
        0.12433030921965837,
        0.12316063456237317,
        0.11352152768522501,
        0.11185802426189184,
        0.13052788292989134,
        0.07819195706397294,
        0.06648767599835992
    ],
    "val_loss": [
        0.5329608380794525,
        0.5141582787036896,
        0.4731235682964325,
        0.4994494915008545,
        0.46647256016731264,
        0.45036965012550356,
        0.4588005721569061,
        0.4555556416511536,
        0.4488679349422455,
        0.4547154664993286,
        0.4518554985523224,
        0.4706633388996124,
        0.4557725667953491,
        0.4736278474330902,
        0.4774872899055481,
        0.5055969595909119,
        0.48338929414749143,
        0.5215223908424378,
        0.5025820314884186,
        0.4964373290538788,
        0.5592147946357727,
        0.5669297218322754,
        0.580134642124176,
        0.5626242935657502,
        0.6350345969200134,
        0.6179010808467865,
        0.626517391204834,
        0.6456891655921936,
        0.671386969089508,
        0.6799860537052155,
        0.7032890677452087,
        0.7420723080635071,
        0.714319521188736,
        0.7496949672698975,
        0.7263455629348755,
        0.7877074241638183,
        0.8247498989105224,
        0.8833524942398071,
        0.7759127855300904,
        0.8231372714042664,
        0.8811855554580689,
        0.9172279357910156,
        0.9562087655067444,
        0.958348274230957,
        0.8949262261390686,
        0.965593159198761,
        1.0267374038696289,
        0.9833696246147156,
        1.0443023443222046,
        1.1039728760719298
    ],
    "val_mcc": [
        0.32222222222222224,
        0.4298052003967214,
        0.5016830727049841,
        0.4795881806510799,
        0.4848401374141137,
        0.5066740688254677,
        0.5016830727049841,
        0.5419621427977678,
        0.5344222219546008,
        0.4586276173207597,
        0.4565989902052032,
        0.4371015994440689,
        0.517812958165832,
        0.4629100498862757,
        0.49604652413672967,
        0.45814814814814814,
        0.43462110239322554,
        0.5124530742342962,
        0.5461595831717048,
        0.48998909370053606,
        0.44629245426346864,
        0.470198855849646,
        0.517812958165832,
        0.517812958165832,
        0.3868989217888074,
        0.46796153710840016,
        0.43462110239322554,
        0.42860685465918363,
        0.47469288317114394,
        0.4511777625672017,
        0.4621652292352401,
        0.29875922658839865,
        0.45130786010254886,
        0.42907587963565635,
        0.43434136476994417,
        0.3894915964481181,
        0.4011111111111111,
        0.2693793281882624,
        0.417489966754203,
        0.34528826491882486,
        0.3160715655795397,
        0.36735408694354177,
        0.3160715655795397,
        0.4572272005939312,
        0.29833819809447476,
        0.39494013061691013,
        0.21070529126903903,
        0.417489966754203,
        0.33326687371655933,
        0.2693793281882624
    ],
    "val_auroc": [
        0.840925925925926,
        0.8514814814814815,
        0.8475925925925926,
        0.8485185185185186,
        0.8453703703703703,
        0.8572222222222222,
        0.8544444444444446,
        0.8548148148148148,
        0.8551851851851852,
        0.8490740740740741,
        0.8481481481481481,
        0.8438888888888889,
        0.8481481481481482,
        0.8437037037037037,
        0.8361111111111111,
        0.8307407407407408,
        0.8362962962962963,
        0.8138888888888889,
        0.8383333333333334,
        0.8362962962962963,
        0.8055555555555555,
        0.8224074074074074,
        0.7985185185185184,
        0.8114814814814815,
        0.8011111111111111,
        0.8012962962962963,
        0.7868518518518519,
        0.7959259259259259,
        0.7838888888888889,
        0.7870370370370371,
        0.7837037037037038,
        0.7562962962962964,
        0.7812962962962963,
        0.7851851851851852,
        0.7827777777777778,
        0.7662962962962964,
        0.762962962962963,
        0.7640740740740741,
        0.7911111111111111,
        0.7583333333333333,
        0.7607407407407407,
        0.7424074074074074,
        0.7542592592592592,
        0.7538888888888888,
        0.7612962962962964,
        0.7581481481481481,
        0.7351851851851852,
        0.7683333333333333,
        0.7498148148148148,
        0.7285185185185186
    ]
}