{
    "train_loss": [
        0.5625857412815094,
        0.49193122535943984,
        0.5056801080703736,
        0.46970486342906953,
        0.44993776828050613,
        0.43253326416015625,
        0.40471282713115214,
        0.40851582437753675,
        0.398757653683424,
        0.38928643316030503,
        0.3687645323574543,
        0.3727956473827362,
        0.3513800922781229,
        0.3631155677139759,
        0.3304401509463787,
        0.326403296738863,
        0.3253516420722008,
        0.2992566477507353,
        0.263858462870121,
        0.2561785336583853,
        0.2703548029065132,
        0.2747775074094534,
        0.232242863625288,
        0.196808048337698,
        0.2016270663589239,
        0.18617213591933252,
        0.21002717819064856,
        0.20937605276703836,
        0.19992146044969558,
        0.19063189700245858,
        0.17374772168695926,
        0.17975717708468436,
        0.17386488001793624,
        0.13064074274152518,
        0.11464181523770094,
        0.14580733925104142,
        0.103919358830899,
        0.08403842411935329,
        0.07885345770046115,
        0.10942736123688519,
        0.11217652224004268,
        0.09120911243371665,
        0.06468732198700308,
        0.0630580292083323,
        0.06188684008084237,
        0.04562036390416324,
        0.04061663402244449,
        0.04092307320679538,
        0.04658805723302066,
        0.049495745729655025
    ],
    "val_loss": [
        0.5339708030223846,
        0.507432222366333,
        0.522050392627716,
        0.49516168236732483,
        0.48285093903541565,
        0.4868571937084198,
        0.5026434540748597,
        0.5054034888744354,
        0.5204281449317932,
        0.5121245622634888,
        0.5198791921138763,
        0.5144499897956848,
        0.5556537449359894,
        0.5133735299110412,
        0.5389478623867034,
        0.5917506814002991,
        0.6176967024803162,
        0.5696650981903076,
        0.588216882944107,
        0.6110632598400116,
        0.6627586841583252,
        0.6248072922229767,
        0.6820057272911072,
        0.6847894549369812,
        0.695980328321457,
        0.7395007967948913,
        0.7706851601600647,
        0.7342296838760376,
        0.7718278288841247,
        0.8255894780158997,
        0.830700421333313,
        0.8036730647087097,
        0.8306272745132446,
        0.848673141002655,
        0.8570239782333374,
        0.9535353422164917,
        0.9298702001571655,
        0.9947027921676636,
        0.9699376344680786,
        0.9378108978271484,
        0.8998113751411438,
        0.9626609921455384,
        1.0024965763092042,
        1.087924563884735,
        1.0502357840538026,
        1.0895910263061523,
        1.1987128853797913,
        1.1795657396316528,
        1.1737284421920777,
        1.1269551396369935
    ],
    "val_mcc": [
        0.3490912959623694,
        0.5189223500731158,
        0.48989794855663565,
        0.4785999862471003,
        0.43893811257017395,
        0.46601639597086725,
        0.46800784077976626,
        0.48537348531197416,
        0.42907587963565635,
        0.4065175003046483,
        0.5112313234371975,
        0.49119899737932593,
        0.375,
        0.4733002574487753,
        0.46601639597086725,
        0.39139042813598196,
        0.4626791818884055,
        0.4296142637737487,
        0.3868989217888074,
        0.3138888888888889,
        0.32708096418961097,
        0.4427410738901448,
        0.29346473089514225,
        0.36735408694354177,
        0.310868928895243,
        0.3385786396448106,
        0.4437441740624628,
        0.310868928895243,
        0.400614719113164,
        0.26361282028327865,
        0.3058358150044225,
        0.33696449304114806,
        0.3009752314824842,
        0.28131719121013965,
        0.31844529735483207,
        0.22347685044988602,
        0.3337745307123446,
        0.23266190583704624,
        0.24598992490190524,
        0.30738878830810074,
        0.32698164105366995,
        0.33326687371655933,
        0.25176545352503626,
        0.2395743135128727,
        0.22347685044988602,
        0.2576381669009693,
        0.233999509108495,
        0.2576381669009693,
        0.24748945190974173,
        0.29945161493842287
    ],
    "val_auroc": [
        0.8518518518518519,
        0.84,
        0.8227777777777778,
        0.8257407407407408,
        0.825,
        0.8212962962962963,
        0.8150000000000001,
        0.807037037037037,
        0.8014814814814815,
        0.8090740740740741,
        0.8114814814814815,
        0.8118518518518518,
        0.8046296296296296,
        0.8094444444444444,
        0.8064814814814815,
        0.769074074074074,
        0.7959259259259259,
        0.7922222222222223,
        0.7794444444444444,
        0.7885185185185185,
        0.7633333333333333,
        0.7853703703703704,
        0.758148148148148,
        0.768888888888889,
        0.7648148148148148,
        0.76,
        0.77,
        0.7672222222222222,
        0.7533333333333332,
        0.7164814814814815,
        0.757962962962963,
        0.763888888888889,
        0.749074074074074,
        0.7522222222222222,
        0.7435185185185185,
        0.7294444444444445,
        0.7412962962962961,
        0.7438888888888888,
        0.7442592592592593,
        0.7405555555555555,
        0.7681481481481481,
        0.7475925925925926,
        0.7348148148148148,
        0.7366666666666666,
        0.7177777777777777,
        0.7474074074074074,
        0.7094444444444445,
        0.7212962962962964,
        0.7307407407407407,
        0.7377777777777779
    ]
}