{
    "train_loss": [
        0.4209255148967107,
        0.15272671033938726,
        0.07256151661276818,
        0.05222505666315556,
        0.036807691864669326,
        0.024318285348514716,
        0.024842653485635916,
        0.04027434590583046,
        0.0821374581195414,
        0.05662300754338503,
        0.03211105689406395,
        0.025481174575785796,
        0.017733934242278336,
        0.01626368975266814,
        0.014485578114787737,
        0.013193901302292943,
        0.011251805319140355,
        0.00933349736345311,
        0.006822899992888172,
        0.004553125503783425,
        0.0033861816705514987,
        0.00274048737095048,
        0.0024277827159191172,
        0.002113750670105219,
        0.0019160810858011245,
        0.0016820813296362757,
        0.0015268928448980053,
        0.0013200642347025375,
        0.001209097580673794,
        0.0011127589192862313,
        0.0010273665694209436,
        0.0009588899284911652,
        0.0008989469225828846,
        0.0008503125980496406,
        0.0008009196841157973,
        0.0007529187404240171,
        0.0007147186202928424,
        0.0006809441993633907,
        0.000642981001874432,
        0.0006122443145917107,
        0.0005894412577617913,
        0.0005592482862994075,
        0.0005380495082742224,
        0.000515189248835668,
        0.0004913582253114631,
        0.0004741636900386463,
        0.0004539802166012426,
        0.0004372169147245586,
        0.0004179921951921036,
        0.00040449261432513596
    ],
    "val_loss": [
        0.20718250051140785,
        0.09348372742533684,
        0.0905879377387464,
        0.08445510966703296,
        0.07894556852988899,
        0.12540171667933464,
        0.09233995899558067,
        0.25759150460362434,
        0.24127575824968517,
        0.09966124454513192,
        0.11101726838387549,
        0.1304580777650699,
        0.12367071839980781,
        0.13515290897339582,
        0.13644610217306763,
        0.12867683649528772,
        0.13034848915413022,
        0.12964816368184984,
        0.136157602944877,
        0.13911255542188883,
        0.14599106457899325,
        0.1507766385911964,
        0.1539807457884308,
        0.1590289080340881,
        0.16230314795393497,
        0.16420584070147015,
        0.16282498702639714,
        0.1679274644848192,
        0.17179514764575288,
        0.17430608946597204,
        0.1759762895089807,
        0.17793880580575205,
        0.18009695946238935,
        0.1823268885636935,
        0.1837883168918779,
        0.18538965661718976,
        0.18689395899127703,
        0.1880235348799033,
        0.18914037804643158,
        0.19063049038231838,
        0.19163464563462185,
        0.19271670635498594,
        0.19365156529966043,
        0.19482432785298442,
        0.1956601983984001,
        0.19677170451905113,
        0.19726025811542058,
        0.19820413813431514,
        0.19915767786005745,
        0.19973968600970693
    ],
    "val_mcc": [
        0.9266092224680211,
        0.9626596790042581,
        0.962998132394131,
        0.9447329926514414,
        0.9438975339262832,
        0.9086150974691304,
        0.9447329926514414,
        0.8439882489871711,
        0.8503120383861473,
        0.9266092224680211,
        0.9266092224680211,
        0.9266092224680211,
        0.9447329926514414,
        0.9266092224680211,
        0.9266092224680211,
        0.9447329926514414,
        0.9252853920667758,
        0.9252853920667758,
        0.9068106119605033,
        0.9068106119605033,
        0.9068106119605033,
        0.9068106119605033,
        0.9068106119605033,
        0.9068106119605033,
        0.9068106119605033,
        0.9068106119605033,
        0.9068106119605033,
        0.9068106119605033,
        0.9068106119605033,
        0.9068106119605033,
        0.9068106119605033,
        0.9068106119605033,
        0.9068106119605033,
        0.9068106119605033,
        0.9068106119605033,
        0.9068106119605033,
        0.9068106119605033,
        0.9068106119605033,
        0.9068106119605033,
        0.9068106119605033,
        0.9068106119605033,
        0.9068106119605033,
        0.9068106119605033,
        0.9068106119605033,
        0.9068106119605033,
        0.9068106119605033,
        0.9068106119605033,
        0.9068106119605033,
        0.9068106119605033,
        0.9068106119605033
    ],
    "val_auroc": [
        0.99737962659679,
        0.9980347199475925,
        0.9849328529315428,
        0.9983622666229938,
        0.9990173599737963,
        0.9973796265967901,
        0.9760890926957091,
        0.9898460530625615,
        0.987880773010154,
        0.9950867998689814,
        0.9954143465443825,
        0.9950867998689814,
        0.9967245332459875,
        0.9970520799213888,
        0.9970520799213888,
        0.9924664264657714,
        0.9875532263347527,
        0.9842777595807402,
        0.9924664264657713,
        0.996069439895185,
        0.9970520799213888,
        0.9970520799213888,
        0.9967245332459875,
        0.9967245332459875,
        0.9970520799213888,
        0.9970520799213888,
        0.9967245332459875,
        0.9970520799213888,
        0.9967245332459875,
        0.9967245332459875,
        0.9967245332459875,
        0.9967245332459875,
        0.9967245332459875,
        0.9967245332459875,
        0.9970520799213889,
        0.9970520799213889,
        0.9970520799213889,
        0.9970520799213889,
        0.9970520799213889,
        0.9970520799213889,
        0.9970520799213889,
        0.9970520799213889,
        0.9970520799213889,
        0.9970520799213889,
        0.9970520799213889,
        0.9970520799213889,
        0.9970520799213889,
        0.9970520799213889,
        0.9970520799213889,
        0.9970520799213889
    ]
}