{
    "train_loss": [
        0.3888412276903788,
        0.12857854316631953,
        0.08100472676257292,
        0.05198809454838435,
        0.05788920211295287,
        0.061554252294202645,
        0.051915331619481246,
        0.04390774096051852,
        0.05162266114105781,
        0.023969946491221587,
        0.01516656568273902,
        0.006065031234174967,
        0.004025495238602161,
        0.0030494891107082367,
        0.002673375140875578,
        0.002215219141605,
        0.0019676159989709657,
        0.0017640861372152964,
        0.0016007352620363235,
        0.0014587953065832457,
        0.0013193423316503565,
        0.0012311764294281602,
        0.0011893289047293365,
        0.0010448010366720458,
        0.000977567486309757,
        0.0009238153152788679,
        0.0008693923358805477,
        0.000804120166382442,
        0.0007597336273950835,
        0.000714478405037274,
        0.0006757678502860169,
        0.0006421398410263161,
        0.0006097576891382536,
        0.0005728752371699859,
        0.0005512151323879759,
        0.0005307885759975762,
        0.0005002056752952436,
        0.0004749431177818527,
        0.0004578036780003458,
        0.00043849100863250595,
        0.00042441164259798825,
        0.0004243536095600575,
        0.00038996976994288467,
        0.00037584415016074974,
        0.0003616621426772326,
        0.0003482504126926263,
        0.0003334111010190099,
        0.0003191638155840337,
        0.0003122207437021037,
        0.0003017455514054745
    ],
    "val_loss": [
        0.2222563773393631,
        0.11286169290542603,
        0.16645223461091518,
        0.10582108004018664,
        0.3204444870352745,
        0.1520050037652254,
        0.0659319618716836,
        0.08988306950777769,
        0.3315486051142216,
        0.09682417986914515,
        0.170770020224154,
        0.17129990737885237,
        0.15656352881342173,
        0.1790422424674034,
        0.19303969107568264,
        0.20162872411310673,
        0.20593645051121712,
        0.20828155055642128,
        0.2113079447299242,
        0.21381167508661747,
        0.21583449468016624,
        0.21860509552061558,
        0.22180695831775665,
        0.22850238904356956,
        0.23058641143143177,
        0.23277592658996582,
        0.23369613848626614,
        0.2338914182037115,
        0.2361636832356453,
        0.23833112977445126,
        0.24108674377202988,
        0.24239571951329708,
        0.24477770179510117,
        0.24637012369930744,
        0.24734515324234962,
        0.2494941260665655,
        0.2517872750759125,
        0.2528480216860771,
        0.25485977716743946,
        0.25631779804825783,
        0.2583527211099863,
        0.25920137390494347,
        0.26284014247357845,
        0.26510581374168396,
        0.26567186787724495,
        0.26650415547192097,
        0.2671701442450285,
        0.268191060051322,
        0.26879241690039635,
        0.27112848684191704
    ],
    "val_mcc": [
        0.879664438186246,
        0.9286112429750731,
        0.9286112429750731,
        0.9457507306074072,
        0.8640987597877147,
        0.879664438186246,
        0.9633432944855655,
        0.9457507306074072,
        0.8193800386870199,
        0.9118992727752026,
        0.9118992727752026,
        0.9118992727752026,
        0.9118992727752026,
        0.9118992727752026,
        0.8955910525085281,
        0.8955910525085281,
        0.8955910525085281,
        0.8955910525085281,
        0.8955910525085281,
        0.8955910525085281,
        0.8955910525085281,
        0.8955910525085281,
        0.8955910525085281,
        0.8955910525085281,
        0.8955910525085281,
        0.8955910525085281,
        0.8955910525085281,
        0.8955910525085281,
        0.8955910525085281,
        0.8955910525085281,
        0.8955910525085281,
        0.8955910525085281,
        0.8955910525085281,
        0.8955910525085281,
        0.9118992727752026,
        0.9118992727752026,
        0.9118992727752026,
        0.9118992727752026,
        0.9118992727752026,
        0.9118992727752026,
        0.9118992727752026,
        0.9118992727752026,
        0.9118992727752026,
        0.8955910525085281,
        0.9118992727752026,
        0.9118992727752026,
        0.9118992727752026,
        0.9118992727752026,
        0.9118992727752026,
        0.9118992727752026
    ],
    "val_auroc": [
        0.9990079365079365,
        0.9990079365079365,
        0.9993386243386243,
        0.9993386243386243,
        0.9794973544973545,
        0.9976851851851852,
        0.9966931216931217,
        0.9943783068783069,
        1.0,
        1.0,
        1.0,
        1.0,
        1.0,
        0.9996693121693122,
        0.9996693121693122,
        0.9996693121693122,
        0.9996693121693122,
        0.9996693121693122,
        0.9996693121693122,
        0.9996693121693122,
        0.9996693121693122,
        0.9996693121693122,
        0.9996693121693122,
        0.9996693121693122,
        0.9996693121693122,
        0.9996693121693122,
        0.9996693121693122,
        0.9996693121693122,
        0.9996693121693122,
        0.9996693121693122,
        0.9996693121693122,
        0.9996693121693122,
        0.9996693121693122,
        0.9996693121693122,
        0.9996693121693122,
        0.9996693121693122,
        0.9993386243386244,
        0.9993386243386244,
        0.9993386243386244,
        0.9993386243386244,
        0.9993386243386244,
        0.9995039682539683,
        0.9993386243386244,
        0.9993386243386244,
        0.9993386243386244,
        0.9993386243386244,
        0.9993386243386244,
        0.9993386243386244,
        0.9993386243386244,
        0.9993386243386244
    ]
}