{
    "train_loss": [
        0.42187978426615397,
        0.14205472966035207,
        0.07233828691144785,
        0.05980390061934789,
        0.06461023769030969,
        0.06324873305857182,
        0.026696386840194465,
        0.020071702574690185,
        0.021814916376024486,
        0.022406068133811154,
        0.015759342287977537,
        0.01448592304562529,
        0.013627806430061657,
        0.012697560774783293,
        0.01162990260248383,
        0.009983386766786376,
        0.008325070825715859,
        0.0061423390793303645,
        0.00490022940405955,
        0.0038572521802658836,
        0.004991683666594327,
        0.004239197246109446,
        0.0031066728678221505,
        0.0024287095991894605,
        0.0017405798891559244,
        0.0013923428875083725,
        0.0012501382773431639,
        0.0011374290140035252,
        0.0010394213759961227,
        0.000957835023291409,
        0.0008862804854288698,
        0.0008283306146040559,
        0.0007802715214590231,
        0.0007395143038593233,
        0.0006956079547914366,
        0.0006602678855415434,
        0.0006364706030581146,
        0.0005976893085365494,
        0.0005703702471995105,
        0.0005460647827324768,
        0.0005216845078393817,
        0.0005035937918970982,
        0.0004799795938500514,
        0.00045974459887171784,
        0.0004396523698233068,
        0.00042711913120001553,
        0.0004071696991256128,
        0.0003942160285077989,
        0.00037946473457850516,
        0.0003654233082973709
    ],
    "val_loss": [
        0.20679974555969238,
        0.1327530574053526,
        0.1497345296666026,
        0.13954588095657527,
        0.12200583424419165,
        0.0748906061053276,
        0.07665434083901346,
        0.06111531355418265,
        0.1295457943342626,
        0.05298473290167749,
        0.04584655002690852,
        0.0558997115585953,
        0.05812191602308303,
        0.053976976429112256,
        0.05068984243553132,
        0.04946210572961718,
        0.049555466102901846,
        0.050498071825131774,
        0.05407803927664645,
        0.057154270994942635,
        0.06630294510978274,
        0.06122296440298669,
        0.05983553489204496,
        0.06981757178436965,
        0.06845997963682748,
        0.06794692976109218,
        0.06822431154432707,
        0.06857224942359608,
        0.06894553593883757,
        0.06934492106665857,
        0.06979801287525333,
        0.06993246836645994,
        0.07030138760455884,
        0.07069933919410687,
        0.07067915811785497,
        0.07108470272214618,
        0.07154413798707537,
        0.07176883741340134,
        0.07200403406750411,
        0.07238944434357109,
        0.07274489098927006,
        0.0730904042502516,
        0.07353420287836343,
        0.07391945602284977,
        0.07429791907634353,
        0.07462559024133952,
        0.07490934833185747,
        0.07529291769606061,
        0.07550386295042699,
        0.07585113343520788
    ],
    "val_mcc": [
        0.9071907117407407,
        0.943889104146584,
        0.9071907117407407,
        0.9254771399164523,
        0.9430521597641348,
        0.9436017575589276,
        0.943889104146584,
        0.9430521597641348,
        0.943889104146584,
        0.9624387375561093,
        0.9624387375561093,
        0.9624387375561093,
        0.9624387375561093,
        0.9624387375561093,
        0.9811382548511067,
        0.9811382548511067,
        0.9811382548511067,
        0.9811382548511067,
        0.9811382548511067,
        0.9811382548511067,
        0.9621059691482227,
        0.9811382548511067,
        0.9811382548511067,
        0.9621059691482227,
        0.9811382548511067,
        0.9811382548511067,
        0.9811382548511067,
        0.9811382548511067,
        0.9811382548511067,
        0.9811382548511067,
        0.9811382548511067,
        0.9624387375561093,
        0.9624387375561093,
        0.9624387375561093,
        0.9624387375561093,
        0.9624387375561093,
        0.9624387375561093,
        0.9624387375561093,
        0.9624387375561093,
        0.9624387375561093,
        0.9624387375561093,
        0.9624387375561093,
        0.9624387375561093,
        0.9624387375561093,
        0.9624387375561093,
        0.9624387375561093,
        0.9624387375561093,
        0.9624387375561093,
        0.9624387375561093,
        0.9624387375561093
    ],
    "val_auroc": [
        0.9969818913480885,
        0.9969818913480886,
        0.9929577464788732,
        0.9979879275653925,
        0.9852448021462107,
        0.9976525821596244,
        0.9909456740442657,
        0.9976525821596244,
        0.9795439302481556,
        0.9989939637826962,
        0.9993293091884642,
        0.9986586183769282,
        0.9983232729711603,
        0.9986586183769282,
        0.9983232729711603,
        0.9983232729711603,
        0.9983232729711603,
        0.9983232729711603,
        0.9983232729711603,
        0.9986586183769282,
        0.9973172367538565,
        0.9986586183769282,
        0.9986586183769282,
        0.9986586183769282,
        0.9983232729711603,
        0.9983232729711603,
        0.9986586183769282,
        0.9986586183769282,
        0.9986586183769282,
        0.9986586183769282,
        0.9986586183769282,
        0.9986586183769282,
        0.9986586183769282,
        0.9986586183769282,
        0.9986586183769282,
        0.9986586183769282,
        0.9986586183769282,
        0.9986586183769282,
        0.9986586183769282,
        0.9986586183769282,
        0.9986586183769282,
        0.9986586183769282,
        0.9986586183769282,
        0.9986586183769282,
        0.9986586183769282,
        0.9986586183769282,
        0.9986586183769282,
        0.9986586183769282,
        0.9986586183769282,
        0.9986586183769282
    ]
}