{
    "train_loss": [
        0.4374714493751526,
        0.14186707263191542,
        0.07416819867988428,
        0.07813492175191641,
        0.04988818696389596,
        0.03154020706812541,
        0.0555065855383873,
        0.08594707933564981,
        0.0360990251104037,
        0.021630750006685653,
        0.018698236625641584,
        0.018695859921475252,
        0.027082614631702504,
        0.01562643361588319,
        0.01472877732788523,
        0.01289153341203928,
        0.010119424527511,
        0.007591766677796841,
        0.0051349892591436705,
        0.004037034837529064,
        0.0030685557440544168,
        0.0025083108727509775,
        0.0022456860713039833,
        0.0020281426065290966,
        0.0018437127117067575,
        0.0016597700615723929,
        0.0015358988428488373,
        0.0014052932034246623,
        0.0013090762426145376,
        0.0012183441935727994,
        0.0011347273869129519,
        0.0010705082328058778,
        0.0010057400718020896,
        0.0009457085786076883,
        0.0008797704785441358,
        0.000827272783499211,
        0.000779020592259864,
        0.0007482035124363999,
        0.0006903259200043976,
        0.0006604563658280919,
        0.0006143797635256002,
        0.0005813278917533656,
        0.0005530919511026393,
        0.0005280786426737905,
        0.0005015193892177194,
        0.00047908920096233486,
        0.0004610335008086016,
        0.0004434370338761558,
        0.00042827641785455245,
        0.00041574163284773625
    ],
    "val_loss": [
        0.2184826359152794,
        0.13420825824141502,
        0.10882147960364819,
        0.0792031167075038,
        0.07896072557196021,
        0.13871869817376137,
        0.08507870393805206,
        0.07977091078646481,
        0.1100104320794344,
        0.12041795649565756,
        0.1436609170632437,
        0.08270456676837057,
        0.11819323687814176,
        0.1450221324339509,
        0.08685640926705673,
        0.09562246483983472,
        0.10785635485081002,
        0.09735314710997045,
        0.0970232849358581,
        0.09561029908945784,
        0.09690593284904025,
        0.09875413807458244,
        0.10011319949990138,
        0.10136035628966056,
        0.10318741685478017,
        0.10374499263707548,
        0.10460139054339379,
        0.10586386197246611,
        0.1065917168307351,
        0.1072009222698398,
        0.1076104917738121,
        0.10846892771951389,
        0.10957136659999378,
        0.11022159275307786,
        0.11092776898294687,
        0.1115464799804613,
        0.11208758114662487,
        0.11247466054919641,
        0.11300528736319393,
        0.11359819417702965,
        0.1140581073705107,
        0.11471322672150563,
        0.11515468810102902,
        0.11603691586788045,
        0.11627113421855029,
        0.1169327005991363,
        0.11749222323123831,
        0.11773312012519455,
        0.11822992703673663,
        0.1187056401904556
    ],
    "val_mcc": [
        0.9266325832219493,
        0.9093049296723977,
        0.9253193580085162,
        0.9626596790042581,
        0.9626596790042581,
        0.9266325832219493,
        0.9444083040750081,
        0.9438975339262832,
        0.9253193580085162,
        0.9266325832219493,
        0.9093049296723977,
        0.9444083040750081,
        0.9444083040750081,
        0.9266325832219493,
        0.9444083040750081,
        0.9444083040750081,
        0.9444083040750081,
        0.9444083040750081,
        0.9444083040750081,
        0.9444083040750081,
        0.9444083040750081,
        0.9444083040750081,
        0.9444083040750081,
        0.9444083040750081,
        0.9444083040750081,
        0.9444083040750081,
        0.9444083040750081,
        0.9444083040750081,
        0.9444083040750081,
        0.9444083040750081,
        0.9444083040750081,
        0.9444083040750081,
        0.9444083040750081,
        0.9444083040750081,
        0.9444083040750081,
        0.9444083040750081,
        0.9444083040750081,
        0.9444083040750081,
        0.9444083040750081,
        0.9444083040750081,
        0.9444083040750081,
        0.9444083040750081,
        0.9444083040750081,
        0.9444083040750081,
        0.9444083040750081,
        0.9444083040750081,
        0.9444083040750081,
        0.9444083040750081,
        0.9444083040750081,
        0.9444083040750081
    ],
    "val_auroc": [
        0.99737962659679,
        0.9905011464133638,
        0.9924664264657714,
        0.9980347199475925,
        0.9944317065181789,
        0.9931215198165739,
        0.9954143465443825,
        0.9931215198165739,
        0.9954143465443825,
        0.9859154929577465,
        0.982640026203734,
        0.9806747461513265,
        0.9832951195545365,
        0.9859154929577465,
        0.9760890926957091,
        0.9780543727481166,
        0.9777268260727153,
        0.9767441860465116,
        0.9773992793973141,
        0.980019652800524,
        0.982640026203734,
        0.985260399606944,
        0.985260399606944,
        0.9872256796593515,
        0.9882083196855551,
        0.989190959711759,
        0.9901735997379627,
        0.9901735997379627,
        0.9908286930887651,
        0.9908286930887651,
        0.9914837864395676,
        0.9914837864395676,
        0.9914837864395676,
        0.9918113331149688,
        0.9918113331149688,
        0.9918113331149688,
        0.9918113331149688,
        0.9918113331149688,
        0.9921388797903701,
        0.9921388797903701,
        0.9921388797903701,
        0.9921388797903701,
        0.9924664264657714,
        0.9924664264657714,
        0.9924664264657714,
        0.9924664264657714,
        0.9927939731411726,
        0.9934490664919751,
        0.9934490664919751,
        0.9934490664919751
    ]
}