{
    "train_loss": [
        0.42031110723813375,
        0.13689683501919112,
        0.06460375686486562,
        0.037818079628050325,
        0.03340375348925591,
        0.0156616832750539,
        0.008062946734329064,
        0.006629054248332977,
        0.020114416365201275,
        0.013286062733580668,
        0.00755167338065803,
        0.003128076810389757,
        0.011485956811035673,
        0.021547326305881142,
        0.005777031377268334,
        0.0024334102403372527,
        0.002222089096903801,
        0.0016920377034693956,
        0.001495375973172486,
        0.0013311339464659492,
        0.0012228802389775714,
        0.0011177164075585704,
        0.0010390755448800822,
        0.0009651761191586653,
        0.0009008078215022882,
        0.000840879693472137,
        0.0007934769731946289,
        0.0007384208341439565,
        0.0007121285268416008,
        0.0006561195477843285,
        0.0006168027699459344,
        0.0005952954719153544,
        0.0005638917694644382,
        0.0005305097341382256,
        0.0005095221335068345,
        0.00048536252191600703,
        0.00046376064225720864,
        0.00044911159202456476,
        0.0004245346276244769,
        0.0004081879179769506,
        0.0003925824382652839,
        0.0003739547294874986,
        0.0003593190514948219,
        0.00035037290460119647,
        0.0003379521716851741,
        0.000320604812198629,
        0.00031055561266839503,
        0.0003015477132673065,
        0.00028863427384446063,
        0.0002781821114088719
    ],
    "val_loss": [
        0.22909009456634521,
        0.13261011987924576,
        0.12061133235692978,
        0.10327945742756128,
        0.1442760352510959,
        0.13027481688186526,
        0.1295714108273387,
        0.1815691776573658,
        0.11177854263223708,
        0.1629568738862872,
        0.12692568043712527,
        0.11863433569669724,
        0.14306350972037762,
        0.2041430901736021,
        0.24862688360735774,
        0.25598518375772983,
        0.23459208058193326,
        0.22864738351199776,
        0.2303568142815493,
        0.2317423734057229,
        0.2337351297319401,
        0.23581575628486462,
        0.23712338227778673,
        0.23856052255723625,
        0.23950138423242606,
        0.2405677988572279,
        0.24123636816511862,
        0.24233019004168455,
        0.2437993066268973,
        0.24428711671498604,
        0.2451327864691848,
        0.2459084939036984,
        0.24676295687095262,
        0.24751688935793936,
        0.2489183943835087,
        0.24981620209291577,
        0.25054118256957736,
        0.25127696606796235,
        0.2519760368595598,
        0.2526160606648773,
        0.2533824720303528,
        0.2542726559768198,
        0.25474186016072053,
        0.25577335469279205,
        0.25638628666638397,
        0.2572861821972765,
        0.258312918311276,
        0.2590030088831554,
        0.25982417756313225,
        0.26058555516647175
    ],
    "val_mcc": [
        0.9246031746031746,
        0.9246031746031746,
        0.8864143349643965,
        0.9433397594898876,
        0.907605465436683,
        0.9246031746031746,
        0.9246031746031746,
        0.9245181185940877,
        0.9246031746031746,
        0.8713438408287706,
        0.9054466190452621,
        0.9438975339262832,
        0.9246031746031746,
        0.8675534786006366,
        0.9058238738943076,
        0.9058238738943076,
        0.9058238738943076,
        0.9058238738943076,
        0.9058238738943076,
        0.9058238738943076,
        0.9058238738943076,
        0.9058238738943076,
        0.9058238738943076,
        0.9058238738943076,
        0.9058238738943076,
        0.9058238738943076,
        0.9058238738943076,
        0.9058238738943076,
        0.9058238738943076,
        0.9058238738943076,
        0.9058238738943076,
        0.9058238738943076,
        0.9058238738943076,
        0.9058238738943076,
        0.9058238738943076,
        0.9058238738943076,
        0.9058238738943076,
        0.9058238738943076,
        0.9058238738943076,
        0.9058238738943076,
        0.9058238738943076,
        0.9058238738943076,
        0.9058238738943076,
        0.9058238738943076,
        0.9058238738943076,
        0.9058238738943076,
        0.9058238738943076,
        0.9058238738943076,
        0.9058238738943076,
        0.9058238738943076
    ],
    "val_auroc": [
        0.9880952380952381,
        0.9814814814814815,
        0.9735449735449735,
        0.9781746031746033,
        0.9778439153439153,
        0.9894179894179894,
        0.9897486772486772,
        0.9675925925925926,
        0.9897486772486772,
        0.9781746031746031,
        0.9920634920634921,
        0.9923941798941799,
        0.9900793650793651,
        0.9722222222222221,
        0.9735449735449735,
        0.9728835978835979,
        0.9755291005291005,
        0.9887566137566138,
        0.9917328042328043,
        0.9920634920634921,
        0.9920634920634921,
        0.9920634920634921,
        0.9917328042328042,
        0.9917328042328042,
        0.9917328042328042,
        0.9917328042328042,
        0.9917328042328042,
        0.9917328042328042,
        0.9917328042328042,
        0.9917328042328042,
        0.9917328042328042,
        0.9917328042328042,
        0.9917328042328042,
        0.9914021164021164,
        0.9914021164021164,
        0.9914021164021164,
        0.9914021164021164,
        0.9910714285714286,
        0.9907407407407407,
        0.9907407407407407,
        0.9904100529100529,
        0.9904100529100528,
        0.9904100529100529,
        0.9904100529100529,
        0.9900793650793651,
        0.9900793650793651,
        0.9900793650793651,
        0.9900793650793651,
        0.9900793650793651,
        0.9897486772486772
    ]
}