{
    "train_loss": [
        0.5581670891154896,
        0.4604459377852353,
        0.37713322856209497,
        0.31133766540072183,
        0.2609829150817611,
        0.23153072934259067,
        0.19452755424109372,
        0.1740951734510335,
        0.1527095396410335,
        0.14107027717612006,
        0.1305328109724955,
        0.12632416899908672,
        0.11294661530039528,
        0.10370086760006168,
        0.10169916362925009,
        0.09216156568039548,
        0.09225135296583176,
        0.08306481943211773,
        0.08658943257548592,
        0.07584410575641827,
        0.07699486274610866,
        0.07188445990058509,
        0.07265961204062808,
        0.06960177641700614,
        0.06564593061127445,
        0.07790782641280782,
        0.07851762857965448,
        0.06606413500214164,
        0.066359713842923,
        0.06334906791082838,
        0.06715438159352,
        0.0669271854937754,
        0.06381792862984267,
        0.07143039201301607,
        0.06880036352032964,
        0.051725885322825474,
        0.05745108700780706,
        0.056281992572952404,
        0.0501525055363097,
        0.057061869905076244,
        0.0600569619035179,
        0.059129764241251076,
        0.05219270923936909,
        0.049354970709166744,
        0.0502960998988287,
        0.050524719736792824,
        0.045724825002253056,
        0.05075510510836135,
        0.04577481683174318,
        0.03437778933651068
    ],
    "val_loss": [
        0.5358929733435313,
        0.4033307731151581,
        0.3265412151813507,
        0.2748781591653824,
        0.22388695180416107,
        0.17356989408532777,
        0.15272661422689757,
        0.14131459717949232,
        0.11916405707597733,
        0.1098057000587384,
        0.09695606802900632,
        0.08362440392374992,
        0.07772353570908308,
        0.07666993265350659,
        0.07229958071062963,
        0.06913248108079036,
        0.06532038375735283,
        0.06692662617812555,
        0.06759067966292302,
        0.06314046603317063,
        0.06233873156209787,
        0.05836809007450938,
        0.05482681949312488,
        0.05886409617960453,
        0.059097420113782086,
        0.05735755401353041,
        0.05244456037568549,
        0.05380260191547374,
        0.05288733922255536,
        0.05404038680717349,
        0.051873441940794386,
        0.05089849350042641,
        0.048584459349513054,
        0.05101529865836104,
        0.0556768977160876,
        0.050585327320732176,
        0.05305198025113592,
        0.053236432839185,
        0.054126960380623736,
        0.053945733699947596,
        0.05490781122352928,
        0.06152567189807693,
        0.06006992162050059,
        0.06454712028304736,
        0.057159292977303267,
        0.06703247954525675,
        0.0708324780377249,
        0.06995645006342481,
        0.0721167493223523,
        0.06384407909354195
    ],
    "val_mcc": [
        0.5661729743300791,
        0.761314709835944,
        0.8160978035750373,
        0.8455767262643882,
        0.8455767262643882,
        0.8455767262643882,
        0.8780558882310071,
        0.7911146277286897,
        0.8241617276558911,
        0.7911146277286897,
        0.8780558882310071,
        0.8241617276558911,
        0.8241617276558911,
        0.8241617276558911,
        0.8241617276558911,
        0.8241617276558911,
        0.8241617276558911,
        0.8241617276558911,
        0.8241617276558911,
        0.8241617276558911,
        0.8241617276558911,
        0.8780558882310071,
        0.8780558882310071,
        0.8455767262643882,
        0.7085227272727272,
        0.8241617276558911,
        0.8780558882310071,
        0.8455767262643882,
        0.8611156451800931,
        0.8241617276558911,
        0.8241617276558911,
        0.8241617276558911,
        0.8241617276558911,
        0.8241617276558911,
        0.7085227272727272,
        0.8241617276558911,
        0.8056818181818182,
        0.8241617276558911,
        0.7678008319191324,
        0.7678008319191324,
        0.8241617276558911,
        0.8056818181818182,
        0.7678008319191324,
        0.7085227272727272,
        0.7678008319191324,
        0.7085227272727272,
        0.7678008319191324,
        0.7678008319191324,
        0.7085227272727272,
        0.7678008319191324
    ],
    "val_auroc": [
        0.9732954545454545,
        0.9892045454545455,
        0.9892045454545455,
        0.9903409090909091,
        0.9920454545454546,
        0.9926136363636364,
        0.9920454545454545,
        0.9914772727272727,
        0.9892045454545454,
        0.9897727272727272,
        0.9875,
        0.9875,
        0.9880681818181818,
        0.9857954545454546,
        0.9909090909090909,
        0.9920454545454546,
        0.9926136363636363,
        0.9874999999999999,
        0.9886363636363636,
        0.9886363636363636,
        0.9892045454545454,
        0.990340909090909,
        0.9903409090909091,
        0.9892045454545455,
        0.9886363636363635,
        0.9903409090909091,
        0.990340909090909,
        0.990909090909091,
        0.9903409090909091,
        0.9903409090909091,
        0.9897727272727272,
        0.9892045454545455,
        0.9914772727272727,
        0.9892045454545455,
        0.9874999999999999,
        0.990340909090909,
        0.9886363636363635,
        0.9880681818181818,
        0.9886363636363636,
        0.9880681818181818,
        0.9892045454545455,
        0.9880681818181818,
        0.9880681818181818,
        0.9875,
        0.9886363636363635,
        0.9869318181818182,
        0.9852272727272728,
        0.9863636363636363,
        0.9852272727272726,
        0.9875
    ]
}