{
    "train_loss": [
        0.6640898395668376,
        0.5513080575249412,
        0.4730336368083954,
        0.390090595592152,
        0.3325420184568925,
        0.2845212864604863,
        0.23776437138969247,
        0.20845153521407733,
        0.18251498924060303,
        0.16247648948972876,
        0.1493517905473709,
        0.13447990336201407,
        0.12962839650836858,
        0.1260401996021921,
        0.10769424062560905,
        0.10187685726718469,
        0.08937132087620822,
        0.0911080190403895,
        0.09451681358570402,
        0.08194754475897009,
        0.08376712521368807,
        0.0816806499761614,
        0.07918520999903028,
        0.07554081700403582,
        0.07094093073498119,
        0.06943144293671305,
        0.08213483686135574,
        0.07095430960709398,
        0.06543641740625555,
        0.06696752213280309,
        0.06737369950860739,
        0.06714396424252879,
        0.06352054734121669,
        0.05765133058990945,
        0.05872729479927908,
        0.06568837597627532,
        0.06406725824556568,
        0.06324239337647503,
        0.05896721390837973,
        0.053800528149374506,
        0.05393396085128188,
        0.07125304122878746,
        0.04598243699663065,
        0.05118151754140854,
        0.04712103413079272,
        0.05100475484505296,
        0.049352086657150226,
        0.043759351490404115,
        0.04234513191675598,
        0.05020844483409415
    ],
    "val_loss": [
        0.5963819722334543,
        0.520482063293457,
        0.4358122795820236,
        0.37362491091092426,
        0.3183004707098007,
        0.2664036552111308,
        0.22706920901934305,
        0.1978981892267863,
        0.17280988146861395,
        0.15351287523905435,
        0.13766117145617804,
        0.13782068341970444,
        0.12887170476218066,
        0.12594989873468876,
        0.11607322903970878,
        0.1115804947912693,
        0.12160870743294556,
        0.11641022562980652,
        0.10922001426418622,
        0.10900058969855309,
        0.10915295282999675,
        0.11117929096023242,
        0.1252582340190808,
        0.12766070446620384,
        0.11802086792886257,
        0.11508054441461961,
        0.10557378269731998,
        0.09427863576759894,
        0.10795924346894026,
        0.10994492657482624,
        0.11110584593067567,
        0.11056259336570899,
        0.10396892266968887,
        0.10236841595421235,
        0.11462122232963641,
        0.10907510357598464,
        0.10869813803583384,
        0.11483710600684087,
        0.11764274475475152,
        0.11927318169424932,
        0.12306440947577357,
        0.12000721599906683,
        0.09782930525640647,
        0.10478556311378877,
        0.10401494801044464,
        0.10537124720091622,
        0.09891223201217751,
        0.11020905190768342,
        0.12413407031757136,
        0.1273588618884484
    ],
    "val_mcc": [
        0.6113757147051662,
        0.5664086730291754,
        0.6825236327899351,
        0.6825236327899351,
        0.6283292770096198,
        0.6772007708377219,
        0.6772007708377219,
        0.7343393577431244,
        0.7086391869000565,
        0.611518915866742,
        0.5788383624620932,
        0.5143986448334275,
        0.47212861075418316,
        0.611518915866742,
        0.7043052599705966,
        0.5443323346087288,
        0.47212861075418316,
        0.47212861075418316,
        0.5143986448334275,
        0.5813462701261382,
        0.5143986448334275,
        0.5143986448334275,
        0.44278660624354294,
        0.47212861075418316,
        0.44278660624354294,
        0.47212861075418316,
        0.47212861075418316,
        0.6746219776463768,
        0.5143986448334275,
        0.44278660624354294,
        0.47212861075418316,
        0.5143986448334275,
        0.5813462701261382,
        0.5813462701261382,
        0.5143986448334275,
        0.5443323346087288,
        0.5813462701261382,
        0.47212861075418316,
        0.5143986448334275,
        0.611518915866742,
        0.5443323346087288,
        0.5813462701261382,
        0.7043052599705966,
        0.44278660624354294,
        0.6444415858343575,
        0.6444415858343575,
        0.6458780629739146,
        0.5813462701261382,
        0.5813462701261382,
        0.5813462701261382
    ],
    "val_auroc": [
        0.9395821569734614,
        0.9627329192546583,
        0.9717673630717109,
        0.9768492377188029,
        0.9751552795031055,
        0.9700734048560136,
        0.9734613212874083,
        0.9757199322416713,
        0.9813664596273293,
        0.9779785431959345,
        0.9745906267645399,
        0.9751552795031055,
        0.9740259740259741,
        0.974025974025974,
        0.9762845849802372,
        0.9762845849802372,
        0.9751552795031055,
        0.9734613212874083,
        0.9751552795031055,
        0.974025974025974,
        0.974025974025974,
        0.9728966685488425,
        0.9672501411631846,
        0.9655561829474874,
        0.9712027103331451,
        0.9734613212874083,
        0.9728966685488424,
        0.9779785431959345,
        0.9723320158102767,
        0.9712027103331452,
        0.9757199322416713,
        0.971767363071711,
        0.9791078486730661,
        0.9774138904573687,
        0.9683794466403163,
        0.971767363071711,
        0.971767363071711,
        0.9717673630717111,
        0.9683794466403163,
        0.9706380575945793,
        0.9683794466403162,
        0.968944099378882,
        0.9757199322416714,
        0.9695087521174478,
        0.9723320158102767,
        0.9712027103331451,
        0.9745906267645398,
        0.9712027103331451,
        0.96386222473179,
        0.9655561829474872
    ]
}