{
    "train_loss": [
        0.5264614563096653,
        0.43563362143256446,
        0.3701001595367085,
        0.3026599037376317,
        0.2561146318912506,
        0.2174140065908432,
        0.19331704621965234,
        0.16025569560852918,
        0.15423729033632713,
        0.12409437955780463,
        0.12228346412832086,
        0.10852051814171401,
        0.10713927176865665,
        0.10202282938090237,
        0.09158212454481558,
        0.09446018273857507,
        0.09140237623995001,
        0.0807883929122578,
        0.0750278825448318,
        0.0740699835798957,
        0.07364961555735632,
        0.08556344156915491,
        0.07545905441723087,
        0.06399824817410925,
        0.07293605897575617,
        0.06893927934156223,
        0.07663094904273748,
        0.07288124039769173,
        0.07320415347137234,
        0.06805662641471083,
        0.06626136677170341,
        0.06016704194586386,
        0.055274057371372524,
        0.06727122468873858,
        0.05459773227233778,
        0.0522870242765004,
        0.05488627403974533,
        0.060565236024558544,
        0.0614050349897959,
        0.04891312334009192,
        0.05986109934747219,
        0.0462105281397023,
        0.04794450917027213,
        0.04644835029136051,
        0.04502355231141502,
        0.0513739193239334,
        0.05145718057809228,
        0.044206687206910414,
        0.049215874782848085,
        0.04452563199976629
    ],
    "val_loss": [
        0.5246988932291666,
        0.396549587448438,
        0.33350877463817596,
        0.2850591118137042,
        0.2443238670627276,
        0.2054763858517011,
        0.17841311420003572,
        0.16461089005072913,
        0.14418911561369896,
        0.13197298968831697,
        0.12171425173679988,
        0.12101525875429313,
        0.11885270041724046,
        0.12052184840043385,
        0.11390030818680923,
        0.11321811346958081,
        0.11154801864176989,
        0.11290605552494526,
        0.11505824405079086,
        0.11418608653669556,
        0.11045444337651134,
        0.11269761621952057,
        0.10882629516224067,
        0.11311968229711056,
        0.10950751509517431,
        0.11489561968483031,
        0.11774679715745151,
        0.11437984540437658,
        0.10597716023524602,
        0.10633079800754786,
        0.11255589150823653,
        0.12231952937630315,
        0.1260601356625557,
        0.129151078639552,
        0.13482082542032003,
        0.1335586370745053,
        0.12726442965989312,
        0.13103041192516685,
        0.13416865887120366,
        0.13439531034479538,
        0.12924079216706255,
        0.12716507073491812,
        0.13543081772513688,
        0.14186019108941159,
        0.1261846060709407,
        0.12748689646832645,
        0.12974748139580092,
        0.13365619187243283,
        0.1450547931405405,
        0.15128957208556434
    ],
    "val_mcc": [
        0.5555154386670119,
        0.5705504878952753,
        0.6172321067240548,
        0.6770526934074996,
        0.6770526934074996,
        0.6770526934074996,
        0.6172321067240548,
        0.6172321067240548,
        0.6770526934074996,
        0.6770526934074996,
        0.6172321067240548,
        0.6172321067240548,
        0.6172321067240548,
        0.5811712053972111,
        0.6172321067240548,
        0.5543500069874341,
        0.6442872472102531,
        0.6442872472102531,
        0.6442872472102531,
        0.6442872472102531,
        0.5811712053972111,
        0.5811712053972111,
        0.6442872472102531,
        0.6113636363636363,
        0.5543500069874341,
        0.6442872472102531,
        0.5811712053972111,
        0.5786882152809495,
        0.6442872472102531,
        0.6442872472102531,
        0.5811712053972111,
        0.5811712053972111,
        0.5811712053972111,
        0.5811712053972111,
        0.5811712053972111,
        0.5142045454545454,
        0.6113636363636363,
        0.5811712053972111,
        0.6113636363636363,
        0.6113636363636363,
        0.5811712053972111,
        0.5142045454545454,
        0.5441594827174123,
        0.5441594827174123,
        0.5811712053972111,
        0.5811712053972111,
        0.6113636363636363,
        0.5811712053972111,
        0.5786882152809495,
        0.5142045454545454
    ],
    "val_auroc": [
        0.9590909090909092,
        0.9647727272727272,
        0.9693181818181819,
        0.9744318181818181,
        0.9761363636363637,
        0.9732954545454546,
        0.9732954545454545,
        0.96875,
        0.9664772727272727,
        0.9693181818181819,
        0.9715909090909091,
        0.9693181818181819,
        0.9681818181818181,
        0.9545454545454546,
        0.95625,
        0.9625,
        0.9517045454545453,
        0.9568181818181818,
        0.9551136363636364,
        0.9539772727272727,
        0.9443181818181818,
        0.9585227272727272,
        0.9602272727272727,
        0.9221590909090909,
        0.9653409090909091,
        0.9431818181818181,
        0.9437500000000001,
        0.9409090909090909,
        0.9636363636363636,
        0.9511363636363637,
        0.9397727272727273,
        0.9357954545454547,
        0.9414772727272727,
        0.9267045454545454,
        0.9073863636363637,
        0.8829545454545454,
        0.9232954545454546,
        0.915909090909091,
        0.9295454545454546,
        0.9284090909090909,
        0.9403409090909091,
        0.9249999999999999,
        0.9363636363636364,
        0.928409090909091,
        0.9386363636363637,
        0.9392045454545455,
        0.9147727272727272,
        0.9306818181818182,
        0.8886363636363637,
        0.8909090909090909
    ]
}