{
    "train_loss": [
        0.7576904432340101,
        0.5951524796811017,
        0.522773107344454,
        0.43193231523036957,
        0.3615687855265357,
        0.29872373559258203,
        0.25137953934344376,
        0.22647050361741672,
        0.19472758946093646,
        0.17090179263190788,
        0.15597028623927722,
        0.14018494398756462,
        0.1311593885448846,
        0.11585125970569524,
        0.10729659247127446,
        0.09204506264491515,
        0.09711092913692648,
        0.08754290335557678,
        0.07948703386566856,
        0.07925440828231248,
        0.07968376305970279,
        0.06167425240644,
        0.07356772165406834,
        0.0633742433379997,
        0.0685570395805619,
        0.0586443276737224,
        0.05711122272028164,
        0.06165221367369999,
        0.053036226806315506,
        0.06257482381029562,
        0.046826115386052566,
        0.04608941780911251,
        0.04973592774265192,
        0.04630071144889702,
        0.04865001726218245,
        0.045100164896046575,
        0.04582928387786855,
        0.04483199661428278,
        0.04371801475909623,
        0.0387488294985484,
        0.03850631254979155,
        0.04016106380996379,
        0.040173079522157255,
        0.033280025320974266,
        0.04547704430297017,
        0.03531899036500941,
        0.03727016703818332,
        0.03410034601322629,
        0.02710154091685333,
        0.03431903926486319
    ],
    "val_loss": [
        0.6854610244433085,
        0.5748708446820577,
        0.4948624571164449,
        0.4292057007551193,
        0.3705912580092748,
        0.3177788704633713,
        0.2785092492898305,
        0.24480151136716208,
        0.2254608298341433,
        0.21483705937862396,
        0.19713124260306358,
        0.18247277165452638,
        0.18414244490365186,
        0.17407369054853916,
        0.17353932683666548,
        0.16812747654815516,
        0.1655765681837996,
        0.1752728664626678,
        0.1720817026992639,
        0.17468403900663057,
        0.16956753159562746,
        0.16561816291262707,
        0.1688996764520804,
        0.1887148741322259,
        0.17897095701967677,
        0.18893576289216676,
        0.19649945121879378,
        0.17894196960454187,
        0.17988242045976222,
        0.19531439244747162,
        0.1917682410373042,
        0.18408658316669366,
        0.19198006360481182,
        0.18559885343226293,
        0.18571366920756796,
        0.192763910551245,
        0.19890855664076904,
        0.198295080413421,
        0.21335075073875487,
        0.20529462614407143,
        0.20821017442115894,
        0.21618197567295283,
        0.21819612911591926,
        0.23641389111677805,
        0.23800292529631406,
        0.24204626431067786,
        0.2336066618639355,
        0.24550574272871017,
        0.227566934908585,
        0.21860893837098652
    ],
    "val_mcc": [
        0.33519013342174575,
        0.48316791281129257,
        0.6092953657511925,
        0.5929791276098924,
        0.48807056260589954,
        0.5545438139255907,
        0.5813462701261382,
        0.5545438139255907,
        0.5545438139255907,
        0.5545438139255907,
        0.44278660624354294,
        0.3412408778783571,
        0.1866856725318574,
        0.3654188590462732,
        0.3654188590462732,
        0.1866856725318574,
        0.28078090590350974,
        0.28078090590350974,
        0.1866856725318574,
        0.1866856725318574,
        0.28078090590350974,
        0.28078090590350974,
        0.28078090590350974,
        0.1866856725318574,
        0.3654188590462732,
        0.1866856725318574,
        0.1866856725318574,
        0.1866856725318574,
        0.3654188590462732,
        0.28078090590350974,
        0.3412408778783571,
        0.1866856725318574,
        0.25870910733836316,
        0.3412408778783571,
        0.28078090590350974,
        0.41727837380011296,
        0.1866856725318574,
        0.25870910733836316,
        0.1866856725318574,
        0.28078090590350974,
        0.16794371941892172,
        0.25870910733836316,
        0.25870910733836316,
        0.16794371941892172,
        0.28078090590350974,
        0.07981176505937392,
        0.25870910733836316,
        0.1866856725318574,
        0.25870910733836316,
        0.25870910733836316
    ],
    "val_auroc": [
        0.9102202145680407,
        0.8870694522868436,
        0.8769057029926596,
        0.8729531338226991,
        0.9045736871823828,
        0.8565782044042913,
        0.8452851496329757,
        0.8594014680971203,
        0.8204404291360813,
        0.805759457933371,
        0.8142292490118578,
        0.8119706380575946,
        0.8114059853190289,
        0.8085827216261999,
        0.8164878599661208,
        0.8300395256916996,
        0.8125352907961605,
        0.818746470920384,
        0.8260869565217391,
        0.8226990400903444,
        0.8362507058159232,
        0.8396386222473179,
        0.8492377188029363,
        0.8345567476002259,
        0.8605307735742518,
        0.8610954263128177,
        0.8548842461885942,
        0.8594014680971203,
        0.8560135516657257,
        0.8198757763975155,
        0.8464144551101074,
        0.8577075098814229,
        0.854884246188594,
        0.839638622247318,
        0.8475437605872389,
        0.8616600790513834,
        0.8379446640316206,
        0.8435911914172785,
        0.8368153585544891,
        0.8452851496329757,
        0.8588368153585544,
        0.8328627893845285,
        0.8531902879728966,
        0.792772444946358,
        0.792772444946358,
        0.7402597402597403,
        0.8114059853190289,
        0.7961603613777527,
        0.8385093167701864,
        0.8356860530773574
    ]
}