{
    "train_loss": [
        0.7196565107865767,
        0.5820944634350863,
        0.5051860958337784,
        0.42880668152462353,
        0.35713853212920105,
        0.31161933798681607,
        0.26867271756583994,
        0.23526112938469107,
        0.19939343563534997,
        0.184980531307784,
        0.1631340841678056,
        0.15704995190555399,
        0.13588940521532838,
        0.12840514054352586,
        0.12597097050059924,
        0.1075600849633867,
        0.10052467374639078,
        0.09851015765558589,
        0.08685379661619663,
        0.07682260515337641,
        0.07437098373404959,
        0.07936007258566943,
        0.08896036361428825,
        0.08032194677401673,
        0.07109122630208731,
        0.07332460252060131,
        0.07017554766075178,
        0.06576143391430378,
        0.06630108505487442,
        0.06320495327765291,
        0.07112495495345104,
        0.061328926547007126,
        0.05861205522986976,
        0.04894898980009285,
        0.04826454521918839,
        0.048215668817812744,
        0.05353477144275199,
        0.05186080907217481,
        0.05325748106803407,
        0.051152113020758734,
        0.06065935213965448,
        0.05748769535090436,
        0.05266710692508654,
        0.04719667623496868,
        0.038897300731729374,
        0.035873397761447864,
        0.04693844309076667,
        0.0365122661460191,
        0.03734173295511441,
        0.04060739653439007
    ],
    "val_loss": [
        0.63654092947642,
        0.5109075605869293,
        0.4517422169446945,
        0.3933033396800359,
        0.34410811960697174,
        0.307346910238266,
        0.27034276723861694,
        0.22901543726523718,
        0.2056770846247673,
        0.18272839238246283,
        0.17655502756436667,
        0.16141474495331445,
        0.15216131508350372,
        0.14384936168789864,
        0.14392347633838654,
        0.14493638960023722,
        0.14855152865250906,
        0.14162861928343773,
        0.13947893554965654,
        0.14182859162489572,
        0.14116599783301353,
        0.13489236372212568,
        0.14076403031746546,
        0.13925153700013956,
        0.14319364912807941,
        0.1551444282134374,
        0.15784646881123385,
        0.14444573347767195,
        0.16685067055126032,
        0.17579274624586105,
        0.16408719370762506,
        0.16051133473714194,
        0.1670115850865841,
        0.16652615492542586,
        0.1591877726217111,
        0.16850041846434274,
        0.1738864704966545,
        0.18942798425753912,
        0.2076777679224809,
        0.19909540936350822,
        0.18358561272422472,
        0.19082504386703172,
        0.19043492587904134,
        0.18541469238698483,
        0.18869809123377004,
        0.19316099397838116,
        0.18897036090493202,
        0.2079398793478807,
        0.21331404646237692,
        0.21283958852291107
    ],
    "val_mcc": [
        0.4434383076664872,
        0.6464652527024541,
        0.6092953657511925,
        0.6174038936040667,
        0.6746219776463768,
        0.6746219776463768,
        0.6746219776463768,
        0.6444415858343575,
        0.6444415858343575,
        0.6444415858343575,
        0.6444415858343575,
        0.611518915866742,
        0.611518915866742,
        0.5788383624620932,
        0.7086391869000565,
        0.7086391869000565,
        0.5788383624620932,
        0.6458780629739146,
        0.6458780629739146,
        0.6458780629739146,
        0.611518915866742,
        0.611518915866742,
        0.5443323346087288,
        0.5788383624620932,
        0.5788383624620932,
        0.5788383624620932,
        0.5064552788726858,
        0.6746219776463768,
        0.5064552788726858,
        0.5788383624620932,
        0.5788383624620932,
        0.5788383624620932,
        0.5788383624620932,
        0.5788383624620932,
        0.5788383624620932,
        0.5788383624620932,
        0.5443323346087288,
        0.47212861075418316,
        0.47212861075418316,
        0.47212861075418316,
        0.5443323346087288,
        0.5443323346087288,
        0.47212861075418316,
        0.5788383624620932,
        0.5443323346087288,
        0.5788383624620932,
        0.5788383624620932,
        0.5788383624620932,
        0.5788383624620932,
        0.611518915866742
    ],
    "val_auroc": [
        0.9265951439864484,
        0.9407114624505929,
        0.9395821569734613,
        0.9316770186335404,
        0.9096555618294748,
        0.9073969508752118,
        0.9096555618294748,
        0.9305477131564088,
        0.9384528514963297,
        0.922077922077922,
        0.9243365330321852,
        0.9271597967250141,
        0.9130434782608696,
        0.9175607001693957,
        0.901750423489554,
        0.9051383399209486,
        0.9023150762281198,
        0.9051383399209486,
        0.9040090344438171,
        0.9051383399209486,
        0.8983625070581591,
        0.9520045172219086,
        0.935064935064935,
        0.9237718802936193,
        0.9136081309994354,
        0.9085262563523433,
        0.9034443817052511,
        0.9040090344438169,
        0.9006211180124223,
        0.8955392433653303,
        0.9000564652738565,
        0.9079616036137775,
        0.9006211180124223,
        0.8955392433653303,
        0.9107848673066063,
        0.9034443817052512,
        0.9028797289666853,
        0.8994918125352906,
        0.8842461885940147,
        0.8865047995482777,
        0.8983625070581592,
        0.8972332015810276,
        0.8972332015810276,
        0.8983625070581592,
        0.8966685488424618,
        0.9023150762281197,
        0.9057029926595144,
        0.8955392433653303,
        0.8955392433653303,
        0.8949745906267645
    ]
}