{
    "train_loss": [
        0.6035907380282879,
        0.40528278797864914,
        0.39727464132010937,
        0.32352377101778984,
        0.3086106050759554,
        0.2719629146158695,
        0.2568993344902992,
        0.21262619085609913,
        0.1931957583874464,
        0.1844043442979455,
        0.1474092910066247,
        0.12021651025861502,
        0.11781733948737383,
        0.09484244417399168,
        0.07681174762547016,
        0.061977161560207605,
        0.05098366178572178,
        0.04795680521056056,
        0.042947369860485196,
        0.032812104327604175,
        0.026805603643879294,
        0.021852941252291203,
        0.02691696723923087,
        0.018686901428736746,
        0.02029724803287536,
        0.01361560623627156,
        0.013809227326419204,
        0.010273028980009258,
        0.008752118214033544,
        0.00980489730136469,
        0.01088748313486576,
        0.007366024859948084,
        0.0077082095958758146,
        0.0072212219529319555,
        0.006548803794430569,
        0.006289858662057668,
        0.004888805327937007,
        0.004692116199294105,
        0.004160491953371093,
        0.0038381990452762693,
        0.0037657139473594725,
        0.0036716789181809872,
        0.0030891429632902145,
        0.0031520867778453976,
        0.003726569004356861,
        0.003083834162680432,
        0.0025531778373988345,
        0.0026160734705626965,
        0.0032993735367199406,
        0.0019286980968900025
    ],
    "val_loss": [
        0.3999236524105072,
        0.35858742892742157,
        0.3504283279180527,
        0.35775819420814514,
        0.3393326848745346,
        0.3256828188896179,
        0.3255251348018646,
        0.33037567138671875,
        0.34836049377918243,
        0.34210625290870667,
        0.3495011329650879,
        0.3544185757637024,
        0.3678215593099594,
        0.3798123002052307,
        0.40111200511455536,
        0.4170069992542267,
        0.4520982652902603,
        0.4478727877140045,
        0.4595281183719635,
        0.46508345007896423,
        0.4696834981441498,
        0.4884359985589981,
        0.5153392851352692,
        0.5627833008766174,
        0.557382196187973,
        0.5597856044769287,
        0.5649782419204712,
        0.5723768770694733,
        0.5957735478878021,
        0.6056688129901886,
        0.6083677113056183,
        0.6070131659507751,
        0.617914080619812,
        0.6343061327934265,
        0.6211799681186676,
        0.6274711489677429,
        0.6412496864795685,
        0.6557334065437317,
        0.6614381670951843,
        0.6648659706115723,
        0.6752339005470276,
        0.6948513388633728,
        0.7052752375602722,
        0.7044019103050232,
        0.6972089111804962,
        0.6940187215805054,
        0.6975657939910889,
        0.69868403673172,
        0.6894875168800354,
        0.6900907158851624
    ],
    "val_mcc": [
        0.7025010124044243,
        0.6699134199134199,
        0.7040083136069528,
        0.7087415755146639,
        0.7040083136069528,
        0.7025010124044243,
        0.7359307359307359,
        0.7025010124044243,
        0.7359307359307359,
        0.7025010124044243,
        0.7359307359307359,
        0.7359307359307359,
        0.7396603423852208,
        0.7025010124044243,
        0.7025010124044243,
        0.7025010124044243,
        0.6382304303121595,
        0.6699134199134199,
        0.6699134199134199,
        0.7025010124044243,
        0.7361174128087679,
        0.6382304303121595,
        0.7040083136069528,
        0.5771335508376638,
        0.7040083136069528,
        0.6695942095771606,
        0.6030710063455536,
        0.6382304303121595,
        0.6382304303121595,
        0.6382304303121595,
        0.6382304303121595,
        0.6038961038961039,
        0.7040083136069528,
        0.6695942095771606,
        0.6695942095771606,
        0.6038961038961039,
        0.6695942095771606,
        0.6695942095771606,
        0.6695942095771606,
        0.6695942095771606,
        0.6362683048979794,
        0.6362683048979794,
        0.6695942095771606,
        0.6695942095771606,
        0.6362683048979794,
        0.6362683048979794,
        0.6695942095771606,
        0.7040083136069528,
        0.6362683048979794,
        0.6362683048979794
    ],
    "val_auroc": [
        0.9199134199134199,
        0.922077922077922,
        0.9188311688311689,
        0.935064935064935,
        0.9274891774891776,
        0.9383116883116883,
        0.9318181818181819,
        0.9264069264069263,
        0.9274891774891776,
        0.9274891774891775,
        0.9242424242424242,
        0.9274891774891775,
        0.9264069264069263,
        0.9285714285714286,
        0.920995670995671,
        0.9155844155844156,
        0.9155844155844156,
        0.920995670995671,
        0.920995670995671,
        0.920995670995671,
        0.9274891774891775,
        0.9296536796536796,
        0.9188311688311688,
        0.9112554112554113,
        0.9047619047619048,
        0.9047619047619048,
        0.9025974025974025,
        0.9047619047619048,
        0.9058441558441559,
        0.9058441558441558,
        0.9134199134199135,
        0.9123376623376623,
        0.9123376623376623,
        0.9090909090909091,
        0.9090909090909091,
        0.908008658008658,
        0.9090909090909092,
        0.9101731601731603,
        0.9134199134199135,
        0.9101731601731602,
        0.9101731601731602,
        0.9058441558441559,
        0.9047619047619049,
        0.9069264069264069,
        0.9112554112554112,
        0.9112554112554112,
        0.9134199134199135,
        0.9188311688311688,
        0.9177489177489178,
        0.9145021645021645
    ]
}