{
    "train_loss": [
        0.5641898922622204,
        0.4113484136760235,
        0.3087305575609207,
        0.287263548001647,
        0.23701091296970844,
        0.2121150391176343,
        0.1732590077444911,
        0.1491864388808608,
        0.13324715476483107,
        0.10658723814412951,
        0.09339179936796427,
        0.07608470460399985,
        0.06611946830525994,
        0.05000469321385026,
        0.039442712906748056,
        0.03449080092832446,
        0.02735741436481476,
        0.023790805134922266,
        0.018630460079293698,
        0.015814919606782496,
        0.014582859934307635,
        0.01518240396399051,
        0.012089658761397004,
        0.010199934535194188,
        0.00871263351291418,
        0.009313079819548875,
        0.009741381683852524,
        0.007822316430974752,
        0.008585211064200848,
        0.007940931944176555,
        0.007588179083541036,
        0.005282966478262097,
        0.0053649371257051826,
        0.004101608064956963,
        0.004026043898193166,
        0.0036918023834005,
        0.004249556426657364,
        0.004637780133634806,
        0.004461801407160237,
        0.00364746039849706,
        0.0032990149629767984,
        0.003707729891175404,
        0.0033043596777133644,
        0.002814083971315995,
        0.0024498931015841663,
        0.002900337887695059,
        0.002543097172747366,
        0.002245994721306488,
        0.0023726576328044757,
        0.002230954181868583
    ],
    "val_loss": [
        0.48959873616695404,
        0.44713905453681946,
        0.4185910224914551,
        0.42827582359313965,
        0.44755853712558746,
        0.46914537250995636,
        0.49017320573329926,
        0.5045372247695923,
        0.5115892291069031,
        0.5407873541116714,
        0.5631313771009445,
        0.570524200797081,
        0.5874924510717392,
        0.6152724325656891,
        0.6479862332344055,
        0.6649064719676971,
        0.6687271296977997,
        0.6787700355052948,
        0.6915095150470734,
        0.7057327032089233,
        0.725642204284668,
        0.7356671690940857,
        0.7458966374397278,
        0.7521429359912872,
        0.7597877681255341,
        0.7601625621318817,
        0.7855334281921387,
        0.7982156872749329,
        0.788708359003067,
        0.7981711626052856,
        0.8127592504024506,
        0.821982353925705,
        0.8298360407352448,
        0.8350852429866791,
        0.8433395326137543,
        0.8495249450206757,
        0.8565003275871277,
        0.8613732159137726,
        0.8583013713359833,
        0.8663120269775391,
        0.8710857033729553,
        0.864248126745224,
        0.8684718310832977,
        0.8861388862133026,
        0.901704341173172,
        0.9159910082817078,
        0.9315830171108246,
        0.9331665337085724,
        0.9374583661556244,
        0.9457673132419586
    ],
    "val_mcc": [
        0.5398416528751835,
        0.6409597843503038,
        0.7041053139822809,
        0.7025010124044243,
        0.7041053139822809,
        0.673142683593836,
        0.673142683593836,
        0.6429375631761639,
        0.673142683593836,
        0.6429375631761639,
        0.6429375631761639,
        0.6429375631761639,
        0.6382304303121595,
        0.6382304303121595,
        0.673142683593836,
        0.6429375631761639,
        0.6382304303121595,
        0.6382304303121595,
        0.607338671255336,
        0.6382304303121595,
        0.6382304303121595,
        0.6382304303121595,
        0.607338671255336,
        0.607338671255336,
        0.6382304303121595,
        0.6382304303121595,
        0.607338671255336,
        0.6429375631761639,
        0.6382304303121595,
        0.6382304303121595,
        0.6382304303121595,
        0.6382304303121595,
        0.6382304303121595,
        0.6382304303121595,
        0.6382304303121595,
        0.673142683593836,
        0.6382304303121595,
        0.6382304303121595,
        0.6382304303121595,
        0.6382304303121595,
        0.607338671255336,
        0.6038961038961039,
        0.6038961038961039,
        0.607338671255336,
        0.6429375631761639,
        0.6429375631761639,
        0.607338671255336,
        0.607338671255336,
        0.607338671255336,
        0.607338671255336
    ],
    "val_auroc": [
        0.8798701298701299,
        0.8798701298701299,
        0.895021645021645,
        0.8917748917748918,
        0.8906926406926408,
        0.8852813852813852,
        0.8852813852813852,
        0.8777056277056277,
        0.8766233766233766,
        0.8722943722943723,
        0.8712121212121212,
        0.8701298701298701,
        0.8668831168831169,
        0.8603896103896105,
        0.8647186147186148,
        0.8636363636363636,
        0.8668831168831168,
        0.8712121212121213,
        0.8722943722943723,
        0.8690476190476191,
        0.8668831168831169,
        0.8690476190476191,
        0.8679653679653679,
        0.8722943722943722,
        0.8733766233766234,
        0.8744588744588744,
        0.8701298701298701,
        0.869047619047619,
        0.8722943722943723,
        0.8712121212121213,
        0.8733766233766234,
        0.8722943722943723,
        0.8712121212121212,
        0.8701298701298701,
        0.8733766233766234,
        0.8755411255411256,
        0.8755411255411256,
        0.8701298701298702,
        0.8712121212121213,
        0.8712121212121212,
        0.8690476190476191,
        0.8744588744588745,
        0.8766233766233766,
        0.8755411255411255,
        0.8766233766233766,
        0.8755411255411255,
        0.8744588744588745,
        0.8766233766233766,
        0.8787878787878788,
        0.8787878787878788
    ]
}