{
    "train_loss": [
        0.6210072487592697,
        0.40715014934539795,
        0.3493545278906822,
        0.3153724689036608,
        0.2695789113640785,
        0.25238968431949615,
        0.21333251148462296,
        0.19131734501570463,
        0.1634549032896757,
        0.13828364573419094,
        0.10344819724559784,
        0.08351319283246994,
        0.07175646303221583,
        0.058635126799345016,
        0.05689340038225055,
        0.04066402092576027,
        0.033226866158656776,
        0.03141813410911709,
        0.025032151490449905,
        0.025385609595105052,
        0.017353558097966015,
        0.015010715171229094,
        0.011391608451958746,
        0.01660344999982044,
        0.011627407220657915,
        0.009218710183631629,
        0.007194896636065096,
        0.0077482814085669816,
        0.006988587381783873,
        0.006678523262962699,
        0.004716263967566192,
        0.005183391476748511,
        0.00571114756166935,
        0.004128330067032948,
        0.003974692110205069,
        0.0054292049462674186,
        0.004711092216894031,
        0.0033126450434792787,
        0.002934131436632015,
        0.0034508401586208493,
        0.0025007946824189276,
        0.0026939130621030927,
        0.002699819830013439,
        0.0022405785566661507,
        0.0029349204705795273,
        0.0023595784441567957,
        0.002146257000276819,
        0.0019171401363564655,
        0.001959208442713134,
        0.0019443926576059312
    ],
    "val_loss": [
        0.45261187851428986,
        0.37246857583522797,
        0.3446788936853409,
        0.3432909697294235,
        0.3467366099357605,
        0.33654241263866425,
        0.3403259515762329,
        0.33960479497909546,
        0.3626094460487366,
        0.38104958832263947,
        0.4126012921333313,
        0.43078865110874176,
        0.4343191385269165,
        0.42312826216220856,
        0.433115154504776,
        0.4738926887512207,
        0.47718921303749084,
        0.4713546484708786,
        0.45897194743156433,
        0.4979454278945923,
        0.5268278419971466,
        0.5475680381059647,
        0.5498164296150208,
        0.5956279188394547,
        0.5648435354232788,
        0.5417464375495911,
        0.5351340919733047,
        0.5388446748256683,
        0.5570935010910034,
        0.5682255625724792,
        0.591709777712822,
        0.6173540949821472,
        0.6378855854272842,
        0.6442836225032806,
        0.6468181014060974,
        0.6452154219150543,
        0.6757606267929077,
        0.6893149316310883,
        0.6919312477111816,
        0.697561502456665,
        0.7025840282440186,
        0.7039581537246704,
        0.6867647767066956,
        0.677080899477005,
        0.7027925848960876,
        0.7174142003059387,
        0.7198771238327026,
        0.7196134626865387,
        0.7146273255348206,
        0.7162235081195831
    ],
    "val_mcc": [
        0.6371165579527096,
        0.6695942095771606,
        0.6695942095771606,
        0.6362683048979794,
        0.7041053139822809,
        0.7025010124044243,
        0.7025010124044243,
        0.7025010124044243,
        0.6695942095771606,
        0.673142683593836,
        0.6695942095771606,
        0.673142683593836,
        0.6038961038961039,
        0.6362683048979794,
        0.738946695932336,
        0.6362683048979794,
        0.7359307359307359,
        0.7040083136069528,
        0.6371165579527096,
        0.738946695932336,
        0.7359307359307359,
        0.7025010124044243,
        0.6699134199134199,
        0.6049759218314941,
        0.7025010124044243,
        0.7699801976524022,
        0.7699801976524022,
        0.7699801976524022,
        0.6695942095771606,
        0.6695942095771606,
        0.6695942095771606,
        0.6695942095771606,
        0.6695942095771606,
        0.6695942095771606,
        0.6695942095771606,
        0.6695942095771606,
        0.6695942095771606,
        0.7025010124044243,
        0.7025010124044243,
        0.7025010124044243,
        0.6695942095771606,
        0.6695942095771606,
        0.6695942095771606,
        0.7025010124044243,
        0.6695942095771606,
        0.6695942095771606,
        0.6695942095771606,
        0.6695942095771606,
        0.6695942095771606,
        0.6695942095771606
    ],
    "val_auroc": [
        0.9101731601731602,
        0.9274891774891775,
        0.9274891774891775,
        0.9307359307359306,
        0.9285714285714286,
        0.9307359307359307,
        0.9242424242424242,
        0.9296536796536796,
        0.922077922077922,
        0.9145021645021645,
        0.9047619047619048,
        0.9058441558441558,
        0.9112554112554113,
        0.9134199134199135,
        0.9123376623376623,
        0.9058441558441558,
        0.9101731601731602,
        0.9123376623376623,
        0.9166666666666666,
        0.9123376623376623,
        0.9025974025974026,
        0.9069264069264069,
        0.908008658008658,
        0.9047619047619049,
        0.9058441558441559,
        0.9145021645021645,
        0.9188311688311688,
        0.9199134199134199,
        0.922077922077922,
        0.9155844155844156,
        0.9123376623376623,
        0.9025974025974026,
        0.8993506493506495,
        0.8971861471861472,
        0.8993506493506495,
        0.8982683982683983,
        0.9015151515151516,
        0.8993506493506495,
        0.8982683982683983,
        0.8993506493506495,
        0.9004329004329005,
        0.9004329004329005,
        0.9015151515151515,
        0.9036796536796536,
        0.9015151515151515,
        0.8993506493506492,
        0.8982683982683983,
        0.8982683982683983,
        0.9004329004329005,
        0.9004329004329005
    ]
}