{
    "train_loss": [
        0.5551981702446938,
        0.39463846012949944,
        0.35918845050036907,
        0.2881353087723255,
        0.2722212355583906,
        0.24489555694162846,
        0.21643690019845963,
        0.17933190613985062,
        0.1720223007723689,
        0.13118130806833506,
        0.12190109398216009,
        0.10261875949800014,
        0.08777125319465995,
        0.07836881000548601,
        0.06496175704523921,
        0.05415528314188123,
        0.03945498657412827,
        0.03789947309996933,
        0.026213849894702435,
        0.021607465809211135,
        0.017880942905321717,
        0.01851978898048401,
        0.014831578708253801,
        0.012345220951829106,
        0.011595897609367967,
        0.013439652742817998,
        0.009217460465151817,
        0.009906597260851413,
        0.008347848779521883,
        0.008564437506720424,
        0.007576689647976309,
        0.007390536949969828,
        0.007845985324820504,
        0.005258557852357626,
        0.005466483649797738,
        0.005469143681693822,
        0.004390840535052121,
        0.005052837077528238,
        0.004593181685777381,
        0.004167902545304969,
        0.0034379182470729575,
        0.0032188209879677743,
        0.004420001292601228,
        0.016941095615038648,
        0.022334136650897563,
        0.03076589945703745,
        0.02626006689388305,
        0.018169807677622885,
        0.014608090568799525,
        0.0081057942006737
    ],
    "val_loss": [
        0.4346201717853546,
        0.3837156146764755,
        0.4006628841161728,
        0.3949606120586395,
        0.386153981089592,
        0.4148768484592438,
        0.40426743030548096,
        0.42142222821712494,
        0.4197772890329361,
        0.4393797516822815,
        0.45118260383605957,
        0.5057516247034073,
        0.5066325515508652,
        0.4976489543914795,
        0.5267852991819382,
        0.5166904777288437,
        0.5640136152505875,
        0.5487079620361328,
        0.5744185447692871,
        0.6066437810659409,
        0.6134029030799866,
        0.6131377816200256,
        0.6214812248945236,
        0.6327332705259323,
        0.6501116156578064,
        0.6674142628908157,
        0.6671044826507568,
        0.6741912811994553,
        0.6868438273668289,
        0.7011667639017105,
        0.7222476601600647,
        0.7259256541728973,
        0.7240256369113922,
        0.7316034287214279,
        0.7479896396398544,
        0.7660031914710999,
        0.7776855528354645,
        0.7677558064460754,
        0.7642721235752106,
        0.7813079655170441,
        0.7957880795001984,
        0.8055028021335602,
        0.8126203417778015,
        0.7639729678630829,
        0.7920613884925842,
        0.7465303093194962,
        0.7862181067466736,
        0.7746863067150116,
        0.793573796749115,
        0.7409629672765732
    ],
    "val_mcc": [
        0.7741549785654485,
        0.7002186247515697,
        0.7364853795464743,
        0.7364853795464743,
        0.7002186247515697,
        0.7054429982194027,
        0.7364853795464743,
        0.7364853795464743,
        0.7364853795464743,
        0.7054429982194027,
        0.7679817174694635,
        0.7054429982194027,
        0.6682922888477266,
        0.6682922888477266,
        0.7054429982194027,
        0.7002186247515697,
        0.7054429982194027,
        0.7364853795464743,
        0.7364853795464743,
        0.7054429982194027,
        0.7364853795464743,
        0.7054429982194027,
        0.7054429982194027,
        0.7054429982194027,
        0.7054429982194027,
        0.7054429982194027,
        0.7364853795464743,
        0.7364853795464743,
        0.7364853795464743,
        0.7002186247515697,
        0.6682922888477266,
        0.6651836553993731,
        0.6651836553993731,
        0.6682922888477266,
        0.7054429982194027,
        0.7054429982194027,
        0.7054429982194027,
        0.6324555320336759,
        0.6651836553993731,
        0.7054429982194027,
        0.7054429982194027,
        0.6682922888477266,
        0.6324555320336759,
        0.6312279884865479,
        0.597766393027815,
        0.6312279884865479,
        0.7054429982194027,
        0.6324555320336759,
        0.6682922888477266,
        0.6324555320336759
    ],
    "val_auroc": [
        0.8973214285714286,
        0.90625,
        0.9051339285714286,
        0.90625,
        0.9040178571428572,
        0.9040178571428572,
        0.9040178571428571,
        0.9006696428571428,
        0.8995535714285714,
        0.8984375,
        0.8950892857142857,
        0.8783482142857144,
        0.8861607142857142,
        0.8872767857142857,
        0.8872767857142858,
        0.8950892857142857,
        0.8839285714285714,
        0.8883928571428571,
        0.8828125,
        0.8839285714285714,
        0.8895089285714286,
        0.9006696428571429,
        0.8939732142857142,
        0.8962053571428571,
        0.8928571428571428,
        0.8939732142857143,
        0.8928571428571428,
        0.8872767857142858,
        0.8895089285714285,
        0.8805803571428572,
        0.8816964285714286,
        0.8816964285714286,
        0.8850446428571429,
        0.8883928571428571,
        0.8895089285714285,
        0.8872767857142856,
        0.8872767857142856,
        0.8861607142857143,
        0.8872767857142857,
        0.8861607142857143,
        0.8895089285714286,
        0.8883928571428571,
        0.8950892857142857,
        0.9006696428571429,
        0.8571428571428572,
        0.8694196428571428,
        0.8962053571428572,
        0.8861607142857143,
        0.890625,
        0.8861607142857143
    ]
}