{
    "train_loss": [
        0.49917592853307724,
        0.366364449262619,
        0.3257807772606611,
        0.27999095246195793,
        0.2607030812650919,
        0.22209679521620274,
        0.19721778202801943,
        0.18343203328549862,
        0.15629746951162815,
        0.13468339759856462,
        0.11327248252928257,
        0.10302978614345193,
        0.07339428691193461,
        0.057300277054309845,
        0.041058482602238655,
        0.03440139314625412,
        0.030180696630850434,
        0.0248839957639575,
        0.02182961511425674,
        0.018576216883957386,
        0.015478693414479494,
        0.014374147052876651,
        0.013615119270980358,
        0.009811916388571262,
        0.010649432835634798,
        0.008154696726705879,
        0.007197108992841095,
        0.0066167171462439,
        0.0064714963373262435,
        0.005247694440186024,
        0.00677175642340444,
        0.004897572769550607,
        0.005187481554457918,
        0.005764686880866066,
        0.004119109828025103,
        0.003899339440977201,
        0.0056796274438966066,
        0.004377867502626032,
        0.008485935191856697,
        0.00437451116158627,
        0.00667834137857426,
        0.004001163819339126,
        0.0036735523608513176,
        0.004005890776170418,
        0.00282403634628281,
        0.002491001592716202,
        0.002287255003466271,
        0.002075240670819767,
        0.0023142595746321604,
        0.0018187563255196437
    ],
    "val_loss": [
        0.4358464926481247,
        0.4211416095495224,
        0.4034541845321655,
        0.3860117346048355,
        0.39028221368789673,
        0.3872421085834503,
        0.39111730456352234,
        0.40125641226768494,
        0.4038845896720886,
        0.42540064454078674,
        0.42801283299922943,
        0.4272705316543579,
        0.45494405925273895,
        0.4651840776205063,
        0.4781855046749115,
        0.49082086980342865,
        0.5055560320615768,
        0.5299995839595795,
        0.5412858426570892,
        0.5359835922718048,
        0.5477453470230103,
        0.5576659142971039,
        0.5673984587192535,
        0.5668513178825378,
        0.5721337795257568,
        0.581429123878479,
        0.5940065681934357,
        0.6132219433784485,
        0.6297696232795715,
        0.6347016096115112,
        0.6385582387447357,
        0.6509724855422974,
        0.639368087053299,
        0.6247189939022064,
        0.6348854899406433,
        0.6694121062755585,
        0.6612700521945953,
        0.656294584274292,
        0.6225007176399231,
        0.5457593947649002,
        0.5631000995635986,
        0.6111245155334473,
        0.6327769458293915,
        0.6403419375419617,
        0.6392487585544586,
        0.6422682404518127,
        0.6484054028987885,
        0.648357629776001,
        0.6486386954784393,
        0.645739883184433
    ],
    "val_mcc": [
        0.6625413488689132,
        0.6000059924121083,
        0.6312279884865479,
        0.6312279884865479,
        0.6000059924121083,
        0.6287372835939984,
        0.5640760748177662,
        0.5959595959595959,
        0.5959595959595959,
        0.5959595959595959,
        0.6287372835939984,
        0.5959595959595959,
        0.5959595959595959,
        0.5959595959595959,
        0.561131124067762,
        0.5959595959595959,
        0.561131124067762,
        0.561131124067762,
        0.561131124067762,
        0.561131124067762,
        0.561131124067762,
        0.561131124067762,
        0.526635431152213,
        0.561131124067762,
        0.526635431152213,
        0.5607501255725158,
        0.5945883900105631,
        0.5607501255725158,
        0.561131124067762,
        0.561131124067762,
        0.5607501255725158,
        0.5607501255725158,
        0.526635431152213,
        0.561131124067762,
        0.561131124067762,
        0.5945883900105631,
        0.5959595959595959,
        0.6000059924121083,
        0.5959595959595959,
        0.5945883900105631,
        0.5640760748177662,
        0.6067099699809587,
        0.6287372835939984,
        0.5959595959595959,
        0.561131124067762,
        0.561131124067762,
        0.561131124067762,
        0.5959595959595959,
        0.6287372835939984,
        0.6287372835939984
    ],
    "val_auroc": [
        0.8866442199775533,
        0.8945005611672279,
        0.8989898989898989,
        0.9102132435465768,
        0.9034792368125701,
        0.9046015712682379,
        0.9068462401795736,
        0.9090909090909092,
        0.9034792368125701,
        0.8956228956228955,
        0.8967452300785634,
        0.9001122334455668,
        0.8922558922558923,
        0.8967452300785634,
        0.9023569023569024,
        0.9034792368125701,
        0.9012345679012346,
        0.8967452300785634,
        0.8945005611672279,
        0.8956228956228957,
        0.898989898989899,
        0.89337822671156,
        0.8978675645342311,
        0.898989898989899,
        0.9001122334455667,
        0.9012345679012345,
        0.898989898989899,
        0.9001122334455667,
        0.8956228956228955,
        0.8956228956228955,
        0.9023569023569024,
        0.9068462401795734,
        0.9057239057239057,
        0.9034792368125701,
        0.9068462401795735,
        0.9057239057239057,
        0.9034792368125701,
        0.9023569023569022,
        0.9046015712682379,
        0.9102132435465768,
        0.914702581369248,
        0.9113355780022447,
        0.9079685746352413,
        0.9079685746352413,
        0.9079685746352413,
        0.9090909090909091,
        0.9068462401795735,
        0.9079685746352413,
        0.9102132435465768,
        0.9113355780022446
    ]
}