{
    "train_loss": [
        0.4241253997791897,
        0.25928804921832954,
        0.22178354182026602,
        0.15590668977661568,
        0.12586376612836664,
        0.10838207924230532,
        0.12461607192050327,
        0.10215085761790926,
        0.10050386952405627,
        0.09725837663493374,
        0.10118706092577089,
        0.09620700162750753,
        0.08333808767863295,
        0.0789428526874293,
        0.07826457799158314,
        0.07700316972014579,
        0.0695034629157321,
        0.06819663730195978,
        0.07450705038552935,
        0.07234899208626965,
        0.0780879991044375,
        0.0841794614256783,
        0.0710928849875927,
        0.06308019286106256,
        0.06919263540343805,
        0.08552493171935732,
        0.07213467816737565,
        0.059526999735019424,
        0.056526204232465134,
        0.04673117208717899,
        0.052847505674104796,
        0.05047160763801499,
        0.04207236707125875,
        0.03719359116671099,
        0.036304042378271166,
        0.03375087115405635,
        0.028565337415784597,
        0.03055837657302618,
        0.0293247650208121,
        0.022269963805394418,
        0.01889115355019881,
        0.031875863099809394,
        0.025177705588496545,
        0.030194792219183662,
        0.039827936900440945,
        0.028964140759357673,
        0.047550889726897534,
        0.04516319130462679,
        0.04097040999278596,
        0.026051005147482185
    ],
    "val_loss": [
        0.2657836476961772,
        0.22038619220256805,
        0.18136868750055632,
        0.12776719592511654,
        0.1109673585742712,
        0.15513693168759346,
        0.11992753235002358,
        0.09257714916020632,
        0.09147210108737151,
        0.09461934647212426,
        0.11684784339740872,
        0.09062438815211256,
        0.09891881654039025,
        0.10097396435836951,
        0.10206416482105851,
        0.09916988884409268,
        0.10807071020826697,
        0.10193957109004259,
        0.10268612951040268,
        0.10629448511948188,
        0.1113971018542846,
        0.11851509318997462,
        0.10828624293208122,
        0.16412430551523963,
        0.18408977100625634,
        0.1385344957622389,
        0.13291079768290123,
        0.13654923004408678,
        0.16590657768150172,
        0.1757471033682426,
        0.14777997912218174,
        0.17736670778443417,
        0.17242447628329197,
        0.20288646345337233,
        0.15415075700730085,
        0.18972346124549708,
        0.20178795706791183,
        0.1455112248659134,
        0.18115966767072678,
        0.20709208709498247,
        0.23242064751684666,
        0.19796239460508028,
        0.22918366827070713,
        0.1493084318935871,
        0.2566914421816667,
        0.23868191645791134,
        0.18835927794377008,
        0.1910515611525625,
        0.1626821900717914,
        0.1792044445561866
    ],
    "val_mcc": [
        0.0,
        0.0,
        0.0,
        0.0,
        0.5143986448334275,
        0.46832941383896765,
        0.5788383624620932,
        0.6444415858343575,
        0.7096473159168414,
        0.5143986448334275,
        0.5143986448334275,
        0.5545438139255907,
        0.5443323346087288,
        0.5788383624620932,
        0.5443323346087288,
        0.5813462701261382,
        0.5143986448334275,
        0.6659362678776409,
        0.7205932683456688,
        0.5545438139255907,
        0.6659362678776409,
        0.5443323346087288,
        0.48807056260589954,
        0.47212861075418316,
        0.5474714666383683,
        0.5443323346087288,
        0.5143986448334275,
        0.48807056260589954,
        0.5443323346087288,
        0.3654188590462732,
        0.5788383624620932,
        0.48807056260589954,
        0.5443323346087288,
        0.41727837380011296,
        0.44278660624354294,
        0.47212861075418316,
        0.48807056260589954,
        0.5305025272375369,
        0.41727837380011296,
        0.394794855085661,
        0.44278660624354294,
        0.41727837380011296,
        0.3412408778783571,
        0.6300260906476328,
        0.3201581027667984,
        0.3654188590462732,
        0.37909530606580194,
        0.44278660624354294,
        0.5064552788726858,
        0.5143986448334275
    ],
    "val_auroc": [
        0.6101072840203275,
        0.8910220214568041,
        0.9452286843591191,
        0.8972332015810276,
        0.8904573687182382,
        0.8125352907961604,
        0.8949745906267644,
        0.9712027103331451,
        0.9717673630717109,
        0.974025974025974,
        0.8910220214568041,
        0.9745906267645399,
        0.9745906267645399,
        0.9728966685488425,
        0.968944099378882,
        0.9649915302089217,
        0.968944099378882,
        0.9723320158102767,
        0.9632975719932243,
        0.9661208356860531,
        0.9587803500846979,
        0.9666854884246188,
        0.9695087521174478,
        0.8452851496329757,
        0.5894974590626764,
        0.888198757763975,
        0.9649915302089215,
        0.971767363071711,
        0.9282891022021458,
        0.9260304912478825,
        0.924901185770751,
        0.9265951439864484,
        0.9260304912478825,
        0.9226425748164879,
        0.9632975719932242,
        0.9237718802936195,
        0.9373235460191982,
        0.9644268774703557,
        0.9565217391304347,
        0.9553924336533033,
        0.8639186900056465,
        0.9367588932806323,
        0.9497459062676453,
        0.96386222473179,
        0.8334274421230943,
        0.8085827216261998,
        0.8994918125352909,
        0.8859401468097119,
        0.961038961038961,
        0.9627329192546583
    ]
}