{
    "train_loss": [
        0.40102913840250537,
        0.25052373483777046,
        0.21836872026324272,
        0.14619656364348801,
        0.11414571047167886,
        0.09873225091194565,
        0.08838350969282063,
        0.08281042359092018,
        0.07530304120684211,
        0.07329429533671249,
        0.07453920141878453,
        0.07527408968995918,
        0.06580681599337947,
        0.05540565509264442,
        0.062345920892601665,
        0.09406325610523875,
        0.07732406137934462,
        0.07248644547706301,
        0.054613456606272266,
        0.05175284220075065,
        0.046990363731641664,
        0.04639812145085836,
        0.045439170990985905,
        0.04224710126238113,
        0.0387893141543662,
        0.03351168643513864,
        0.03216388184492561,
        0.031711038583042944,
        0.03796299991451881,
        0.034271597968075766,
        0.039828749246556654,
        0.030443908159875056,
        0.040357807016169485,
        0.03258501302281564,
        0.02568470510992814,
        0.037074761571023955,
        0.02742648556489836,
        0.02754015367562798,
        0.019280722629363565,
        0.021855287714226342,
        0.021073042891326953,
        0.014704891231800006,
        0.016220493538474493,
        0.03830895219950683,
        0.04926196270918643,
        0.02108363260049373,
        0.041261666713663464,
        0.034902511863037944,
        0.027166949992533773,
        0.020217471692541785
    ],
    "val_loss": [
        0.255046583712101,
        0.2199166032175223,
        0.1794835962355137,
        0.1375729845215877,
        0.13902942712108293,
        0.12148463539779186,
        0.14226557469616333,
        0.15922000693778196,
        0.12008105699593823,
        0.12245430580029885,
        0.15744194916139045,
        0.1426221216097474,
        0.17925974315342805,
        0.20189089622969428,
        0.21990226015138128,
        0.16984054259955883,
        0.16124431509524584,
        0.1801999795716256,
        0.22657557223768285,
        0.23259340106354406,
        0.24290251235167185,
        0.24363401718437672,
        0.22222683361421028,
        0.2532619771858056,
        0.25408114411402494,
        0.252810399630107,
        0.2566971277895694,
        0.263720105906638,
        0.2542087899443383,
        0.23329023085534573,
        0.2594276591747378,
        0.2547090833929057,
        0.2546207867562771,
        0.2685139252183338,
        0.2838253834634088,
        0.2961823882263464,
        0.30158662821243826,
        0.29901952678725746,
        0.3037415701546706,
        0.3059858249228758,
        0.33247609602403827,
        0.3236548649923255,
        0.34006694704294205,
        0.30764447587231797,
        0.2547504562341298,
        0.3424853665928822,
        0.31751835014438257,
        0.3186906683743776,
        0.2913386478321627,
        0.33673887327313423
    ],
    "val_mcc": [
        0.0,
        0.0,
        0.0,
        0.0,
        0.5474714666383683,
        0.48807056260589954,
        0.47212861075418316,
        0.44278660624354294,
        0.5545438139255907,
        0.5545438139255907,
        0.48894672727443467,
        0.5545438139255907,
        0.39361809238809775,
        0.3654188590462732,
        0.4272095352695313,
        0.48894672727443467,
        0.5087574843820629,
        0.3654188590462732,
        0.3654188590462732,
        0.3654188590462732,
        0.39361809238809775,
        0.39361809238809775,
        0.39361809238809775,
        0.28078090590350974,
        0.28078090590350974,
        0.3654188590462732,
        0.23765410727335523,
        0.20931764798590516,
        0.25870910733836316,
        0.11733188624899324,
        0.28078090590350974,
        0.16794371941892172,
        0.11733188624899324,
        0.28078090590350974,
        0.28078090590350974,
        0.30694760390069437,
        0.25870910733836316,
        0.28078090590350974,
        0.1866856725318574,
        0.11733188624899324,
        0.09621290848090852,
        0.25870910733836316,
        0.09621290848090852,
        0.1866856725318574,
        0.11733188624899324,
        0.11733188624899324,
        0.2749966083960779,
        0.20931764798590516,
        0.20931764798590516,
        0.20931764798590516
    ],
    "val_auroc": [
        0.5488424618859402,
        0.8616600790513833,
        0.9107848673066065,
        0.8125352907961605,
        0.8509316770186336,
        0.8819875776397516,
        0.8373800112930547,
        0.8610954263128177,
        0.8492377188029363,
        0.805759457933371,
        0.8226990400903444,
        0.8475437605872389,
        0.9345002823263693,
        0.8690005646527386,
        0.8616600790513835,
        0.8074534161490683,
        0.8114059853190289,
        0.8091473743647657,
        0.8063241106719368,
        0.8560135516657255,
        0.8362507058159232,
        0.7571993224167137,
        0.8294748729531338,
        0.7555053642010163,
        0.7696216826651608,
        0.8294748729531338,
        0.7893845285149632,
        0.7747035573122529,
        0.7255787690570299,
        0.8097120271033315,
        0.88085827216262,
        0.8441558441558441,
        0.8221343873517786,
        0.8644833427442123,
        0.7476002258610954,
        0.7848673066064371,
        0.745906267645398,
        0.7600225861095425,
        0.7656691134952005,
        0.823828345567476,
        0.8249576510446076,
        0.7346132128740824,
        0.7555053642010164,
        0.7950310559006212,
        0.8289102202145681,
        0.7984189723320158,
        0.7069452286843592,
        0.7769621682665161,
        0.8198757763975154,
        0.8147939017504235
    ]
}