{
    "train_loss": [
        0.430179318243807,
        0.25709886713461444,
        0.22731039402159778,
        0.16116933964870192,
        0.12607037834823132,
        0.11565381762656299,
        0.10197532473301346,
        0.09744757109067657,
        0.09627381644465706,
        0.08591726693240079,
        0.0913474140688777,
        0.07539613655006344,
        0.0793444567613981,
        0.09047558869827878,
        0.07851946916939183,
        0.08841623179614544,
        0.074068746952848,
        0.07208923673765226,
        0.07065141412683508,
        0.06491311127319932,
        0.06396420719102025,
        0.06954745567319068,
        0.06289430068467151,
        0.05489598896185106,
        0.06298478337174113,
        0.05674186152067374,
        0.06002810542387041,
        0.058723671615801075,
        0.05879320534454151,
        0.047065223567187786,
        0.04795611196790229,
        0.04642016267065297,
        0.05058693356642669,
        0.03657624802806161,
        0.03837043421596966,
        0.030096571617336434,
        0.027579411038790237,
        0.021996840834617615,
        0.02568887946174734,
        0.023401050849563697,
        0.020990427625788885,
        0.018052454900250516,
        0.0202726999043741,
        0.03219630296172744,
        0.0372249689693986,
        0.019523921385619113,
        0.019161622251637957,
        0.022011568028987807,
        0.021785868860950523,
        0.01687918536216867
    ],
    "val_loss": [
        0.2812909707427025,
        0.24315530061721802,
        0.2100113295018673,
        0.157604293897748,
        0.14785688184201717,
        0.1349799744784832,
        0.1403399712095658,
        0.13416933516661325,
        0.13436605905493101,
        0.13251924638946852,
        0.13713221189876398,
        0.13845222691694895,
        0.14368527630964914,
        0.13146337370077768,
        0.1666417308151722,
        0.1345950315395991,
        0.13978288198510805,
        0.13785185385495424,
        0.14704483499129614,
        0.16910244027773538,
        0.1416901753594478,
        0.1398344300687313,
        0.1681533077110847,
        0.15465485273549953,
        0.18962687874833742,
        0.1774641890078783,
        0.15580817498266697,
        0.19020704055825868,
        0.15692575679471096,
        0.13983076189955077,
        0.15833148965612054,
        0.14930369767049947,
        0.17996822049220404,
        0.21713824570178986,
        0.19660369430979094,
        0.15824334820111594,
        0.18401147176822027,
        0.19513892754912376,
        0.200863316655159,
        0.19593769684433937,
        0.19020508229732513,
        0.24402299771706262,
        0.19514589508374533,
        0.16000172193162143,
        0.19787197560071945,
        0.20839684953292212,
        0.19859470085551342,
        0.1917676773543159,
        0.22250374779105186,
        0.21146772367258868
    ],
    "val_mcc": [
        0.0,
        0.0,
        0.0,
        0.0,
        0.0,
        0.8489695197042864,
        0.7343393577431244,
        0.7043052599705966,
        0.7043052599705966,
        0.7043052599705966,
        0.7343393577431244,
        0.6746219776463768,
        0.7043052599705966,
        0.7043052599705966,
        0.5903260526902472,
        0.6746219776463768,
        0.7043052599705966,
        0.7043052599705966,
        0.7043052599705966,
        0.6192924653572738,
        0.7043052599705966,
        0.7043052599705966,
        0.6444415858343575,
        0.7343393577431244,
        0.3388235309124364,
        0.5788383624620932,
        0.7043052599705966,
        0.3388235309124364,
        0.7086391869000565,
        0.7678976851666153,
        0.6444415858343575,
        0.7086391869000565,
        0.5064552788726858,
        0.4272095352695313,
        0.5064552788726858,
        0.6458780629739146,
        0.5064552788726858,
        0.5788383624620932,
        0.5788383624620932,
        0.5788383624620932,
        0.5788383624620932,
        0.4272095352695313,
        0.5064552788726858,
        0.7678976851666153,
        0.5788383624620932,
        0.5788383624620932,
        0.611518915866742,
        0.6458780629739146,
        0.5064552788726858,
        0.5788383624620932
    ],
    "val_auroc": [
        0.8424618859401468,
        0.898927159796725,
        0.8870694522868435,
        0.8802936194240542,
        0.8452851496329756,
        0.8791643139469225,
        0.8831168831168832,
        0.9028797289666854,
        0.927159796725014,
        0.924901185770751,
        0.8972332015810276,
        0.9271597967250143,
        0.9542631281761716,
        0.9096555618294749,
        0.9028797289666854,
        0.9384528514963297,
        0.9136081309994354,
        0.9006211180124223,
        0.9356295878035008,
        0.9288537549407114,
        0.911914172783738,
        0.9474872953133822,
        0.893845285149633,
        0.9023150762281197,
        0.9130434782608696,
        0.8842461885940147,
        0.9282891022021457,
        0.9384528514963297,
        0.9582156973461321,
        0.9599096555618294,
        0.8966685488424619,
        0.9587803500846979,
        0.9553924336533033,
        0.9011857707509882,
        0.9565217391304348,
        0.9661208356860531,
        0.9649915302089216,
        0.9203839638622247,
        0.9525691699604744,
        0.9576510446075663,
        0.9616036137775268,
        0.940711462450593,
        0.9350649350649352,
        0.9621682665160927,
        0.9130434782608696,
        0.9599096555618295,
        0.9311123658949746,
        0.8994918125352908,
        0.9474872953133822,
        0.9361942405420667
    ]
}