{
    "train_loss": [
        0.4242184433070096,
        0.24855217879468744,
        0.18427756733515047,
        0.1395562816072594,
        0.10877626812593504,
        0.09899550253017382,
        0.09419989568943327,
        0.09259480263360521,
        0.09386547561734915,
        0.09007001634348523,
        0.08781298944218592,
        0.08194898610765283,
        0.09033366436646743,
        0.08737715503031557,
        0.07949127485467629,
        0.08257654355838895,
        0.088821545581926,
        0.0821844923563979,
        0.07728004362434149,
        0.06869619415903633,
        0.08695156351578506,
        0.0802030390213159,
        0.07595990502952853,
        0.0643635661849244,
        0.0686435614797202,
        0.06752174737101252,
        0.06658650697632269,
        0.05354245980693535,
        0.062143967148255215,
        0.05562103730203076,
        0.05007834647866813,
        0.047661530700596894,
        0.04137644458519803,
        0.03614228099203584,
        0.03826966684904288,
        0.0451765316856009,
        0.03993740724399686,
        0.040790174452757295,
        0.05110508635301481,
        0.03819467656483704,
        0.04050474196926437,
        0.03578695826317099,
        0.024351726434278218,
        0.022984882292803377,
        0.018578992648558182,
        0.02532085294263776,
        0.026833580531687898,
        0.022755921881815248,
        0.021784042346883904,
        0.01704339026896791
    ],
    "val_loss": [
        0.2631150484085083,
        0.21075878043969473,
        0.14152978795270124,
        0.12566481158137321,
        0.12805953777084747,
        0.10964502052714427,
        0.10982221861680348,
        0.10889489793529113,
        0.10765565373003483,
        0.10464089969173074,
        0.11287467119594415,
        0.10353727017839749,
        0.1047463733702898,
        0.1123504734908541,
        0.12069066613912582,
        0.12155537625464301,
        0.11310297002394994,
        0.11218221811577678,
        0.13543449474188188,
        0.13555330154486,
        0.12581764697097242,
        0.10550658001254003,
        0.13337354556036493,
        0.1389448046684265,
        0.11359968385659158,
        0.13023965107277036,
        0.1397220044552038,
        0.13086696458049119,
        0.13293059527253112,
        0.14223476188878217,
        0.1502925440048178,
        0.14269125290835896,
        0.14102655136957765,
        0.16077815791747221,
        0.15427744342014194,
        0.14764202036894858,
        0.15780527757791182,
        0.1449134023860097,
        0.1443933240758876,
        0.15340165312712392,
        0.15176783967763186,
        0.16105395939666778,
        0.16888168733567,
        0.17127699086753032,
        0.16948369370462993,
        0.1771487044946601,
        0.17607986748528978,
        0.19303449289873242,
        0.17373437682787576,
        0.20362616082032522
    ],
    "val_mcc": [
        0.0,
        0.0,
        0.0,
        0.0,
        0.547333863896855,
        0.6770526934074996,
        0.6770526934074996,
        0.6770526934074996,
        0.6770526934074996,
        0.6770526934074996,
        0.6770526934074996,
        0.6770526934074996,
        0.6770526934074996,
        0.6172321067240548,
        0.6172321067240548,
        0.6442872472102531,
        0.6172321067240548,
        0.6442872472102531,
        0.6442872472102531,
        0.6113636363636363,
        0.5786882152809495,
        0.6172321067240548,
        0.6113636363636363,
        0.6191668677752271,
        0.6442872472102531,
        0.6442872472102531,
        0.5811712053972111,
        0.6442872472102531,
        0.5811712053972111,
        0.5811712053972111,
        0.645743840298938,
        0.645743840298938,
        0.6854365268376295,
        0.645743840298938,
        0.6442872472102531,
        0.6191668677752271,
        0.6113636363636363,
        0.6113636363636363,
        0.6442872472102531,
        0.6191668677752271,
        0.6113636363636363,
        0.5441594827174123,
        0.5441594827174123,
        0.5441594827174123,
        0.5441594827174123,
        0.5441594827174123,
        0.5441594827174123,
        0.5441594827174123,
        0.5441594827174123,
        0.5142045454545454
    ],
    "val_auroc": [
        0.9028409090909091,
        0.9579545454545455,
        0.9119318181818182,
        0.89375,
        0.8261363636363637,
        0.9607954545454546,
        0.9238636363636363,
        0.9539772727272727,
        0.9210227272727273,
        0.9142045454545454,
        0.8471590909090909,
        0.8903409090909091,
        0.9505681818181818,
        0.8977272727272728,
        0.9181818181818182,
        0.8829545454545454,
        0.9056818181818183,
        0.8676136363636363,
        0.8971590909090909,
        0.8477272727272727,
        0.8715909090909091,
        0.9676136363636364,
        0.8772727272727272,
        0.8477272727272728,
        0.9267045454545454,
        0.9238636363636364,
        0.8715909090909091,
        0.9482954545454545,
        0.9170454545454545,
        0.8522727272727272,
        0.7880681818181817,
        0.8488636363636364,
        0.8647727272727272,
        0.8835227272727273,
        0.8238636363636365,
        0.822159090909091,
        0.89375,
        0.8448863636363637,
        0.9323863636363636,
        0.8727272727272728,
        0.8823863636363637,
        0.9392045454545455,
        0.8801136363636364,
        0.9119318181818181,
        0.8352272727272727,
        0.8431818181818181,
        0.8857954545454545,
        0.8403409090909091,
        0.8681818181818182,
        0.8573863636363636
    ]
}