{
    "train_loss": [
        0.4256942786953666,
        0.252066434784369,
        0.23066222633827815,
        0.17133488302881067,
        0.1323688267306848,
        0.11649339171973142,
        0.11634715087711811,
        0.10398909822106361,
        0.10699055987325581,
        0.09273022210056131,
        0.09169070566581054,
        0.08564593714915893,
        0.07870584840632298,
        0.0797853928736665,
        0.08983670285140927,
        0.07378083078021352,
        0.08409082364629615,
        0.07189839303662832,
        0.07755529173565182,
        0.0785861700265245,
        0.07376738036559387,
        0.061492730524729595,
        0.06203605721450665,
        0.05580085118047216,
        0.056930533991279925,
        0.060796434144404804,
        0.05754551879892295,
        0.04397806279699911,
        0.0559248513203453,
        0.05016516411507672,
        0.03851794506507841,
        0.04186944985254244,
        0.04023965012112802,
        0.04451676978814331,
        0.025519869142127307,
        0.022102449036372655,
        0.022697458297691563,
        0.030139510773799637,
        0.028732258403165775,
        0.029627984971739352,
        0.028509668296795677,
        0.0379280387847261,
        0.036451005599122836,
        0.027483002896505324,
        0.019780913410200315,
        0.01602613356557082,
        0.010994437298822131,
        0.00990214571885934,
        0.006956443772651255,
        0.009040468009929596
    ],
    "val_loss": [
        0.2676909590760867,
        0.2206861823797226,
        0.18391868099570274,
        0.11262375613053639,
        0.08214533297965924,
        0.09416925410429637,
        0.07228013034909964,
        0.1393820084631443,
        0.06584817776456475,
        0.0646305790481468,
        0.10232829085240762,
        0.08644279278814793,
        0.08870415187751253,
        0.12632908734182516,
        0.09215404279530048,
        0.06174610974267125,
        0.08310774465401967,
        0.06193401524797082,
        0.07430942713593443,
        0.05327577027492225,
        0.06459960310409467,
        0.07330172702980538,
        0.07124070559317867,
        0.07363400802326699,
        0.06846048620839913,
        0.09412731602787971,
        0.0901721934399878,
        0.06919373505904029,
        0.09397335707520445,
        0.07986828591674566,
        0.08641113340854645,
        0.08165908344866087,
        0.06652975484030321,
        0.11024130516064663,
        0.07353642927288699,
        0.0965131355333142,
        0.08354376899660565,
        0.05510443901099885,
        0.11917199138163899,
        0.08268930187720495,
        0.09022002630323793,
        0.08710663843279083,
        0.11317816782199468,
        0.10619453069133063,
        0.11828224124231686,
        0.12085108300865006,
        0.10313663716078736,
        0.12811064211806902,
        0.1469623186858371,
        0.1394888123080212
    ],
    "val_mcc": [
        0.0,
        0.0,
        0.0,
        0.0,
        0.0,
        0.8455767262643882,
        0.7085227272727272,
        0.32808537948797145,
        0.7342244874330721,
        0.7911146277286897,
        0.5441594827174123,
        0.6113636363636363,
        0.7473281978804637,
        0.645743840298938,
        0.547333863896855,
        0.7911146277286897,
        0.645743840298938,
        0.7911146277286897,
        0.8056818181818182,
        0.8455767262643882,
        0.7678008319191324,
        0.7678008319191324,
        0.7678008319191324,
        0.7473281978804637,
        0.7911146277286897,
        0.6744860186581717,
        0.6854365268376295,
        0.7085227272727272,
        0.4681818181818182,
        0.7342244874330721,
        0.7891730593773832,
        0.8056818181818182,
        0.5786882152809495,
        0.41704545454545455,
        0.6854365268376295,
        0.5811712053972111,
        0.5142045454545454,
        0.7678008319191324,
        0.6113636363636363,
        0.6442872472102531,
        0.5441594827174123,
        0.7041733672263722,
        0.4681818181818182,
        0.4878563921362504,
        0.44257512513588665,
        0.39341519530280955,
        0.6113636363636363,
        0.5441594827174123,
        0.5441594827174123,
        0.5786882152809495
    ],
    "val_auroc": [
        0.6801136363636365,
        0.9869318181818182,
        0.9926136363636363,
        0.9948863636363637,
        0.9880681818181819,
        0.9875,
        0.9892045454545454,
        0.8977272727272727,
        0.9863636363636363,
        0.9897727272727272,
        0.9249999999999999,
        0.9840909090909091,
        0.9721590909090909,
        0.9102272727272728,
        0.9846590909090909,
        0.9812500000000001,
        0.9795454545454545,
        0.9886363636363636,
        0.9193181818181818,
        0.9846590909090909,
        0.9886363636363635,
        0.9835227272727273,
        0.9869318181818182,
        0.9840909090909091,
        0.9829545454545454,
        0.9744318181818182,
        0.9784090909090909,
        0.9840909090909091,
        0.9761363636363636,
        0.9795454545454545,
        0.9801136363636364,
        0.9801136363636364,
        0.9857954545454546,
        0.9613636363636364,
        0.9875,
        0.9738636363636364,
        0.9823863636363637,
        0.9892045454545455,
        0.9732954545454546,
        0.9801136363636365,
        0.9806818181818182,
        0.977840909090909,
        0.984090909090909,
        0.9698863636363637,
        0.96875,
        0.9715909090909092,
        0.9801136363636365,
        0.975,
        0.9727272727272728,
        0.9761363636363636
    ]
}