{
    "train_loss": [
        0.5547699391841888,
        0.4038695812225342,
        0.32102270126342775,
        0.25826814472675325,
        0.204636150598526,
        0.15559715628623963,
        0.11456526666879654,
        0.08664805442094803,
        0.06170724555850029,
        0.048163148760795596,
        0.03649331703782081,
        0.029698875173926352,
        0.023746858537197112,
        0.020214774087071417,
        0.017456966638565063,
        0.015262171626091003,
        0.013653421588242055,
        0.01229555793106556,
        0.011156119592487811,
        0.010230060294270515,
        0.009425891935825348,
        0.008700679615139961,
        0.008060066867619753,
        0.007535408064723015,
        0.007029705960303545,
        0.006591700203716755,
        0.006203508470207453,
        0.00584738114848733,
        0.005536645278334617,
        0.005218367651104927,
        0.004953235201537609,
        0.0047005643136799335,
        0.004468137305229903,
        0.004259426239877939,
        0.004052951885387302,
        0.003877713344991207,
        0.003708626935258508,
        0.0035662937443703413,
        0.003415296599268913,
        0.0032720156013965607,
        0.0031446228735148908,
        0.003029621485620737,
        0.0029085956048220396,
        0.00280103744007647,
        0.002704180683940649,
        0.002601719368249178,
        0.002509200805798173,
        0.0024293495807796717,
        0.0023450057022273542,
        0.002269805921241641
    ],
    "val_loss": [
        0.5344643145799637,
        0.4526167958974838,
        0.3949153274297714,
        0.36780092120170593,
        0.34156321734189987,
        0.3241424560546875,
        0.31115974485874176,
        0.3153023272752762,
        0.325839027762413,
        0.33086635917425156,
        0.32866181433200836,
        0.33829938620328903,
        0.35526367276906967,
        0.3683081269264221,
        0.3755629435181618,
        0.381211519241333,
        0.3870408535003662,
        0.3937968313694,
        0.4002576917409897,
        0.40522244572639465,
        0.41005996614694595,
        0.4144842401146889,
        0.41888847947120667,
        0.4231143295764923,
        0.42673054337501526,
        0.43078719079494476,
        0.43468740582466125,
        0.43860067427158356,
        0.44211219251155853,
        0.4454973638057709,
        0.44867150485515594,
        0.45129889249801636,
        0.45438405871391296,
        0.4579467698931694,
        0.46141980588436127,
        0.4643140658736229,
        0.46746885776519775,
        0.4700911417603493,
        0.47365153580904007,
        0.47636909782886505,
        0.47891324013471603,
        0.48144949972629547,
        0.48416629433631897,
        0.486630454659462,
        0.48913493007421494,
        0.49172263592481613,
        0.49438298493623734,
        0.49668586254119873,
        0.4992266371846199,
        0.5014888644218445
    ],
    "val_mcc": [
        0.2961744388795462,
        0.7784989441615229,
        0.7784989441615229,
        0.776762650398282,
        0.7933632757799682,
        0.7933632757799682,
        0.8555555555555555,
        0.8555555555555555,
        0.8555555555555555,
        0.8555555555555555,
        0.8555555555555555,
        0.8555555555555555,
        0.8555555555555555,
        0.8555555555555555,
        0.8555555555555555,
        0.8555555555555555,
        0.8555555555555555,
        0.8555555555555555,
        0.8555555555555555,
        0.8555555555555555,
        0.8555555555555555,
        0.8555555555555555,
        0.8555555555555555,
        0.8555555555555555,
        0.8555555555555555,
        0.8555555555555555,
        0.8555555555555555,
        0.8555555555555555,
        0.8555555555555555,
        0.8555555555555555,
        0.8555555555555555,
        0.8555555555555555,
        0.8555555555555555,
        0.8555555555555555,
        0.8555555555555555,
        0.8555555555555555,
        0.8555555555555555,
        0.8555555555555555,
        0.8555555555555555,
        0.8555555555555555,
        0.8555555555555555,
        0.8555555555555555,
        0.8555555555555555,
        0.8555555555555555,
        0.8555555555555555,
        0.8555555555555555,
        0.8555555555555555,
        0.8555555555555555,
        0.8555555555555555,
        0.8555555555555555
    ],
    "val_auroc": [
        0.8481481481481482,
        0.8703703703703705,
        0.9185185185185185,
        0.9370370370370371,
        0.951851851851852,
        0.9592592592592593,
        0.962962962962963,
        0.962962962962963,
        0.9555555555555555,
        0.9555555555555555,
        0.9666666666666667,
        0.962962962962963,
        0.962962962962963,
        0.9666666666666667,
        0.9666666666666667,
        0.9666666666666667,
        0.9666666666666667,
        0.9666666666666667,
        0.9666666666666667,
        0.9666666666666667,
        0.9666666666666667,
        0.9666666666666667,
        0.9666666666666667,
        0.9666666666666667,
        0.9666666666666667,
        0.9666666666666667,
        0.9666666666666667,
        0.9666666666666667,
        0.9666666666666667,
        0.9666666666666667,
        0.9666666666666667,
        0.9666666666666667,
        0.9666666666666667,
        0.9666666666666667,
        0.9666666666666667,
        0.9666666666666667,
        0.9666666666666667,
        0.9703703703703703,
        0.9703703703703703,
        0.9703703703703703,
        0.9703703703703703,
        0.9703703703703703,
        0.9703703703703703,
        0.9703703703703703,
        0.9703703703703703,
        0.9703703703703703,
        0.9703703703703703,
        0.9703703703703703,
        0.9703703703703703,
        0.9703703703703703
    ]
}