{
    "train_loss": [
        0.506211805343628,
        0.35743488669395446,
        0.30058352649211884,
        0.23444930016994475,
        0.18867762088775636,
        0.1454603672027588,
        0.1132641687989235,
        0.08712103217840195,
        0.06688883677124977,
        0.051713861525058746,
        0.04179768413305283,
        0.03281964585185051,
        0.02702527977526188,
        0.0224782831966877,
        0.019213234633207323,
        0.016663788817822933,
        0.014552890323102474,
        0.012800619937479496,
        0.011528565920889378,
        0.010412116535007954,
        0.009497245587408543,
        0.00863006366416812,
        0.008011538442224264,
        0.007370708603411913,
        0.006871970370411873,
        0.006425925064831972,
        0.0059875472448766235,
        0.005613998509943485,
        0.005268643237650394,
        0.004997152090072632,
        0.004728659521788359,
        0.00448280330747366,
        0.004274996183812618,
        0.004065216379240155,
        0.0038749668281525375,
        0.003704492514953017,
        0.0035379488952457907,
        0.0033981163986027242,
        0.003250143211334944,
        0.0031107694376260042,
        0.0029878600966185332,
        0.0028908886481076477,
        0.0027789096813648937,
        0.002689273748546839,
        0.002596180001273751,
        0.00249498775228858,
        0.0024094652850180863,
        0.0023226361721754075,
        0.0022476356476545333,
        0.0021775823552161455
    ],
    "val_loss": [
        0.5098447650671005,
        0.4502933621406555,
        0.3999522179365158,
        0.3872228413820267,
        0.32016104459762573,
        0.3078690394759178,
        0.293291836977005,
        0.2930816262960434,
        0.2916605658829212,
        0.2860225308686495,
        0.28879970125854015,
        0.29635232128202915,
        0.3018583822995424,
        0.307527806609869,
        0.3119024131447077,
        0.3165479311719537,
        0.3215297954156995,
        0.32710856292396784,
        0.3323604566976428,
        0.33568906784057617,
        0.3403158653527498,
        0.3439339194446802,
        0.34756552893668413,
        0.3515840722247958,
        0.3558644838631153,
        0.3594773868098855,
        0.3628027201630175,
        0.3661667131818831,
        0.36995833180844784,
        0.3733999067917466,
        0.3767209816724062,
        0.3797159818932414,
        0.3826785860583186,
        0.3855031933635473,
        0.38799741212278605,
        0.39095061318948865,
        0.39390424406155944,
        0.39637798396870494,
        0.39928002236410975,
        0.40174583438783884,
        0.40458492562174797,
        0.407164478674531,
        0.4098239750601351,
        0.4124731910414994,
        0.41470942832529545,
        0.4170577893964946,
        0.4194400862324983,
        0.4216030740644783,
        0.4241091327276081,
        0.42636423907242715
    ],
    "val_mcc": [
        0.6172133998483676,
        0.7001400420140049,
        0.7001400420140049,
        0.7001400420140049,
        0.9274777915203366,
        0.9274777915203366,
        0.9274777915203366,
        0.9274777915203366,
        0.9274777915203366,
        0.9274777915203366,
        0.9274777915203366,
        0.9274777915203366,
        0.9274777915203366,
        0.9274777915203366,
        0.9274777915203366,
        0.9274777915203366,
        0.9274777915203366,
        0.9274777915203366,
        0.9274777915203366,
        0.9274777915203366,
        0.9274777915203366,
        0.9274777915203366,
        0.9274777915203366,
        0.9274777915203366,
        0.9274777915203366,
        0.9274777915203366,
        0.9274777915203366,
        0.9274777915203366,
        0.9274777915203366,
        0.9274777915203366,
        0.9274777915203366,
        0.9274777915203366,
        0.9274777915203366,
        0.9274777915203366,
        0.9274777915203366,
        0.9274777915203366,
        0.9274777915203366,
        0.9274777915203366,
        0.9274777915203366,
        0.9274777915203366,
        0.9274777915203366,
        0.9274777915203366,
        0.9274777915203366,
        0.9274777915203366,
        0.9274777915203366,
        0.9274777915203366,
        0.9274777915203366,
        0.9274777915203366,
        0.9274777915203366,
        0.9274777915203366
    ],
    "val_auroc": [
        0.8518518518518519,
        0.9185185185185186,
        0.9555555555555555,
        0.9592592592592593,
        0.9703703703703703,
        0.9703703703703703,
        0.9666666666666666,
        0.9666666666666666,
        0.9777777777777777,
        0.974074074074074,
        0.974074074074074,
        0.9777777777777777,
        0.9777777777777777,
        0.9777777777777777,
        0.9851851851851852,
        0.9888888888888888,
        0.9851851851851852,
        0.9888888888888888,
        0.9888888888888888,
        0.9888888888888888,
        0.9888888888888888,
        0.9888888888888888,
        0.9888888888888888,
        0.9851851851851852,
        0.9851851851851852,
        0.9851851851851852,
        0.9851851851851852,
        0.9851851851851852,
        0.9814814814814814,
        0.9814814814814814,
        0.9814814814814814,
        0.9814814814814814,
        0.9814814814814814,
        0.9814814814814814,
        0.9814814814814814,
        0.9814814814814814,
        0.9814814814814814,
        0.9814814814814814,
        0.9814814814814814,
        0.9814814814814814,
        0.9814814814814814,
        0.9814814814814814,
        0.9814814814814814,
        0.9814814814814814,
        0.9814814814814814,
        0.9814814814814814,
        0.9814814814814814,
        0.9814814814814814,
        0.9814814814814814,
        0.9814814814814814
    ]
}