{
    "train_loss": [
        0.5395497918128968,
        0.3733022212982178,
        0.303727126121521,
        0.24801721870899202,
        0.20022514164447786,
        0.16459766328334807,
        0.128397436439991,
        0.10060719251632691,
        0.07806535437703133,
        0.060382504016160965,
        0.0472964808344841,
        0.03763566091656685,
        0.030913489684462548,
        0.02574668489396572,
        0.022257842123508453,
        0.019323712959885598,
        0.017078381218016147,
        0.015288631059229374,
        0.013906794600188732,
        0.012758356332778931,
        0.01169809028506279,
        0.010862158238887787,
        0.010103747434914111,
        0.009413227066397667,
        0.008810253627598286,
        0.008287060260772704,
        0.007797070406377315,
        0.007399344816803932,
        0.006981213577091694,
        0.006606348976492882,
        0.006257857661694288,
        0.005930495634675026,
        0.005658025853335857,
        0.005390525795519352,
        0.005125783663243055,
        0.004901943542063236,
        0.004709890764206648,
        0.004500078549608588,
        0.004279566183686257,
        0.004130591079592705,
        0.003962335409596562,
        0.0037827374879270794,
        0.0036417713388800623,
        0.0034975406713783743,
        0.0033756405580788853,
        0.003246386628597975,
        0.0031161858234554527,
        0.003016715357080102,
        0.0029214459471404554,
        0.0028220608830451964
    ],
    "val_loss": [
        0.6201091855764389,
        0.6170714944601059,
        0.5942765325307846,
        0.5439900606870651,
        0.4916910007596016,
        0.46224236488342285,
        0.4061606004834175,
        0.4103085324168205,
        0.3270198106765747,
        0.3750358521938324,
        0.3819441795349121,
        0.331306342035532,
        0.32250140979886055,
        0.3485240787267685,
        0.37207653373479843,
        0.39157765358686447,
        0.4016670808196068,
        0.4178841598331928,
        0.4309413619339466,
        0.4412764608860016,
        0.4589504227042198,
        0.468491792678833,
        0.48316140472888947,
        0.489039845764637,
        0.49437396973371506,
        0.5129766166210175,
        0.5235596150159836,
        0.5255605429410934,
        0.5289632827043533,
        0.5405747964978218,
        0.5521685257554054,
        0.561455637216568,
        0.5659550353884697,
        0.5724032893776894,
        0.579902172088623,
        0.5837638229131699,
        0.5972441211342812,
        0.6053743734955788,
        0.6097260117530823,
        0.6224948912858963,
        0.6318867653608322,
        0.6354474052786827,
        0.6406532153487206,
        0.6491283178329468,
        0.6625507324934006,
        0.6700921952724457,
        0.6725913435220718,
        0.679669126868248,
        0.6886845678091049,
        0.697030745446682
    ],
    "val_mcc": [
        0.3959251908590267,
        0.3959251908590267,
        0.3959251908590267,
        0.4915960401250875,
        0.5756983337031395,
        0.5756983337031395,
        0.6530471562110152,
        0.6530471562110152,
        0.6530471562110152,
        0.6530471562110152,
        0.6530471562110152,
        0.6530471562110152,
        0.6530471562110152,
        0.6530471562110152,
        0.6530471562110152,
        0.6530471562110152,
        0.6530471562110152,
        0.6530471562110152,
        0.6530471562110152,
        0.6530471562110152,
        0.6530471562110152,
        0.6530471562110152,
        0.6530471562110152,
        0.6530471562110152,
        0.6530471562110152,
        0.6530471562110152,
        0.6530471562110152,
        0.6530471562110152,
        0.6530471562110152,
        0.6530471562110152,
        0.6530471562110152,
        0.6530471562110152,
        0.6530471562110152,
        0.6530471562110152,
        0.6530471562110152,
        0.6530471562110152,
        0.6530471562110152,
        0.6530471562110152,
        0.6530471562110152,
        0.6530471562110152,
        0.6530471562110152,
        0.6530471562110152,
        0.6530471562110152,
        0.6530471562110152,
        0.6530471562110152,
        0.6530471562110152,
        0.6530471562110152,
        0.6530471562110152,
        0.6530471562110152,
        0.6530471562110152
    ],
    "val_auroc": [
        0.8379310344827586,
        0.9068965517241379,
        0.9344827586206896,
        0.9482758620689655,
        0.9724137931034483,
        0.9827586206896552,
        0.9827586206896552,
        0.9931034482758622,
        0.996551724137931,
        0.996551724137931,
        0.996551724137931,
        0.996551724137931,
        1.0,
        1.0,
        1.0,
        1.0,
        1.0,
        1.0,
        1.0,
        1.0,
        1.0,
        1.0,
        1.0,
        0.996551724137931,
        0.996551724137931,
        0.996551724137931,
        0.996551724137931,
        0.996551724137931,
        0.996551724137931,
        0.996551724137931,
        0.996551724137931,
        0.996551724137931,
        0.996551724137931,
        0.996551724137931,
        0.996551724137931,
        0.996551724137931,
        0.996551724137931,
        0.996551724137931,
        0.996551724137931,
        0.996551724137931,
        0.996551724137931,
        0.996551724137931,
        0.996551724137931,
        0.996551724137931,
        0.996551724137931,
        0.996551724137931,
        0.996551724137931,
        0.996551724137931,
        0.996551724137931,
        0.996551724137931
    ]
}