{
    "train_loss": [
        0.5269996583461761,
        0.37203025817871094,
        0.3052849233150482,
        0.2511961430311203,
        0.20766590535640717,
        0.16446565985679626,
        0.13035880476236344,
        0.10191537737846375,
        0.07976386696100235,
        0.06235182657837868,
        0.049219460040330884,
        0.040333260968327525,
        0.03345503807067871,
        0.02784046493470669,
        0.023703883215785027,
        0.02064509242773056,
        0.018155184201896192,
        0.0161780109629035,
        0.014516432210803032,
        0.0131286745890975,
        0.011921374127268791,
        0.010921088419854641,
        0.01004667989909649,
        0.009313319623470307,
        0.008624891191720963,
        0.00807394627481699,
        0.00762811042368412,
        0.007137759681791067,
        0.0067433415912091735,
        0.006390834413468838,
        0.006066473387181759,
        0.005737323407083749,
        0.005471720080822706,
        0.00522941630333662,
        0.0050046707969158884,
        0.004764968156814575,
        0.004579627979546785,
        0.00436815619468689,
        0.00422237478196621,
        0.004027641797438264,
        0.0038874382618814705,
        0.003733689896762371,
        0.0035747222136706114,
        0.003465402266010642,
        0.003326918184757233,
        0.003207534970715642,
        0.003105104574933648,
        0.002998580690473318,
        0.002889244817197323,
        0.0027910697273910044
    ],
    "val_loss": [
        0.692873626947403,
        0.7069645971059799,
        0.6562571227550507,
        0.6535634472966194,
        0.5899354964494705,
        0.5383011698722839,
        0.5441125966608524,
        0.49457333981990814,
        0.5088475905358791,
        0.5103106573224068,
        0.49671559408307076,
        0.49711570143699646,
        0.5170126371085644,
        0.5073866061866283,
        0.5028515309095383,
        0.5067660287022591,
        0.5096660330891609,
        0.5142157189548016,
        0.5170846581459045,
        0.5198198556900024,
        0.5260681211948395,
        0.5299601256847382,
        0.5374237447977066,
        0.5453694760799408,
        0.5525195226073265,
        0.5584380030632019,
        0.565447211265564,
        0.5720990300178528,
        0.5779769495129585,
        0.5851940773427486,
        0.5894820615649223,
        0.5941205620765686,
        0.5995897725224495,
        0.6048368588089943,
        0.6097537875175476,
        0.6157866567373276,
        0.6203277632594109,
        0.6247544810175896,
        0.6309595517814159,
        0.6334840692579746,
        0.6391946375370026,
        0.6445404514670372,
        0.6482096165418625,
        0.6518390327692032,
        0.6560919471085072,
        0.6606758162379265,
        0.6666222922503948,
        0.6709815114736557,
        0.6753447279334068,
        0.6793611347675323
    ],
    "val_mcc": [
        0.5756983337031395,
        0.5756983337031395,
        0.47739999005770767,
        0.6530471562110152,
        0.6530471562110152,
        0.7196684596950643,
        0.7196684596950643,
        0.7196684596950643,
        0.7196684596950643,
        0.6539886462510549,
        0.6539886462510549,
        0.7310344827586207,
        0.6539886462510549,
        0.7310344827586207,
        0.7310344827586207,
        0.7310344827586207,
        0.7310344827586207,
        0.7310344827586207,
        0.7310344827586207,
        0.7310344827586207,
        0.7310344827586207,
        0.7310344827586207,
        0.7310344827586207,
        0.7310344827586207,
        0.7310344827586207,
        0.7310344827586207,
        0.7310344827586207,
        0.7310344827586207,
        0.7310344827586207,
        0.7310344827586207,
        0.7310344827586207,
        0.7310344827586207,
        0.7310344827586207,
        0.7310344827586207,
        0.7310344827586207,
        0.7310344827586207,
        0.7310344827586207,
        0.7310344827586207,
        0.7310344827586207,
        0.7310344827586207,
        0.7310344827586207,
        0.7310344827586207,
        0.7310344827586207,
        0.7310344827586207,
        0.7310344827586207,
        0.7310344827586207,
        0.6539886462510549,
        0.6539886462510549,
        0.6539886462510549,
        0.6539886462510549
    ],
    "val_auroc": [
        0.903448275862069,
        0.8896551724137931,
        0.9,
        0.9172413793103449,
        0.9310344827586208,
        0.9379310344827586,
        0.9551724137931035,
        0.9551724137931035,
        0.9551724137931034,
        0.9413793103448276,
        0.9413793103448276,
        0.9482758620689655,
        0.9448275862068964,
        0.9482758620689655,
        0.9482758620689655,
        0.9482758620689655,
        0.9482758620689655,
        0.9551724137931035,
        0.9551724137931035,
        0.9551724137931035,
        0.9551724137931035,
        0.9551724137931035,
        0.9551724137931035,
        0.9551724137931035,
        0.9551724137931035,
        0.9551724137931035,
        0.9517241379310344,
        0.9517241379310344,
        0.9517241379310344,
        0.9517241379310344,
        0.9517241379310344,
        0.9517241379310344,
        0.9517241379310344,
        0.9517241379310344,
        0.9517241379310344,
        0.9482758620689655,
        0.9482758620689655,
        0.9482758620689655,
        0.9482758620689655,
        0.9482758620689655,
        0.9482758620689655,
        0.9482758620689655,
        0.9482758620689655,
        0.9482758620689655,
        0.9482758620689655,
        0.9482758620689655,
        0.9482758620689655,
        0.9482758620689655,
        0.9482758620689655,
        0.9448275862068964
    ]
}