{
    "train_loss": [
        0.5107347786426544,
        0.37222055792808534,
        0.31941463947296145,
        0.2734519600868225,
        0.22228088080883027,
        0.17966285049915315,
        0.14261008352041243,
        0.11045016348361969,
        0.08761717081069946,
        0.06814636886119843,
        0.05427383854985237,
        0.04327283203601837,
        0.035352938994765284,
        0.02938806787133217,
        0.024765126407146454,
        0.02112877182662487,
        0.018614972941577435,
        0.016308295354247094,
        0.014584150351583957,
        0.013202163949608802,
        0.0119735611602664,
        0.010925441235303878,
        0.010060623660683632,
        0.009291145578026771,
        0.008585937414318323,
        0.007986083719879388,
        0.007477607391774654,
        0.007027012854814529,
        0.006560109555721283,
        0.006147009041160345,
        0.005798341613262892,
        0.00546031454578042,
        0.005147412233054638,
        0.0049101229757070545,
        0.004637651704251766,
        0.004393297992646694,
        0.004211409902200103,
        0.003972107032313943,
        0.003806381905451417,
        0.003639511903747916,
        0.0034773288760334255,
        0.0033233806025236845,
        0.003166653588414192,
        0.0030472198966890575,
        0.0029272975865751506,
        0.0028154576662927865,
        0.002703885268419981,
        0.00261056711897254,
        0.00250815493054688,
        0.0024116565473377705
    ],
    "val_loss": [
        0.6103692054748535,
        0.5341963171958923,
        0.486237496137619,
        0.4244460314512253,
        0.38232387602329254,
        0.3013843819499016,
        0.29939885437488556,
        0.2344641536474228,
        0.21926497295498848,
        0.17836597561836243,
        0.1585564687848091,
        0.15131915733218193,
        0.13978425413370132,
        0.14279096946120262,
        0.15131865441799164,
        0.14367343671619892,
        0.1455337256193161,
        0.14642513915896416,
        0.1437688171863556,
        0.1427800916135311,
        0.13929599523544312,
        0.13890646770596504,
        0.13290013000369072,
        0.12773850560188293,
        0.1256538387387991,
        0.11617650091648102,
        0.11983264610171318,
        0.1219413373619318,
        0.12053355015814304,
        0.11685486137866974,
        0.11697540432214737,
        0.11994881182909012,
        0.12640133313834667,
        0.1305287666618824,
        0.12129528447985649,
        0.12225199863314629,
        0.13011615816503763,
        0.13377296645194292,
        0.1321182567626238,
        0.1364219719544053,
        0.1313323462381959,
        0.1331493714824319,
        0.1362629011273384,
        0.1406770208850503,
        0.14398785401135683,
        0.1432546740397811,
        0.14084853138774633,
        0.14428793173283339,
        0.1439784662798047,
        0.14289860054850578
    ],
    "val_mcc": [
        0.3959251908590267,
        0.7964766161036996,
        0.7964766161036996,
        0.7933632757799682,
        0.8650936924831861,
        0.8655172413793103,
        0.8650936924831861,
        0.8655172413793103,
        0.8655172413793103,
        0.8655172413793103,
        0.8655172413793103,
        0.8655172413793103,
        0.8655172413793103,
        0.9327379053088816,
        0.9327379053088816,
        0.9327379053088816,
        0.9327379053088816,
        0.9327379053088816,
        0.9327379053088816,
        0.9327379053088816,
        0.9327379053088816,
        0.9327379053088816,
        0.9327379053088816,
        0.9327379053088816,
        0.9327379053088816,
        0.9327379053088816,
        0.9327379053088816,
        0.9327379053088816,
        0.9327379053088816,
        0.9327379053088816,
        0.9327379053088816,
        0.9327379053088816,
        0.9327379053088816,
        0.9327379053088816,
        0.9327379053088816,
        0.9327379053088816,
        0.9327379053088816,
        0.9327379053088816,
        0.9327379053088816,
        0.9327379053088816,
        0.9327379053088816,
        0.9327379053088816,
        0.9327379053088816,
        0.9327379053088816,
        0.9327379053088816,
        0.9327379053088816,
        0.9327379053088816,
        0.9327379053088816,
        0.9327379053088816,
        0.9327379053088816
    ],
    "val_auroc": [
        0.9379310344827585,
        0.9379310344827585,
        0.9482758620689655,
        0.9551724137931035,
        0.9724137931034483,
        0.9827586206896552,
        0.9827586206896552,
        0.993103448275862,
        0.993103448275862,
        0.996551724137931,
        0.996551724137931,
        0.996551724137931,
        0.996551724137931,
        0.996551724137931,
        0.993103448275862,
        0.996551724137931,
        0.996551724137931,
        0.993103448275862,
        0.993103448275862,
        0.993103448275862,
        0.993103448275862,
        0.993103448275862,
        0.996551724137931,
        0.996551724137931,
        0.996551724137931,
        0.996551724137931,
        0.996551724137931,
        0.996551724137931,
        0.996551724137931,
        0.996551724137931,
        0.996551724137931,
        0.996551724137931,
        0.993103448275862,
        0.993103448275862,
        0.993103448275862,
        0.993103448275862,
        0.993103448275862,
        0.993103448275862,
        0.993103448275862,
        0.993103448275862,
        0.993103448275862,
        0.993103448275862,
        0.993103448275862,
        0.993103448275862,
        0.993103448275862,
        0.993103448275862,
        0.993103448275862,
        0.993103448275862,
        0.993103448275862,
        0.993103448275862
    ]
}