{
    "train_loss": [
        0.5434387177228928,
        0.3704859409481287,
        0.2905652653425932,
        0.22121820226311684,
        0.15822340734302998,
        0.11632462125271559,
        0.0760568487457931,
        0.04996093641966581,
        0.03281523543410003,
        0.02110067242756486,
        0.01521906501147896,
        0.011464788462035358,
        0.009228745417203754,
        0.007582510006614029,
        0.0064361695549450815,
        0.005762834683991969,
        0.0048952151264529675,
        0.004412674519699067,
        0.004029996664030477,
        0.0036857336526736617,
        0.0032975439389701933,
        0.003048286569537595,
        0.0028213715122547,
        0.00258691722410731,
        0.0023894118785392493,
        0.0021938871504971758,
        0.002060592407360673,
        0.0019888028036803007,
        0.0018769022426567972,
        0.0017268166702706367,
        0.0016547418927075341,
        0.001523748433100991,
        0.0014512021443806589,
        0.001396914420183748,
        0.001300999239902012,
        0.0012633865626412444,
        0.0012104540510335937,
        0.0011344056547386572,
        0.0010789086882141419,
        0.0010363556502852589,
        0.0009839700505835935,
        0.0009615682502044365,
        0.0009213131706928834,
        0.0008731089983484708,
        0.0008441019017482176,
        0.0008049573443713598,
        0.0007845532090868801,
        0.0007469153351848945,
        0.0007266353641171008,
        0.0007062667209538631
    ],
    "val_loss": [
        0.4229252487421036,
        0.3780073970556259,
        0.35140644013881683,
        0.35254013538360596,
        0.34920625388622284,
        0.35795755684375763,
        0.38170409202575684,
        0.40900012850761414,
        0.4104144871234894,
        0.42670467495918274,
        0.43417492508888245,
        0.4393473267555237,
        0.44912850856781006,
        0.4568115919828415,
        0.4611319601535797,
        0.47007516026496887,
        0.48152825236320496,
        0.4893801063299179,
        0.493574395775795,
        0.49602010846138,
        0.5023397207260132,
        0.5076012462377548,
        0.5123765915632248,
        0.5167210400104523,
        0.5216058045625687,
        0.5259427726268768,
        0.530382052063942,
        0.5349877178668976,
        0.539642259478569,
        0.5448354631662369,
        0.5486732721328735,
        0.5526701509952545,
        0.5569243282079697,
        0.5607627332210541,
        0.5641361474990845,
        0.5676056742668152,
        0.5704028010368347,
        0.5740558207035065,
        0.5773292481899261,
        0.5802972614765167,
        0.583139181137085,
        0.5864420831203461,
        0.5892115235328674,
        0.5922471880912781,
        0.5953471660614014,
        0.5984052121639252,
        0.6013690829277039,
        0.6037339270114899,
        0.6060910224914551,
        0.6082634627819061
    ],
    "val_mcc": [
        0.5771335508376638,
        0.6133923594201466,
        0.7041053139822809,
        0.7359307359307359,
        0.801948051948052,
        0.7361174128087679,
        0.6695942095771606,
        0.6695942095771606,
        0.7025010124044243,
        0.7025010124044243,
        0.7025010124044243,
        0.7359307359307359,
        0.7025010124044243,
        0.7025010124044243,
        0.7025010124044243,
        0.7359307359307359,
        0.7025010124044243,
        0.7359307359307359,
        0.7359307359307359,
        0.7359307359307359,
        0.7359307359307359,
        0.7359307359307359,
        0.7359307359307359,
        0.7359307359307359,
        0.7359307359307359,
        0.7359307359307359,
        0.7359307359307359,
        0.7359307359307359,
        0.7359307359307359,
        0.7359307359307359,
        0.7359307359307359,
        0.7359307359307359,
        0.7359307359307359,
        0.7359307359307359,
        0.7359307359307359,
        0.7359307359307359,
        0.7359307359307359,
        0.7359307359307359,
        0.7359307359307359,
        0.7359307359307359,
        0.7359307359307359,
        0.7359307359307359,
        0.7359307359307359,
        0.7359307359307359,
        0.7359307359307359,
        0.7359307359307359,
        0.7359307359307359,
        0.7359307359307359,
        0.7359307359307359,
        0.7359307359307359
    ],
    "val_auroc": [
        0.9101731601731602,
        0.9285714285714285,
        0.9264069264069265,
        0.9220779220779222,
        0.9220779220779222,
        0.9188311688311689,
        0.9101731601731602,
        0.9080086580086579,
        0.91991341991342,
        0.9101731601731602,
        0.9134199134199135,
        0.9166666666666667,
        0.9177489177489178,
        0.9155844155844156,
        0.9166666666666667,
        0.9166666666666667,
        0.9155844155844156,
        0.9155844155844156,
        0.9155844155844156,
        0.9155844155844156,
        0.9155844155844156,
        0.9166666666666667,
        0.9166666666666667,
        0.9177489177489178,
        0.9177489177489178,
        0.9177489177489178,
        0.9166666666666667,
        0.9155844155844156,
        0.9145021645021646,
        0.9145021645021646,
        0.9145021645021646,
        0.9145021645021646,
        0.9145021645021646,
        0.9145021645021646,
        0.9145021645021646,
        0.9145021645021646,
        0.9145021645021646,
        0.9145021645021646,
        0.9145021645021646,
        0.9145021645021646,
        0.9145021645021646,
        0.9145021645021646,
        0.9145021645021646,
        0.9145021645021646,
        0.9145021645021646,
        0.9145021645021646,
        0.9145021645021646,
        0.9145021645021646,
        0.9145021645021646,
        0.9134199134199135
    ]
}