{
    "train_loss": [
        0.5773792490363121,
        0.3578014224767685,
        0.2656246144324541,
        0.20321181416511536,
        0.14499808102846146,
        0.09633358009159565,
        0.06289912294596434,
        0.040071420604363084,
        0.02619925350882113,
        0.017725615645758808,
        0.013059879885986447,
        0.009628736297599971,
        0.007822390121873468,
        0.006505097495391965,
        0.0055035685654729605,
        0.004783805430633947,
        0.0043342228746041656,
        0.003842529346002266,
        0.0033773587783798575,
        0.0031224157428368926,
        0.0028650219028349966,
        0.0025829060468822718,
        0.002387002663454041,
        0.002211515966337174,
        0.002066562417894602,
        0.001941466543939896,
        0.0018238729535369202,
        0.0016981513908831403,
        0.001603391268872656,
        0.0015376783994724974,
        0.0014375220198417082,
        0.001363981849863194,
        0.0012927169736940414,
        0.0012455670366762206,
        0.0011630557492026128,
        0.0011284304928267375,
        0.0010739896533777937,
        0.001009638413961511,
        0.0009759840031620115,
        0.000919727302971296,
        0.0008961571220424958,
        0.0008513581924489699,
        0.0008166873230948113,
        0.0007903446457930841,
        0.0007605811988469213,
        0.0007251623101183213,
        0.0007053015579003841,
        0.0006813368963776156,
        0.0006545626965817064,
        0.0006376918317982927
    ],
    "val_loss": [
        0.461824432015419,
        0.39537812769412994,
        0.39122791588306427,
        0.4168054908514023,
        0.43031133711338043,
        0.45414452254772186,
        0.46240630745887756,
        0.4846697449684143,
        0.5074345618486404,
        0.5236012041568756,
        0.5369923412799835,
        0.5557503402233124,
        0.5731051117181778,
        0.5905501842498779,
        0.6014781892299652,
        0.6139677166938782,
        0.6245254278182983,
        0.634019061923027,
        0.6407123804092407,
        0.6475866585969925,
        0.6574157625436783,
        0.6663737148046494,
        0.6743110716342926,
        0.6817241311073303,
        0.6872799098491669,
        0.6946869641542435,
        0.7007769048213959,
        0.7075227946043015,
        0.7129051387310028,
        0.7180589139461517,
        0.7233824729919434,
        0.7286671102046967,
        0.7338416576385498,
        0.7392168045043945,
        0.7438619434833527,
        0.7499199211597443,
        0.7546509504318237,
        0.7596973776817322,
        0.7648229598999023,
        0.7692185640335083,
        0.7737503349781036,
        0.7786670625209808,
        0.7832212448120117,
        0.7873261272907257,
        0.7910791635513306,
        0.7946666479110718,
        0.7986080050468445,
        0.8026253879070282,
        0.8064069747924805,
        0.8104890584945679
    ],
    "val_mcc": [
        0.6324555320336759,
        0.6651836553993731,
        0.6651836553993731,
        0.7002186247515697,
        0.6651836553993731,
        0.7002186247515697,
        0.7002186247515697,
        0.7002186247515697,
        0.7002186247515697,
        0.7002186247515697,
        0.7002186247515697,
        0.6651836553993731,
        0.6651836553993731,
        0.6651836553993731,
        0.6651836553993731,
        0.6651836553993731,
        0.6651836553993731,
        0.6651836553993731,
        0.6651836553993731,
        0.6651836553993731,
        0.6651836553993731,
        0.6651836553993731,
        0.6651836553993731,
        0.6651836553993731,
        0.6651836553993731,
        0.6651836553993731,
        0.6651836553993731,
        0.6651836553993731,
        0.6651836553993731,
        0.6651836553993731,
        0.6651836553993731,
        0.6651836553993731,
        0.6651836553993731,
        0.6651836553993731,
        0.6651836553993731,
        0.6651836553993731,
        0.6651836553993731,
        0.6651836553993731,
        0.6651836553993731,
        0.6651836553993731,
        0.6651836553993731,
        0.6651836553993731,
        0.6651836553993731,
        0.6651836553993731,
        0.6651836553993731,
        0.6651836553993731,
        0.6651836553993731,
        0.6651836553993731,
        0.6651836553993731,
        0.6651836553993731
    ],
    "val_auroc": [
        0.8727678571428572,
        0.9140625,
        0.9095982142857142,
        0.8984375,
        0.8995535714285714,
        0.890625,
        0.9017857142857143,
        0.9095982142857143,
        0.9107142857142857,
        0.9095982142857142,
        0.9129464285714286,
        0.9129464285714285,
        0.9129464285714286,
        0.9140625,
        0.9140625,
        0.9129464285714286,
        0.9162946428571428,
        0.9151785714285714,
        0.9140625,
        0.9162946428571428,
        0.9185267857142857,
        0.9185267857142857,
        0.9185267857142857,
        0.9174107142857142,
        0.9185267857142857,
        0.9196428571428572,
        0.9196428571428572,
        0.9185267857142857,
        0.9185267857142857,
        0.9185267857142857,
        0.9174107142857143,
        0.9174107142857143,
        0.9151785714285715,
        0.9151785714285715,
        0.9151785714285715,
        0.9151785714285715,
        0.9151785714285715,
        0.9151785714285715,
        0.9151785714285715,
        0.9151785714285715,
        0.9162946428571429,
        0.9162946428571429,
        0.9162946428571429,
        0.9162946428571429,
        0.9162946428571429,
        0.9162946428571429,
        0.9162946428571429,
        0.9162946428571429,
        0.9162946428571429,
        0.9162946428571429
    ]
}