{
    "train_loss": [
        0.5559729561209679,
        0.3552574198693037,
        0.2793414182960987,
        0.18544382974505424,
        0.13585695810616016,
        0.08543533459305763,
        0.053592311684042215,
        0.03632248006761074,
        0.024920032359659672,
        0.017283390508964658,
        0.0129586320836097,
        0.009916589711792767,
        0.008006727963220328,
        0.0066748723038472235,
        0.005750856944359839,
        0.004961095051839948,
        0.004358402220532298,
        0.0039160272281151265,
        0.0035114552883896977,
        0.003173129865899682,
        0.0028437410364858806,
        0.0026425147079862654,
        0.0024328165454789996,
        0.002235784224467352,
        0.0020529529865598306,
        0.0019426976068643853,
        0.0018327873694943264,
        0.0017081764090107754,
        0.001615040746401064,
        0.0015199117769952863,
        0.0014658766885986552,
        0.001353035811916925,
        0.001261184792383574,
        0.0012295455671846867,
        0.001164089517260436,
        0.0011020309757441282,
        0.0010484377489774488,
        0.0010347536226618104,
        0.0009554984862916172,
        0.0009178236941806972,
        0.0008824631440802477,
        0.0008521935960743576,
        0.0008464663987979293,
        0.0007779059815220535,
        0.0007389225283986889,
        0.0007367317157331854,
        0.0007029198750387877,
        0.00067293531174073,
        0.0006575313163921237,
        0.000626816792646423
    ],
    "val_loss": [
        0.4311368316411972,
        0.36324337124824524,
        0.3467966169118881,
        0.3497436195611954,
        0.36220091581344604,
        0.3672752380371094,
        0.3645085394382477,
        0.3770465701818466,
        0.39063660800457,
        0.38656526803970337,
        0.3933843672275543,
        0.3994661569595337,
        0.4058949649333954,
        0.41268621385097504,
        0.4195197522640228,
        0.4215702712535858,
        0.42525702714920044,
        0.42952269315719604,
        0.4325489401817322,
        0.4362877309322357,
        0.4402354955673218,
        0.4432518482208252,
        0.4467241168022156,
        0.4502021074295044,
        0.4532947987318039,
        0.4556999206542969,
        0.46032941341400146,
        0.4631282389163971,
        0.4662626087665558,
        0.46949702501296997,
        0.4717566967010498,
        0.47485916316509247,
        0.4770083427429199,
        0.4787972867488861,
        0.4811265766620636,
        0.48310035467147827,
        0.48573721945285797,
        0.4879629909992218,
        0.49115514755249023,
        0.4932119995355606,
        0.4949129670858383,
        0.4973670244216919,
        0.4998774230480194,
        0.5023119151592255,
        0.5044504255056381,
        0.5066781342029572,
        0.5086635500192642,
        0.5100419819355011,
        0.5115372538566589,
        0.5129645019769669
    ],
    "val_mcc": [
        0.673142683593836,
        0.7745455878531639,
        0.7745455878531639,
        0.7041053139822809,
        0.7041053139822809,
        0.6695942095771606,
        0.7361174128087679,
        0.7040083136069528,
        0.7040083136069528,
        0.7040083136069528,
        0.7040083136069528,
        0.7040083136069528,
        0.7040083136069528,
        0.7040083136069528,
        0.7040083136069528,
        0.7361174128087679,
        0.7361174128087679,
        0.7361174128087679,
        0.7040083136069528,
        0.7040083136069528,
        0.7040083136069528,
        0.7040083136069528,
        0.7040083136069528,
        0.7040083136069528,
        0.7040083136069528,
        0.7040083136069528,
        0.7040083136069528,
        0.7040083136069528,
        0.7040083136069528,
        0.7040083136069528,
        0.7040083136069528,
        0.7040083136069528,
        0.7040083136069528,
        0.7040083136069528,
        0.7040083136069528,
        0.7040083136069528,
        0.7040083136069528,
        0.7040083136069528,
        0.7040083136069528,
        0.7040083136069528,
        0.7040083136069528,
        0.7040083136069528,
        0.7040083136069528,
        0.7040083136069528,
        0.7040083136069528,
        0.7040083136069528,
        0.7040083136069528,
        0.7040083136069528,
        0.7040083136069528,
        0.7040083136069528
    ],
    "val_auroc": [
        0.9145021645021645,
        0.9177489177489178,
        0.9253246753246753,
        0.920995670995671,
        0.9123376623376623,
        0.9188311688311688,
        0.9242424242424243,
        0.9242424242424242,
        0.9231601731601732,
        0.9242424242424243,
        0.9242424242424243,
        0.9264069264069263,
        0.9253246753246753,
        0.9253246753246753,
        0.9253246753246753,
        0.9253246753246753,
        0.9253246753246753,
        0.9253246753246753,
        0.9253246753246753,
        0.9264069264069263,
        0.9264069264069263,
        0.9264069264069263,
        0.9274891774891775,
        0.9264069264069263,
        0.9274891774891775,
        0.9274891774891775,
        0.9264069264069263,
        0.9264069264069263,
        0.9264069264069263,
        0.9264069264069263,
        0.9264069264069263,
        0.9253246753246752,
        0.9274891774891776,
        0.9264069264069265,
        0.9274891774891776,
        0.9274891774891776,
        0.9264069264069265,
        0.9264069264069265,
        0.9264069264069265,
        0.9264069264069265,
        0.9264069264069265,
        0.9264069264069265,
        0.9253246753246752,
        0.9253246753246752,
        0.9242424242424242,
        0.9242424242424242,
        0.9242424242424242,
        0.9242424242424242,
        0.9242424242424242,
        0.9242424242424242
    ]
}