{
    "train_loss": [
        0.5462672188878059,
        0.3255070485174656,
        0.23966640792787075,
        0.1570551199838519,
        0.1054176613688469,
        0.08025818364694715,
        0.04944603540934622,
        0.03509278013370931,
        0.027095965575426817,
        0.019894028431735933,
        0.014818228897638619,
        0.01191448385361582,
        0.008964838401880115,
        0.00762332120211795,
        0.0063073675846681,
        0.005399376910645515,
        0.004588461568346247,
        0.0039928853220772,
        0.003463166853180155,
        0.003320750896818936,
        0.0028743820439558476,
        0.0025563882663846016,
        0.0023426349798683077,
        0.00222216073598247,
        0.001978433720069006,
        0.0018871044885599986,
        0.00179163423308637,
        0.00165479356655851,
        0.0015086831845110282,
        0.001438436025637202,
        0.0013840390311088413,
        0.0012729440204566345,
        0.0012094792764401063,
        0.0011405366894905455,
        0.00111378535075346,
        0.0010390055176685564,
        0.0010360164524172433,
        0.000952817135839723,
        0.0009048165811691433,
        0.0008631119271740317,
        0.0008293548307847232,
        0.0007967320052557625,
        0.0007688984915148467,
        0.0007474982776329853,
        0.0007121604503481649,
        0.0006876951156300493,
        0.0006788655009586364,
        0.0006486310376203619,
        0.0006187697617860977,
        0.0005972622820991091
    ],
    "val_loss": [
        0.47196733951568604,
        0.4565153121948242,
        0.48707590997219086,
        0.522480234503746,
        0.5518342405557632,
        0.5937940776348114,
        0.6199687421321869,
        0.6691116988658905,
        0.7099452912807465,
        0.7302828729152679,
        0.7524186074733734,
        0.7711334526538849,
        0.7839444279670715,
        0.7996212244033813,
        0.8159923851490021,
        0.8342945873737335,
        0.8502805233001709,
        0.8652081787586212,
        0.8771152794361115,
        0.8887970149517059,
        0.9018171727657318,
        0.9116366505622864,
        0.9205082356929779,
        0.9276427924633026,
        0.9373435974121094,
        0.9469194710254669,
        0.9547057449817657,
        0.9626739621162415,
        0.9710833132266998,
        0.9791728258132935,
        0.9854049682617188,
        0.9918900728225708,
        0.9980134963989258,
        1.0046660006046295,
        1.0111306607723236,
        1.017567664384842,
        1.023482620716095,
        1.0285032093524933,
        1.0338298082351685,
        1.0389616191387177,
        1.0448590815067291,
        1.0502248406410217,
        1.0557112395763397,
        1.0605566799640656,
        1.0655987560749054,
        1.070301592350006,
        1.0745830535888672,
        1.0792659521102905,
        1.0840339362621307,
        1.0886964797973633
    ],
    "val_mcc": [
        0.5702248022984665,
        0.5723555466420381,
        0.5723555466420381,
        0.5723555466420381,
        0.5723555466420381,
        0.5723555466420381,
        0.5723555466420381,
        0.541534658916836,
        0.541534658916836,
        0.5771335508376638,
        0.5771335508376638,
        0.5771335508376638,
        0.5771335508376638,
        0.5771335508376638,
        0.5771335508376638,
        0.5771335508376638,
        0.5771335508376638,
        0.5771335508376638,
        0.5771335508376638,
        0.5771335508376638,
        0.5771335508376638,
        0.5771335508376638,
        0.5771335508376638,
        0.5771335508376638,
        0.5771335508376638,
        0.5771335508376638,
        0.5771335508376638,
        0.5771335508376638,
        0.5771335508376638,
        0.5771335508376638,
        0.5771335508376638,
        0.5771335508376638,
        0.5771335508376638,
        0.5771335508376638,
        0.5771335508376638,
        0.5771335508376638,
        0.5771335508376638,
        0.607338671255336,
        0.607338671255336,
        0.607338671255336,
        0.607338671255336,
        0.607338671255336,
        0.607338671255336,
        0.607338671255336,
        0.607338671255336,
        0.607338671255336,
        0.607338671255336,
        0.607338671255336,
        0.607338671255336,
        0.607338671255336
    ],
    "val_auroc": [
        0.8733766233766234,
        0.8712121212121212,
        0.8658008658008658,
        0.8636363636363636,
        0.8658008658008658,
        0.8636363636363636,
        0.8517316017316017,
        0.8495670995670996,
        0.8517316017316017,
        0.8506493506493507,
        0.8495670995670996,
        0.8495670995670995,
        0.8506493506493507,
        0.8506493506493507,
        0.8538961038961039,
        0.8528138528138528,
        0.854978354978355,
        0.854978354978355,
        0.8560606060606061,
        0.8571428571428572,
        0.8571428571428571,
        0.8582251082251082,
        0.8571428571428571,
        0.8571428571428571,
        0.8571428571428571,
        0.8603896103896104,
        0.8603896103896104,
        0.8582251082251082,
        0.8603896103896104,
        0.8582251082251082,
        0.8582251082251082,
        0.8582251082251082,
        0.8582251082251082,
        0.8582251082251082,
        0.8582251082251082,
        0.8582251082251082,
        0.8593073593073594,
        0.8603896103896104,
        0.8609307359307359,
        0.8603896103896105,
        0.8603896103896105,
        0.8603896103896105,
        0.8603896103896105,
        0.8603896103896105,
        0.8603896103896105,
        0.8603896103896105,
        0.8593073593073592,
        0.8587662337662338,
        0.8582251082251082,
        0.8593073593073592
    ]
}