{
    "train_loss": [
        0.5642989687621593,
        0.34137716609984636,
        0.2796494197100401,
        0.20818896032869816,
        0.14940906129777431,
        0.10327588161453605,
        0.06378613924607635,
        0.044556277338415384,
        0.027650591218844056,
        0.018437169608660042,
        0.013013027899432927,
        0.009999143308959901,
        0.00793238333426416,
        0.00647447380470112,
        0.005612866720184684,
        0.004797161091119051,
        0.004357646481366828,
        0.0037845235783606768,
        0.0033635817817412317,
        0.003074465988902375,
        0.0027998396544717252,
        0.0025316386600025,
        0.0023193840170279145,
        0.002143865844118409,
        0.0019827173091471195,
        0.0018586502555990592,
        0.0017255139100598171,
        0.0016743728338042274,
        0.0015277641650754958,
        0.0014575085224350914,
        0.0013587086577899754,
        0.0012814078509109095,
        0.001237613701960072,
        0.0011605875770328566,
        0.001095077044737991,
        0.0010452686110511422,
        0.0010009307879954576,
        0.0009632347137085162,
        0.0009278820434701629,
        0.0008776924150879495,
        0.0008464708807878196,
        0.0007986950004124083,
        0.0007707194235990755,
        0.0007502449152525514,
        0.0007150920500862412,
        0.0006871490113553591,
        0.000660751829855144,
        0.000645833439193666,
        0.0006138731696410105,
        0.0005920584480918478
    ],
    "val_loss": [
        0.47330787777900696,
        0.42961345613002777,
        0.43334002792835236,
        0.41820256412029266,
        0.45050691068172455,
        0.457160085439682,
        0.47482676804065704,
        0.4992818385362625,
        0.5024602711200714,
        0.531173974275589,
        0.5638314783573151,
        0.5812182426452637,
        0.5938812792301178,
        0.603505402803421,
        0.6123445332050323,
        0.6236389577388763,
        0.6336222589015961,
        0.6392104923725128,
        0.6480571329593658,
        0.654659628868103,
        0.6626726388931274,
        0.6704834699630737,
        0.6759343147277832,
        0.6828462481498718,
        0.6889412999153137,
        0.6948252618312836,
        0.7003208994865417,
        0.7058118581771851,
        0.7120107412338257,
        0.7165651023387909,
        0.7222467660903931,
        0.727581262588501,
        0.7325396239757538,
        0.7369712293148041,
        0.7417780756950378,
        0.7467085421085358,
        0.7511495351791382,
        0.7552213072776794,
        0.7597471177577972,
        0.7638707160949707,
        0.7681609094142914,
        0.772172212600708,
        0.7762694358825684,
        0.7797313332557678,
        0.7834786474704742,
        0.7871722877025604,
        0.7914127707481384,
        0.7951053380966187,
        0.7985644042491913,
        0.8023121654987335
    ],
    "val_mcc": [
        0.6000059924121083,
        0.6312279884865479,
        0.6067099699809587,
        0.6632996632996633,
        0.6067099699809587,
        0.5959595959595959,
        0.6000059924121083,
        0.5695214286468868,
        0.6000059924121083,
        0.5695214286468868,
        0.5695214286468868,
        0.5695214286468868,
        0.5695214286468868,
        0.5695214286468868,
        0.5695214286468868,
        0.5695214286468868,
        0.5695214286468868,
        0.5695214286468868,
        0.5695214286468868,
        0.5695214286468868,
        0.5695214286468868,
        0.5695214286468868,
        0.5695214286468868,
        0.5695214286468868,
        0.5695214286468868,
        0.5695214286468868,
        0.5695214286468868,
        0.5695214286468868,
        0.6000059924121083,
        0.6000059924121083,
        0.6000059924121083,
        0.6000059924121083,
        0.6000059924121083,
        0.6000059924121083,
        0.6000059924121083,
        0.6000059924121083,
        0.6000059924121083,
        0.6000059924121083,
        0.6000059924121083,
        0.6000059924121083,
        0.6000059924121083,
        0.6000059924121083,
        0.6000059924121083,
        0.6000059924121083,
        0.6000059924121083,
        0.6000059924121083,
        0.6000059924121083,
        0.6000059924121083,
        0.6000059924121083,
        0.6000059924121083
    ],
    "val_auroc": [
        0.8585858585858586,
        0.8832772166105499,
        0.8855218855218855,
        0.8911335578002244,
        0.8765432098765432,
        0.8810325476992144,
        0.8855218855218855,
        0.8799102132435466,
        0.8888888888888888,
        0.8866442199775533,
        0.8832772166105499,
        0.8821548821548821,
        0.8821548821548821,
        0.8843995510662177,
        0.8843995510662177,
        0.8843995510662177,
        0.8832772166105499,
        0.8843995510662177,
        0.8843995510662177,
        0.8832772166105498,
        0.8832772166105498,
        0.8832772166105498,
        0.8821548821548821,
        0.8821548821548821,
        0.8821548821548821,
        0.8810325476992142,
        0.8810325476992142,
        0.8810325476992142,
        0.8810325476992142,
        0.8810325476992142,
        0.8810325476992142,
        0.8810325476992142,
        0.8821548821548821,
        0.8821548821548821,
        0.8821548821548821,
        0.8843995510662177,
        0.8843995510662177,
        0.8832772166105499,
        0.8832772166105499,
        0.8832772166105499,
        0.8832772166105499,
        0.8832772166105499,
        0.8843995510662177,
        0.8843995510662177,
        0.8843995510662177,
        0.8855218855218855,
        0.8855218855218855,
        0.8855218855218855,
        0.8855218855218855,
        0.8855218855218855
    ]
}