{
    "train_loss": [
        0.6020039319992065,
        0.4305086173117161,
        0.31558587215840816,
        0.24542591534554958,
        0.18347411695867777,
        0.1411609873175621,
        0.10085511859506369,
        0.07107220310717821,
        0.06264607375487685,
        0.05284979334101081,
        0.1207140430342406,
        0.19478186639025807,
        0.1992996339686215,
        0.13567064236849546,
        0.06966029945760965,
        0.03001844370737672,
        0.01990220171865076,
        0.013847168709617108,
        0.010191371897235513,
        0.008131222508382052,
        0.007011087902355939,
        0.00595692012575455,
        0.0052843418379779905,
        0.004725491045974195,
        0.005000410630600527,
        0.003898407274391502,
        0.0036088292545173317,
        0.003356063418323174,
        0.0030635023140348494,
        0.0028439087618608028,
        0.0026302265760023147,
        0.0024791366595309228,
        0.0023284202470676973,
        0.002229589837952517,
        0.0020889330189675093,
        0.001985653434530832,
        0.0018955953855765983,
        0.00181164316018112,
        0.0017405290418537334,
        0.0016656717343721539,
        0.0016039861948229373,
        0.0017817118059610948,
        0.0014906429569236934,
        0.0014255585265345871,
        0.0013796679995721206,
        0.00134149708901532,
        0.0012890013240394183,
        0.00124153134674998,
        0.0012149915128247812,
        0.0011590049325604923
    ],
    "val_loss": [
        0.5302022993564606,
        0.4346153736114502,
        0.4109596908092499,
        0.411183163523674,
        0.40023142099380493,
        0.5120834410190582,
        0.5144048184156418,
        0.6506538391113281,
        0.5710337460041046,
        0.5355967581272125,
        0.6701565384864807,
        0.6345330476760864,
        0.42633186280727386,
        0.4416635185480118,
        0.4933565557003021,
        0.5396977961063385,
        0.5719884932041168,
        0.597354382276535,
        0.6011507213115692,
        0.6090069711208344,
        0.6219768226146698,
        0.6341206431388855,
        0.6457019746303558,
        0.6573696732521057,
        0.6678892374038696,
        0.676040917634964,
        0.6845522820949554,
        0.6925749182701111,
        0.6996220648288727,
        0.706242561340332,
        0.7123218774795532,
        0.7183524966239929,
        0.7238132953643799,
        0.7291618883609772,
        0.7347305119037628,
        0.7397259473800659,
        0.7452392876148224,
        0.7503121197223663,
        0.7554339170455933,
        0.7602012455463409,
        0.7648561000823975,
        0.7695425450801849,
        0.7737289369106293,
        0.7778501510620117,
        0.7819419801235199,
        0.7859115600585938,
        0.7900119721889496,
        0.7937070429325104,
        0.7974362969398499,
        0.8010566532611847
    ],
    "val_mcc": [
        0.5695214286468868,
        0.5959595959595959,
        0.5945883900105631,
        0.6632996632996633,
        0.6983799021553296,
        0.5775353766869084,
        0.667045768100612,
        0.5685352436149611,
        0.6291342872277006,
        0.6632996632996633,
        0.502518907629606,
        0.5685352436149611,
        0.6000059924121083,
        0.6963434431202348,
        0.7304943077272633,
        0.6632996632996633,
        0.6632996632996633,
        0.6625413488689132,
        0.6625413488689132,
        0.6625413488689132,
        0.6625413488689132,
        0.6625413488689132,
        0.6625413488689132,
        0.6625413488689132,
        0.6625413488689132,
        0.6625413488689132,
        0.6625413488689132,
        0.6625413488689132,
        0.6625413488689132,
        0.6625413488689132,
        0.6625413488689132,
        0.6625413488689132,
        0.6625413488689132,
        0.6625413488689132,
        0.6625413488689132,
        0.6625413488689132,
        0.6625413488689132,
        0.6625413488689132,
        0.6625413488689132,
        0.6625413488689132,
        0.6625413488689132,
        0.6625413488689132,
        0.6625413488689132,
        0.6287372835939984,
        0.6287372835939984,
        0.6287372835939984,
        0.6287372835939984,
        0.6287372835939984,
        0.6287372835939984,
        0.6287372835939984
    ],
    "val_auroc": [
        0.877665544332211,
        0.89337822671156,
        0.9034792368125701,
        0.920314253647587,
        0.9090909090909091,
        0.8698092031425364,
        0.8675645342312008,
        0.8765432098765432,
        0.8911335578002244,
        0.8731762065095399,
        0.8372615039281706,
        0.9169472502805835,
        0.9057239057239057,
        0.9057239057239057,
        0.9090909090909091,
        0.8866442199775533,
        0.8810325476992144,
        0.8877665544332211,
        0.8866442199775534,
        0.8922558922558922,
        0.8922558922558922,
        0.8945005611672278,
        0.8933782267115601,
        0.8933782267115601,
        0.8945005611672278,
        0.8933782267115601,
        0.8922558922558922,
        0.8911335578002245,
        0.8911335578002244,
        0.8911335578002244,
        0.8911335578002244,
        0.8911335578002244,
        0.8911335578002244,
        0.8900112233445567,
        0.8900112233445567,
        0.8900112233445567,
        0.8900112233445567,
        0.8888888888888888,
        0.8888888888888888,
        0.8877665544332211,
        0.8877665544332211,
        0.8877665544332211,
        0.8877665544332211,
        0.8877665544332211,
        0.8877665544332211,
        0.8877665544332211,
        0.8877665544332211,
        0.888888888888889,
        0.888888888888889,
        0.8894500561167228
    ]
}