{
    "train_loss": [
        0.6154028624296188,
        0.4382769465446472,
        0.3423674423247576,
        0.24038547277450562,
        0.16554587241262197,
        0.12453433265909553,
        0.08532298682257533,
        0.09796044370159507,
        0.067525505553931,
        0.18161634844727814,
        0.10393469082191586,
        0.06694604991935194,
        0.05619581742212176,
        0.03940376068931073,
        0.031835606903769076,
        0.02550008788239211,
        0.022362039308063686,
        0.012769568886142224,
        0.01102066517341882,
        0.008703509054612368,
        0.006820916692959145,
        0.005444598355097696,
        0.004604175250278786,
        0.0039700949273537844,
        0.0035570457112044096,
        0.0031994499440770596,
        0.002950507536297664,
        0.0027601713372860104,
        0.002569191696238704,
        0.002436060516629368,
        0.0022923123178770766,
        0.0021756873902631924,
        0.002071889059152454,
        0.0019813468534266576,
        0.0018766057182801887,
        0.0017954707145690918,
        0.001990683493204415,
        0.0016603026742814109,
        0.0015719743532827124,
        0.0015120954194571823,
        0.0014576591493096203,
        0.0014047489094082266,
        0.0013540502040996216,
        0.0015093754336703569,
        0.001258514093933627,
        0.001206509732583072,
        0.0011665893980534747,
        0.0011320532139507122,
        0.0012744308187393472,
        0.0010584004630800337
    ],
    "val_loss": [
        0.4851273447275162,
        0.38720592856407166,
        0.37532055377960205,
        0.37132933735847473,
        0.3920932859182358,
        0.49193306267261505,
        0.3945312201976776,
        0.3860553950071335,
        0.7567077577114105,
        0.4995035231113434,
        0.4591424912214279,
        0.5607404261827469,
        0.5826784819364548,
        0.5305218696594238,
        0.6745109856128693,
        0.590781569480896,
        0.5749020576477051,
        0.6554342210292816,
        0.698553740978241,
        0.6918537318706512,
        0.6822851002216339,
        0.674388974905014,
        0.6736481189727783,
        0.6808527708053589,
        0.690028727054596,
        0.6976227760314941,
        0.7044055163860321,
        0.7131356298923492,
        0.7193325459957123,
        0.7264534533023834,
        0.7327505648136139,
        0.7391667664051056,
        0.7453345060348511,
        0.7499763667583466,
        0.754020482301712,
        0.7595987915992737,
        0.7646882236003876,
        0.7698574960231781,
        0.7746328711509705,
        0.7792679965496063,
        0.7833579182624817,
        0.7880867719650269,
        0.7918685972690582,
        0.7952966690063477,
        0.7993473708629608,
        0.8031828999519348,
        0.8070393204689026,
        0.8108307123184204,
        0.8143606781959534,
        0.8183540105819702
    ],
    "val_mcc": [
        0.7679817174694635,
        0.7364853795464743,
        0.7679817174694635,
        0.7364853795464743,
        0.7326009177709311,
        0.6747699033149638,
        0.699722425727024,
        0.734968415259167,
        0.5433239299507642,
        0.6682922888477266,
        0.6324555320336759,
        0.6682922888477266,
        0.6682922888477266,
        0.6983799021553296,
        0.6682922888477266,
        0.6651785714285714,
        0.6651836553993731,
        0.6682922888477266,
        0.6682922888477266,
        0.6682922888477266,
        0.6682922888477266,
        0.6682922888477266,
        0.6682922888477266,
        0.6682922888477266,
        0.6682922888477266,
        0.6682922888477266,
        0.6682922888477266,
        0.6682922888477266,
        0.6682922888477266,
        0.6682922888477266,
        0.6682922888477266,
        0.6682922888477266,
        0.6682922888477266,
        0.6682922888477266,
        0.6682922888477266,
        0.6682922888477266,
        0.6682922888477266,
        0.6682922888477266,
        0.6682922888477266,
        0.6682922888477266,
        0.6682922888477266,
        0.6682922888477266,
        0.6682922888477266,
        0.6682922888477266,
        0.6682922888477266,
        0.6682922888477266,
        0.6682922888477266,
        0.6682922888477266,
        0.6682922888477266,
        0.6682922888477266
    ],
    "val_auroc": [
        0.9006696428571428,
        0.8939732142857142,
        0.9006696428571428,
        0.9140625,
        0.8973214285714286,
        0.9051339285714286,
        0.9129464285714286,
        0.9118303571428572,
        0.8839285714285714,
        0.8761160714285715,
        0.8895089285714286,
        0.9006696428571428,
        0.90625,
        0.8984375000000001,
        0.9140625,
        0.8794642857142858,
        0.8917410714285714,
        0.90625,
        0.9174107142857143,
        0.9140625,
        0.9107142857142857,
        0.9107142857142856,
        0.9095982142857143,
        0.9095982142857143,
        0.9095982142857144,
        0.9084821428571429,
        0.9084821428571429,
        0.9073660714285714,
        0.9073660714285715,
        0.9073660714285715,
        0.9073660714285715,
        0.9051339285714286,
        0.9040178571428572,
        0.9040178571428572,
        0.9040178571428572,
        0.9040178571428572,
        0.9040178571428572,
        0.9040178571428572,
        0.9017857142857143,
        0.9006696428571429,
        0.9006696428571429,
        0.9017857142857143,
        0.9017857142857143,
        0.9017857142857143,
        0.9017857142857143,
        0.9017857142857143,
        0.9017857142857143,
        0.9006696428571428,
        0.9012276785714285,
        0.9017857142857142
    ]
}