{
    "train_loss": [
        0.5910175032913685,
        0.4266740307211876,
        0.32749285362660885,
        0.2964434567838907,
        0.21955671347677708,
        0.16847158316522837,
        0.1521712397225201,
        0.1003717826679349,
        0.08502545114606619,
        0.07249335874803364,
        0.05250171199440956,
        0.04764824057929218,
        0.04544863128103316,
        0.060341256437823176,
        0.0764853828586638,
        0.06142085825558752,
        0.07616047433111817,
        0.027856601169332862,
        0.012821405660361052,
        0.009567112487275153,
        0.006533693114761263,
        0.005961817165371031,
        0.004465525649720803,
        0.003813846822595224,
        0.0034678977681323886,
        0.0031392424425575882,
        0.0027457266696728766,
        0.0025319263513665646,
        0.002333493554033339,
        0.002191074672737159,
        0.002011390883126296,
        0.0018914714746642858,
        0.0018103036272805184,
        0.0016709508054191247,
        0.001569909232784994,
        0.001484431093558669,
        0.0014154790405882522,
        0.0013468321558320895,
        0.0013194266066420823,
        0.0012257903144927695,
        0.0011981940770056099,
        0.0011180837318534032,
        0.0011192627134732902,
        0.0010318201093468815,
        0.0009910550361382775,
        0.0009753194535733201,
        0.0009157797976513393,
        0.0009239183345925994,
        0.0008509755425620824,
        0.0008206782149500214
    ],
    "val_loss": [
        0.4613570421934128,
        0.39064161479473114,
        0.38792872428894043,
        0.41726548969745636,
        0.3660189360380173,
        0.43760693073272705,
        0.4124682694673538,
        0.4087202399969101,
        0.36976777017116547,
        0.4201529920101166,
        0.41912879049777985,
        0.48407793045043945,
        0.49174125492572784,
        0.45572713017463684,
        0.5487913936376572,
        0.5041241943836212,
        0.434020534157753,
        0.4456535577774048,
        0.4813789278268814,
        0.5246581137180328,
        0.558414489030838,
        0.5655960440635681,
        0.5663563907146454,
        0.5699256062507629,
        0.573987752199173,
        0.5789225399494171,
        0.5827888548374176,
        0.5873470306396484,
        0.5912003517150879,
        0.5950822830200195,
        0.5995173454284668,
        0.6031872630119324,
        0.6071574091911316,
        0.6110377311706543,
        0.6145099997520447,
        0.6177980005741119,
        0.6210611164569855,
        0.6240167617797852,
        0.6266992092132568,
        0.6297435462474823,
        0.6325770318508148,
        0.6356794536113739,
        0.6386231184005737,
        0.64140185713768,
        0.6442212760448456,
        0.6469868719577789,
        0.6497558355331421,
        0.6525396406650543,
        0.6550773084163666,
        0.6574850082397461
    ],
    "val_mcc": [
        0.7745455878531639,
        0.7451421267603893,
        0.6608698550549827,
        0.7164502164502164,
        0.7041053139822809,
        0.7088392059568465,
        0.7164502164502164,
        0.7025010124044243,
        0.738946695932336,
        0.7359307359307359,
        0.7041053139822809,
        0.7041053139822809,
        0.738946695932336,
        0.7745455878531639,
        0.7396603423852208,
        0.673142683593836,
        0.7361174128087679,
        0.7745455878531639,
        0.7041053139822809,
        0.7087415755146639,
        0.7087415755146639,
        0.7087415755146639,
        0.738946695932336,
        0.7041053139822809,
        0.7041053139822809,
        0.7041053139822809,
        0.7041053139822809,
        0.7041053139822809,
        0.7041053139822809,
        0.7041053139822809,
        0.7041053139822809,
        0.7041053139822809,
        0.7041053139822809,
        0.7041053139822809,
        0.7041053139822809,
        0.7041053139822809,
        0.7041053139822809,
        0.7041053139822809,
        0.7041053139822809,
        0.7041053139822809,
        0.7041053139822809,
        0.7041053139822809,
        0.7041053139822809,
        0.7041053139822809,
        0.7041053139822809,
        0.7041053139822809,
        0.7041053139822809,
        0.7041053139822809,
        0.7041053139822809,
        0.7041053139822809
    ],
    "val_auroc": [
        0.9134199134199135,
        0.9199134199134199,
        0.918831168831169,
        0.9123376623376623,
        0.9220779220779222,
        0.9296536796536796,
        0.906926406926407,
        0.9090909090909092,
        0.8993506493506493,
        0.9025974025974026,
        0.8971861471861472,
        0.9036796536796536,
        0.9069264069264069,
        0.8993506493506493,
        0.8863636363636364,
        0.8906926406926408,
        0.9123376623376623,
        0.922077922077922,
        0.9166666666666667,
        0.9155844155844155,
        0.9231601731601732,
        0.9296536796536796,
        0.9296536796536796,
        0.9285714285714286,
        0.9274891774891775,
        0.9285714285714286,
        0.9274891774891775,
        0.9274891774891775,
        0.9264069264069265,
        0.9274891774891775,
        0.9274891774891775,
        0.9274891774891775,
        0.9285714285714285,
        0.9274891774891775,
        0.9274891774891775,
        0.9274891774891775,
        0.9274891774891775,
        0.9274891774891775,
        0.9274891774891775,
        0.9264069264069263,
        0.9264069264069263,
        0.9264069264069263,
        0.9274891774891775,
        0.9274891774891776,
        0.9274891774891775,
        0.9274891774891775,
        0.9274891774891775,
        0.9274891774891775,
        0.9285714285714286,
        0.9285714285714286
    ]
}