{
    "train_loss": [
        0.60502889752388,
        0.4158661812543869,
        0.3178696148097515,
        0.21854322217404842,
        0.19199755415320396,
        0.12613546382635832,
        0.10040173563174903,
        0.09722985117696226,
        0.08854012773372233,
        0.061143605737015605,
        0.0460176442284137,
        0.03869145456701517,
        0.03580751165281981,
        0.0293497423408553,
        0.02948114334139973,
        0.04117143456824124,
        0.019203878357075155,
        0.030972496839240193,
        0.0353727571782656,
        0.01030483574140817,
        0.020104287075810134,
        0.018981674686074257,
        0.0371385239996016,
        0.015152037260122597,
        0.015135121182538569,
        0.030543166823918,
        0.018924294912721962,
        0.022155838611070067,
        0.030158309498801827,
        0.0477460902184248,
        0.048548006714554504,
        0.06309944164240733,
        0.037126176815945655,
        0.046397835307288915,
        0.012767847045324743,
        0.009260646533221006,
        0.00378911747247912,
        0.00284453495987691,
        0.0023278310691239312,
        0.0019472337735351175,
        0.0017235330305993557,
        0.0015988142404239625,
        0.0014422800595639274,
        0.0013556804042309523,
        0.0012725516135105863,
        0.0012151974224252626,
        0.0011649593725451268,
        0.001111271274567116,
        0.0010628044910845347,
        0.0010309584831702523
    ],
    "val_loss": [
        0.4558708965778351,
        0.4003368616104126,
        0.434847354888916,
        0.4496155083179474,
        0.4700920134782791,
        0.44610050320625305,
        0.5453212559223175,
        0.5080879926681519,
        0.5402224361896515,
        0.3839084804058075,
        0.49647364020347595,
        0.48045632243156433,
        0.5879168510437012,
        0.6385711133480072,
        0.6637571454048157,
        0.4722626209259033,
        0.7207069098949432,
        0.5705465972423553,
        0.7139586061239243,
        0.5993611961603165,
        0.82096067070961,
        0.7018656134605408,
        0.5949395298957825,
        0.8906198740005493,
        0.8205378949642181,
        0.9219492375850677,
        0.7075915932655334,
        0.7831505835056305,
        0.7388195991516113,
        0.9511761963367462,
        0.568594679236412,
        0.5517247766256332,
        0.6911343783140182,
        0.6413693130016327,
        0.8224689066410065,
        0.9089826345443726,
        0.9966452717781067,
        1.0123232007026672,
        1.0247299671173096,
        1.0334822535514832,
        1.0410354137420654,
        1.048060119152069,
        1.0526925921440125,
        1.0573464035987854,
        1.0612397193908691,
        1.0652347207069397,
        1.0681316554546356,
        1.070598989725113,
        1.0738927721977234,
        1.0761941075325012
    ],
    "val_mcc": [
        0.7687337199108693,
        0.6723181321083574,
        0.673142683593836,
        0.6883858452309196,
        0.6409597843503038,
        0.6338267994779108,
        0.6608698550549827,
        0.6699134199134199,
        0.6883858452309196,
        0.7745455878531639,
        0.7164502164502164,
        0.7359307359307359,
        0.6504329004329005,
        0.6723181321083574,
        0.6883858452309196,
        0.6695942095771606,
        0.6608698550549827,
        0.6409597843503038,
        0.6883858452309196,
        0.6382304303121595,
        0.5844155844155844,
        0.6792672430902679,
        0.7041053139822809,
        0.5559204302180297,
        0.607338671255336,
        0.5475174757500252,
        0.7273930582865898,
        0.6883858452309196,
        0.541534658916836,
        0.6487492261740054,
        0.6792672430902679,
        0.6504329004329005,
        0.6504329004329005,
        0.6429375631761639,
        0.607183863152047,
        0.5669350438236677,
        0.5278234485917683,
        0.5475174757500252,
        0.5475174757500252,
        0.5475174757500252,
        0.5475174757500252,
        0.5475174757500252,
        0.5475174757500252,
        0.5475174757500252,
        0.5475174757500252,
        0.5475174757500252,
        0.5475174757500252,
        0.5475174757500252,
        0.5475174757500252,
        0.5475174757500252
    ],
    "val_auroc": [
        0.9415584415584416,
        0.9231601731601732,
        0.8961038961038961,
        0.9069264069264069,
        0.9058441558441559,
        0.8993506493506495,
        0.8831168831168832,
        0.8971861471861472,
        0.9069264069264069,
        0.9145021645021645,
        0.9155844155844156,
        0.9069264069264069,
        0.8798701298701299,
        0.8917748917748918,
        0.8831168831168832,
        0.9231601731601731,
        0.9036796536796537,
        0.9199134199134199,
        0.9188311688311688,
        0.9101731601731602,
        0.8874458874458875,
        0.8906926406926406,
        0.8982683982683983,
        0.8885281385281385,
        0.8863636363636364,
        0.8582251082251082,
        0.8787878787878787,
        0.8733766233766234,
        0.8582251082251081,
        0.8712121212121212,
        0.9188311688311688,
        0.9264069264069263,
        0.9188311688311688,
        0.9199134199134198,
        0.8917748917748918,
        0.8896103896103896,
        0.8798701298701299,
        0.8777056277056277,
        0.8777056277056277,
        0.8766233766233766,
        0.8766233766233766,
        0.8787878787878789,
        0.8787878787878789,
        0.8777056277056277,
        0.8798701298701298,
        0.8798701298701298,
        0.8798701298701298,
        0.8809523809523809,
        0.8809523809523809,
        0.8809523809523809
    ]
}