{
    "train_loss": [
        0.5756363235414028,
        0.4166130945086479,
        0.30420503206551075,
        0.2485485877841711,
        0.18430997151881456,
        0.1456559244543314,
        0.0993732362985611,
        0.10430031060241163,
        0.12382357241585851,
        0.11020867829211056,
        0.12545283790677786,
        0.10779802547767758,
        0.06617619877215475,
        0.04218625801149756,
        0.037031084997579455,
        0.02387016045395285,
        0.02189369883853942,
        0.015131853462662548,
        0.012053257669322193,
        0.00972545484546572,
        0.007874546747189015,
        0.006532085651997477,
        0.00562646467005834,
        0.004932301526423544,
        0.004436661925865337,
        0.003964817296946421,
        0.003554263850674033,
        0.0032656534167472273,
        0.0032838021870702505,
        0.0027820522664114833,
        0.0025986051332438365,
        0.002549953424022533,
        0.0022880648321006447,
        0.002166258142096922,
        0.0020451720047276467,
        0.0019478887552395463,
        0.0020142868161201477,
        0.0017556515376782045,
        0.0016804568003863096,
        0.0015965502243489027,
        0.001526530846604146,
        0.0014737549499841407,
        0.0014168175184749998,
        0.0013559794897446409,
        0.0013018720856052823,
        0.0012563309574034065,
        0.0012202607831568457,
        0.0012153968709753826,
        0.0011661432290566154,
        0.0010885884403251112
    ],
    "val_loss": [
        0.49838265776634216,
        0.4506434202194214,
        0.44854673743247986,
        0.4915090501308441,
        0.533101424574852,
        0.5420481860637665,
        0.6346215456724167,
        0.6149066686630249,
        0.5844831019639969,
        0.6442333310842514,
        0.6156879663467407,
        0.7557689249515533,
        0.7760817408561707,
        0.7614142894744873,
        0.8192513585090637,
        0.8679995238780975,
        0.8925830125808716,
        0.9145267009735107,
        0.9262619614601135,
        0.9408912062644958,
        0.9603083729743958,
        0.9782447218894958,
        0.9961732029914856,
        1.011171817779541,
        1.0252063870429993,
        1.0371876955032349,
        1.0495506525039673,
        1.0612266063690186,
        1.0737162232398987,
        1.0854057371616364,
        1.0960748195648193,
        1.1071688532829285,
        1.1160177290439606,
        1.1251384615898132,
        1.1342647075653076,
        1.142826408147812,
        1.1514386534690857,
        1.1591691970825195,
        1.1673357784748077,
        1.1746268570423126,
        1.1817561388015747,
        1.1885677576065063,
        1.1951636672019958,
        1.2012737393379211,
        1.2076195180416107,
        1.2140879034996033,
        1.220132976770401,
        1.226197361946106,
        1.2316510677337646,
        1.2372219562530518
    ],
    "val_mcc": [
        0.6371165579527096,
        0.6038961038961039,
        0.7040083136069528,
        0.607338671255336,
        0.5723555466420381,
        0.607338671255336,
        0.5475174757500252,
        0.5723555466420381,
        0.5702248022984665,
        0.5475174757500252,
        0.6409597843503038,
        0.5475174757500252,
        0.5723555466420381,
        0.5700355973915344,
        0.5723555466420381,
        0.5723555466420381,
        0.541534658916836,
        0.5771335508376638,
        0.5771335508376638,
        0.5771335508376638,
        0.5771335508376638,
        0.5771335508376638,
        0.5771335508376638,
        0.5771335508376638,
        0.5771335508376638,
        0.5771335508376638,
        0.5771335508376638,
        0.5771335508376638,
        0.5771335508376638,
        0.5771335508376638,
        0.5771335508376638,
        0.5771335508376638,
        0.5771335508376638,
        0.5771335508376638,
        0.5771335508376638,
        0.5771335508376638,
        0.5771335508376638,
        0.5771335508376638,
        0.5771335508376638,
        0.5771335508376638,
        0.5771335508376638,
        0.5771335508376638,
        0.5771335508376638,
        0.5771335508376638,
        0.5771335508376638,
        0.5771335508376638,
        0.5771335508376638,
        0.5771335508376638,
        0.5771335508376638,
        0.5771335508376638
    ],
    "val_auroc": [
        0.8463203463203464,
        0.8701298701298702,
        0.8712121212121213,
        0.867965367965368,
        0.8614718614718615,
        0.8831168831168832,
        0.8809523809523809,
        0.8755411255411256,
        0.8398268398268398,
        0.8603896103896104,
        0.8344155844155844,
        0.8625541125541124,
        0.8322510822510822,
        0.8225108225108225,
        0.8344155844155843,
        0.8387445887445889,
        0.8376623376623377,
        0.8409090909090908,
        0.8452380952380952,
        0.8495670995670996,
        0.856060606060606,
        0.8528138528138528,
        0.8560606060606061,
        0.8560606060606061,
        0.8538961038961039,
        0.8528138528138528,
        0.8528138528138528,
        0.8517316017316018,
        0.8517316017316018,
        0.8517316017316018,
        0.8517316017316018,
        0.8528138528138528,
        0.8538961038961038,
        0.8528138528138528,
        0.8528138528138528,
        0.8528138528138528,
        0.8517316017316018,
        0.8495670995670995,
        0.8484848484848485,
        0.8495670995670995,
        0.8495670995670995,
        0.8495670995670995,
        0.8506493506493507,
        0.8506493506493508,
        0.8506493506493508,
        0.8506493506493507,
        0.8495670995670995,
        0.8495670995670995,
        0.8495670995670995,
        0.8506493506493507
    ]
}