{
    "train_loss": [
        0.2417137658392841,
        0.1276136181232604,
        0.09195467999035661,
        0.07003311211751266,
        0.06371138075535948,
        0.06007028345695951,
        0.04927947609262033,
        0.04774940361014821,
        0.03841071349399334,
        0.03268533970483325,
        0.0341802668673071,
        0.03486184276301752,
        0.036228596666743135,
        0.02835419982544739,
        0.02105383921033618,
        0.02050715122922239,
        0.013915832609530877,
        0.01462281633972783,
        0.01885248321658847,
        0.015695072054354983,
        0.010307602944191207,
        0.009115060288670727,
        0.006654658153737811,
        0.00617953804215755,
        0.005778697901405394,
        0.0035184940524314616,
        0.0032924079661659725,
        0.005635227518558333,
        0.0023787239915691316,
        0.0036139613498975946,
        0.0064873630921779704,
        0.0018936842944557693,
        0.0012155944158704106,
        0.0008922802781770853,
        0.0007679530086038126,
        0.0006942496719685468,
        0.0006309414258628914,
        0.00058257560885977,
        0.0005371111831416122,
        0.0005098297141640531,
        0.0004663383052419786,
        0.0004452630058618855,
        0.0004829878757432611,
        0.0003844813075953756,
        0.00036902525938454676,
        0.0003500082695443945,
        0.00033031803799200463,
        0.00032004928388315335,
        0.000297400884433459,
        0.00028844745512205094
    ],
    "val_loss": [
        0.18540660229822,
        0.16271672087411085,
        0.15879405631373325,
        0.1817459836602211,
        0.1885645647222797,
        0.1857483652420342,
        0.20923739632902047,
        0.19504356337711215,
        0.21953834888214865,
        0.23174227009682605,
        0.2518091106709714,
        0.2268149070441723,
        0.23963347275275737,
        0.2571788551673914,
        0.25633013787834596,
        0.2759864051283027,
        0.2754916552803479,
        0.294814399346554,
        0.2931393636778618,
        0.31048105368002626,
        0.3116076049433711,
        0.3189487947771947,
        0.33757757851465914,
        0.33867029286921024,
        0.34369836809734505,
        0.34513245294995915,
        0.35715744954844314,
        0.36289747163148905,
        0.3784015782972953,
        0.3544562746634862,
        0.3667951497385123,
        0.3721072203964771,
        0.3694519281561952,
        0.3742592107106854,
        0.37795141784105607,
        0.38031526406606037,
        0.3842123467475176,
        0.3872701775059492,
        0.3891280573880067,
        0.39170586172743543,
        0.3946018774683277,
        0.396974079310894,
        0.3993317749749015,
        0.4007573226069023,
        0.40303366900479887,
        0.40619075381255243,
        0.4077645254631837,
        0.41032093039151124,
        0.4126106045296183,
        0.4148683047120964
    ],
    "val_mcc": [
        0.0,
        0.23765410727335523,
        0.30694760390069437,
        0.20931764798590516,
        0.20931764798590516,
        0.30694760390069437,
        0.20931764798590516,
        0.3201581027667984,
        0.41727837380011296,
        0.11733188624899324,
        0.11733188624899324,
        0.25870910733836316,
        0.3412408778783571,
        0.20931764798590516,
        0.39361809238809775,
        0.3412408778783571,
        0.09621290848090852,
        0.30694760390069437,
        0.394794855085661,
        0.09621290848090852,
        0.25870910733836316,
        0.25870910733836316,
        0.20931764798590516,
        0.1866856725318574,
        0.16794371941892172,
        0.28078090590350974,
        0.16794371941892172,
        0.16794371941892172,
        0.20931764798590516,
        0.1866856725318574,
        0.1866856725318574,
        0.20931764798590516,
        0.28078090590350974,
        0.1866856725318574,
        0.1866856725318574,
        0.1866856725318574,
        0.1866856725318574,
        0.1866856725318574,
        0.1866856725318574,
        0.1866856725318574,
        0.1866856725318574,
        0.1866856725318574,
        0.1866856725318574,
        0.1866856725318574,
        0.1866856725318574,
        0.1866856725318574,
        0.1866856725318574,
        0.1866856725318574,
        0.1866856725318574,
        0.1866856725318574
    ],
    "val_auroc": [
        0.8746470920383963,
        0.893845285149633,
        0.8740824392998305,
        0.9034443817052512,
        0.8718238283455675,
        0.8526256352343309,
        0.8797289666854884,
        0.7893845285149634,
        0.8712591756070017,
        0.8492377188029362,
        0.8486730660643704,
        0.8277809147374364,
        0.8430265386787126,
        0.8447204968944099,
        0.802936194240542,
        0.7690570299265951,
        0.740824392998306,
        0.810841332580463,
        0.800677583286279,
        0.7690570299265951,
        0.849802371541502,
        0.8311688311688311,
        0.8170525127046866,
        0.8074534161490684,
        0.8232636928289102,
        0.823828345567476,
        0.8424618859401468,
        0.8074534161490682,
        0.8289102202145681,
        0.7944664031620554,
        0.7690570299265951,
        0.8142292490118578,
        0.8125352907961604,
        0.8170525127046866,
        0.8193111236589496,
        0.8193111236589498,
        0.8215697346132127,
        0.8255223037831734,
        0.8255223037831734,
        0.8294748729531338,
        0.8300395256916996,
        0.8356860530773574,
        0.8373800112930547,
        0.8362507058159232,
        0.8390739695087521,
        0.8407679277244495,
        0.8424618859401469,
        0.8458498023715415,
        0.846979107848673,
        0.8481084133258047
    ]
}