{
    "train_loss": [
        0.22276132367551327,
        0.13648308644240553,
        0.10153517228635875,
        0.08690901896493002,
        0.07962568900124593,
        0.06851379488679496,
        0.06419375640424815,
        0.061981004366481844,
        0.054089260160584345,
        0.0504387290301648,
        0.042415628442540765,
        0.037413160972805184,
        0.03969615896825086,
        0.03831273772415112,
        0.03551964053291489,
        0.022437450909902425,
        0.021053392270749264,
        0.02128417930692773,
        0.03508263587189669,
        0.033218844698488036,
        0.023462762103670022,
        0.015647210863376546,
        0.01558804548536004,
        0.015826985933182932,
        0.01853148922832175,
        0.010937272121240809,
        0.016942284853112968,
        0.026600210784553466,
        0.012753633194899356,
        0.009455137457486919,
        0.006456692766567523,
        0.0070617336472919715,
        0.016057491736401888,
        0.02032470171847804,
        0.017559710842430253,
        0.008000117290066555,
        0.010042441789251328,
        0.005889819429615851,
        0.004468879649225114,
        0.0062399303768126465,
        0.010516768996074627,
        0.017477815949612042,
        0.005533786849065853,
        0.0034746029136427255,
        0.0021433763818508437,
        0.0023527647360672495,
        0.005329263246411839,
        0.0028812344826292247,
        0.002211853470229967,
        0.002957833282628351
    ],
    "val_loss": [
        0.14956123940646648,
        0.12148455592493217,
        0.10236072974900405,
        0.10956673541416724,
        0.1085992082953453,
        0.11241428802410762,
        0.09549617177496354,
        0.11558124360938866,
        0.12600470893085003,
        0.13275517337024212,
        0.1331061664968729,
        0.1325007894386848,
        0.15343348930279413,
        0.11093800142407417,
        0.14023174004008374,
        0.17333981953561306,
        0.15576164820231497,
        0.15865085646510124,
        0.1436796523630619,
        0.1530441284800569,
        0.14007888454943895,
        0.15431580521787205,
        0.14822338591329753,
        0.14111814694479108,
        0.13715171363825598,
        0.1387824590007464,
        0.19047876447439194,
        0.13932611544926962,
        0.14423380124693116,
        0.15348176627109447,
        0.15484021992112199,
        0.15683066255102554,
        0.14973745852087936,
        0.15754088123018542,
        0.17515960444385806,
        0.1950262367997008,
        0.17167334471984455,
        0.18096212660505748,
        0.17244951108781,
        0.20422658716173223,
        0.15759620968795693,
        0.18344119796529412,
        0.1854071515457084,
        0.1908766021952033,
        0.1908701088395901,
        0.1941012634585301,
        0.19521275659402212,
        0.19967872179889432,
        0.20069624774623662,
        0.19801915409819534
    ],
    "val_mcc": [
        0.0,
        0.5474714666383683,
        0.5788383624620932,
        0.5474714666383683,
        0.5474714666383683,
        0.6192924653572738,
        0.5443323346087288,
        0.47212861075418316,
        0.6192924653572738,
        0.5143986448334275,
        0.5545438139255907,
        0.5474714666383683,
        0.5087574843820629,
        0.7096473159168414,
        0.6192924653572738,
        0.5545438139255907,
        0.6192924653572738,
        0.611518915866742,
        0.5064552788726858,
        0.6192924653572738,
        0.597835296765499,
        0.5474714666383683,
        0.6192924653572738,
        0.6458780629739146,
        0.611518915866742,
        0.5443323346087288,
        0.3282064629184229,
        0.5443323346087288,
        0.6458780629739146,
        0.6855481141700032,
        0.5788383624620932,
        0.5788383624620932,
        0.5788383624620932,
        0.6458780629739146,
        0.611518915866742,
        0.5064552788726858,
        0.5788383624620932,
        0.5474714666383683,
        0.5788383624620932,
        0.37909530606580194,
        0.5788383624620932,
        0.5064552788726858,
        0.5788383624620932,
        0.5788383624620932,
        0.5788383624620932,
        0.5788383624620932,
        0.5064552788726858,
        0.5788383624620932,
        0.5788383624620932,
        0.46832941383896765
    ],
    "val_auroc": [
        0.9452286843591191,
        0.9604743083003954,
        0.9774138904573687,
        0.9734613212874083,
        0.9723320158102766,
        0.9734613212874083,
        0.9751552795031055,
        0.9695087521174478,
        0.974025974025974,
        0.9695087521174477,
        0.9666854884246189,
        0.9632975719932243,
        0.9587803500846979,
        0.9802371541501976,
        0.9553924336533032,
        0.924901185770751,
        0.9373235460191982,
        0.9683794466403163,
        0.9260304912478825,
        0.9412761151891588,
        0.9497459062676454,
        0.9474872953133823,
        0.9508752117447771,
        0.9649915302089216,
        0.9632975719932242,
        0.9728966685488424,
        0.9299830604178431,
        0.9666854884246189,
        0.9565217391304348,
        0.9599096555618295,
        0.9672501411631846,
        0.9632975719932241,
        0.9666854884246189,
        0.9700734048560135,
        0.9401468097120271,
        0.9474872953133823,
        0.9728966685488425,
        0.9604743083003953,
        0.9734613212874083,
        0.9570863918690006,
        0.9712027103331452,
        0.9553924336533033,
        0.9604743083003952,
        0.9621682665160926,
        0.9632975719932241,
        0.9655561829474872,
        0.9632975719932241,
        0.961038961038961,
        0.9627329192546584,
        0.9632975719932242
    ]
}