{
    "train_loss": [
        0.23888631334358995,
        0.14156451127068562,
        0.10289497588845817,
        0.08646119563755664,
        0.07551925083283674,
        0.07473071114244786,
        0.06577235595746474,
        0.062451501546258274,
        0.05799943661655892,
        0.053232970774512396,
        0.04939624281938781,
        0.04282334286042235,
        0.03885752398690039,
        0.05004445666616613,
        0.03547287336550653,
        0.04699764790182764,
        0.041375439878637815,
        0.02543535278263417,
        0.019102702859196474,
        0.016155268425460566,
        0.013580348263283006,
        0.013997493174181065,
        0.011793569756925783,
        0.012193522400180385,
        0.02624584912237796,
        0.031876666344363584,
        0.021080064873041756,
        0.012331101114713501,
        0.01206897035643289,
        0.008089389543535865,
        0.00492747923867269,
        0.005774711102607067,
        0.005189676495237191,
        0.0036166899371892214,
        0.003281609687044031,
        0.01666785890384662,
        0.03211759881444529,
        0.03037875948410312,
        0.026006669208238072,
        0.024346002663316376,
        0.024426875027446924,
        0.02652595756808296,
        0.015681702603945847,
        0.007123623241733929,
        0.005337858458832753,
        0.004826120426349173,
        0.005696262598080052,
        0.00286521690180631,
        0.002867044272451577,
        0.0020129865257662127
    ],
    "val_loss": [
        0.16479055024683475,
        0.12924685515463352,
        0.11711718700826168,
        0.1075570418809851,
        0.12633778263504306,
        0.12521975301206112,
        0.12389919223884742,
        0.11969007893155019,
        0.119490325373287,
        0.1273794799732665,
        0.12273654613333444,
        0.12289756862446666,
        0.12277003757966061,
        0.12166696507483721,
        0.1420587277971208,
        0.12636712721238533,
        0.12300721323117614,
        0.1313917115330696,
        0.14594597027947506,
        0.1482790857553482,
        0.15463051688857377,
        0.14182765750835338,
        0.17384066370626292,
        0.1363957553791503,
        0.15738027746556327,
        0.14633430323253074,
        0.15576126736899218,
        0.15546783215055862,
        0.16601593202600876,
        0.17803627687195936,
        0.1845642812550068,
        0.18154081655666232,
        0.18909735092893243,
        0.19361887266859412,
        0.20183036119366685,
        0.15351819464315972,
        0.16794215515255928,
        0.15387945936527103,
        0.16554612666368484,
        0.17349952831864357,
        0.1453496062507232,
        0.1730826461377243,
        0.1627645387003819,
        0.15510772556687394,
        0.17005691273758808,
        0.1733803761502107,
        0.17538711909825602,
        0.18202993366867304,
        0.1826947989563147,
        0.18847977556288242
    ],
    "val_mcc": [
        0.0,
        0.32808537948797145,
        0.47193990372426947,
        0.5543500069874341,
        0.547333863896855,
        0.5441594827174123,
        0.5811712053972111,
        0.5786882152809495,
        0.5062910315390183,
        0.5062910315390183,
        0.5786882152809495,
        0.5062910315390183,
        0.5062910315390183,
        0.547333863896855,
        0.3386363636363636,
        0.547333863896855,
        0.5062910315390183,
        0.5062910315390183,
        0.5062910315390183,
        0.5062910315390183,
        0.5062910315390183,
        0.645743840298938,
        0.4270329760737674,
        0.6113636363636363,
        0.547333863896855,
        0.47193990372426947,
        0.6113636363636363,
        0.5786882152809495,
        0.5062910315390183,
        0.5062910315390183,
        0.5062910315390183,
        0.5062910315390183,
        0.5062910315390183,
        0.5062910315390183,
        0.5062910315390183,
        0.6770526934074996,
        0.547333863896855,
        0.6744860186581717,
        0.5786882152809495,
        0.5441594827174123,
        0.5786882152809495,
        0.5786882152809495,
        0.5441594827174123,
        0.6191668677752271,
        0.6191668677752271,
        0.5786882152809495,
        0.5786882152809495,
        0.6191668677752271,
        0.6191668677752271,
        0.6191668677752271
    ],
    "val_auroc": [
        0.959659090909091,
        0.9590909090909091,
        0.9664772727272727,
        0.9698863636363635,
        0.9477272727272728,
        0.9357954545454545,
        0.946590909090909,
        0.9363636363636363,
        0.9318181818181819,
        0.8943181818181819,
        0.9034090909090909,
        0.9039772727272727,
        0.9272727272727272,
        0.9335227272727273,
        0.9090909090909091,
        0.9380681818181819,
        0.9392045454545455,
        0.9323863636363636,
        0.9448863636363636,
        0.9431818181818182,
        0.952840909090909,
        0.9539772727272727,
        0.9443181818181818,
        0.9278409090909091,
        0.9352272727272727,
        0.93125,
        0.9522727272727273,
        0.9573863636363636,
        0.9585227272727272,
        0.9585227272727272,
        0.9585227272727272,
        0.9607954545454545,
        0.9619318181818183,
        0.9624999999999999,
        0.9602272727272727,
        0.9732954545454545,
        0.9488636363636364,
        0.9204545454545454,
        0.9238636363636364,
        0.9289772727272727,
        0.9482954545454545,
        0.9522727272727274,
        0.9522727272727272,
        0.9585227272727272,
        0.9579545454545454,
        0.9585227272727272,
        0.9647727272727273,
        0.9607954545454547,
        0.9613636363636364,
        0.9568181818181819
    ]
}