{
    "train_loss": [
        0.28284324502403085,
        0.1558037048036402,
        0.1101008475842801,
        0.08852524306117134,
        0.07839422994716601,
        0.07018203762444583,
        0.06378424916924401,
        0.05576792731881142,
        0.057647870260883464,
        0.04337759426032955,
        0.039372948464006186,
        0.032167069423435765,
        0.032072402706200424,
        0.03854471305385232,
        0.02757325855253095,
        0.025951189814474095,
        0.02106691454537213,
        0.015204855695959519,
        0.016395269236950713,
        0.02390005940105766,
        0.02106364416381852,
        0.02047577495051717,
        0.014560498191382398,
        0.009561310384676537,
        0.009162465914745222,
        0.006044628969076174,
        0.00832539842072451,
        0.008405581950104202,
        0.004313795176461677,
        0.004460439633641561,
        0.0034262632781809025,
        0.0038153632234422153,
        0.005304003404241733,
        0.003920079806861891,
        0.003771996117641472,
        0.0024693966247882186,
        0.002138451118794778,
        0.0058553335759577085,
        0.005836875054890036,
        0.003319954625277949,
        0.0029825743999522688,
        0.0017937764046523212,
        0.0013254567575958472,
        0.0060766395393081684,
        0.012283786049176177,
        0.007378833918747577,
        0.004109803596458567,
        0.0029348296388475733,
        0.0056442027099282395,
        0.006771537496454336
    ],
    "val_loss": [
        0.2062056933840116,
        0.15293877447644869,
        0.139646769190828,
        0.13857880110541979,
        0.12903325508038202,
        0.1339133201787869,
        0.1390464399009943,
        0.13984320312738419,
        0.1404268555343151,
        0.14562435634434223,
        0.15597430864969888,
        0.16453181579709053,
        0.15298791602253914,
        0.17003186730047068,
        0.1514619312559565,
        0.16396384313702583,
        0.17923564463853836,
        0.17627865386505923,
        0.17448820173740387,
        0.18048061430454254,
        0.20308147246638933,
        0.19355418533086777,
        0.18015101552009583,
        0.18824252982934317,
        0.19879259914159775,
        0.20002824440598488,
        0.2104722112417221,
        0.21322423219680786,
        0.21695089836915335,
        0.21416512380043665,
        0.22519761944810548,
        0.23277424524227777,
        0.2235245257616043,
        0.22031747549772263,
        0.2240753099322319,
        0.22588911652565002,
        0.24395904193321863,
        0.24006071562568346,
        0.22819927955667177,
        0.22295060257116953,
        0.24705165376265845,
        0.24943364163239798,
        0.264751635491848,
        0.232757651557525,
        0.22124668334921202,
        0.2362444686392943,
        0.24351698781053224,
        0.27316473921140033,
        0.24002022296190262,
        0.23525284230709076
    ],
    "val_mcc": [
        0.0,
        0.41496085763477014,
        0.5443323346087288,
        0.6746219776463768,
        0.611518915866742,
        0.7086391869000565,
        0.6746219776463768,
        0.8242371296518912,
        0.6746219776463768,
        0.7343393577431244,
        0.4272095352695313,
        0.4272095352695313,
        0.7343393577431244,
        0.5443323346087288,
        0.7086391869000565,
        0.6458780629739146,
        0.5064552788726858,
        0.7343393577431244,
        0.7343393577431244,
        0.6458780629739146,
        0.5064552788726858,
        0.5064552788726858,
        0.5064552788726858,
        0.611518915866742,
        0.5788383624620932,
        0.5064552788726858,
        0.5788383624620932,
        0.4272095352695313,
        0.4272095352695313,
        0.5064552788726858,
        0.4272095352695313,
        0.4272095352695313,
        0.5064552788726858,
        0.4272095352695313,
        0.5064552788726858,
        0.5788383624620932,
        0.4272095352695313,
        0.5064552788726858,
        0.611518915866742,
        0.6746219776463768,
        0.5064552788726858,
        0.4272095352695313,
        0.4272095352695313,
        0.6458780629739146,
        0.5443323346087288,
        0.5788383624620932,
        0.5788383624620932,
        0.5064552788726858,
        0.47212861075418316,
        0.5443323346087288
    ],
    "val_auroc": [
        0.9282891022021457,
        0.9169960474308301,
        0.9299830604178431,
        0.9378881987577639,
        0.9429700734048561,
        0.9418407679277244,
        0.9254658385093166,
        0.9175607001693957,
        0.929983060417843,
        0.9265951439864482,
        0.9390175042348956,
        0.935064935064935,
        0.924901185770751,
        0.9096555618294748,
        0.9401468097120271,
        0.9367588932806323,
        0.9520045172219085,
        0.9277244494635798,
        0.9023150762281197,
        0.9305477131564087,
        0.9435347261434217,
        0.9294184076792772,
        0.9192546583850931,
        0.9367588932806323,
        0.9361942405420666,
        0.9265951439864483,
        0.9412761151891587,
        0.929983060417843,
        0.9294184076792771,
        0.9299830604178428,
        0.9294184076792771,
        0.9294184076792771,
        0.9243365330321851,
        0.9322416713721061,
        0.9361942405420666,
        0.9282891022021456,
        0.9237718802936193,
        0.9395821569734614,
        0.9294184076792771,
        0.9277244494635798,
        0.927159796725014,
        0.9226425748164878,
        0.9192546583850932,
        0.9215132693393562,
        0.8977978543195934,
        0.9000564652738565,
        0.9232072275550536,
        0.929983060417843,
        0.9424054206662902,
        0.9401468097120271
    ]
}