{
    "train_loss": [
        0.25574861907146196,
        0.14845472235571255,
        0.1127060145478357,
        0.09722379747439515,
        0.0942090182480487,
        0.08302361814474518,
        0.07466440089046955,
        0.0661343430084261,
        0.06446365817365321,
        0.053001869850876654,
        0.04946243932301348,
        0.046606052688068965,
        0.04249005485326052,
        0.0375126494221728,
        0.02907917417839847,
        0.027375603274611585,
        0.02139954382172701,
        0.02929825207684189,
        0.024895256469872864,
        0.01704357129479335,
        0.01884203695755621,
        0.0168255789057267,
        0.013696001641536977,
        0.022106117902281272,
        0.023349354382265698,
        0.014090168501504442,
        0.010193495823345571,
        0.009659614149396393,
        0.00837420296209695,
        0.012702187909533015,
        0.0066024241545660925,
        0.0033704859696709636,
        0.0020391793990380725,
        0.0017346709567143328,
        0.0013521548217712816,
        0.0017687747392549434,
        0.008539626575921748,
        0.010027398749529808,
        0.002424449951583731,
        0.0015892284983155232,
        0.0011439820684079843,
        0.0009100598201092163,
        0.0007823851390805265,
        0.0006728496677665548,
        0.0006226134243082594,
        0.0005575913118346679,
        0.0005184937617741525,
        0.0004804418561186387,
        0.0005049942430394532,
        0.00041696644687114963
    ],
    "val_loss": [
        0.12863603668908277,
        0.08749380707740784,
        0.07081130519509315,
        0.06544053942585985,
        0.06167861369128028,
        0.05835162273918589,
        0.055875999154523015,
        0.0490810067858547,
        0.05042969435453415,
        0.05237072535480062,
        0.05270895885769278,
        0.061026308995982013,
        0.0533503801561892,
        0.057773471771118544,
        0.060462243117702506,
        0.05255729674051205,
        0.05988149985205382,
        0.0724462329914483,
        0.061223651942176126,
        0.07636705898524572,
        0.06725154609497015,
        0.06983149544491123,
        0.06071738056683292,
        0.07784628395650846,
        0.06850476183656913,
        0.058785172421873234,
        0.08529377287292543,
        0.08900865250325296,
        0.08120196959256039,
        0.08207726414548233,
        0.08739675464069781,
        0.09295756830639827,
        0.09291075782675762,
        0.09630787376954686,
        0.0952267956357294,
        0.10539991362747969,
        0.07185054974009593,
        0.06089006495555319,
        0.08122341241445004,
        0.08848736934548167,
        0.0916591649268715,
        0.09728247174643911,
        0.09858851072446366,
        0.10018425285428141,
        0.10250115221909557,
        0.10392088757119684,
        0.10542038518906338,
        0.10710347259737318,
        0.10831676004333228,
        0.1103363292204449
    ],
    "val_mcc": [
        0.0,
        0.6619033923214952,
        0.8611156451800931,
        0.6854365268376295,
        0.8455767262643882,
        0.8056818181818182,
        0.8780558882310071,
        0.8241617276558911,
        0.8241617276558911,
        0.7911146277286897,
        0.7085227272727272,
        0.7085227272727272,
        0.8455767262643882,
        0.7678008319191324,
        0.7678008319191324,
        0.8241617276558911,
        0.8241617276558911,
        0.8455767262643882,
        0.7911146277286897,
        0.7085227272727272,
        0.7678008319191324,
        0.645743840298938,
        0.7678008319191324,
        0.645743840298938,
        0.7911146277286897,
        0.7678008319191324,
        0.7085227272727272,
        0.7085227272727272,
        0.7911146277286897,
        0.7911146277286897,
        0.7678008319191324,
        0.7678008319191324,
        0.8241617276558911,
        0.7678008319191324,
        0.8241617276558911,
        0.7085227272727272,
        0.8780558882310071,
        0.7678008319191324,
        0.7678008319191324,
        0.8241617276558911,
        0.8241617276558911,
        0.7678008319191324,
        0.7678008319191324,
        0.8241617276558911,
        0.7678008319191324,
        0.7678008319191324,
        0.7678008319191324,
        0.7678008319191324,
        0.7678008319191324,
        0.7678008319191324
    ],
    "val_auroc": [
        0.9892045454545454,
        0.9931818181818182,
        0.9926136363636364,
        0.9931818181818182,
        0.9954545454545454,
        0.9897727272727272,
        0.9926136363636364,
        0.9920454545454545,
        0.990909090909091,
        0.9903409090909091,
        0.9897727272727272,
        0.9886363636363635,
        0.9874999999999999,
        0.9892045454545455,
        0.9897727272727272,
        0.990340909090909,
        0.9892045454545454,
        0.9880681818181818,
        0.9880681818181818,
        0.9874999999999999,
        0.9886363636363636,
        0.9886363636363635,
        0.9914772727272727,
        0.9914772727272727,
        0.9903409090909091,
        0.9920454545454546,
        0.9886363636363638,
        0.9892045454545455,
        0.9892045454545455,
        0.9863636363636363,
        0.9857954545454546,
        0.9869318181818181,
        0.9886363636363636,
        0.9880681818181818,
        0.9886363636363635,
        0.9880681818181818,
        0.9897727272727272,
        0.9897727272727272,
        0.9886363636363636,
        0.9892045454545454,
        0.9886363636363635,
        0.9875,
        0.9886363636363636,
        0.9892045454545454,
        0.9892045454545454,
        0.9892045454545454,
        0.9892045454545454,
        0.9892045454545454,
        0.9886363636363636,
        0.9886363636363635
    ]
}