{
    "train_loss": [
        0.5609017089009285,
        0.4159067772328854,
        0.37205733731389046,
        0.31366351544857024,
        0.26684272214770316,
        0.21635097377002238,
        0.16427538618445398,
        0.11387913348153234,
        0.0774392514489591,
        0.058427118230611086,
        0.04671058282256126,
        0.03730661082081497,
        0.030076512787491082,
        0.028818240854889154,
        0.018363701412454247,
        0.01276330150431022,
        0.012568681174889207,
        0.01297385785728693,
        0.008955964958295226,
        0.0065448423265479505,
        0.005312087805941701,
        0.0056152468314394355,
        0.004548508336301893,
        0.0034358651319053024,
        0.003111305844504386,
        0.002645011484855786,
        0.002668443962465972,
        0.002709749370114878,
        0.0020986686286050826,
        0.0019034008320886642,
        0.0016605726967100054,
        0.0016050701146014036,
        0.0014646841096691786,
        0.0014099730644375086,
        0.0012673981676925906,
        0.0012302147661102936,
        0.0011684417899232359,
        0.001081947231432423,
        0.001046644020243548,
        0.0009863536106422544,
        0.0009159553112112917,
        0.0008917108207242563,
        0.0008203031989978627,
        0.0008031904435483739,
        0.0007601399163831956,
        0.0007286229694727809,
        0.0006933179043699056,
        0.0006821888280683197,
        0.0006314233105513267,
        0.0006033862533513457
    ],
    "val_loss": [
        0.4979483067989349,
        0.4955052673816681,
        0.5130524337291718,
        0.5345255136489868,
        0.5439427375793457,
        0.580098819732666,
        0.6031982421875,
        0.6523868203163147,
        0.6511545300483703,
        0.7294601440429688,
        0.7233432769775391,
        0.7966191887855529,
        0.774376916885376,
        0.8297968864440918,
        0.8316159844398499,
        0.8839386940002442,
        0.8798826932907104,
        0.8968936681747437,
        0.9038306474685669,
        0.9129044890403748,
        0.929364812374115,
        0.9438181281089782,
        0.9542702913284302,
        0.9701886534690857,
        0.9777059197425843,
        0.9913270950317383,
        1.0042457342147828,
        1.0072994232177734,
        1.0183257579803466,
        1.0297447443008423,
        1.0419897079467773,
        1.0492719054222106,
        1.057366168498993,
        1.0642677664756774,
        1.068620991706848,
        1.078510582447052,
        1.0893919467926025,
        1.093670129776001,
        1.1015124917030334,
        1.107979154586792,
        1.1123937845230103,
        1.1201591610908508,
        1.1247056126594543,
        1.1313232779502869,
        1.1372607946395874,
        1.143813169002533,
        1.1507620453834533,
        1.155315136909485,
        1.1598652601242065,
        1.1671191453933716
    ],
    "val_mcc": [
        0.36587971468364805,
        0.4591860635913502,
        0.4448715198015258,
        0.406340002462896,
        0.41293060564750855,
        0.4396058320733589,
        0.38784148835650406,
        0.35405047268938294,
        0.42134081163640025,
        0.396893341468467,
        0.42134081163640025,
        0.3999486424729386,
        0.4084817350749448,
        0.35337545732050774,
        0.400615436055313,
        0.37063988986458757,
        0.4176529208136236,
        0.3937735849056604,
        0.3992657874664462,
        0.4278916850683048,
        0.4226415094339623,
        0.4226415094339623,
        0.41086237382240853,
        0.4396058320733589,
        0.4278916850683048,
        0.3937735849056604,
        0.4163565040790149,
        0.4278916850683048,
        0.4226415094339623,
        0.3992657874664462,
        0.4278916850683048,
        0.3937735849056604,
        0.3937735849056604,
        0.3992657874664462,
        0.3992657874664462,
        0.41086237382240853,
        0.41086237382240853,
        0.4163565040790149,
        0.3992657874664462,
        0.41086237382240853,
        0.41086237382240853,
        0.41086237382240853,
        0.41086237382240853,
        0.41086237382240853,
        0.41086237382240853,
        0.41086237382240853,
        0.41086237382240853,
        0.41086237382240853,
        0.41086237382240853,
        0.41086237382240853
    ],
    "val_auroc": [
        0.8245283018867925,
        0.8241509433962264,
        0.8152830188679245,
        0.7999999999999999,
        0.799622641509434,
        0.7981132075471699,
        0.7945283018867925,
        0.7849056603773585,
        0.7909433962264151,
        0.7875471698113208,
        0.7898113207547169,
        0.7762264150943397,
        0.7818867924528302,
        0.771509433962264,
        0.7818867924528302,
        0.7713207547169811,
        0.779622641509434,
        0.7798113207547169,
        0.7811320754716982,
        0.7822641509433962,
        0.7807547169811322,
        0.779433962264151,
        0.7779245283018869,
        0.78,
        0.7794339622641511,
        0.7783018867924528,
        0.7784905660377358,
        0.7783018867924528,
        0.7788679245283019,
        0.7771698113207547,
        0.7773584905660377,
        0.7779245283018869,
        0.7775471698113208,
        0.7769811320754717,
        0.7767924528301888,
        0.7775471698113209,
        0.7760377358490566,
        0.7760377358490567,
        0.7752830188679245,
        0.7764150943396226,
        0.7766037735849057,
        0.7752830188679245,
        0.7750943396226415,
        0.7754716981132076,
        0.7754716981132076,
        0.7754716981132076,
        0.7752830188679246,
        0.7750943396226415,
        0.7749056603773585,
        0.7754716981132076
    ]
}