{
    "train_loss": [
        0.5729664340615273,
        0.42997515127062796,
        0.37275705114006996,
        0.32403305545449257,
        0.27593041136860846,
        0.23653212636709214,
        0.16817973144352436,
        0.13235417567193508,
        0.10105699878185988,
        0.06513048261404038,
        0.044246722292155025,
        0.030895189382135868,
        0.022756877169013024,
        0.02024374236352742,
        0.011591033963486552,
        0.007968603377230465,
        0.006258843443356454,
        0.005196959583554417,
        0.004608164972160012,
        0.004028413561172783,
        0.00363809127593413,
        0.0032031941693276165,
        0.00308865059632808,
        0.0026520811079535633,
        0.002417045127367601,
        0.0021911247284151615,
        0.0020225126994773746,
        0.0017986155013204551,
        0.001718144566984847,
        0.0015797666856087744,
        0.00150602666544728,
        0.0013550601550377905,
        0.001273832592414692,
        0.0011931654124055057,
        0.001153608618187718,
        0.00104831636272138,
        0.0010156155592994764,
        0.0009376283545861952,
        0.0009647484635934234,
        0.0008453708738670685,
        0.0008105105895083398,
        0.000776311950176023,
        0.0007566578657133505,
        0.0007090904924552888,
        0.00067524257756304,
        0.0006489413412055,
        0.0006155014722025953,
        0.0005968245808617212,
        0.0005467682996822987,
        0.0005643076379783452
    ],
    "val_loss": [
        0.4722759068012238,
        0.4517845332622528,
        0.4495359480381012,
        0.4996321499347687,
        0.5119079530239106,
        0.5241106510162353,
        0.6058576107025146,
        0.5908368468284607,
        0.6624176025390625,
        0.7571833014488221,
        0.7960417866706848,
        0.8189124345779419,
        0.855478048324585,
        0.8692324995994568,
        0.9114957571029663,
        0.923457682132721,
        0.9392613768577576,
        0.9666864395141601,
        0.9822395086288452,
        0.9965630769729614,
        1.0069057106971742,
        1.0261476635932922,
        1.0343631625175476,
        1.0366630554199219,
        1.0556238651275636,
        1.0678993344306946,
        1.079070019721985,
        1.0894473671913147,
        1.0987996697425841,
        1.1064329504966737,
        1.1226215362548828,
        1.1282218813896179,
        1.1371793627738953,
        1.1489448189735412,
        1.1562329053878784,
        1.1620665073394776,
        1.170035147666931,
        1.1804484486579896,
        1.1850683331489562,
        1.1920822858810425,
        1.2008980989456177,
        1.2092433333396913,
        1.2152384042739868,
        1.2247475624084472,
        1.2301085948944093,
        1.2333267688751222,
        1.2393927097320556,
        1.2459027290344238,
        1.2523161888122558,
        1.2592435717582702
    ],
    "val_mcc": [
        0.5426025286128388,
        0.5152964303632328,
        0.5313256180417312,
        0.5112313234371975,
        0.5452193754144914,
        0.5152964303632328,
        0.5112313234371975,
        0.5030933120788192,
        0.49119899737932593,
        0.45814814814814814,
        0.4081868029172705,
        0.3919769048757483,
        0.4536804288397352,
        0.45814814814814814,
        0.4621550622759656,
        0.4371015994440689,
        0.42490498154100403,
        0.44951398255540453,
        0.44951398255540453,
        0.44951398255540453,
        0.44951398255540453,
        0.44951398255540453,
        0.44951398255540453,
        0.44951398255540453,
        0.4621550622759656,
        0.44951398255540453,
        0.44951398255540453,
        0.44951398255540453,
        0.44951398255540453,
        0.4621550622759656,
        0.44951398255540453,
        0.4621550622759656,
        0.4621550622759656,
        0.4621550622759656,
        0.4621550622759656,
        0.4621550622759656,
        0.4621550622759656,
        0.4621550622759656,
        0.4621550622759656,
        0.4621550622759656,
        0.4621550622759656,
        0.4621550622759656,
        0.44951398255540453,
        0.44951398255540453,
        0.44951398255540453,
        0.44951398255540453,
        0.44951398255540453,
        0.44951398255540453,
        0.44951398255540453,
        0.44951398255540453
    ],
    "val_auroc": [
        0.8403703703703704,
        0.853888888888889,
        0.8566666666666666,
        0.8285185185185187,
        0.8333333333333333,
        0.8342592592592593,
        0.8059259259259259,
        0.8201851851851851,
        0.8159259259259259,
        0.7898148148148149,
        0.792962962962963,
        0.7938888888888889,
        0.7948148148148149,
        0.797962962962963,
        0.8007407407407408,
        0.7987037037037037,
        0.8011111111111111,
        0.8005555555555556,
        0.8016666666666666,
        0.802037037037037,
        0.8014814814814815,
        0.8027777777777777,
        0.8012962962962963,
        0.8027777777777778,
        0.8025925925925926,
        0.802962962962963,
        0.802037037037037,
        0.8025925925925925,
        0.8025925925925925,
        0.8029629629629629,
        0.8022222222222222,
        0.8022222222222222,
        0.8024074074074073,
        0.8018518518518518,
        0.8025925925925925,
        0.802037037037037,
        0.8024074074074075,
        0.8014814814814815,
        0.8025925925925925,
        0.8012962962962963,
        0.8020370370370371,
        0.8016666666666666,
        0.8012962962962963,
        0.8009259259259259,
        0.8009259259259259,
        0.8012962962962962,
        0.801111111111111,
        0.8007407407407408,
        0.8018518518518518,
        0.8018518518518518
    ]
}