{
    "train_loss": [
        0.5227649927139282,
        0.43506295680999757,
        0.37517028898000715,
        0.3097119826823473,
        0.2604410149157047,
        0.20444307327270508,
        0.15746477469801903,
        0.12934157978743316,
        0.09575425796210765,
        0.06659744642674922,
        0.047107395436614755,
        0.039842390455305576,
        0.02767507527023554,
        0.02112862844951451,
        0.015708598494529723,
        0.013336886744946241,
        0.009012538800016045,
        0.012432905868627131,
        0.0055351766990497705,
        0.004478733503492549,
        0.003920947562437505,
        0.0033770106034353375,
        0.0031363637768663465,
        0.0028116362809669226,
        0.0025430036650504915,
        0.002332930266857147,
        0.0021278560510836543,
        0.0020682006143033504,
        0.0018730893672909588,
        0.0017414162575732917,
        0.0014712137504830024,
        0.001394186052493751,
        0.001308836485259235,
        0.001226592212333344,
        0.0011240809224545955,
        0.001106431448715739,
        0.0010554417531238869,
        0.0010125620727194473,
        0.0009311424568295479,
        0.0008545354154193774,
        0.0008051666838582606,
        0.0007916932285297662,
        0.0007261687933350913,
        0.000774760743661318,
        0.0006942317122593522,
        0.0006496369562228211,
        0.0006320843531284481,
        0.000585429860802833,
        0.0005595783644821495,
        0.0005423852519015782
    ],
    "val_loss": [
        0.4969111442565918,
        0.5033876955509186,
        0.5113162398338318,
        0.5160627961158752,
        0.5449798583984375,
        0.5525330781936646,
        0.6304123520851135,
        0.6138864874839782,
        0.7161987006664277,
        0.7055327653884887,
        0.7568205177783967,
        0.807251226902008,
        0.8284218311309814,
        0.866597318649292,
        0.8933265089988709,
        0.9073623180389404,
        0.9586633563041687,
        0.9641175985336303,
        0.9909266114234925,
        1.0132469534873962,
        1.0206148028373718,
        1.0452169895172119,
        1.0590249061584474,
        1.0684288144111633,
        1.087972342967987,
        1.0949594736099244,
        1.101184070110321,
        1.119430911540985,
        1.1331349611282349,
        1.1421398758888244,
        1.1540721893310546,
        1.1622510313987733,
        1.1667204022407531,
        1.176922357082367,
        1.1909081101417542,
        1.1998021364212037,
        1.2032628893852233,
        1.212661051750183,
        1.2199148178100585,
        1.2277151942253113,
        1.2365490913391113,
        1.2442602157592773,
        1.2531204700469971,
        1.2606478691101075,
        1.2701597213745117,
        1.2766975998878478,
        1.2811274409294129,
        1.2859846353530884,
        1.2939821004867553,
        1.301286244392395
    ],
    "val_mcc": [
        0.4621652292352401,
        0.488179355005863,
        0.4511777625672017,
        0.49137176161525076,
        0.4949311924976656,
        0.519487944872376,
        0.43462110239322554,
        0.4866666666666667,
        0.37927200639047215,
        0.43462110239322554,
        0.43462110239322554,
        0.43462110239322554,
        0.4536804288397352,
        0.43462110239322554,
        0.42962962962962964,
        0.44629245426346864,
        0.4231239953597295,
        0.42962962962962964,
        0.43462110239322554,
        0.42962962962962964,
        0.44629245426346864,
        0.44629245426346864,
        0.44629245426346864,
        0.42962962962962964,
        0.42962962962962964,
        0.42962962962962964,
        0.42962962962962964,
        0.43462110239322554,
        0.44629245426346864,
        0.42962962962962964,
        0.44629245426346864,
        0.42962962962962964,
        0.42962962962962964,
        0.42962962962962964,
        0.42962962962962964,
        0.42962962962962964,
        0.42962962962962964,
        0.4178920253557934,
        0.42962962962962964,
        0.4178920253557934,
        0.4178920253557934,
        0.42962962962962964,
        0.42962962962962964,
        0.42962962962962964,
        0.4178920253557934,
        0.42962962962962964,
        0.4178920253557934,
        0.42962962962962964,
        0.4178920253557934,
        0.4063321549001754
    ],
    "val_auroc": [
        0.8127777777777777,
        0.8137037037037036,
        0.8168518518518518,
        0.8138888888888889,
        0.8042592592592592,
        0.8172222222222223,
        0.7901851851851852,
        0.8081481481481482,
        0.7825925925925926,
        0.8085185185185185,
        0.7944444444444444,
        0.787037037037037,
        0.792962962962963,
        0.7846296296296296,
        0.7838888888888889,
        0.785,
        0.777962962962963,
        0.7838888888888889,
        0.78,
        0.779074074074074,
        0.7809259259259259,
        0.7772222222222221,
        0.7764814814814814,
        0.7753703703703704,
        0.7755555555555556,
        0.7764814814814814,
        0.7761111111111112,
        0.7742592592592593,
        0.7735185185185186,
        0.7742592592592593,
        0.7735185185185185,
        0.7735185185185186,
        0.7744444444444445,
        0.7742592592592592,
        0.7720370370370371,
        0.7714814814814815,
        0.7725925925925926,
        0.7711111111111111,
        0.7707407407407407,
        0.7716666666666666,
        0.7718518518518518,
        0.7711111111111111,
        0.7714814814814815,
        0.7705555555555555,
        0.7707407407407407,
        0.7694444444444445,
        0.7701851851851852,
        0.7720370370370371,
        0.7712962962962964,
        0.7709259259259259
    ]
}