{
    "train_loss": [
        0.5415923967957497,
        0.4586063541471958,
        0.37833873406052587,
        0.31770110726356504,
        0.27461664453148843,
        0.22182031646370887,
        0.16047317534685135,
        0.12854071334004402,
        0.09612698834389448,
        0.08108714558184146,
        0.062099738791584966,
        0.04523915853351355,
        0.03485219581052661,
        0.030624365946277977,
        0.019948890921659766,
        0.016729144286364316,
        0.013941457029432058,
        0.012655351334251464,
        0.010657066432759165,
        0.008257847593631596,
        0.005398956465069204,
        0.004598993284162134,
        0.00402004529023543,
        0.003256749582942575,
        0.004222503589699045,
        0.0055047155648935584,
        0.0061507487902417775,
        0.002617512788856402,
        0.0022100170433986934,
        0.001892427250277251,
        0.0017313599586486817,
        0.0015763848961796612,
        0.001497411704622209,
        0.0013978424132801593,
        0.0012982040992937983,
        0.0012361655419226736,
        0.0011468047654489056,
        0.001064379072340671,
        0.001047766802366823,
        0.0009757539519341663,
        0.0009260412945877761,
        0.0009235582896508276,
        0.0008278364257421345,
        0.000808536255499348,
        0.0007556155615020543,
        0.0007116391003364697,
        0.000714647929999046,
        0.0006793905180529691,
        0.000625888402282726,
        0.0006310703174676746
    ],
    "val_loss": [
        0.4726239502429962,
        0.460945063829422,
        0.4942524552345276,
        0.49430413246154786,
        0.5005276799201965,
        0.5366251647472382,
        0.5955200672149659,
        0.6326038539409637,
        0.6534268260002136,
        0.6386157155036927,
        0.7106611430644989,
        0.7208024621009826,
        0.7400822818279267,
        0.7564054667949677,
        0.7996637701988221,
        0.7940686821937561,
        0.8360545575618744,
        0.7970083951950073,
        0.8582220911979676,
        0.8641537666320801,
        0.8707342386245728,
        0.8860904157161713,
        0.8971266686916352,
        0.9096584141254425,
        0.9158173859119415,
        0.9181728363037109,
        0.930573582649231,
        0.933079743385315,
        0.9456844449043273,
        0.9509958982467651,
        0.9576630473136902,
        0.9670578062534332,
        0.9748035430908203,
        0.9833054661750793,
        0.9878507852554321,
        0.995103794336319,
        0.9969061613082886,
        1.0047614872455597,
        1.0130845069885255,
        1.0189252018928527,
        1.0261071443557739,
        1.033546555042267,
        1.037824773788452,
        1.0403789758682251,
        1.0443396091461181,
        1.0528141498565673,
        1.0544429421424866,
        1.0601580500602723,
        1.0665315628051757,
        1.0702137351036072
    ],
    "val_mcc": [
        0.4586276173207597,
        0.5066740688254677,
        0.3716050570007949,
        0.4949311924976656,
        0.4824558761384663,
        0.4629100498862757,
        0.44212778536176034,
        0.47186039625508397,
        0.4037216635973952,
        0.44951398255540453,
        0.4178920253557934,
        0.3868989217888074,
        0.4371015994440689,
        0.44565871858907996,
        0.4162788201889437,
        0.4204522053456932,
        0.39560465015819835,
        0.44629245426346864,
        0.4123951744684367,
        0.39139042813598196,
        0.4415554128904508,
        0.4204522053456932,
        0.4371015994440689,
        0.4371015994440689,
        0.42490498154100403,
        0.42490498154100403,
        0.4081868029172705,
        0.4415554128904508,
        0.4415554128904508,
        0.4415554128904508,
        0.4415554128904508,
        0.42490498154100403,
        0.42490498154100403,
        0.42490498154100403,
        0.42490498154100403,
        0.42490498154100403,
        0.42490498154100403,
        0.42490498154100403,
        0.42490498154100403,
        0.42490498154100403,
        0.42490498154100403,
        0.42490498154100403,
        0.4371015994440689,
        0.42490498154100403,
        0.42490498154100403,
        0.4371015994440689,
        0.42490498154100403,
        0.42490498154100403,
        0.42490498154100403,
        0.42490498154100403
    ],
    "val_auroc": [
        0.8453703703703703,
        0.8496296296296295,
        0.835,
        0.8266666666666667,
        0.8298148148148148,
        0.8124074074074075,
        0.8109259259259259,
        0.7937037037037037,
        0.7972222222222222,
        0.807962962962963,
        0.7881481481481482,
        0.8003703703703704,
        0.8009259259259259,
        0.7994444444444444,
        0.7953703703703704,
        0.8025925925925926,
        0.7985185185185185,
        0.7988888888888889,
        0.8027777777777778,
        0.8018518518518518,
        0.8048148148148149,
        0.802962962962963,
        0.8027777777777778,
        0.8024074074074075,
        0.8038888888888889,
        0.8033333333333333,
        0.8025925925925926,
        0.804074074074074,
        0.8025925925925925,
        0.8029629629629629,
        0.8033333333333333,
        0.8035185185185185,
        0.8031481481481482,
        0.8020370370370371,
        0.8024074074074075,
        0.802962962962963,
        0.8035185185185185,
        0.8035185185185185,
        0.8027777777777778,
        0.8027777777777777,
        0.802037037037037,
        0.8011111111111111,
        0.8027777777777777,
        0.8031481481481482,
        0.8035185185185184,
        0.8033333333333333,
        0.8033333333333333,
        0.802962962962963,
        0.8035185185185185,
        0.8035185185185184
    ]
}