{
    "train_loss": [
        0.5655741110444069,
        0.42903988510370256,
        0.36053102239966395,
        0.3200131542980671,
        0.2658957954496145,
        0.2324559971690178,
        0.17317185848951339,
        0.13699186369776725,
        0.11283622719347478,
        0.09714795481413603,
        0.06822064789012075,
        0.08279953058809042,
        0.07436561463400722,
        0.055443409737199544,
        0.025856879260390996,
        0.01563849952071905,
        0.010481889243237674,
        0.008400042704306544,
        0.0068213299382478,
        0.0061070832656696435,
        0.005666720808949322,
        0.004674662626348436,
        0.0038848385214805604,
        0.003379496597335674,
        0.0030499539483571426,
        0.003004049917217344,
        0.0026711855200119315,
        0.002390031231334433,
        0.0021438393800053746,
        0.0020237430522684007,
        0.0018683058558963239,
        0.0018116550578270107,
        0.0016419524035882205,
        0.0015544723835773766,
        0.0014217595075024293,
        0.0013477166008669882,
        0.0013600332458736375,
        0.001382098760223016,
        0.001209543232107535,
        0.0010974540084134788,
        0.0010137604898773135,
        0.0009487635674304329,
        0.000937158681335859,
        0.000887683976907283,
        0.0008436180505668744,
        0.0007988448604010045,
        0.0007728901313384995,
        0.000719810371811036,
        0.0007103836163878441,
        0.0006594715567189268
    ],
    "val_loss": [
        0.5129276216030121,
        0.5146865546703339,
        0.5317683935165405,
        0.5676993489265442,
        0.604887729883194,
        0.6422400832176208,
        0.6180153310298919,
        0.7127861320972443,
        0.6939594388008118,
        0.7693989157676697,
        0.7965017080307006,
        0.8002401232719422,
        0.8254346013069153,
        0.8542989253997803,
        0.9106906175613403,
        0.9125937104225159,
        0.9445763111114502,
        0.9618471145629883,
        0.9805130243301392,
        1.002118957042694,
        1.0089804887771607,
        1.0316615581512452,
        1.0460971355438233,
        1.0614328980445862,
        1.0754909634590148,
        1.0868621945381165,
        1.0975306749343872,
        1.1023718953132629,
        1.1145995616912843,
        1.1257672667503358,
        1.1377243757247926,
        1.1483264088630676,
        1.1542919039726258,
        1.1659476637840271,
        1.1736480355262757,
        1.1838961362838745,
        1.1908166050910949,
        1.1973257541656495,
        1.2061343669891358,
        1.2137680053710938,
        1.2221104502677917,
        1.2292974591255188,
        1.236008310317993,
        1.2409571528434753,
        1.247652804851532,
        1.256819200515747,
        1.2645469665527345,
        1.2695106744766236,
        1.2762471914291382,
        1.2803838014602662
    ],
    "val_mcc": [
        0.40561450745183036,
        0.3992657874664462,
        0.4310056220797015,
        0.3885143449429057,
        0.4038227040178938,
        0.2896163399001854,
        0.37870674438105884,
        0.3138771541933696,
        0.3476154236760079,
        0.3476154236760079,
        0.3155456875786495,
        0.3246104062103201,
        0.2354361769145951,
        0.3071698113207547,
        0.2783018867924528,
        0.2893817722994011,
        0.31861588178809663,
        0.28347418098323873,
        0.2951703397312573,
        0.2896163399001854,
        0.2951703397312573,
        0.2896163399001854,
        0.28347418098323873,
        0.271960041460034,
        0.271960041460034,
        0.271960041460034,
        0.271960041460034,
        0.271960041460034,
        0.271960041460034,
        0.28347418098323873,
        0.2896163399001854,
        0.28347418098323873,
        0.271960041460034,
        0.271960041460034,
        0.271960041460034,
        0.2896163399001854,
        0.2896163399001854,
        0.2541888672152201,
        0.2896163399001854,
        0.271960041460034,
        0.2896163399001854,
        0.28347418098323873,
        0.3010986173307519,
        0.28347418098323873,
        0.28347418098323873,
        0.28347418098323873,
        0.3010986173307519,
        0.3010986173307519,
        0.3010986173307519,
        0.28347418098323873
    ],
    "val_auroc": [
        0.8058490566037736,
        0.8022641509433962,
        0.7922641509433963,
        0.7845283018867925,
        0.7686792452830189,
        0.7549056603773585,
        0.7684905660377358,
        0.7411320754716981,
        0.760377358490566,
        0.750566037735849,
        0.749056603773585,
        0.7558490566037737,
        0.7454716981132076,
        0.7530188679245283,
        0.7524528301886794,
        0.7518867924528302,
        0.7550943396226415,
        0.7558490566037736,
        0.7562264150943396,
        0.7550943396226415,
        0.7541509433962265,
        0.7543396226415094,
        0.7545283018867925,
        0.7558490566037737,
        0.7558490566037737,
        0.7560377358490565,
        0.7547169811320755,
        0.7569811320754716,
        0.7564150943396226,
        0.7567924528301886,
        0.7556603773584906,
        0.7560377358490565,
        0.7573584905660378,
        0.7567924528301887,
        0.7567924528301887,
        0.7560377358490566,
        0.7571698113207547,
        0.7567924528301887,
        0.7571698113207548,
        0.7571698113207548,
        0.7573584905660378,
        0.7573584905660378,
        0.7575471698113208,
        0.7583018867924527,
        0.7573584905660378,
        0.7569811320754717,
        0.7569811320754716,
        0.7577358490566037,
        0.7581132075471697,
        0.7583018867924527
    ]
}