{
    "train_loss": [
        0.6315523505210876,
        0.5398795694112778,
        0.4983913630247116,
        0.42580774128437043,
        0.3846285820007324,
        0.3568637818098068,
        0.2841902658343315,
        0.25309359692037103,
        0.19759210404008626,
        0.1747535564005375,
        0.23751526437699794,
        0.18278069719672202,
        0.13180553428828717,
        0.12019461570307613,
        0.0682077114470303,
        0.05180786494165659,
        0.03376327781006694,
        0.023998787580057978,
        0.0177287551574409,
        0.014451874396763742,
        0.012408032221719623,
        0.01019156149122864,
        0.008720972761511802,
        0.007672764779999852,
        0.006660829880274832,
        0.006221057777293026,
        0.00571735700359568,
        0.006340205599553883,
        0.005989495862741024,
        0.0047169412486255165,
        0.004407820210326463,
        0.003804837178904563,
        0.003588039614260197,
        0.0032790432684123515,
        0.003405733034014702,
        0.0033786888467147945,
        0.0037088027864228936,
        0.004106723592849448,
        0.0030012778413947673,
        0.0024772272270638497,
        0.002243669982999563,
        0.0020670317579060795,
        0.0019465696765109896,
        0.0018586809106636792,
        0.0017778930719941854,
        0.001695842604385689,
        0.001661006559152156,
        0.0015782949281856417,
        0.001525817229412496,
        0.0014587775222025812
    ],
    "val_loss": [
        0.5734099388122559,
        0.5422943234443665,
        0.5072289526462554,
        0.5354993879795075,
        0.5125987589359283,
        0.5614416003227234,
        0.5736382365226745,
        0.6199178338050843,
        0.6769898295402527,
        0.7463241696357727,
        0.7141504883766174,
        0.7221923351287842,
        0.8001466155052185,
        0.890384030342102,
        0.8278126776218414,
        0.8902760505676269,
        0.949405974149704,
        0.9771832227706909,
        1.0171196818351746,
        1.039408302307129,
        1.0656100511550903,
        1.0817028284072876,
        1.0945876240730286,
        1.1230401635169982,
        1.1217557668685914,
        1.161167562007904,
        1.1534188985824585,
        1.17432781457901,
        1.2086042881011962,
        1.2056082963943482,
        1.203510308265686,
        1.2196075797080994,
        1.2523662090301513,
        1.2240731954574584,
        1.2641756534576416,
        1.2181275606155395,
        1.3072503328323364,
        1.289803671836853,
        1.2943233251571655,
        1.3120671272277833,
        1.308685266971588,
        1.3210130333900452,
        1.3301322221755982,
        1.3355880737304688,
        1.3461073160171508,
        1.3580364823341369,
        1.3618411064147948,
        1.369929313659668,
        1.3768037915229798,
        1.3823195338249206
    ],
    "val_mcc": [
        0.0,
        0.4388888888888889,
        0.4785999862471003,
        0.375,
        0.41291196993125556,
        0.45130786010254886,
        0.4162788201889437,
        0.4063321549001754,
        0.32698164105366995,
        0.35035720986367375,
        0.22267024729019275,
        0.3707399844576897,
        0.310868928895243,
        0.2759128699531639,
        0.4037216635973952,
        0.310868928895243,
        0.37450496425811003,
        0.36232865092627065,
        0.3404206665803463,
        0.3404206665803463,
        0.3404206665803463,
        0.3404206665803463,
        0.35751902338867114,
        0.36997240426544964,
        0.36232865092627065,
        0.34856850115866755,
        0.36232865092627065,
        0.3404206665803463,
        0.36997240426544964,
        0.35751902338867114,
        0.34528826491882486,
        0.36232865092627065,
        0.34856850115866755,
        0.36232865092627065,
        0.378691704962503,
        0.35035720986367375,
        0.3053996925981208,
        0.37450496425811003,
        0.3529299526817895,
        0.3313091226135722,
        0.34856850115866755,
        0.3313091226135722,
        0.3313091226135722,
        0.3313091226135722,
        0.3313091226135722,
        0.3313091226135722,
        0.3313091226135722,
        0.3313091226135722,
        0.3313091226135722,
        0.3313091226135722
    ],
    "val_auroc": [
        0.8509259259259259,
        0.8098148148148149,
        0.8461111111111111,
        0.8044444444444444,
        0.8251851851851852,
        0.8022222222222222,
        0.7959259259259259,
        0.7809259259259259,
        0.7646296296296295,
        0.7372222222222222,
        0.7585185185185186,
        0.7627777777777778,
        0.7303703703703703,
        0.7338888888888889,
        0.7431481481481481,
        0.7687037037037037,
        0.7294444444444446,
        0.7524074074074074,
        0.7488888888888888,
        0.7446296296296295,
        0.7496296296296296,
        0.7459259259259259,
        0.7566666666666666,
        0.7490740740740741,
        0.7596296296296297,
        0.7422222222222222,
        0.7575925925925926,
        0.7468518518518519,
        0.747037037037037,
        0.7511111111111111,
        0.752962962962963,
        0.7516666666666667,
        0.7438888888888889,
        0.7540740740740741,
        0.7442592592592593,
        0.7596296296296297,
        0.73,
        0.7514814814814814,
        0.7527777777777779,
        0.7512962962962964,
        0.7546296296296297,
        0.7548148148148148,
        0.7551851851851852,
        0.7557407407407406,
        0.7546296296296295,
        0.7538888888888888,
        0.7542592592592592,
        0.7537037037037038,
        0.7531481481481481,
        0.752962962962963
    ]
}