{
    "train_loss": [
        0.6271376296877861,
        0.5199755281209946,
        0.4518327698111534,
        0.38388341963291167,
        0.36574394479393957,
        0.314752995967865,
        0.24195678122341632,
        0.19785245694220066,
        0.21585720628499985,
        0.19594644010066986,
        0.20437543839216232,
        0.16836755573749543,
        0.1580329356715083,
        0.20511784851551057,
        0.12397899832576513,
        0.11165033970028163,
        0.10116706108674407,
        0.07349226977676153,
        0.05873162169009447,
        0.0479710471816361,
        0.046003904100507496,
        0.03716087839566171,
        0.029665717761963604,
        0.02283351661171764,
        0.01901182217989117,
        0.014705138746649027,
        0.011625181604176759,
        0.009280919190496206,
        0.007824955845717341,
        0.006886314472649246,
        0.006226051005069166,
        0.005678603635169565,
        0.005287038278765976,
        0.004839628806803375,
        0.004459140176186338,
        0.004192309058271349,
        0.0038935074291657655,
        0.003759936592541635,
        0.003467408614233136,
        0.00347180031822063,
        0.0031051934347487986,
        0.0033764730440452697,
        0.002818276808829978,
        0.0027292671613395212,
        0.002824669098481536,
        0.0024289911147207023,
        0.002328714361647144,
        0.0022254652110859753,
        0.0021411006891867146,
        0.0020676542189903557
    ],
    "val_loss": [
        0.5869157671928406,
        0.5447371423244476,
        0.5380870580673218,
        0.5454382598400116,
        0.5906928539276123,
        0.6091487407684326,
        0.6819303274154663,
        0.7060142159461975,
        0.7034383058547974,
        0.78679918050766,
        0.7407676696777343,
        0.8504663825035095,
        0.8330300927162171,
        0.8027369379997253,
        0.9011468410491943,
        0.9422885537147522,
        0.9636086106300354,
        1.019986093044281,
        1.0694610595703125,
        1.1209574580192565,
        1.2133750200271607,
        1.1321539878845215,
        1.201112949848175,
        1.2169658660888671,
        1.2374381065368651,
        1.2550325393676758,
        1.2939143896102905,
        1.3145902276039123,
        1.339462947845459,
        1.3585991501808166,
        1.3761711597442627,
        1.3875582456588744,
        1.402977180480957,
        1.4200096130371094,
        1.4349053144454955,
        1.4436675310134888,
        1.4581840753555297,
        1.4647804737091064,
        1.4775742292404175,
        1.4844281673431396,
        1.4956038475036622,
        1.506018877029419,
        1.5144005298614502,
        1.5222632884979248,
        1.5304795503616333,
        1.537578296661377,
        1.54539155960083,
        1.5528777360916137,
        1.5607463121414185,
        1.5689464569091798
    ],
    "val_mcc": [
        0.0,
        0.468656136811097,
        0.3832400698233865,
        0.45040877156260045,
        0.44438796485409054,
        0.3834905391684458,
        0.37063988986458757,
        0.36103470420347467,
        0.3649056603773585,
        0.2944227740617743,
        0.37063988986458757,
        0.2782163260227174,
        0.35937576907218777,
        0.3827279979620448,
        0.3366635086541147,
        0.32463199906955736,
        0.3545075720882169,
        0.29588854081860694,
        0.28476219705901173,
        0.2874113692805531,
        0.2096581660657558,
        0.22983179091162925,
        0.30492672071629173,
        0.24943396226415093,
        0.22751040185529453,
        0.23840162431670617,
        0.22751040185529453,
        0.23840162431670617,
        0.25613629945715316,
        0.25613629945715316,
        0.25613629945715316,
        0.25613629945715316,
        0.25613629945715316,
        0.25613629945715316,
        0.23840162431670617,
        0.23840162431670617,
        0.25613629945715316,
        0.24943396226415093,
        0.24943396226415093,
        0.24943396226415093,
        0.24943396226415093,
        0.24943396226415093,
        0.24943396226415093,
        0.24943396226415093,
        0.24943396226415093,
        0.24943396226415093,
        0.26061679801227416,
        0.26061679801227416,
        0.26061679801227416,
        0.26061679801227416
    ],
    "val_auroc": [
        0.7911320754716981,
        0.7950943396226415,
        0.7592452830188681,
        0.7828301886792453,
        0.7733962264150944,
        0.7615094339622642,
        0.7213207547169811,
        0.7249056603773585,
        0.729245283018868,
        0.7156603773584905,
        0.7188679245283018,
        0.7041509433962264,
        0.7286792452830189,
        0.7083018867924529,
        0.6758490566037736,
        0.6690566037735849,
        0.6675471698113207,
        0.6549056603773584,
        0.6379245283018867,
        0.6477358490566038,
        0.6239622641509434,
        0.6467924528301886,
        0.6460377358490567,
        0.6516981132075472,
        0.6569811320754717,
        0.6626415094339624,
        0.6571698113207547,
        0.6586792452830188,
        0.659622641509434,
        0.6581132075471698,
        0.6581132075471697,
        0.6616981132075472,
        0.6626415094339623,
        0.6637735849056603,
        0.6643396226415095,
        0.6654716981132075,
        0.6666037735849056,
        0.6669811320754717,
        0.6669811320754717,
        0.6679245283018869,
        0.6686792452830189,
        0.669245283018868,
        0.669245283018868,
        0.6690566037735849,
        0.6699999999999999,
        0.6698113207547169,
        0.6711320754716981,
        0.6709433962264151,
        0.671320754716981,
        0.669433962264151
    ]
}