{
    "train_loss": [
        0.6383930817246437,
        0.5640664786100388,
        0.47172467559576037,
        0.4191909685730934,
        0.4072421513497829,
        0.3432502463459969,
        0.2856081761419773,
        0.2498336348682642,
        0.2059812679886818,
        0.20073322709649802,
        0.15673279631882905,
        0.1420499114319682,
        0.13793333545327185,
        0.19031540676951408,
        0.12133790329098701,
        0.08487085532397032,
        0.06645457986742258,
        0.07184107517823576,
        0.07120437403209508,
        0.052085171826183795,
        0.04330704503227025,
        0.06454499126411975,
        0.03686631349846721,
        0.03189630045089871,
        0.02355344076640904,
        0.020433137845247983,
        0.01468571089208126,
        0.011034857365302742,
        0.008843064424581826,
        0.007669624523259699,
        0.00755847068503499,
        0.005923559598159045,
        0.005339440039824695,
        0.004814679990522564,
        0.004487947758752853,
        0.004167998320190236,
        0.003990049345884472,
        0.0037102373549714684,
        0.003505800769198686,
        0.003329426422715187,
        0.0044035171333234755,
        0.0030847490939777344,
        0.0029056126717478038,
        0.002702257444616407,
        0.0032888346177060157,
        0.002868334745289758,
        0.002681997197214514,
        0.0022465130721684547,
        0.002155370806576684,
        0.002065479164593853
    ],
    "val_loss": [
        0.5907769322395324,
        0.5217585921287536,
        0.49313512444496155,
        0.536608225107193,
        0.5160041689872742,
        0.5690263926982879,
        0.6493264496326446,
        0.6371190071105957,
        0.6580211997032166,
        0.7212502479553222,
        0.7381931424140931,
        0.8207337141036988,
        0.7029955744743347,
        0.722035551071167,
        0.7441945552825928,
        0.7776210188865662,
        0.818254017829895,
        0.8128551244735718,
        0.7579171180725097,
        0.8051592707633972,
        0.875457501411438,
        0.904925274848938,
        1.0153479337692262,
        0.9988713979721069,
        1.0322238206863403,
        1.0366673469543457,
        1.0653395891189574,
        1.0995131254196167,
        1.0674420475959778,
        1.1369050741195679,
        1.114400899410248,
        1.1468404054641723,
        1.1532143712043763,
        1.16511527299881,
        1.175842559337616,
        1.184268581867218,
        1.1940876722335816,
        1.2024712324142457,
        1.2122506141662597,
        1.2221405506134033,
        1.2297919631004333,
        1.2412773370742798,
        1.2428444504737854,
        1.2553771495819093,
        1.2586825370788575,
        1.2693430662155152,
        1.2723611354827882,
        1.277896237373352,
        1.287048888206482,
        1.2916675329208374
    ],
    "val_mcc": [
        0.0,
        0.46318981300044104,
        0.49104637582399135,
        0.47954416227151386,
        0.4316588943702298,
        0.43010856046828544,
        0.37262258356714434,
        0.3616430137446603,
        0.34528826491882486,
        0.4037216635973952,
        0.39560465015819835,
        0.417489966754203,
        0.470198855849646,
        0.3837065760234115,
        0.3868989217888074,
        0.4081868029172705,
        0.4256380206177707,
        0.37804320740712516,
        0.42490498154100403,
        0.40263931881105647,
        0.42860685465918363,
        0.399524141950553,
        0.4169646648968894,
        0.4415554128904508,
        0.37927200639047215,
        0.36997240426544964,
        0.36735408694354177,
        0.39560465015819835,
        0.3868989217888074,
        0.39560465015819835,
        0.3868989217888074,
        0.4123951744684367,
        0.3868989217888074,
        0.399524141950553,
        0.3868989217888074,
        0.3868989217888074,
        0.3868989217888074,
        0.3868989217888074,
        0.4037216635973952,
        0.4204522053456932,
        0.4037216635973952,
        0.4204522053456932,
        0.4204522053456932,
        0.4081868029172705,
        0.4081868029172705,
        0.4081868029172705,
        0.4081868029172705,
        0.4081868029172705,
        0.4081868029172705,
        0.4081868029172705
    ],
    "val_auroc": [
        0.8448148148148148,
        0.8505555555555554,
        0.812037037037037,
        0.8005555555555555,
        0.8348148148148148,
        0.8125925925925926,
        0.7314814814814814,
        0.782962962962963,
        0.767962962962963,
        0.7487037037037038,
        0.769074074074074,
        0.7138888888888888,
        0.7764814814814814,
        0.7618518518518519,
        0.7724074074074075,
        0.784074074074074,
        0.7662962962962963,
        0.7859259259259259,
        0.7899999999999999,
        0.7722222222222223,
        0.7961111111111111,
        0.7746296296296297,
        0.7512962962962962,
        0.7396296296296296,
        0.7698148148148147,
        0.7516666666666666,
        0.7655555555555555,
        0.7581481481481482,
        0.7648148148148148,
        0.7525925925925926,
        0.7674074074074073,
        0.7614814814814815,
        0.7622222222222222,
        0.7611111111111111,
        0.7605555555555555,
        0.7605555555555555,
        0.7592592592592592,
        0.7605555555555555,
        0.7596296296296297,
        0.759074074074074,
        0.7583333333333333,
        0.7587037037037037,
        0.7596296296296297,
        0.7592592592592592,
        0.7585185185185185,
        0.7574074074074074,
        0.7594444444444444,
        0.7596296296296297,
        0.7585185185185185,
        0.7574074074074074
    ]
}