{
    "train_loss": [
        0.6396948575973511,
        0.5324425742030143,
        0.4616793617606163,
        0.4297886461019516,
        0.4027130872011185,
        0.356435502320528,
        0.287441136687994,
        0.29545693621039393,
        0.25121756792068484,
        0.1977706290781498,
        0.15294974073767661,
        0.11144910082221031,
        0.12068501282483339,
        0.13126105312258005,
        0.11683250106871128,
        0.10752907805144787,
        0.09966378286480904,
        0.12113688718527556,
        0.114181047398597,
        0.07062720833346248,
        0.06008987426757813,
        0.041407095594331624,
        0.03353532953187823,
        0.030051578162238003,
        0.026027951668947936,
        0.023337402381002903,
        0.020165569125674666,
        0.016994919860735536,
        0.014596795383840799,
        0.012914906674996018,
        0.011063096520956606,
        0.009356200054753572,
        0.00793144340859726,
        0.007110204291529953,
        0.0064915677648968995,
        0.0062947858357802035,
        0.005419249751139432,
        0.004883981758030132,
        0.004506341076921672,
        0.004150481673423201,
        0.0038226777571253477,
        0.003605499502737075,
        0.0033871638122946026,
        0.003187147027347237,
        0.003010513342451304,
        0.0029153587121982126,
        0.002707692963303998,
        0.0026186633622273803,
        0.002467209403403103,
        0.0023482903023250403
    ],
    "val_loss": [
        0.5954137682914734,
        0.5258313059806824,
        0.5199528932571411,
        0.5146162152290344,
        0.5469202399253845,
        0.5447207987308502,
        0.5956984221935272,
        0.5866102874279022,
        0.68444744348526,
        0.6843687057495117,
        0.7168226480484009,
        0.7946196913719177,
        0.8150955677032471,
        0.8053662836551666,
        0.8669024705886841,
        0.9458043813705445,
        1.0478129267692566,
        0.8669722080230713,
        0.7860704660415649,
        0.8409452497959137,
        0.9018094778060913,
        0.9790992140769958,
        0.9734844923019409,
        1.0162678480148315,
        1.0271061658859253,
        1.047163999080658,
        1.0850725293159484,
        1.1017101049423217,
        1.1331617951393127,
        1.1454180359840394,
        1.1979841470718384,
        1.1791291236877441,
        1.1938999056816102,
        1.1952678084373474,
        1.2243451476097107,
        1.2148601174354554,
        1.257072353363037,
        1.2360809922218323,
        1.2670870065689086,
        1.257542109489441,
        1.2721782207489014,
        1.2833570122718811,
        1.2829212307929994,
        1.3013331174850464,
        1.2966225028038025,
        1.3153808832168579,
        1.321074366569519,
        1.334637713432312,
        1.3283784866333008,
        1.3448544979095458
    ],
    "val_mcc": [
        0.0,
        0.406340002462896,
        0.45040877156260045,
        0.5085580097801363,
        0.4515094339622642,
        0.4646091208964002,
        0.4015982794968123,
        0.42209630564268347,
        0.3834905391684458,
        0.42357737163051146,
        0.3871705285065625,
        0.35682365818816897,
        0.2909003364643658,
        0.43025815593599065,
        0.3783606953626156,
        0.2987600417729415,
        0.33185600297206524,
        0.37133012228729445,
        0.4423706721265714,
        0.3937735849056604,
        0.3593264726339932,
        0.33984696095936384,
        0.31975855153698823,
        0.32240208116205477,
        0.30492672071629173,
        0.3119368240689813,
        0.329424313641975,
        0.33984696095936384,
        0.31910661881787067,
        0.329424313641975,
        0.329424313641975,
        0.329424313641975,
        0.329424313641975,
        0.329424313641975,
        0.329424313641975,
        0.329424313641975,
        0.31910661881787067,
        0.33984696095936384,
        0.329424313641975,
        0.33984696095936384,
        0.329424313641975,
        0.35038138826233517,
        0.35038138826233517,
        0.35038138826233517,
        0.35038138826233517,
        0.329424313641975,
        0.33984696095936384,
        0.33984696095936384,
        0.33984696095936384,
        0.33984696095936384
    ],
    "val_auroc": [
        0.7879245283018868,
        0.8001886792452829,
        0.8056603773584906,
        0.8143396226415094,
        0.7803773584905661,
        0.7986792452830189,
        0.7850943396226414,
        0.7920754716981131,
        0.750754716981132,
        0.7613207547169811,
        0.7639622641509434,
        0.7384905660377358,
        0.7528301886792453,
        0.7552830188679245,
        0.7369811320754717,
        0.7292452830188679,
        0.7177358490566037,
        0.7367924528301887,
        0.7716981132075472,
        0.7349056603773585,
        0.739811320754717,
        0.7290566037735848,
        0.7332075471698113,
        0.7294339622641509,
        0.73,
        0.729622641509434,
        0.7247169811320755,
        0.724622641509434,
        0.7254716981132076,
        0.7241509433962263,
        0.7215094339622643,
        0.7237735849056603,
        0.7249056603773584,
        0.7267924528301888,
        0.7252830188679247,
        0.7269811320754717,
        0.7260377358490566,
        0.7273584905660376,
        0.729245283018868,
        0.7305660377358489,
        0.7296226415094339,
        0.73,
        0.7292452830188679,
        0.7313207547169811,
        0.730566037735849,
        0.729811320754717,
        0.7281132075471698,
        0.7275471698113207,
        0.7281132075471699,
        0.728867924528302
    ]
}