{
    "train_loss": [
        0.6246156707406044,
        0.5325925797224045,
        0.45714813396334647,
        0.4164626061916351,
        0.34871367998421193,
        0.33397611081600187,
        0.27282865419983865,
        0.19750817939639093,
        0.19097772873938085,
        0.23633820191025734,
        0.1497040631249547,
        0.12331692688167095,
        0.08683934472501278,
        0.061014846339821814,
        0.04632303677499294,
        0.041306155174970625,
        0.03235339573584497,
        0.02836920553818345,
        0.03668364170007408,
        0.030234081344678997,
        0.024192476738244297,
        0.019603647058829665,
        0.017313203564845024,
        0.014821491111069918,
        0.013492296147160233,
        0.010586020862683653,
        0.00882153722923249,
        0.008250328549183904,
        0.0060642537428066134,
        0.005551151616964489,
        0.005235635058488697,
        0.005838647950440645,
        0.00451730287168175,
        0.00429712679469958,
        0.0040789211518131195,
        0.004046735272277146,
        0.003765004232991487,
        0.0033451128867454825,
        0.0027043086709454657,
        0.0025232508778572083,
        0.0023574383405502884,
        0.0021858327731024475,
        0.002101766370469704,
        0.0019791547616478055,
        0.0018688792188186198,
        0.0017826680821599438,
        0.0017345153144560754,
        0.001660121080931276,
        0.0015898983227089047,
        0.0015239334490615875
    ],
    "val_loss": [
        0.5789529919624329,
        0.5197308301925659,
        0.4856972575187683,
        0.4984941601753235,
        0.5704097747802734,
        0.5479190528392792,
        0.5870371699333191,
        0.6769638359546661,
        0.6219756603240967,
        0.6413375318050385,
        0.7285542726516724,
        0.6631872594356537,
        0.7934184789657592,
        0.7388286828994751,
        0.7590180158615112,
        0.8452537417411804,
        0.9334436297416687,
        0.9930401682853699,
        0.9122310280799866,
        0.9057924151420593,
        0.9718115448951721,
        0.9767154097557068,
        1.095638632774353,
        1.0560119032859803,
        1.0541490197181702,
        1.0582700490951538,
        1.0731728076934814,
        1.0489935517311095,
        1.079067838191986,
        1.058644700050354,
        1.1124240636825562,
        1.092319631576538,
        1.1094475269317627,
        1.0811252832412719,
        1.106076419353485,
        1.1188045501708985,
        1.1189021825790406,
        1.1344420433044433,
        1.1205036401748658,
        1.1449510216712953,
        1.145294964313507,
        1.153992199897766,
        1.1611136317253112,
        1.1711286664009095,
        1.1765488624572753,
        1.1852943301200867,
        1.1916273593902589,
        1.1965651750564574,
        1.2042192697525025,
        1.209920918941498
    ],
    "val_mcc": [
        0.0,
        0.4485147051543133,
        0.488179355005863,
        0.4621550622759656,
        0.4650877168471985,
        0.43434136476994417,
        0.4296142637737487,
        0.3529299526817895,
        0.44212778536176034,
        0.36675626587409077,
        0.3357587600556811,
        0.44629245426346864,
        0.34463044802112475,
        0.5044185153893525,
        0.4586276173207597,
        0.4162788201889437,
        0.41944734894242286,
        0.38304545139569135,
        0.3919769048757483,
        0.4063321549001754,
        0.42552759520945693,
        0.4371015994440689,
        0.2874909165442824,
        0.378691704962503,
        0.39560465015819835,
        0.3868989217888074,
        0.375,
        0.3868989217888074,
        0.4123951744684367,
        0.3868989217888074,
        0.3578697591072149,
        0.4123951744684367,
        0.39560465015819835,
        0.39560465015819835,
        0.39560465015819835,
        0.38266256357511313,
        0.39560465015819835,
        0.39560465015819835,
        0.39560465015819835,
        0.39560465015819835,
        0.39560465015819835,
        0.39560465015819835,
        0.39560465015819835,
        0.39560465015819835,
        0.39560465015819835,
        0.39560465015819835,
        0.39560465015819835,
        0.4123951744684367,
        0.39560465015819835,
        0.39560465015819835
    ],
    "val_auroc": [
        0.8018518518518518,
        0.8074074074074075,
        0.8296296296296297,
        0.8066666666666666,
        0.8166666666666667,
        0.7825925925925926,
        0.7862962962962963,
        0.7594444444444445,
        0.7948148148148149,
        0.7664814814814815,
        0.7822222222222223,
        0.7925925925925926,
        0.769074074074074,
        0.7712962962962963,
        0.7877777777777778,
        0.7699999999999999,
        0.7659259259259258,
        0.7579629629629628,
        0.7561111111111112,
        0.7524074074074074,
        0.7422222222222222,
        0.7375925925925926,
        0.693888888888889,
        0.7207407407407408,
        0.7203703703703704,
        0.7272222222222222,
        0.7266666666666667,
        0.734074074074074,
        0.7387037037037036,
        0.7418518518518519,
        0.7427777777777778,
        0.7466666666666666,
        0.747037037037037,
        0.7527777777777778,
        0.7548148148148149,
        0.7505555555555556,
        0.7540740740740741,
        0.758888888888889,
        0.7581481481481483,
        0.7605555555555555,
        0.7614814814814815,
        0.7609259259259259,
        0.7614814814814814,
        0.7611111111111111,
        0.7612962962962962,
        0.7623148148148148,
        0.7622222222222221,
        0.7637037037037038,
        0.7625925925925926,
        0.7646296296296297
    ]
}