{
    "train_loss": [
        0.2832380533218384,
        0.19677163812924514,
        0.12252694385295565,
        0.09482321050018072,
        0.08545518073845994,
        0.08167147945443337,
        0.08190244927325031,
        0.08235718767074021,
        0.08012224632230672,
        0.07681670323522254,
        0.07007286900823767,
        0.06947566187855872,
        0.08524493949318473,
        0.07229916035959666,
        0.06238581460837105,
        0.06798806693404913,
        0.07038121924481609,
        0.0697289756710895,
        0.07011430786753242,
        0.06126807676628232,
        0.057548913300376044,
        0.06662859526378187,
        0.06252772221341729,
        0.05853294458409602,
        0.056569885404314846,
        0.06538706528954208,
        0.046765148555013264,
        0.05001926452281292,
        0.04430387426294725,
        0.046029525554992935,
        0.043329449497501955,
        0.039335459005087614,
        0.045066221063528,
        0.04235174890544096,
        0.0380636139254255,
        0.03963527639015493,
        0.03356290132399987,
        0.040216707600682806,
        0.04576912097267764,
        0.035214291948994454,
        0.03880022025921128,
        0.039900861474135046,
        0.08396518308753995,
        0.05602280856956812,
        0.04522204159928316,
        0.03855009334140711,
        0.03219986028059132,
        0.028602985208801165,
        0.03839203843298575,
        0.048767321602843534
    ],
    "val_loss": [
        0.22525393217802048,
        0.18675589188933372,
        0.131406140824159,
        0.1404247178385655,
        0.14303784693280855,
        0.13997961518665156,
        0.13776896428316832,
        0.1357574419428905,
        0.1480512274429202,
        0.14662298808495203,
        0.14356967682639757,
        0.145702812820673,
        0.1634680274873972,
        0.1527262975772222,
        0.17976269777864218,
        0.1608571025232474,
        0.17616863052050272,
        0.19857070470849672,
        0.17303582467138767,
        0.16911265005668005,
        0.17600504805644354,
        0.15999047768612704,
        0.1693863719701767,
        0.1913368422538042,
        0.16751508166392645,
        0.15830591941873232,
        0.1801273124292493,
        0.1680002392580112,
        0.1970349115629991,
        0.18803327158093452,
        0.2650296775003274,
        0.3007883317768574,
        0.2781197751561801,
        0.20356137367586294,
        0.24326560397942862,
        0.3044943685332934,
        0.2721192017197609,
        0.213059534629186,
        0.2642354518175125,
        0.2453304541607698,
        0.2643411985288064,
        0.2665494674195846,
        0.19127987573544183,
        0.2111912127584219,
        0.18726364926745495,
        0.2024560005714496,
        0.24103936180472374,
        0.3039616805811723,
        0.2720045667762558,
        0.24023939544955888
    ],
    "val_mcc": [
        0.0,
        0.0,
        0.7678976851666153,
        0.7086391869000565,
        0.6746219776463768,
        0.7043052599705966,
        0.7043052599705966,
        0.7678976851666153,
        0.7043052599705966,
        0.6746219776463768,
        0.6458780629739146,
        0.6746219776463768,
        0.5064552788726858,
        0.4272095352695313,
        0.46832941383896765,
        0.5788383624620932,
        0.4272095352695313,
        0.5064552788726858,
        0.4272095352695313,
        0.6746219776463768,
        0.611518915866742,
        0.7043052599705966,
        0.4272095352695313,
        0.6458780629739146,
        0.4272095352695313,
        0.4272095352695313,
        0.7343393577431244,
        0.5064552788726858,
        0.7343393577431244,
        0.5064552788726858,
        0.4272095352695313,
        0.3388235309124364,
        0.3388235309124364,
        0.5788383624620932,
        0.4272095352695313,
        0.3388235309124364,
        0.4272095352695313,
        0.611518915866742,
        0.4272095352695313,
        0.5064552788726858,
        0.5443323346087288,
        0.3388235309124364,
        0.611518915866742,
        0.6458780629739146,
        0.7343393577431244,
        0.5788383624620932,
        0.5788383624620932,
        0.3388235309124364,
        0.5788383624620932,
        0.30694760390069437
    ],
    "val_auroc": [
        0.9203839638622247,
        0.9232072275550537,
        0.9090909090909091,
        0.9034443817052512,
        0.9536984754376059,
        0.898927159796725,
        0.9130434782608696,
        0.9147374364765669,
        0.9102202145680407,
        0.9361942405420667,
        0.9474872953133823,
        0.950875211744777,
        0.9599096555618294,
        0.9435347261434217,
        0.9678147939017504,
        0.9627329192546584,
        0.9627329192546584,
        0.9649915302089215,
        0.9644268774703557,
        0.96386222473179,
        0.9655561829474874,
        0.9672501411631846,
        0.966685488424619,
        0.968944099378882,
        0.9638622247317898,
        0.9672501411631846,
        0.9678147939017504,
        0.96386222473179,
        0.966120835686053,
        0.9610389610389611,
        0.948051948051948,
        0.9282891022021456,
        0.9570863918690006,
        0.9429700734048561,
        0.9203839638622247,
        0.9305477131564088,
        0.9073969508752118,
        0.8994918125352908,
        0.9265951439864483,
        0.9073969508752118,
        0.9147374364765669,
        0.9649915302089216,
        0.9604743083003953,
        0.9695087521174478,
        0.9700734048560136,
        0.955957086391869,
        0.9632975719932242,
        0.9407114624505928,
        0.9373235460191982,
        0.9277244494635799
    ]
}