{
    "train_loss": [
        0.2474686588076028,
        0.15520719387991863,
        0.10383042947135189,
        0.096953841349618,
        0.09293540956621821,
        0.09681617849591104,
        0.09059237995692952,
        0.09013678463683887,
        0.09256935102695768,
        0.07990892307663505,
        0.08994041171602228,
        0.08303838680413636,
        0.07210786115716804,
        0.06993916258215904,
        0.07731974948282269,
        0.08330518633804539,
        0.08087172926488248,
        0.07416227553039789,
        0.06776025810871612,
        0.06803199075247077,
        0.060260109095410866,
        0.06976329459046776,
        0.08218067939477888,
        0.0665358390913091,
        0.07217114782807502,
        0.07130278295583346,
        0.06297932251949202,
        0.06522158649750054,
        0.05219142689020373,
        0.07204648733816364,
        0.09310970590873198,
        0.0626792909831486,
        0.06386885743334213,
        0.06322527342391285,
        0.0568974148217504,
        0.054846978767521,
        0.04978726893155412,
        0.056607056663117626,
        0.06268006992335855,
        0.046015266265550796,
        0.04531373498850206,
        0.04374532111846334,
        0.05182896557645025,
        0.05263684004206549,
        0.05378000628711148,
        0.045602856980787525,
        0.06084941678934477,
        0.04831253326053477,
        0.04745082443961027,
        0.04336281094583683
    ],
    "val_loss": [
        0.17475119729836783,
        0.06821423582732677,
        0.0558648145912836,
        0.06246221926994622,
        0.05082121246960014,
        0.055537716718390584,
        0.06382249807938933,
        0.06844605489944418,
        0.07463815994560719,
        0.07525295251980424,
        0.078900839202106,
        0.06594062604320546,
        0.08429471457687517,
        0.059661506519963346,
        0.07857002527453005,
        0.07205087381104629,
        0.05492000887170434,
        0.06339553801808506,
        0.07712474411043028,
        0.0620602301787585,
        0.07677784467038389,
        0.076949093490839,
        0.05359983933158219,
        0.05668156517397923,
        0.06890471993635099,
        0.0542131244049718,
        0.06649196607759222,
        0.0917210373445414,
        0.09132229573394095,
        0.07097853130350511,
        0.08585790684446692,
        0.06088720493426081,
        0.07195722701726481,
        0.07000699348282069,
        0.07336485921405256,
        0.07767542115955924,
        0.06811046600341797,
        0.08322056444982688,
        0.075748621035018,
        0.07908366631697088,
        0.09683756638939182,
        0.1041613271421132,
        0.055679435419733636,
        0.07178588616564714,
        0.10111578948999522,
        0.11478271877240331,
        0.07322125152374308,
        0.09377867463141835,
        0.09889383936145653,
        0.09622605122422101
    ],
    "val_mcc": [
        0.0,
        0.8780558882310071,
        0.8241617276558911,
        0.7473281978804637,
        0.8241617276558911,
        0.8780558882310071,
        0.8241617276558911,
        0.8241617276558911,
        0.8611156451800931,
        0.8241617276558911,
        0.8241617276558911,
        0.8241617276558911,
        0.6854365268376295,
        0.7473281978804637,
        0.8241617276558911,
        0.8780558882310071,
        0.8780558882310071,
        0.7911146277286897,
        0.8241617276558911,
        0.8241617276558911,
        0.761314709835944,
        0.8160978035750373,
        0.8780558882310071,
        0.7891730593773832,
        0.547333863896855,
        0.7678008319191324,
        0.761314709835944,
        0.5204215422127756,
        0.5786882152809495,
        0.8780558882310071,
        0.7891730593773832,
        0.645743840298938,
        0.5204215422127756,
        0.645743840298938,
        0.7678008319191324,
        0.8241617276558911,
        0.645743840298938,
        0.645743840298938,
        0.7911146277286897,
        0.8241617276558911,
        0.4681818181818182,
        0.761314709835944,
        0.6191668677752271,
        0.73424869834845,
        0.378939692104056,
        0.5786882152809495,
        0.4681818181818182,
        0.7678008319191324,
        0.5786882152809495,
        0.7342244874330721
    ],
    "val_auroc": [
        0.9926136363636364,
        0.9931818181818183,
        0.9892045454545455,
        0.9886363636363636,
        0.9926136363636364,
        0.9931818181818182,
        0.9914772727272728,
        0.9892045454545455,
        0.9681818181818181,
        0.9676136363636363,
        0.9880681818181818,
        0.9869318181818182,
        0.9113636363636363,
        0.9920454545454545,
        0.959659090909091,
        0.9920454545454547,
        0.9892045454545455,
        0.9874999999999999,
        0.9704545454545455,
        0.9880681818181818,
        0.9852272727272726,
        0.9897727272727272,
        0.9920454545454545,
        0.9897727272727272,
        0.9875,
        0.9897727272727272,
        0.9857954545454546,
        0.9596590909090909,
        0.9767045454545454,
        0.9897727272727272,
        0.9886363636363635,
        0.9875,
        0.9857954545454546,
        0.9840909090909091,
        0.9846590909090909,
        0.9801136363636362,
        0.9846590909090909,
        0.9784090909090909,
        0.9846590909090909,
        0.9801136363636364,
        0.9664772727272728,
        0.9772727272727273,
        0.9886363636363635,
        0.9863636363636363,
        0.9761363636363636,
        0.9818181818181818,
        0.9846590909090909,
        0.9789772727272728,
        0.9693181818181817,
        0.9801136363636364
    ]
}