{
    "train_loss": [
        0.2604416297240691,
        0.2110080322758718,
        0.13423696609044616,
        0.10877509851177986,
        0.0911673591895537,
        0.08365205093286932,
        0.08709761267527938,
        0.08092911088500511,
        0.08348348804495552,
        0.08302533558823845,
        0.08375978842377663,
        0.08313766500743275,
        0.0728704349603504,
        0.08092090233483097,
        0.07612034674225883,
        0.07957304620438001,
        0.07530480771410195,
        0.07637385467321357,
        0.08880040278150277,
        0.0726325203325938,
        0.09808875992894173,
        0.07933368982577865,
        0.0665145878764716,
        0.06518667021935637,
        0.0586211911868304,
        0.06974694637624039,
        0.06180422609693117,
        0.05878081370081583,
        0.06615764660422098,
        0.059572524010119116,
        0.09318572071126917,
        0.06614892718128183,
        0.06367813614832069,
        0.06354056669145146,
        0.057480643037706614,
        0.045391266234219074,
        0.0441977025475353,
        0.06596702624070035,
        0.06094316048124297,
        0.04807316114734435,
        0.04393934334670617,
        0.049327380722388625,
        0.05272005703988147,
        0.04567712450145998,
        0.04085678166434677,
        0.0394859246338125,
        0.037885041245979,
        0.03630794521251863,
        0.05088413372339511,
        0.07277178308206865
    ],
    "val_loss": [
        0.21304642409086227,
        0.15389740653336048,
        0.12455047791202863,
        0.10710091578463714,
        0.1129001285104702,
        0.11516693234443665,
        0.11297112796455622,
        0.11730879545211792,
        0.12075551544936995,
        0.11784378190835317,
        0.11543764763822158,
        0.12130599274920921,
        0.1303369637656336,
        0.12046965840272605,
        0.12446091031112398,
        0.12659767735749483,
        0.13948744717830172,
        0.12064379376048844,
        0.14486066500345865,
        0.16393471982640526,
        0.12112371297553182,
        0.12784019756751755,
        0.13657816934088865,
        0.14226093453665575,
        0.14012933149933815,
        0.13895436081414422,
        0.1436172467559421,
        0.14153090383236608,
        0.16110361728351563,
        0.14451991386401156,
        0.16105127938014144,
        0.12780314361831793,
        0.13690021991108856,
        0.13834582323518893,
        0.1489251624637594,
        0.16051375990112624,
        0.19118596093418697,
        0.16599918811698444,
        0.13160559721291065,
        0.13585618099508187,
        0.1514079828436176,
        0.14929658127948642,
        0.14434400224126875,
        0.15326778132778904,
        0.15250245047112307,
        0.15100420988164842,
        0.15808301512151957,
        0.15034579951316118,
        0.19368862180272117,
        0.1744988003435234
    ],
    "val_mcc": [
        0.0,
        0.0,
        0.6770526934074996,
        0.6770526934074996,
        0.5811712053972111,
        0.6770526934074996,
        0.6113636363636363,
        0.6172321067240548,
        0.6113636363636363,
        0.6744860186581717,
        0.6770526934074996,
        0.6172321067240548,
        0.6113636363636363,
        0.6113636363636363,
        0.6744860186581717,
        0.6442872472102531,
        0.5811712053972111,
        0.6442872472102531,
        0.5441594827174123,
        0.5786882152809495,
        0.6676347517199427,
        0.5811712053972111,
        0.6442872472102531,
        0.6442872472102531,
        0.5811712053972111,
        0.6442872472102531,
        0.6854365268376295,
        0.6191668677752271,
        0.5786882152809495,
        0.7085227272727272,
        0.5204215422127756,
        0.645743840298938,
        0.6172321067240548,
        0.5062910315390183,
        0.6191668677752271,
        0.6172321067240548,
        0.6172321067240548,
        0.547333863896855,
        0.6442872472102531,
        0.547333863896855,
        0.6744860186581717,
        0.7085227272727272,
        0.6442872472102531,
        0.6442872472102531,
        0.6172321067240548,
        0.6442872472102531,
        0.6744860186581717,
        0.6191668677752271,
        0.4681818181818182,
        0.378939692104056
    ],
    "val_auroc": [
        0.9079545454545453,
        0.9579545454545455,
        0.922159090909091,
        0.8914772727272727,
        0.8948863636363636,
        0.8914772727272726,
        0.8920454545454545,
        0.8965909090909091,
        0.8761363636363637,
        0.8460227272727273,
        0.8960227272727272,
        0.8232954545454546,
        0.8261363636363637,
        0.8505681818181818,
        0.8431818181818181,
        0.8721590909090909,
        0.8386363636363637,
        0.8829545454545454,
        0.8210227272727274,
        0.8642045454545455,
        0.8943181818181818,
        0.8823863636363636,
        0.8625,
        0.8534090909090909,
        0.8625,
        0.8795454545454545,
        0.9119318181818182,
        0.8642045454545455,
        0.821590909090909,
        0.9107954545454545,
        0.9346590909090908,
        0.8994318181818182,
        0.8880681818181818,
        0.86875,
        0.8744318181818183,
        0.8823863636363636,
        0.9545454545454546,
        0.9198863636363637,
        0.921590909090909,
        0.9,
        0.9017045454545455,
        0.9102272727272727,
        0.93125,
        0.9329545454545455,
        0.9431818181818181,
        0.9539772727272727,
        0.9409090909090909,
        0.9323863636363637,
        0.9130681818181818,
        0.8397727272727273
    ]
}