{
    "train_loss": [
        0.25375729020346294,
        0.192246568643234,
        0.11283711119639603,
        0.10458275680006905,
        0.0950108203528957,
        0.09963130967860873,
        0.0840003680522469,
        0.09074392897838895,
        0.09786065138707106,
        0.08852526782588525,
        0.08556627465242689,
        0.07960202475078404,
        0.07636474483561786,
        0.07546745253388178,
        0.07435600829988041,
        0.09110243351791393,
        0.09173344852487472,
        0.07884945648468354,
        0.08624790580308234,
        0.07207287454300305,
        0.07479375266385349,
        0.06596813626079397,
        0.0662014078645205,
        0.07134344590700824,
        0.07972436313602058,
        0.05976542896083133,
        0.06557592649055137,
        0.08077161241619085,
        0.06568740227852356,
        0.05738170411099087,
        0.06546148021747782,
        0.052409993558698756,
        0.054838117847049776,
        0.05901648886290125,
        0.052824767560444096,
        0.06288873410085216,
        0.05345473130529916,
        0.04819635521959175,
        0.0574776234888387,
        0.047172002551881385,
        0.051106901293678675,
        0.047314698680896654,
        0.052230228880282746,
        0.05452385484188033,
        0.054167362924834546,
        0.06161255605349487,
        0.04310268515043638,
        0.04557558154787826,
        0.04126569421284578,
        0.04077469102313361
    ],
    "val_loss": [
        0.2023566017548243,
        0.15507106855511665,
        0.09702230213830869,
        0.09573376613358657,
        0.08019728648165862,
        0.09308251552283764,
        0.0872150690605243,
        0.09438983591583867,
        0.09172438985357682,
        0.10722886359629531,
        0.09799894706035654,
        0.10059797864717741,
        0.11838369599233071,
        0.10822218315054973,
        0.12074011797085404,
        0.11017472979923089,
        0.09085399044367175,
        0.10031140502542257,
        0.09686344753329952,
        0.1261228583753109,
        0.13435231044422835,
        0.10701067792251706,
        0.13500015363873294,
        0.1451118246962627,
        0.11983936311056216,
        0.11347114519837002,
        0.13988787948619574,
        0.1490928205118204,
        0.12861231248825788,
        0.2222888469696045,
        0.14426983629042903,
        0.19923655273548016,
        0.18822162823441127,
        0.1435315813869238,
        0.1751623760598401,
        0.15219445914650956,
        0.17145530111156404,
        0.20683668575172,
        0.19746483800311884,
        0.23974018471684153,
        0.21163942654432807,
        0.1471625128760934,
        0.18182619692136845,
        0.23500041260073581,
        0.17966464503357807,
        0.17661539926969758,
        0.17467343132011592,
        0.19375172174477484,
        0.23695643163713007,
        0.27816420296827954
    ],
    "val_mcc": [
        0.0,
        0.0,
        0.5443323346087288,
        0.6869241086469,
        0.5443323346087288,
        0.7096473159168414,
        0.5788383624620932,
        0.5064552788726858,
        0.5443323346087288,
        0.5064552788726858,
        0.47212861075418316,
        0.5443323346087288,
        0.47212861075418316,
        0.47212861075418316,
        0.47212861075418316,
        0.47212861075418316,
        0.7086391869000565,
        0.7043052599705966,
        0.5443323346087288,
        0.5064552788726858,
        0.39361809238809775,
        0.5443323346087288,
        0.47212861075418316,
        0.3388235309124364,
        0.5064552788726858,
        0.5443323346087288,
        0.47212861075418316,
        0.5443323346087288,
        0.5443323346087288,
        0.2749966083960779,
        0.5443323346087288,
        0.47212861075418316,
        0.47212861075418316,
        0.5443323346087288,
        0.5443323346087288,
        0.39361809238809775,
        0.39361809238809775,
        0.5443323346087288,
        0.3388235309124364,
        0.5443323346087288,
        0.39361809238809775,
        0.6444415858343575,
        0.5443323346087288,
        0.5443323346087288,
        0.48807056260589954,
        0.5443323346087288,
        0.611518915866742,
        0.47212861075418316,
        0.39361809238809775,
        0.39361809238809775
    ],
    "val_auroc": [
        0.9418407679277244,
        0.9440993788819875,
        0.9745906267645398,
        0.9802371541501976,
        0.9762845849802372,
        0.9779785431959346,
        0.9813664596273293,
        0.9762845849802372,
        0.9779785431959346,
        0.9808018068887634,
        0.9745906267645398,
        0.9723320158102767,
        0.9740259740259741,
        0.9723320158102767,
        0.968944099378882,
        0.9712027103331452,
        0.981931112365895,
        0.9757199322416714,
        0.9762845849802372,
        0.974025974025974,
        0.9723320158102767,
        0.9751552795031057,
        0.971767363071711,
        0.9678147939017504,
        0.9717673630717109,
        0.974025974025974,
        0.9616036137775269,
        0.9728966685488425,
        0.9723320158102767,
        0.9616036137775268,
        0.9717673630717109,
        0.9384528514963297,
        0.9345002823263693,
        0.961038961038961,
        0.9734613212874084,
        0.9463579898362507,
        0.9469226425748165,
        0.9576510446075663,
        0.932806324110672,
        0.9435347261434218,
        0.9661208356860532,
        0.9728966685488425,
        0.9435347261434217,
        0.9536984754376059,
        0.9582156973461321,
        0.961038961038961,
        0.9491812535290797,
        0.958780350084698,
        0.9215132693393563,
        0.9090909090909092
    ]
}