{
    "train_loss": [
        0.27266110886227,
        0.1841694065792994,
        0.10327265178784728,
        0.07327700427479365,
        0.07437786100093614,
        0.07308046782219951,
        0.06690375269813971,
        0.06167649028992111,
        0.06502324988303537,
        0.05565864172637124,
        0.06603931885381992,
        0.06498616498852657,
        0.05800356359263374,
        0.07018508347259327,
        0.055490781595422464,
        0.056899230667940254,
        0.05932860112410377,
        0.04879609217062931,
        0.04256476521153341,
        0.05566650605760515,
        0.0428988175381991,
        0.043831286824901,
        0.057351311785168946,
        0.05422868541526524,
        0.042948997841449454,
        0.04146600636886433,
        0.04824588532474908,
        0.03719752002507448,
        0.039310603720051324,
        0.047706025890709665,
        0.03728545014481907,
        0.032008210588669914,
        0.03330525335199623,
        0.04216953341595151,
        0.06663962039800192,
        0.05137284526559101,
        0.035683551999020645,
        0.045726113243621185,
        0.04132560776567764,
        0.038879719673952255,
        0.0275084983070635,
        0.0311356109238907,
        0.02658616009946193,
        0.028521252896594393,
        0.02368278482621959,
        0.02262941787243604,
        0.027630188182229176,
        0.026649521314539015,
        0.02283049318463203,
        0.031753829071848566
    ],
    "val_loss": [
        0.21018301447232565,
        0.16508086770772934,
        0.13805918224776784,
        0.14605547619673112,
        0.1593097917114695,
        0.17638094117864966,
        0.1988340106133061,
        0.17784686440912387,
        0.21429211960639805,
        0.1721616528229788,
        0.19342066770574698,
        0.16952822574724755,
        0.20929395428781086,
        0.20031053801843277,
        0.1956461527151987,
        0.2148307135600286,
        0.22328620041177297,
        0.20952689026792845,
        0.24120612650100762,
        0.21288932693035653,
        0.2550763798256715,
        0.24503010503637293,
        0.2307952271269945,
        0.23029792805512747,
        0.2502528055435202,
        0.302242017739142,
        0.27877495489277254,
        0.2849537024473345,
        0.27745704394086107,
        0.29926743689429713,
        0.30851660177237744,
        0.31564988816777867,
        0.3304271890471379,
        0.3137989880318249,
        0.25760289261233993,
        0.23258387483656406,
        0.2804905490726621,
        0.30305892208464985,
        0.3052238739207193,
        0.272135963459732,
        0.33830978258386796,
        0.3137620455696985,
        0.349712940967341,
        0.3293103277683258,
        0.3490660288371146,
        0.37344763129779796,
        0.35173949293918366,
        0.35230571176422626,
        0.41013974528201896,
        0.3475937268231064
    ],
    "val_mcc": [
        0.0,
        0.3388235309124364,
        0.47212861075418316,
        0.5929791276098924,
        0.5305025272375369,
        0.47212861075418316,
        0.5064552788726858,
        0.4646460420168239,
        0.44278660624354294,
        0.48807056260589954,
        0.47212861075418316,
        0.44278660624354294,
        0.44278660624354294,
        0.30694760390069437,
        0.20931764798590516,
        0.25870910733836316,
        0.28078090590350974,
        0.25870910733836316,
        0.09621290848090852,
        0.20931764798590516,
        0.3388235309124364,
        0.443601160871007,
        0.5143986448334275,
        0.3388235309124364,
        0.28078090590350974,
        0.41727837380011296,
        0.394794855085661,
        0.4272095352695313,
        0.30694760390069437,
        0.2749966083960779,
        0.3654188590462732,
        0.28078090590350974,
        0.20931764798590516,
        0.30694760390069437,
        0.3654188590462732,
        0.3412408778783571,
        0.20931764798590516,
        0.1866856725318574,
        0.25870910733836316,
        0.23765410727335523,
        0.3412408778783571,
        0.28078090590350974,
        0.28078090590350974,
        0.3412408778783571,
        0.3412408778783571,
        0.3412408778783571,
        0.3201581027667984,
        0.30694760390069437,
        0.3201581027667984,
        0.3412408778783571
    ],
    "val_auroc": [
        0.7984189723320159,
        0.841897233201581,
        0.857707509881423,
        0.8633540372670807,
        0.862789384528515,
        0.8424618859401467,
        0.8322981366459627,
        0.821005081874647,
        0.8114059853190289,
        0.8667419536984754,
        0.8080180688876343,
        0.8181818181818182,
        0.8345567476002258,
        0.8390739695087522,
        0.8345567476002258,
        0.8300395256916996,
        0.8356860530773574,
        0.8147939017504234,
        0.8198757763975154,
        0.7707509881422925,
        0.7701863354037266,
        0.805759457933371,
        0.8616600790513834,
        0.7741389045736872,
        0.7848673066064371,
        0.8210050818746469,
        0.7848673066064371,
        0.7888198757763976,
        0.7859966120835686,
        0.7583286278938454,
        0.8204404291360813,
        0.8260869565217391,
        0.8063241106719368,
        0.8198757763975155,
        0.8379446640316206,
        0.8656126482213439,
        0.8435911914172783,
        0.8322981366459626,
        0.8356860530773574,
        0.7701863354037267,
        0.8560135516657255,
        0.8029361942405421,
        0.8379446640316205,
        0.8046301524562395,
        0.8142292490118577,
        0.8283455674760023,
        0.8396386222473179,
        0.8311688311688311,
        0.8029361942405421,
        0.8306041784302653
    ]
}