{
    "train_loss": [
        0.6468817710876464,
        0.48882654309272766,
        0.34247163534164426,
        0.23758197873830794,
        0.1783302865922451,
        0.12148339673876762,
        0.09371859058737755,
        0.08657466508448124,
        0.07304728850722313,
        0.04900368079543114,
        0.0373226273804903,
        0.03153342697769403,
        0.02725742682814598,
        0.02401854433119297,
        0.021464858204126358,
        0.019332567416131496,
        0.017548182792961598,
        0.016015683766454458,
        0.014695943612605334,
        0.013535572029650212,
        0.012527456600219011,
        0.011635632440447807,
        0.010844567604362965,
        0.010127774253487588,
        0.009491183608770371,
        0.008913485892117023,
        0.008390901423990727,
        0.007920065335929394,
        0.00748691656626761,
        0.007088206615298987,
        0.006726194638758898,
        0.006391245685517788,
        0.006081497995182872,
        0.005797579977661371,
        0.005531659629195928,
        0.005287431739270687,
        0.00505892294459045,
        0.004844055231660605,
        0.0046444491017609835,
        0.004457020713016391,
        0.004282779339700937,
        0.004119024821557104,
        0.003963392181321979,
        0.003818211006000638,
        0.0036796101136133074,
        0.003550913534127176,
        0.003428135602734983,
        0.003313099453225732,
        0.0032014397671446203,
        0.003097880887798965
    ],
    "val_loss": [
        0.5920655230681101,
        0.4225737551848094,
        0.29270322620868683,
        0.24024485051631927,
        0.13319815695285797,
        0.11127536247173946,
        0.08455304801464081,
        0.0698748454451561,
        0.05167492851614952,
        0.04303583626945814,
        0.040558102230230965,
        0.03171050176024437,
        0.02828222947816054,
        0.02579764152566592,
        0.0232821727792422,
        0.021110423530141514,
        0.019212589909633,
        0.01762855735917886,
        0.016303102485835552,
        0.01522856050481399,
        0.014322812668979168,
        0.013289949546257654,
        0.012386620044708252,
        0.011673261101047197,
        0.011119700347383818,
        0.010544747424622377,
        0.00996594193081061,
        0.009422758283714453,
        0.009012701300283274,
        0.008612163830548525,
        0.008219592118014893,
        0.007896025820324818,
        0.0075555855097870035,
        0.007331042395283778,
        0.0070303768540422125,
        0.006711754482239485,
        0.006473900284618139,
        0.006264699933429559,
        0.006078659867246945,
        0.005797528817007939,
        0.005670497193932533,
        0.005522338518251975,
        0.005353652251263459,
        0.005155207744489114,
        0.0050082287440697355,
        0.004893259300539891,
        0.004743863983700673,
        0.00465927164380749,
        0.004520255917062362,
        0.004399889226381977
    ],
    "val_mcc": [
        0.0,
        1.0,
        1.0,
        0.9244162777371754,
        1.0,
        1.0,
        1.0,
        1.0,
        1.0,
        1.0,
        1.0,
        1.0,
        1.0,
        1.0,
        1.0,
        1.0,
        1.0,
        1.0,
        1.0,
        1.0,
        1.0,
        1.0,
        1.0,
        1.0,
        1.0,
        1.0,
        1.0,
        1.0,
        1.0,
        1.0,
        1.0,
        1.0,
        1.0,
        1.0,
        1.0,
        1.0,
        1.0,
        1.0,
        1.0,
        1.0,
        1.0,
        1.0,
        1.0,
        1.0,
        1.0,
        1.0,
        1.0,
        1.0,
        1.0,
        1.0
    ],
    "val_auroc": [
        1.0,
        1.0,
        1.0,
        0.986,
        1.0,
        1.0,
        1.0,
        1.0,
        1.0,
        1.0,
        1.0,
        1.0,
        1.0,
        1.0,
        1.0,
        1.0,
        1.0,
        1.0,
        1.0,
        1.0,
        1.0,
        1.0,
        1.0,
        1.0,
        1.0,
        1.0,
        1.0,
        1.0,
        1.0,
        1.0,
        1.0,
        1.0,
        1.0,
        1.0,
        1.0,
        1.0,
        1.0,
        1.0,
        1.0,
        1.0,
        1.0,
        1.0,
        1.0,
        1.0,
        1.0,
        1.0,
        1.0,
        1.0,
        1.0,
        1.0
    ]
}