{
    "train_loss": [
        0.6582995653152466,
        0.5004347115755081,
        0.3551032245159149,
        0.2391622245311737,
        0.16121938675642014,
        0.11760449856519699,
        0.08803714662790299,
        0.06811275258660317,
        0.05465361513197422,
        0.044698454812169074,
        0.036903005465865134,
        0.03179706931114197,
        0.027817856706678867,
        0.024692530557513238,
        0.02216333504766226,
        0.020033532939851283,
        0.018229200318455697,
        0.016684906743466853,
        0.015342121850699187,
        0.014167130645364522,
        0.01314691798761487,
        0.012225449085235596,
        0.011405522190034389,
        0.010675865784287452,
        0.010020614694803953,
        0.009426626842468977,
        0.008887614123523235,
        0.008397417981177569,
        0.00795539766550064,
        0.007536371517926454,
        0.007162376260384917,
        0.006813283404335379,
        0.0064922085031867026,
        0.006194641068577767,
        0.005920768668875098,
        0.005661851121112704,
        0.0054232216440141204,
        0.0051993104629218575,
        0.004991017188876868,
        0.004794400231912732,
        0.004610948311164975,
        0.004436914995312691,
        0.004275248525664211,
        0.004121681489050388,
        0.003976642643101514,
        0.0038405300816521048,
        0.0037104919319972396,
        0.003587976354174316,
        0.0034716823836788537,
        0.00336141437292099
    ],
    "val_loss": [
        0.6150261759757996,
        0.4662828246752421,
        0.3063247303167979,
        0.21488512059052786,
        0.16306975980599722,
        0.1294364109635353,
        0.11622816075881322,
        0.0802797128756841,
        0.07331094394127528,
        0.10584980497757594,
        0.06672121708591779,
        0.06470649689435959,
        0.06770233809947968,
        0.06648631642262141,
        0.06479996318618457,
        0.06310612335801125,
        0.06245459119478861,
        0.06183943524956703,
        0.06099258176982403,
        0.06072567527492841,
        0.0603171531111002,
        0.060292004918058716,
        0.06007919708887736,
        0.05995759802560011,
        0.05988517093161742,
        0.05993199720978737,
        0.05987926324208578,
        0.06017794584234556,
        0.060217792789141335,
        0.060259644562999405,
        0.06041893114646276,
        0.06047968131800493,
        0.060557289669911064,
        0.060824902107318245,
        0.060973298425475754,
        0.06103332651158174,
        0.061327576637268066,
        0.06148260893921057,
        0.06176759054263433,
        0.061959958945711456,
        0.06208406575024128,
        0.06214148054520289,
        0.06247468230624994,
        0.06264807283878326,
        0.06290164589881897,
        0.06306674828131993,
        0.06331807933747768,
        0.0634240818520387,
        0.06369883784403403,
        0.06389482878148556
    ],
    "val_mcc": [
        0.0,
        0.9486832980505139,
        0.9486832980505139,
        0.9738516810963534,
        0.9486832980505139,
        0.9738516810963534,
        0.9244162777371754,
        0.9738516810963534,
        0.9738516810963534,
        0.9244162777371754,
        0.9738516810963534,
        0.9738516810963534,
        0.9738516810963534,
        0.9738516810963534,
        0.9738516810963534,
        0.9738516810963534,
        0.9738516810963534,
        0.9738516810963534,
        0.9738516810963534,
        0.9738516810963534,
        0.9738516810963534,
        0.9738516810963534,
        0.9738516810963534,
        0.9738516810963534,
        0.9738516810963534,
        0.9738516810963534,
        0.9738516810963534,
        0.9738516810963534,
        0.9738516810963534,
        0.9738516810963534,
        0.9738516810963534,
        0.9738516810963534,
        0.9738516810963534,
        0.9738516810963534,
        0.9738516810963534,
        0.9738516810963534,
        0.9738516810963534,
        0.9738516810963534,
        0.9738516810963534,
        0.9738516810963534,
        0.9738516810963534,
        0.9738516810963534,
        0.9738516810963534,
        0.9738516810963534,
        0.9738516810963534,
        0.9738516810963534,
        0.9738516810963534,
        0.9738516810963534,
        0.9738516810963534,
        0.9738516810963534
    ],
    "val_auroc": [
        0.9986666666666667,
        0.9606666666666666,
        0.9993333333333333,
        1.0,
        1.0,
        0.9813333333333333,
        0.98,
        1.0,
        0.9993333333333333,
        0.9926666666666666,
        0.9993333333333333,
        0.9993333333333333,
        0.9993333333333333,
        0.9993333333333333,
        0.9993333333333333,
        0.9993333333333333,
        0.9993333333333333,
        0.9993333333333333,
        0.9993333333333333,
        0.9993333333333333,
        0.9993333333333333,
        0.9993333333333333,
        0.9993333333333333,
        0.9993333333333333,
        0.9993333333333333,
        0.9993333333333333,
        0.9993333333333333,
        0.9993333333333333,
        0.9993333333333333,
        0.9993333333333333,
        0.9993333333333333,
        0.9993333333333333,
        0.9993333333333333,
        0.9993333333333333,
        0.9993333333333333,
        0.9993333333333333,
        0.9993333333333333,
        0.9993333333333333,
        0.9993333333333333,
        0.9993333333333333,
        0.9993333333333333,
        0.9993333333333333,
        0.9993333333333333,
        0.9993333333333333,
        0.9993333333333333,
        0.9993333333333333,
        0.9993333333333333,
        0.9993333333333333,
        0.9993333333333333,
        0.9993333333333333
    ]
}