{
    "train_loss": [
        0.6432150602340698,
        0.4852173954248428,
        0.34438599050045016,
        0.23571606129407882,
        0.15937610119581222,
        0.11557542011141778,
        0.08609092310070991,
        0.0750155869871378,
        0.056810932233929634,
        0.04414023272693157,
        0.03712161555886269,
        0.03175124265253544,
        0.02775996960699558,
        0.024592324532568453,
        0.02202827874571085,
        0.01988741774111986,
        0.018084386922419073,
        0.01652730517089367,
        0.015199082158505916,
        0.014017997216433287,
        0.012982700485736132,
        0.012074605468660593,
        0.011263853870332241,
        0.010529487766325474,
        0.009878854267299175,
        0.009285594057291745,
        0.008751912880688906,
        0.008261357387527823,
        0.007816803036257624,
        0.0074104519560933115,
        0.0070369672030210495,
        0.00669167242012918,
        0.006371978763490915,
        0.006077764881774783,
        0.005802950263023377,
        0.005551197426393628,
        0.005311632854864001,
        0.005090536782518029,
        0.004885337967425585,
        0.004690357530489564,
        0.004508434468880296,
        0.0043379077687859535,
        0.004176933458074928,
        0.004024959332309663,
        0.003882281482219696,
        0.003747789794579148,
        0.0036189161241054536,
        0.0034982132725417613,
        0.0033841466065496206,
        0.003275736072100699
    ],
    "val_loss": [
        0.5811393062273661,
        0.4355810483296712,
        0.3059203128019969,
        0.2068906823794047,
        0.14475085586309433,
        0.11147479712963104,
        0.1009601578116417,
        0.06894825647274654,
        0.05595418065786362,
        0.05257953951756159,
        0.040743637830019,
        0.041418856009840965,
        0.0344683105746905,
        0.0287174042314291,
        0.027783256645003956,
        0.026773799831668537,
        0.023753346254428227,
        0.021561618894338608,
        0.02098681777715683,
        0.019481149812539417,
        0.018266133964061737,
        0.017246311530470848,
        0.01660734632362922,
        0.01562091832359632,
        0.01510427426546812,
        0.014405653967211643,
        0.013898252664754788,
        0.013374218561997017,
        0.01273586011181275,
        0.012184490294506153,
        0.01171044073998928,
        0.011765934992581606,
        0.010888868321975073,
        0.010806210183848938,
        0.010572919466843208,
        0.010249298376341661,
        0.010294156925131878,
        0.009481422758350769,
        0.009588186784336964,
        0.009361063363030553,
        0.009048734170695147,
        0.00900923553854227,
        0.0086955016789337,
        0.008423717614884177,
        0.00826973437021176,
        0.008275748851398626,
        0.008275150166203579,
        0.007898477759833137,
        0.00775509715701143,
        0.007840725205217799
    ],
    "val_mcc": [
        0.0,
        0.8958064164776166,
        0.973505222533836,
        0.973505222533836,
        1.0,
        0.9738516810963534,
        0.9738516810963534,
        1.0,
        1.0,
        0.9738516810963534,
        1.0,
        0.9738516810963534,
        1.0,
        1.0,
        1.0,
        1.0,
        1.0,
        1.0,
        1.0,
        1.0,
        1.0,
        1.0,
        1.0,
        1.0,
        1.0,
        1.0,
        1.0,
        1.0,
        1.0,
        1.0,
        1.0,
        1.0,
        1.0,
        1.0,
        1.0,
        1.0,
        1.0,
        1.0,
        1.0,
        1.0,
        1.0,
        1.0,
        1.0,
        1.0,
        1.0,
        1.0,
        1.0,
        1.0,
        1.0,
        1.0
    ],
    "val_auroc": [
        1.0,
        1.0,
        1.0,
        1.0,
        1.0,
        1.0,
        1.0,
        1.0,
        1.0,
        1.0,
        1.0,
        1.0,
        1.0,
        1.0,
        1.0,
        1.0,
        1.0,
        1.0,
        1.0,
        1.0,
        1.0,
        1.0,
        1.0,
        1.0,
        1.0,
        1.0,
        1.0,
        1.0,
        1.0,
        1.0,
        1.0,
        1.0,
        1.0,
        1.0,
        1.0,
        1.0,
        1.0,
        1.0,
        1.0,
        1.0,
        1.0,
        1.0,
        1.0,
        1.0,
        1.0,
        1.0,
        1.0,
        1.0,
        1.0,
        1.0
    ]
}