{
    "train_loss": [
        0.6511962294578553,
        0.49908718168735505,
        0.3429095268249512,
        0.23538817316293717,
        0.15867978632450103,
        0.12025742903351784,
        0.08566436618566513,
        0.06616385914385318,
        0.053724202886223794,
        0.043292348459362986,
        0.039047639816999435,
        0.0351865716278553,
        0.030033030733466148,
        0.024691737629473208,
        0.021384566091001034,
        0.018987646512687206,
        0.017135109566152096,
        0.015627261903136968,
        0.014317594934254885,
        0.013206215016543866,
        0.012220253702253103,
        0.011351897288113833,
        0.010580468084663152,
        0.009888726100325585,
        0.00926857888698578,
        0.008708409126847982,
        0.008199776755645871,
        0.00773724471218884,
        0.007316198665648699,
        0.006926613952964544,
        0.006572794308885932,
        0.006246614595875144,
        0.005944471759721637,
        0.005664003826677799,
        0.005406309338286519,
        0.0051657022442668675,
        0.004941587243229151,
        0.004733491037040949,
        0.004537930805236101,
        0.004353926656767726,
        0.004183625662699341,
        0.004021802893839776,
        0.003871059278026223,
        0.003728281566873193,
        0.00359373833052814,
        0.0034666590392589567,
        0.0033468796173110604,
        0.0032326170708984136,
        0.0031252922490239143,
        0.003022886533290148
    ],
    "val_loss": [
        0.6091558535893759,
        0.43971486886342365,
        0.30732323229312897,
        0.2192747195561727,
        0.16265937685966492,
        0.15842576821645102,
        0.11272666603326797,
        0.07666815320650737,
        0.07174678395191829,
        0.08286295334498088,
        0.05340282991528511,
        0.06472280994057655,
        0.05563917507727941,
        0.06653886785109837,
        0.0531584732234478,
        0.05466874688863754,
        0.05692519247531891,
        0.05731250594059626,
        0.0563798559208711,
        0.05582385386029879,
        0.05524118555088838,
        0.056750571355223656,
        0.05724409533043703,
        0.05672097268203894,
        0.05648970976471901,
        0.056631987914443016,
        0.057232976580659546,
        0.05728159286081791,
        0.05797834570209185,
        0.05748352160056432,
        0.057980638618270554,
        0.05843369973202547,
        0.05876602604985237,
        0.058882540091872215,
        0.059388660515348114,
        0.059680880357821785,
        0.05996566824615002,
        0.06013563213249048,
        0.06020048322776953,
        0.060524857292572655,
        0.0611139660080274,
        0.0614226001004378,
        0.061615255971749626,
        0.061611793314417206,
        0.062080927193164825,
        0.0626956212023894,
        0.06274167820811272,
        0.06286139041185379,
        0.0634062687555949,
        0.06350670258204143
    ],
    "val_mcc": [
        0.0,
        0.973505222533836,
        0.9486832980505139,
        0.9486832980505139,
        0.9486832980505139,
        0.9244162777371754,
        0.9486832980505139,
        0.9738516810963534,
        0.9738516810963534,
        0.9486832980505139,
        0.9738516810963534,
        0.9738516810963534,
        0.9738516810963534,
        0.9486832980505139,
        0.9738516810963534,
        0.9738516810963534,
        0.9738516810963534,
        0.9738516810963534,
        0.9738516810963534,
        0.9738516810963534,
        0.9738516810963534,
        0.9738516810963534,
        0.9738516810963534,
        0.9738516810963534,
        0.9738516810963534,
        0.9738516810963534,
        0.9738516810963534,
        0.9738516810963534,
        0.9738516810963534,
        0.9738516810963534,
        0.9738516810963534,
        0.9738516810963534,
        0.9738516810963534,
        0.9738516810963534,
        0.9738516810963534,
        0.9738516810963534,
        0.9738516810963534,
        0.9738516810963534,
        0.9738516810963534,
        0.9738516810963534,
        0.9738516810963534,
        0.9738516810963534,
        0.9738516810963534,
        0.9738516810963534,
        0.9738516810963534,
        0.9486832980505139,
        0.9486832980505139,
        0.9486832980505139,
        0.9486832980505139,
        0.9486832980505139
    ],
    "val_auroc": [
        0.998,
        0.9993333333333333,
        0.9993333333333333,
        1.0,
        1.0,
        0.9673333333333333,
        0.9973333333333334,
        1.0,
        1.0,
        1.0,
        1.0,
        1.0,
        1.0,
        1.0,
        1.0,
        1.0,
        1.0,
        1.0,
        1.0,
        1.0,
        1.0,
        1.0,
        1.0,
        1.0,
        1.0,
        1.0,
        1.0,
        1.0,
        1.0,
        1.0,
        1.0,
        1.0,
        1.0,
        1.0,
        1.0,
        1.0,
        1.0,
        1.0,
        1.0,
        1.0,
        1.0,
        1.0,
        1.0,
        1.0,
        1.0,
        1.0,
        1.0,
        1.0,
        1.0,
        1.0
    ]
}