{
    "train_loss": [
        0.6188893258571625,
        0.47029624283313753,
        0.33506553173065184,
        0.23074817806482315,
        0.16285615265369416,
        0.11782074198126793,
        0.08848164230585098,
        0.07822246216237545,
        0.06694618985056877,
        0.04876738041639328,
        0.03954480066895485,
        0.033142543956637384,
        0.02860089223831892,
        0.02523994296789169,
        0.022473184391856194,
        0.02022342924028635,
        0.018347061052918435,
        0.016752889845520258,
        0.015374313108623028,
        0.014176114555448293,
        0.01312881028279662,
        0.012196673732250928,
        0.011366389971226454,
        0.010621560085564852,
        0.00995610048994422,
        0.00935501754283905,
        0.008808119315654039,
        0.00831073997542262,
        0.007860399363562465,
        0.007446486782282591,
        0.007063725637272001,
        0.006714387191459536,
        0.00639083543792367,
        0.006092623714357615,
        0.0058151746168732645,
        0.0055586335249245165,
        0.005316113447770476,
        0.005092071695253253,
        0.004884044732898473,
        0.004687755508348346,
        0.0045037473551929,
        0.004332016385160386,
        0.004167963843792677,
        0.00401619344484061,
        0.003871739888563752,
        0.003735737083479762,
        0.003606619918718934,
        0.003485001786611974,
        0.003369167633354664,
        0.003259442816488445
    ],
    "val_loss": [
        0.5572351415952047,
        0.41351646184921265,
        0.28725319107373554,
        0.19651034971078238,
        0.1436634063720703,
        0.1148180440068245,
        0.08227265005310376,
        0.07894543930888176,
        0.059730944534142814,
        0.05137870584925016,
        0.043890384336312614,
        0.03709377100070318,
        0.03450829659899076,
        0.03649777670701345,
        0.031016957635680836,
        0.03083021380007267,
        0.02811421857525905,
        0.02882735338062048,
        0.026774294363955658,
        0.025603394024074078,
        0.024901334817210834,
        0.025052491575479507,
        0.024037784275909264,
        0.02349138321975867,
        0.023568077944219112,
        0.023119010496884584,
        0.022993000224232674,
        0.02242024941369891,
        0.02256270218640566,
        0.02248451905325055,
        0.022511097757766645,
        0.022052792521814506,
        0.02181881619617343,
        0.021775597240775824,
        0.022355566577365,
        0.022357612537841003,
        0.022149858220169943,
        0.022160551821192104,
        0.022343209634224575,
        0.022214680211618543,
        0.0222503156401217,
        0.022454944672062993,
        0.02228762333591779,
        0.022304383882631857,
        0.022836445597931743,
        0.022680612513795495,
        0.022864683143173654,
        0.02280373894609511,
        0.023285435667882364,
        0.022839175537228584
    ],
    "val_mcc": [
        0.3333333333333333,
        0.9244162777371754,
        1.0,
        1.0,
        1.0,
        1.0,
        1.0,
        1.0,
        1.0,
        1.0,
        1.0,
        1.0,
        1.0,
        0.9738516810963534,
        0.9738516810963534,
        0.9738516810963534,
        0.9738516810963534,
        0.9738516810963534,
        0.9738516810963534,
        0.9738516810963534,
        0.9738516810963534,
        0.9738516810963534,
        0.9738516810963534,
        0.9738516810963534,
        0.9738516810963534,
        0.9738516810963534,
        0.9738516810963534,
        0.9738516810963534,
        0.9738516810963534,
        0.9738516810963534,
        0.9738516810963534,
        0.9738516810963534,
        0.9738516810963534,
        0.9738516810963534,
        0.9738516810963534,
        0.9738516810963534,
        0.9738516810963534,
        0.9738516810963534,
        0.9738516810963534,
        0.9738516810963534,
        0.9738516810963534,
        0.9738516810963534,
        0.9738516810963534,
        0.9738516810963534,
        0.9738516810963534,
        0.9738516810963534,
        0.9738516810963534,
        0.9738516810963534,
        0.9738516810963534,
        0.9738516810963534
    ],
    "val_auroc": [
        1.0,
        1.0,
        1.0,
        1.0,
        1.0,
        1.0,
        1.0,
        1.0,
        1.0,
        1.0,
        1.0,
        1.0,
        1.0,
        1.0,
        1.0,
        1.0,
        1.0,
        1.0,
        1.0,
        1.0,
        1.0,
        1.0,
        1.0,
        1.0,
        1.0,
        1.0,
        1.0,
        1.0,
        1.0,
        1.0,
        1.0,
        1.0,
        1.0,
        1.0,
        1.0,
        1.0,
        1.0,
        1.0,
        1.0,
        1.0,
        1.0,
        1.0,
        1.0,
        1.0,
        1.0,
        1.0,
        1.0,
        1.0,
        1.0,
        1.0
    ]
}