{
    "train_loss": [
        0.3365034058690071,
        0.09864641763269902,
        0.051196619123220447,
        0.029507985897362234,
        0.019612437486648558,
        0.014150159060955047,
        0.010897086188197135,
        0.008740848116576671,
        0.007289061509072781,
        0.006246104976162315,
        0.005442809779196978,
        0.004792876914143563,
        0.004267796641215682,
        0.0038351728580892086,
        0.0034571782685816287,
        0.0031380424508824943,
        0.0028590581612661483,
        0.002614699094556272,
        0.0024004353443160655,
        0.002208181377500296,
        0.0020380527595989404,
        0.001881139271426946,
        0.0017433411907404662,
        0.0016208425397053361,
        0.0015104194055311382,
        0.0014129496295936406,
        0.001325177785474807,
        0.0012466670363210143,
        0.0011763412854634225,
        0.0011128115933388472,
        0.0010543571901507677,
        0.0010014204774051905,
        0.0009526597626972943,
        0.0009076530579477549,
        0.0008656958932988345,
        0.0008271850296296179,
        0.0007915959518868476,
        0.000758410943672061,
        0.000726929068332538,
        0.0006978924851864576,
        0.0006706410378683359,
        0.0006451393710449338,
        0.0006211842002812773,
        0.0005985250696539879,
        0.000577231461647898,
        0.0005571360175963491,
        0.000538024544948712,
        0.0005199005565373227,
        0.0005029387364629656,
        0.00048682056658435615
    ],
    "val_loss": [
        0.1705795874198278,
        0.10136443624893825,
        0.08599879095951717,
        0.07178893064459164,
        0.07822315705319245,
        0.0714470250532031,
        0.06351839285343885,
        0.073490459471941,
        0.07286266423761845,
        0.07552957131216924,
        0.07033101112271349,
        0.07129349807898204,
        0.07348632874588172,
        0.07484069187194109,
        0.07448389738177259,
        0.07553969478855531,
        0.07486449958135684,
        0.0765727936134984,
        0.07875009214815994,
        0.07706471059160928,
        0.07974116139424343,
        0.08061996637843549,
        0.07990965736098588,
        0.08043861823777358,
        0.08210829428086679,
        0.0823872023417304,
        0.0832755269560342,
        0.08440386748407036,
        0.08481783540143321,
        0.08603148333107431,
        0.08728594686059903,
        0.08718303730711341,
        0.0863960504066199,
        0.08747019009509434,
        0.08882062633832295,
        0.08857405018837501,
        0.08903168382433553,
        0.09034980034145217,
        0.09040666942019016,
        0.09195626402894656,
        0.09187935756441827,
        0.09249427070608363,
        0.09260467467053483,
        0.09316939963415886,
        0.09403109882259741,
        0.09419288125354797,
        0.09484868783814211,
        0.09543338654718052,
        0.09523466891065861,
        0.09568432778663312
    ],
    "val_mcc": [
        0.9486832980505139,
        0.9486832980505139,
        0.9486832980505139,
        0.9486832980505139,
        0.9486832980505139,
        0.9486832980505139,
        0.9486832980505139,
        0.9486832980505139,
        0.9486832980505139,
        0.9486832980505139,
        0.9486832980505139,
        0.9486832980505139,
        0.9486832980505139,
        0.9486832980505139,
        0.9486832980505139,
        0.9486832980505139,
        0.9486832980505139,
        0.9486832980505139,
        0.9486832980505139,
        0.9486832980505139,
        0.9486832980505139,
        0.9486832980505139,
        0.9486832980505139,
        0.9486832980505139,
        0.9486832980505139,
        0.9486832980505139,
        0.9486832980505139,
        0.9486832980505139,
        0.9486832980505139,
        0.9486832980505139,
        0.9486832980505139,
        0.9486832980505139,
        0.9486832980505139,
        0.9486832980505139,
        0.9486832980505139,
        0.9486832980505139,
        0.9486832980505139,
        0.9486832980505139,
        0.9486832980505139,
        0.9486832980505139,
        0.9486832980505139,
        0.9486832980505139,
        0.9486832980505139,
        0.9486832980505139,
        0.9486832980505139,
        0.9486832980505139,
        0.9486832980505139,
        0.9486832980505139,
        0.9486832980505139,
        0.9486832980505139
    ],
    "val_auroc": [
        0.9926666666666666,
        0.998,
        0.9946666666666667,
        0.9953333333333333,
        0.9986666666666667,
        0.9966666666666667,
        0.9993333333333333,
        0.9993333333333333,
        0.9993333333333333,
        1.0,
        1.0,
        1.0,
        1.0,
        1.0,
        1.0,
        1.0,
        1.0,
        1.0,
        1.0,
        1.0,
        1.0,
        1.0,
        1.0,
        1.0,
        1.0,
        1.0,
        1.0,
        1.0,
        1.0,
        1.0,
        1.0,
        1.0,
        1.0,
        1.0,
        1.0,
        1.0,
        1.0,
        1.0,
        1.0,
        1.0,
        1.0,
        1.0,
        1.0,
        1.0,
        1.0,
        1.0,
        1.0,
        1.0,
        1.0,
        1.0
    ]
}