{
    "train_loss": [
        0.369081149995327,
        0.15858499482274055,
        0.09020932912826538,
        0.06102937422692776,
        0.03494425434619188,
        0.02553748246282339,
        0.01907846499234438,
        0.014816582575440407,
        0.01225537909194827,
        0.01035703718662262,
        0.008919715229421855,
        0.007803258346393704,
        0.006888952199369669,
        0.006147040007635951,
        0.00550917387008667,
        0.004961508652195334,
        0.004496958618983626,
        0.004096970031969249,
        0.003743126755580306,
        0.0034329281887039544,
        0.0031588231213390827,
        0.002911555673927069,
        0.0026929534738883375,
        0.002494959253817797,
        0.002316317078657448,
        0.0021551590180024505,
        0.0020079993992112577,
        0.0018745776382274927,
        0.0017527565010823309,
        0.0016409871983341872,
        0.0015392209868878126,
        0.001446252374444157,
        0.0013616266194730997,
        0.0012838596710935235,
        0.0012135697295889258,
        0.0011491067009046674,
        0.0010899439919739961,
        0.001035962108289823,
        0.0009861358150374145,
        0.0009401352144777775,
        0.0008977446297649295,
        0.0008582598005887121,
        0.000821799150435254,
        0.000787587120430544,
        0.0007557768665719777,
        0.0007258685538545251,
        0.0006980190693866462,
        0.0006716621981468051,
        0.000646947108907625,
        0.0006236666231416166
    ],
    "val_loss": [
        0.2131457875172297,
        0.11732764790455501,
        0.07946147272984187,
        0.056852868447701134,
        0.03470576119919618,
        0.03534476707379023,
        0.021687230405708153,
        0.02057248167693615,
        0.015923290823896725,
        0.013290867830316225,
        0.012496007140725851,
        0.011600355772922436,
        0.010457478774090609,
        0.008665589770923058,
        0.008701513210932413,
        0.007861451245844364,
        0.007161887052158515,
        0.006231380704169472,
        0.006101083941757679,
        0.005617462409039338,
        0.005230120926474531,
        0.004881189515193303,
        0.004500080443297823,
        0.004193742449084918,
        0.004089665754387776,
        0.0038566602549205222,
        0.0036722486838698387,
        0.003497343665609757,
        0.0032217255405460796,
        0.0031762605843444667,
        0.0029934125874812403,
        0.0029443904059007764,
        0.0028697922049711146,
        0.0027572807545463243,
        0.0025670814405505857,
        0.0024549667335425815,
        0.0024138138784716525,
        0.0022939605211528638,
        0.002300721302162856,
        0.002115458599291742,
        0.0020032093937819204,
        0.0019644062655667462,
        0.0019352724387620885,
        0.0018476986636718113,
        0.0018669881004219253,
        0.0017774756609772642,
        0.0016857344695987801,
        0.0016384741951090593,
        0.0015733940914894144,
        0.0015904420676330726
    ],
    "val_mcc": [
        0.9738516810963534,
        0.9738516810963534,
        1.0,
        0.9738516810963534,
        1.0,
        0.9738516810963534,
        1.0,
        1.0,
        1.0,
        1.0,
        1.0,
        1.0,
        1.0,
        1.0,
        1.0,
        1.0,
        1.0,
        1.0,
        1.0,
        1.0,
        1.0,
        1.0,
        1.0,
        1.0,
        1.0,
        1.0,
        1.0,
        1.0,
        1.0,
        1.0,
        1.0,
        1.0,
        1.0,
        1.0,
        1.0,
        1.0,
        1.0,
        1.0,
        1.0,
        1.0,
        1.0,
        1.0,
        1.0,
        1.0,
        1.0,
        1.0,
        1.0,
        1.0,
        1.0,
        1.0
    ],
    "val_auroc": [
        0.9993333333333333,
        1.0,
        1.0,
        1.0,
        1.0,
        1.0,
        1.0,
        1.0,
        1.0,
        1.0,
        1.0,
        1.0,
        1.0,
        1.0,
        1.0,
        1.0,
        1.0,
        1.0,
        1.0,
        1.0,
        1.0,
        1.0,
        1.0,
        1.0,
        1.0,
        1.0,
        1.0,
        1.0,
        1.0,
        1.0,
        1.0,
        1.0,
        1.0,
        1.0,
        1.0,
        1.0,
        1.0,
        1.0,
        1.0,
        1.0,
        1.0,
        1.0,
        1.0,
        1.0,
        1.0,
        1.0,
        1.0,
        1.0,
        1.0,
        1.0
    ]
}