{
    "train_loss": [
        0.3528191149234772,
        0.12710093706846237,
        0.07393313124775887,
        0.04387786593288183,
        0.02877033073455095,
        0.020203006453812122,
        0.015021552424877882,
        0.01217757435515523,
        0.009916502796113492,
        0.00846917713060975,
        0.007056628679856658,
        0.006195521727204323,
        0.005509506352245808,
        0.004936969140544534,
        0.004468201100826264,
        0.0040619304636493325,
        0.003719553933478892,
        0.003424925683066249,
        0.0031623412389308212,
        0.0029304595198482277,
        0.0027266287477687003,
        0.0025422827340662478,
        0.0023785294964909554,
        0.0022302447818219663,
        0.0020980312721803783,
        0.0019750246428884566,
        0.0018649331992492079,
        0.0017646450782194734,
        0.0016715386998839676,
        0.0015866787871345878,
        0.0015086959232576192,
        0.0014360294095240532,
        0.0013688522158190608,
        0.001306694804225117,
        0.0012489052838645875,
        0.0011950474581681192,
        0.001145076414104551,
        0.00109756994061172,
        0.0010538533970247954,
        0.0010122939944267272,
        0.0009738563268911094,
        0.0009369967447128147,
        0.0009024156257510185,
        0.0008699996164068579,
        0.0008393295865971595,
        0.0008103845291770994,
        0.000782934162998572,
        0.0007570700603537261,
        0.0007320434786379337,
        0.000708776229294017
    ],
    "val_loss": [
        0.18321585158507028,
        0.09574448813994725,
        0.04856100305914879,
        0.03480340540409088,
        0.023819437250494957,
        0.018368712005515892,
        0.016310053256650765,
        0.011807509077092012,
        0.01018084647754828,
        0.009448672489573559,
        0.007554652169346809,
        0.006770318374037743,
        0.0061658527702093124,
        0.0054100986259679,
        0.004971131682395935,
        0.004555166931822896,
        0.00416774838231504,
        0.0038591375729689994,
        0.0035859699516246715,
        0.0033340439355621734,
        0.0030980910329769054,
        0.0028907866993298135,
        0.0027208749670535326,
        0.002563046757131815,
        0.0024175250437110662,
        0.0022834159123400846,
        0.002152333501726389,
        0.0020383011239270368,
        0.0019428371451795101,
        0.001845007878728211,
        0.001755985392568012,
        0.0016749435647701223,
        0.0016009326403339703,
        0.0015340117582430441,
        0.0014646243847285707,
        0.0014028017564366262,
        0.0013459034574528534,
        0.0012925839982926846,
        0.0012450853440289695,
        0.001196688584362467,
        0.00114629768844073,
        0.0011092695834425588,
        0.0010704317440589268,
        0.0010329866005728643,
        0.0009976152796298265,
        0.0009639414492994547,
        0.0009305833761269847,
        0.0009033179958350956,
        0.0008747324463911355,
        0.0008452511004482707
    ],
    "val_mcc": [
        0.9738516810963534,
        0.9738516810963534,
        1.0,
        1.0,
        1.0,
        1.0,
        1.0,
        1.0,
        1.0,
        1.0,
        1.0,
        1.0,
        1.0,
        1.0,
        1.0,
        1.0,
        1.0,
        1.0,
        1.0,
        1.0,
        1.0,
        1.0,
        1.0,
        1.0,
        1.0,
        1.0,
        1.0,
        1.0,
        1.0,
        1.0,
        1.0,
        1.0,
        1.0,
        1.0,
        1.0,
        1.0,
        1.0,
        1.0,
        1.0,
        1.0,
        1.0,
        1.0,
        1.0,
        1.0,
        1.0,
        1.0,
        1.0,
        1.0,
        1.0,
        1.0
    ],
    "val_auroc": [
        1.0,
        1.0,
        1.0,
        1.0,
        1.0,
        1.0,
        1.0,
        1.0,
        1.0,
        1.0,
        1.0,
        1.0,
        1.0,
        1.0,
        1.0,
        1.0,
        1.0,
        1.0,
        1.0,
        1.0,
        1.0,
        1.0,
        1.0,
        1.0,
        1.0,
        1.0,
        1.0,
        1.0,
        1.0,
        1.0,
        1.0,
        1.0,
        1.0,
        1.0,
        1.0,
        1.0,
        1.0,
        1.0,
        1.0,
        1.0,
        1.0,
        1.0,
        1.0,
        1.0,
        1.0,
        1.0,
        1.0,
        1.0,
        1.0,
        1.0
    ]
}