{
    "train_loss": [
        0.3806352585554123,
        0.13941197022795676,
        0.0717150915414095,
        0.04037039056420326,
        0.027244185097515583,
        0.020577436499297618,
        0.01468673227354884,
        0.011816648859530687,
        0.009784466400742532,
        0.008306216495111585,
        0.0072316273115575315,
        0.006363028660416603,
        0.0056637253146618605,
        0.005083696264773607,
        0.004593003867194056,
        0.004178326250985265,
        0.003819706290960312,
        0.0035103231901302935,
        0.0032367179403081535,
        0.002992275450378656,
        0.0027790658408775927,
        0.002587390900589526,
        0.00241779712960124,
        0.002262679464183748,
        0.0021238639252260326,
        0.0019966994994319977,
        0.0018824983737431467,
        0.00177691588178277,
        0.001680118148215115,
        0.0015912607195787132,
        0.001510310545563698,
        0.0014342615380883218,
        0.0013638612232170998,
        0.0012985219131223858,
        0.0012380140367895364,
        0.0011808072216808797,
        0.0011282046674750746,
        0.0010779186966829001,
        0.0010308430821169168,
        0.0009863581275567413,
        0.0009452912665437907,
        0.0009052389941643924,
        0.0008672002819366753,
        0.0008313030120916665,
        0.0007972921885084361,
        0.000765114271780476,
        0.0007346972182858735,
        0.0007051700551528484,
        0.0006777968432288617,
        0.0006515068700537086
    ],
    "val_loss": [
        0.19212494293848673,
        0.11395039781928062,
        0.06642101208368938,
        0.04732302203774452,
        0.045040760189294815,
        0.03416066337376833,
        0.02295156940817833,
        0.03454471565783024,
        0.02913678763434291,
        0.025651389577736456,
        0.0283184793467323,
        0.029348374033967655,
        0.028908709374566872,
        0.028557322298487026,
        0.029273212887346745,
        0.02906974668925007,
        0.03066101864290734,
        0.030167337429399293,
        0.028706779858718317,
        0.030678885833670694,
        0.030747535017629463,
        0.030725271829093497,
        0.03188625420443714,
        0.03200426802504808,
        0.03187970002181828,
        0.032286453526467085,
        0.03306844430820396,
        0.03380678151734173,
        0.03358763852156699,
        0.03331559392002722,
        0.03432931254307429,
        0.03469291857133309,
        0.03463634002643327,
        0.03485198815663656,
        0.03549420305838188,
        0.035321273297692336,
        0.03585612894191096,
        0.035906543664168566,
        0.036424503254238516,
        0.03634228689285616,
        0.03712076474524414,
        0.03722756749872739,
        0.037454161792993546,
        0.03777791800287863,
        0.037904518695237734,
        0.037708076920049884,
        0.038764862615304686,
        0.03858767692387725,
        0.038028713199310005,
        0.038434611536407225
    ],
    "val_mcc": [
        0.9738516810963534,
        0.9738516810963534,
        0.9738516810963534,
        0.9738516810963534,
        0.9738516810963534,
        0.9738516810963534,
        0.9738516810963534,
        0.9738516810963534,
        0.9738516810963534,
        0.9738516810963534,
        0.9738516810963534,
        0.9738516810963534,
        0.9738516810963534,
        0.9738516810963534,
        0.9738516810963534,
        0.9738516810963534,
        0.9738516810963534,
        0.9738516810963534,
        0.9738516810963534,
        0.9738516810963534,
        0.9738516810963534,
        0.9738516810963534,
        0.9738516810963534,
        0.9738516810963534,
        0.9738516810963534,
        0.9738516810963534,
        0.9738516810963534,
        0.9738516810963534,
        0.9738516810963534,
        0.9738516810963534,
        0.9738516810963534,
        0.9738516810963534,
        0.9738516810963534,
        0.9738516810963534,
        0.9738516810963534,
        0.9738516810963534,
        0.9738516810963534,
        0.9738516810963534,
        0.9738516810963534,
        0.9738516810963534,
        0.9738516810963534,
        0.9738516810963534,
        0.9738516810963534,
        0.9738516810963534,
        0.9738516810963534,
        0.9738516810963534,
        0.9738516810963534,
        0.9738516810963534,
        0.9738516810963534,
        0.9738516810963534
    ],
    "val_auroc": [
        0.996,
        1.0,
        1.0,
        1.0,
        1.0,
        1.0,
        1.0,
        1.0,
        1.0,
        1.0,
        1.0,
        1.0,
        1.0,
        1.0,
        1.0,
        1.0,
        1.0,
        1.0,
        1.0,
        1.0,
        1.0,
        1.0,
        1.0,
        1.0,
        1.0,
        1.0,
        1.0,
        1.0,
        1.0,
        1.0,
        1.0,
        1.0,
        1.0,
        1.0,
        1.0,
        1.0,
        1.0,
        1.0,
        1.0,
        1.0,
        1.0,
        1.0,
        1.0,
        1.0,
        1.0,
        1.0,
        1.0,
        1.0,
        1.0,
        1.0
    ]
}