{
    "train_loss": [
        0.41901778280735014,
        0.17684048861265184,
        0.0940699853003025,
        0.054624706506729126,
        0.034807943552732465,
        0.023630341701209544,
        0.01757211834192276,
        0.013729402143508197,
        0.011311876215040683,
        0.009516410063952208,
        0.00821924819611013,
        0.007170258834958076,
        0.006340133864432574,
        0.005653609521687031,
        0.00507121104747057,
        0.004572284081950784,
        0.004144549556076527,
        0.0037784210406243803,
        0.003459838032722473,
        0.0031802137615159153,
        0.002936848415993154,
        0.0027208657236769797,
        0.0025313907768577336,
        0.0023608181392773984,
        0.002206952846609056,
        0.002069911174476147,
        0.0019458756782114507,
        0.0018326213117688893,
        0.0017299249302595854,
        0.0016360820503905416,
        0.0015504730865359307,
        0.001471414405386895,
        0.0013985667028464377,
        0.0013313067960552872,
        0.0012690650182776153,
        0.0012113975128158927,
        0.0011575249372981489,
        0.0011077285162173212,
        0.0010608876822516323,
        0.0010172526934184134,
        0.0009762474044691771,
        0.0009379535098560154,
        0.0009017192991450429,
        0.0008679304039105773,
        0.0008358557126484812,
        0.0008057992614340037,
        0.0007770129363052547,
        0.0007500556646846234,
        0.0007245417917147278,
        0.0007003145583439618
    ],
    "val_loss": [
        0.22583534816900888,
        0.11897515008846919,
        0.07236603026588757,
        0.0498447430630525,
        0.06160192626218001,
        0.02457547001540661,
        0.027164974560340244,
        0.01728780350337426,
        0.017763474335273106,
        0.013695902501543364,
        0.013890990366538366,
        0.012355623301118612,
        0.011049953134109577,
        0.010108117945492268,
        0.010186109381417433,
        0.00908574586113294,
        0.00915103079751134,
        0.00855152828929325,
        0.00781286220687131,
        0.007933565337831775,
        0.007347149386381109,
        0.007228714258720477,
        0.007249390706419945,
        0.007219327613711357,
        0.006653910968452692,
        0.006516453654815753,
        0.0062738144770264626,
        0.006535620234596233,
        0.0060462073888629675,
        0.006071549141779542,
        0.00638760063642015,
        0.005829615246814986,
        0.005997102474793792,
        0.005822096563254793,
        0.005676317571972807,
        0.005496506346389651,
        0.005751585083392759,
        0.005612121002438168,
        0.005562709411606193,
        0.005510130703138809,
        0.0054610893518353505,
        0.005228924157563597,
        0.005149649591961254,
        0.005251491869178911,
        0.005256885158208509,
        0.005197355213264625,
        0.005231219227425754,
        0.005073691757085423,
        0.00498284042502443,
        0.004880490247160196
    ],
    "val_mcc": [
        0.9738516810963534,
        1.0,
        1.0,
        1.0,
        0.9473309334313418,
        1.0,
        1.0,
        1.0,
        1.0,
        1.0,
        1.0,
        1.0,
        1.0,
        1.0,
        1.0,
        1.0,
        1.0,
        1.0,
        1.0,
        1.0,
        1.0,
        1.0,
        1.0,
        1.0,
        1.0,
        1.0,
        1.0,
        1.0,
        1.0,
        1.0,
        1.0,
        1.0,
        1.0,
        1.0,
        1.0,
        1.0,
        1.0,
        1.0,
        1.0,
        1.0,
        1.0,
        1.0,
        1.0,
        1.0,
        1.0,
        1.0,
        1.0,
        1.0,
        1.0,
        1.0
    ],
    "val_auroc": [
        1.0,
        1.0,
        1.0,
        1.0,
        1.0,
        1.0,
        1.0,
        1.0,
        1.0,
        1.0,
        1.0,
        1.0,
        1.0,
        1.0,
        1.0,
        1.0,
        1.0,
        1.0,
        1.0,
        1.0,
        1.0,
        1.0,
        1.0,
        1.0,
        1.0,
        1.0,
        1.0,
        1.0,
        1.0,
        1.0,
        1.0,
        1.0,
        1.0,
        1.0,
        1.0,
        1.0,
        1.0,
        1.0,
        1.0,
        1.0,
        1.0,
        1.0,
        1.0,
        1.0,
        1.0,
        1.0,
        1.0,
        1.0,
        1.0,
        1.0
    ]
}