{
    "train_loss": [
        0.6856027394533157,
        0.6101843863725662,
        0.4939350560307503,
        0.37147748842835426,
        0.269475357607007,
        0.19115719012916088,
        0.12326296605169773,
        0.08678431157022715,
        0.07198754651471972,
        0.0665884013287723,
        0.05439636902883649,
        0.046405313070863485,
        0.040179198142141104,
        0.03414419642649591,
        0.029690884053707123,
        0.024527798173949122,
        0.020597763475961983,
        0.01688911870587617,
        0.014581803814508021,
        0.0135989123955369,
        0.011771069839596748,
        0.010839185444638133,
        0.010156496660783887,
        0.00938190147280693,
        0.00874054286396131,
        0.008221659692935646,
        0.007731335877906531,
        0.007340624870266765,
        0.007437188469339162,
        0.0066215775441378355,
        0.006292374688200653,
        0.006018941290676594,
        0.005760750034824014,
        0.005529102694708854,
        0.005302627629134804,
        0.005093019979540259,
        0.004900373634882271,
        0.005066297308076173,
        0.00454079988412559,
        0.004349056049250066,
        0.004172544926404953,
        0.004044534114655107,
        0.0038911174924578518,
        0.0037566058163065463,
        0.003636363340774551,
        0.0035186792083550245,
        0.0034315364609938115,
        0.0034110689884983003,
        0.003334724926389754,
        0.003207660629414022
    ],
    "val_loss": [
        0.649847686290741,
        0.5550441741943359,
        0.4845436215400696,
        0.44355060160160065,
        0.46390026807785034,
        0.4015360027551651,
        0.4869041442871094,
        0.4880037009716034,
        0.5156680345535278,
        0.5119881927967072,
        0.514709860086441,
        0.48624300956726074,
        0.5131188035011292,
        0.5280872583389282,
        0.518492579460144,
        0.5139722228050232,
        0.49618376791477203,
        0.4739437699317932,
        0.46410059928894043,
        0.4621661305427551,
        0.47465772926807404,
        0.4755149781703949,
        0.4836857318878174,
        0.48185430467128754,
        0.48702898621559143,
        0.49451127648353577,
        0.49678291380405426,
        0.4985935688018799,
        0.501339003443718,
        0.503334254026413,
        0.5073206573724747,
        0.510945051908493,
        0.5135908722877502,
        0.5161066055297852,
        0.5198559761047363,
        0.5208171308040619,
        0.5237008035182953,
        0.5270809233188629,
        0.5300764739513397,
        0.5335559993982315,
        0.5344882011413574,
        0.5359635055065155,
        0.5399759411811829,
        0.5431181341409683,
        0.54383984208107,
        0.5466017127037048,
        0.5454307198524475,
        0.5517155826091766,
        0.5546397715806961,
        0.5625386983156204
    ],
    "val_mcc": [
        0.4217790584227591,
        0.6723181321083574,
        0.6723181321083574,
        0.6371165579527096,
        0.4816425920799038,
        0.6695942095771606,
        0.5723555466420381,
        0.6030710063455536,
        0.5700355973915344,
        0.6409597843503038,
        0.6221531377244747,
        0.6723181321083574,
        0.6362683048979794,
        0.6409597843503038,
        0.6699134199134199,
        0.6362683048979794,
        0.6371165579527096,
        0.7088392059568465,
        0.7088392059568465,
        0.678355435247432,
        0.7088392059568465,
        0.7088392059568465,
        0.7088392059568465,
        0.7088392059568465,
        0.7088392059568465,
        0.7088392059568465,
        0.7088392059568465,
        0.7088392059568465,
        0.7088392059568465,
        0.7088392059568465,
        0.7088392059568465,
        0.7088392059568465,
        0.7088392059568465,
        0.7088392059568465,
        0.7088392059568465,
        0.7088392059568465,
        0.7088392059568465,
        0.7088392059568465,
        0.7088392059568465,
        0.7088392059568465,
        0.7088392059568465,
        0.7088392059568465,
        0.7088392059568465,
        0.7088392059568465,
        0.7088392059568465,
        0.7088392059568465,
        0.7088392059568465,
        0.7088392059568465,
        0.7088392059568465,
        0.7088392059568465
    ],
    "val_auroc": [
        0.9155844155844156,
        0.9112554112554113,
        0.9036796536796537,
        0.8906926406926406,
        0.8831168831168831,
        0.9134199134199135,
        0.8766233766233766,
        0.8701298701298702,
        0.8755411255411255,
        0.8874458874458875,
        0.8820346320346321,
        0.8971861471861472,
        0.8939393939393939,
        0.8982683982683982,
        0.895021645021645,
        0.8993506493506493,
        0.9080086580086579,
        0.9155844155844155,
        0.922077922077922,
        0.922077922077922,
        0.920995670995671,
        0.9242424242424243,
        0.9231601731601732,
        0.9242424242424243,
        0.9253246753246753,
        0.9242424242424242,
        0.9264069264069265,
        0.9274891774891776,
        0.9264069264069265,
        0.9264069264069265,
        0.9274891774891775,
        0.9274891774891775,
        0.9274891774891775,
        0.9274891774891775,
        0.9264069264069265,
        0.9264069264069265,
        0.9264069264069265,
        0.9274891774891775,
        0.9264069264069265,
        0.9264069264069265,
        0.9274891774891775,
        0.9274891774891775,
        0.9274891774891775,
        0.9274891774891775,
        0.9285714285714285,
        0.9274891774891775,
        0.9285714285714285,
        0.9264069264069265,
        0.9242424242424242,
        0.9264069264069263
    ]
}