{
    "train_loss": [
        0.6770995259284973,
        0.5745003372430801,
        0.4734544977545738,
        0.35460104048252106,
        0.2641863692551851,
        0.1960638202726841,
        0.13738988898694515,
        0.10173668432980776,
        0.07942939270287752,
        0.058706358540803194,
        0.049922388745471835,
        0.04175597778521478,
        0.04116500332020223,
        0.03353517851792276,
        0.028734938008710742,
        0.024349781568162143,
        0.021001539658755064,
        0.02032035228330642,
        0.016001184354536235,
        0.014000148978084326,
        0.012809955864213407,
        0.01152730523608625,
        0.01076170161832124,
        0.010665576031897217,
        0.01109637989429757,
        0.012424447748344392,
        0.01804264116799459,
        0.011471330828499049,
        0.009552840027026832,
        0.0077012464753352106,
        0.006394271564204246,
        0.005781130457762629,
        0.005374181200750172,
        0.005012045963667333,
        0.004746478924062103,
        0.004531636746833101,
        0.004318740742746741,
        0.0041447624389547855,
        0.003984134673373774,
        0.003819534555077553,
        0.0036763795651495457,
        0.003538445191225037,
        0.003670806298032403,
        0.0032955377246253192,
        0.003181190462782979,
        0.003080756956478581,
        0.0029804905643686652,
        0.0028806036862079054,
        0.002803795738145709,
        0.0027166614891029894
    ],
    "val_loss": [
        0.624394953250885,
        0.5327341854572296,
        0.4738374203443527,
        0.4118724912405014,
        0.39835625886917114,
        0.39835868775844574,
        0.3536085933446884,
        0.3460875302553177,
        0.47457340359687805,
        0.48324154317379,
        0.44428202509880066,
        0.4323998987674713,
        0.4311419278383255,
        0.43435080349445343,
        0.4497591704130173,
        0.4745528995990753,
        0.4832898676395416,
        0.49020132422447205,
        0.49284183979034424,
        0.5113102346658707,
        0.49391278624534607,
        0.4993111938238144,
        0.4987548738718033,
        0.524616539478302,
        0.4932830035686493,
        0.4970528483390808,
        0.4196561425924301,
        0.5745776891708374,
        0.5229858607053757,
        0.5203141123056412,
        0.523859441280365,
        0.5268791168928146,
        0.5435824543237686,
        0.548745721578598,
        0.5474322587251663,
        0.5461026132106781,
        0.5487889349460602,
        0.5504312217235565,
        0.551487997174263,
        0.5554378032684326,
        0.5564853996038437,
        0.558451235294342,
        0.5621346235275269,
        0.5650589317083359,
        0.5662541687488556,
        0.5685244500637054,
        0.5708094984292984,
        0.5723281800746918,
        0.5741774290800095,
        0.576011136174202
    ],
    "val_mcc": [
        0.6312279884865479,
        0.5960239698501034,
        0.6707702909835204,
        0.6625413488689132,
        0.7338329802200695,
        0.6805741948407684,
        0.6983799021553296,
        0.7639496026464712,
        0.6649284750350865,
        0.6632996632996633,
        0.6963434431202348,
        0.6963434431202348,
        0.6963434431202348,
        0.6632996632996633,
        0.6632996632996633,
        0.6632996632996633,
        0.6632996632996633,
        0.6632996632996633,
        0.6983799021553296,
        0.6983799021553296,
        0.6983799021553296,
        0.6963434431202348,
        0.6983799021553296,
        0.6983799021553296,
        0.6983799021553296,
        0.7659026105380703,
        0.7306397306397306,
        0.6707702909835204,
        0.6983799021553296,
        0.6983799021553296,
        0.6963434431202348,
        0.6963434431202348,
        0.7304943077272633,
        0.7639496026464712,
        0.7306397306397306,
        0.7639496026464712,
        0.7639496026464712,
        0.7639496026464712,
        0.7639496026464712,
        0.7639496026464712,
        0.7639496026464712,
        0.7639496026464712,
        0.7639496026464712,
        0.7639496026464712,
        0.7639496026464712,
        0.7639496026464712,
        0.7639496026464712,
        0.7639496026464712,
        0.7639496026464712,
        0.7639496026464712
    ],
    "val_auroc": [
        0.9135802469135803,
        0.9135802469135803,
        0.8967452300785634,
        0.9102132435465768,
        0.8877665544332212,
        0.9079685746352413,
        0.9180695847362513,
        0.9113355780022446,
        0.8742985409652076,
        0.8765432098765432,
        0.8933782267115601,
        0.9012345679012346,
        0.9090909090909092,
        0.9034792368125701,
        0.8922558922558923,
        0.8866442199775533,
        0.887766554433221,
        0.8888888888888888,
        0.8900112233445566,
        0.8877665544332212,
        0.89337822671156,
        0.8945005611672278,
        0.888888888888889,
        0.8866442199775534,
        0.8956228956228957,
        0.8855218855218855,
        0.9191919191919192,
        0.877665544332211,
        0.8821548821548821,
        0.9012345679012347,
        0.9023569023569024,
        0.8933782267115601,
        0.8866442199775534,
        0.8843995510662177,
        0.8855218855218855,
        0.8877665544332211,
        0.8855218855218856,
        0.8866442199775533,
        0.8855218855218856,
        0.8843995510662177,
        0.8843995510662177,
        0.8855218855218856,
        0.8855218855218856,
        0.8855218855218856,
        0.8855218855218856,
        0.8855218855218856,
        0.8855218855218856,
        0.8855218855218856,
        0.8855218855218856,
        0.8843995510662177
    ]
}