{
    "train_loss": [
        0.677954412996769,
        0.5811476707458496,
        0.4762999638915062,
        0.3766798973083496,
        0.2812246270477772,
        0.19748402386903763,
        0.17827912420034409,
        0.14213769417256117,
        0.11723049776628613,
        0.08298554364591837,
        0.06583295343443751,
        0.05724779376760125,
        0.04529725993052125,
        0.03883223840966821,
        0.02914059069007635,
        0.023549614939838648,
        0.01976274000480771,
        0.016631931997835636,
        0.01446541491895914,
        0.01298978494014591,
        0.011693297536112368,
        0.011206290917471051,
        0.009874304756522179,
        0.009191789256874472,
        0.008589855744503438,
        0.008489830535836518,
        0.007599104836117476,
        0.007567955704871565,
        0.00679574062814936,
        0.006794031476601958,
        0.006116675504017621,
        0.005812566843815148,
        0.005882897356059402,
        0.005621211312245578,
        0.005060097959358245,
        0.005166974093299359,
        0.004659553203964606,
        0.004464386962354183,
        0.0042906545859295875,
        0.004399000405101106,
        0.003979752975283191,
        0.003829277731711045,
        0.0036898403195664287,
        0.003577731898985803,
        0.0034521251800470054,
        0.0033378384832758456,
        0.003216692042769864,
        0.003137298801448196,
        0.00303584078210406,
        0.0029402138316072524
    ],
    "val_loss": [
        0.6201573610305786,
        0.5097869634628296,
        0.45500029623508453,
        0.41022780537605286,
        0.4079686105251312,
        0.342450350522995,
        0.38207899034023285,
        0.4840606153011322,
        0.3848855346441269,
        0.4359329342842102,
        0.3934905230998993,
        0.40160228312015533,
        0.42618222534656525,
        0.4254748672246933,
        0.4368472248315811,
        0.43082739412784576,
        0.4433383345603943,
        0.4512045979499817,
        0.45602935552597046,
        0.4610140025615692,
        0.4625510424375534,
        0.4666258841753006,
        0.47587622702121735,
        0.48211799561977386,
        0.4885708689689636,
        0.4934944361448288,
        0.49829232692718506,
        0.5022358596324921,
        0.5075556635856628,
        0.5110368579626083,
        0.5171881020069122,
        0.5200773328542709,
        0.5235110223293304,
        0.5286213457584381,
        0.5304850041866302,
        0.5352735221385956,
        0.5400372445583344,
        0.541824534535408,
        0.5456922352313995,
        0.5487724393606186,
        0.5514897853136063,
        0.5540643632411957,
        0.5582112371921539,
        0.5597494840621948,
        0.5629452764987946,
        0.5660133212804794,
        0.5679347813129425,
        0.5709813833236694,
        0.5738670229911804,
        0.5758726447820663
    ],
    "val_mcc": [
        0.5925063964103966,
        0.7745455878531639,
        0.7273930582865898,
        0.7164502164502164,
        0.6792672430902679,
        0.6699134199134199,
        0.607338671255336,
        0.6745260734289104,
        0.5378787878787878,
        0.607338671255336,
        0.7359307359307359,
        0.738946695932336,
        0.6362683048979794,
        0.6699134199134199,
        0.673142683593836,
        0.6362683048979794,
        0.6362683048979794,
        0.6362683048979794,
        0.6362683048979794,
        0.6362683048979794,
        0.6362683048979794,
        0.6362683048979794,
        0.6362683048979794,
        0.6362683048979794,
        0.6362683048979794,
        0.6362683048979794,
        0.6362683048979794,
        0.6362683048979794,
        0.6362683048979794,
        0.6362683048979794,
        0.6362683048979794,
        0.6362683048979794,
        0.6362683048979794,
        0.6362683048979794,
        0.6362683048979794,
        0.6362683048979794,
        0.6362683048979794,
        0.6362683048979794,
        0.6362683048979794,
        0.6362683048979794,
        0.6362683048979794,
        0.6362683048979794,
        0.6362683048979794,
        0.6362683048979794,
        0.6362683048979794,
        0.6362683048979794,
        0.6362683048979794,
        0.6362683048979794,
        0.6362683048979794,
        0.6362683048979794
    ],
    "val_auroc": [
        0.9437229437229437,
        0.9383116883116884,
        0.9437229437229437,
        0.9393939393939393,
        0.9188311688311688,
        0.946969696969697,
        0.922077922077922,
        0.8798701298701298,
        0.9242424242424242,
        0.8820346320346321,
        0.8917748917748919,
        0.8852813852813852,
        0.9015151515151515,
        0.9090909090909091,
        0.8917748917748916,
        0.896103896103896,
        0.8961038961038962,
        0.9025974025974026,
        0.8993506493506495,
        0.8982683982683983,
        0.9025974025974026,
        0.9004329004329004,
        0.895021645021645,
        0.8971861471861472,
        0.8961038961038962,
        0.896103896103896,
        0.8950216450216449,
        0.8950216450216449,
        0.8939393939393938,
        0.8928571428571428,
        0.8928571428571428,
        0.8939393939393938,
        0.8928571428571428,
        0.8928571428571428,
        0.8928571428571428,
        0.8928571428571428,
        0.8928571428571428,
        0.8950216450216449,
        0.8939393939393939,
        0.8939393939393939,
        0.8939393939393939,
        0.8939393939393939,
        0.8917748917748919,
        0.8939393939393939,
        0.8928571428571429,
        0.8917748917748919,
        0.8917748917748919,
        0.8928571428571429,
        0.8917748917748918,
        0.8917748917748918
    ]
}