{
    "train_loss": [
        0.6603117808699608,
        0.5400478653609753,
        0.4165744446218014,
        0.3333897590637207,
        0.250350134447217,
        0.20625588856637478,
        0.1293516494333744,
        0.08836057130247355,
        0.06272943504154682,
        0.047622883692383766,
        0.03801254625432193,
        0.030328211840242147,
        0.025285873096436262,
        0.021848695469088852,
        0.019143689423799515,
        0.01670649682637304,
        0.015084727434441447,
        0.014998725266195834,
        0.012191754765808582,
        0.010808830033056438,
        0.010799646493978798,
        0.008996010816190392,
        0.008246282290201634,
        0.008354862802661955,
        0.0070960913435555995,
        0.006656681653112173,
        0.006234077096451074,
        0.005884159414563328,
        0.005547906330320984,
        0.0052726888679899275,
        0.005014149064663798,
        0.004756069276481867,
        0.0045513290097005665,
        0.004291472083423287,
        0.004390234069433063,
        0.004153205809416249,
        0.0036994718248024583,
        0.0035409867705311626,
        0.003391109057702124,
        0.0032568387396167964,
        0.0031374142854474485,
        0.003038528171600774,
        0.0029254599357955158,
        0.002836922532878816,
        0.0027363891422282904,
        0.002650669513968751,
        0.0028034818242304027,
        0.0024814612115733325,
        0.0024164424976333976,
        0.0023414737079292536
    ],
    "val_loss": [
        0.5884237289428711,
        0.493070587515831,
        0.4275266081094742,
        0.38604608178138733,
        0.38935479521751404,
        0.3680765628814697,
        0.4423941671848297,
        0.42569737136363983,
        0.49627193808555603,
        0.4875585287809372,
        0.5262438356876373,
        0.5258056819438934,
        0.5284847766160965,
        0.5507252514362335,
        0.5445111095905304,
        0.5412021577358246,
        0.5590550303459167,
        0.5639925897121429,
        0.5836428999900818,
        0.5854276716709137,
        0.5951728820800781,
        0.6077165305614471,
        0.6103974878787994,
        0.6154041588306427,
        0.6252921223640442,
        0.6328422129154205,
        0.6384089887142181,
        0.644370436668396,
        0.6513924896717072,
        0.6590501964092255,
        0.6643427312374115,
        0.6702646017074585,
        0.6756535470485687,
        0.6799335777759552,
        0.683458000421524,
        0.6896663010120392,
        0.6938372254371643,
        0.6993058025836945,
        0.7027260959148407,
        0.706956535577774,
        0.7119016647338867,
        0.7166659832000732,
        0.7203338742256165,
        0.7251176536083221,
        0.7285781800746918,
        0.7325834035873413,
        0.7365789711475372,
        0.7410626113414764,
        0.7441604733467102,
        0.7481621503829956
    ],
    "val_mcc": [
        0.7741549785654485,
        0.7054429982194027,
        0.7440955783130765,
        0.7364853795464743,
        0.7364853795464743,
        0.6682922888477266,
        0.6747699033149638,
        0.7054429982194027,
        0.6747699033149638,
        0.7002186247515697,
        0.7054429982194027,
        0.7054429982194027,
        0.7054429982194027,
        0.7054429982194027,
        0.7054429982194027,
        0.7054429982194027,
        0.7054429982194027,
        0.7054429982194027,
        0.7054429982194027,
        0.7054429982194027,
        0.7054429982194027,
        0.7054429982194027,
        0.7054429982194027,
        0.7054429982194027,
        0.7054429982194027,
        0.7054429982194027,
        0.7054429982194027,
        0.7054429982194027,
        0.7054429982194027,
        0.7054429982194027,
        0.7054429982194027,
        0.7054429982194027,
        0.7054429982194027,
        0.7054429982194027,
        0.7054429982194027,
        0.7054429982194027,
        0.7054429982194027,
        0.7054429982194027,
        0.7054429982194027,
        0.7054429982194027,
        0.7054429982194027,
        0.7054429982194027,
        0.7054429982194027,
        0.7054429982194027,
        0.7054429982194027,
        0.7054429982194027,
        0.7054429982194027,
        0.7054429982194027,
        0.7054429982194027,
        0.7054429982194027
    ],
    "val_auroc": [
        0.9006696428571428,
        0.9095982142857143,
        0.8705357142857143,
        0.90625,
        0.890625,
        0.8984375000000001,
        0.9017857142857142,
        0.8683035714285714,
        0.8727678571428572,
        0.875,
        0.8839285714285714,
        0.9084821428571428,
        0.9140625,
        0.921875,
        0.9308035714285714,
        0.9352678571428571,
        0.9319196428571428,
        0.9341517857142858,
        0.9352678571428571,
        0.9308035714285714,
        0.9308035714285714,
        0.9330357142857142,
        0.9319196428571428,
        0.9319196428571428,
        0.9319196428571428,
        0.9319196428571428,
        0.9341517857142856,
        0.9352678571428572,
        0.9352678571428572,
        0.9363839285714286,
        0.9363839285714286,
        0.9341517857142857,
        0.9330357142857142,
        0.9330357142857142,
        0.9341517857142857,
        0.9352678571428571,
        0.9375,
        0.9341517857142857,
        0.9319196428571428,
        0.9308035714285714,
        0.9330357142857143,
        0.9352678571428572,
        0.9330357142857143,
        0.9352678571428572,
        0.9341517857142857,
        0.9341517857142857,
        0.9375,
        0.9375,
        0.9363839285714286,
        0.9375
    ]
}