{
    "train_loss": [
        0.6625261455774307,
        0.543216273188591,
        0.4306720867753029,
        0.30079740285873413,
        0.20250740088522434,
        0.13650482147932053,
        0.09887199476361275,
        0.07259715674445033,
        0.06906032701954246,
        0.05049266340211034,
        0.051226101350039244,
        0.0380741530098021,
        0.042095736833289266,
        0.07975217001512647,
        0.08846548805013299,
        0.07516988273710012,
        0.06740100961178541,
        0.04471488285344094,
        0.0350550104631111,
        0.027577182045206428,
        0.025327498675324023,
        0.014812862733379006,
        0.021660809172317386,
        0.011338728247210383,
        0.009495523641817272,
        0.007803059765137732,
        0.006613494362682104,
        0.005992060818243772,
        0.005535526492167264,
        0.005141573084983975,
        0.005089403595775366,
        0.004596402577590197,
        0.004357436759164557,
        0.004150834400206804,
        0.003965374926337972,
        0.0037980570923537016,
        0.003634847525972873,
        0.0034895830613095313,
        0.003504908614559099,
        0.0033474463562015444,
        0.0030802374822087586,
        0.002972465503262356,
        0.002855046826880425,
        0.002756477624643594,
        0.0026722755865193903,
        0.002571034070570022,
        0.002480820461641997,
        0.00240327266510576,
        0.0023341635533142835,
        0.002258944179629907
    ],
    "val_loss": [
        0.6033490002155304,
        0.5260058045387268,
        0.4688330143690109,
        0.4881211370229721,
        0.5298279672861099,
        0.5108450651168823,
        0.5644609779119492,
        0.6236309707164764,
        0.6663944721221924,
        0.7010223120450974,
        0.6985581368207932,
        0.7022749781608582,
        0.700880229473114,
        0.6941800564527512,
        0.6003418117761612,
        0.6701491326093674,
        0.7181431353092194,
        0.6993751674890518,
        0.7544062733650208,
        0.8526274263858795,
        0.8456047177314758,
        0.8196105360984802,
        0.7702952325344086,
        0.8541324436664581,
        0.9059715867042542,
        0.9244327247142792,
        0.926764965057373,
        0.927686482667923,
        0.9315469861030579,
        0.9358952045440674,
        0.9393231868743896,
        0.945516437292099,
        0.9497123956680298,
        0.9534731805324554,
        0.9579206109046936,
        0.962724357843399,
        0.9668506681919098,
        0.9719979166984558,
        0.9761084020137787,
        0.9807113111019135,
        0.9857704043388367,
        0.9905427992343903,
        0.9938893914222717,
        0.9985515475273132,
        1.0034472346305847,
        1.0074456334114075,
        1.0118806660175323,
        1.015954315662384,
        1.0201647877693176,
        1.0240953862667084
    ],
    "val_mcc": [
        0.6409597843503038,
        0.6409597843503038,
        0.6382304303121595,
        0.5723555466420381,
        0.5700355973915344,
        0.607338671255336,
        0.607338671255336,
        0.5183982683982684,
        0.541534658916836,
        0.5038028898850895,
        0.5475174757500252,
        0.475730646578336,
        0.607338671255336,
        0.5064806629719167,
        0.5702248022984665,
        0.5038028898850895,
        0.4896877227115848,
        0.5723555466420381,
        0.5771335508376638,
        0.5064806629719167,
        0.607338671255336,
        0.6133923594201466,
        0.6038961038961039,
        0.5771335508376638,
        0.6133923594201466,
        0.5064806629719167,
        0.5064806629719167,
        0.5064806629719167,
        0.5064806629719167,
        0.5064806629719167,
        0.5064806629719167,
        0.5064806629719167,
        0.5064806629719167,
        0.5064806629719167,
        0.5064806629719167,
        0.5064806629719167,
        0.5064806629719167,
        0.5064806629719167,
        0.5064806629719167,
        0.5064806629719167,
        0.5064806629719167,
        0.5064806629719167,
        0.5064806629719167,
        0.5064806629719167,
        0.5064806629719167,
        0.5064806629719167,
        0.5064806629719167,
        0.5064806629719167,
        0.5064806629719167,
        0.5064806629719167
    ],
    "val_auroc": [
        0.8939393939393939,
        0.9015151515151516,
        0.8852813852813853,
        0.8571428571428571,
        0.8560606060606061,
        0.8701298701298703,
        0.8603896103896104,
        0.895021645021645,
        0.8409090909090909,
        0.8073593073593074,
        0.8452380952380952,
        0.8225108225108225,
        0.8441558441558442,
        0.8073593073593073,
        0.814935064935065,
        0.8528138528138528,
        0.8982683982683982,
        0.8571428571428572,
        0.8690476190476191,
        0.804112554112554,
        0.8257575757575757,
        0.8614718614718615,
        0.8116883116883118,
        0.7932900432900433,
        0.8041125541125541,
        0.8051948051948052,
        0.8073593073593075,
        0.8106060606060607,
        0.8225108225108225,
        0.8225108225108225,
        0.829004329004329,
        0.8290043290043291,
        0.8268398268398268,
        0.8268398268398268,
        0.827922077922078,
        0.8300865800865801,
        0.8311688311688311,
        0.8333333333333333,
        0.8322510822510822,
        0.8333333333333333,
        0.8311688311688312,
        0.8322510822510822,
        0.8311688311688312,
        0.8333333333333334,
        0.8322510822510822,
        0.8338744588744589,
        0.8333333333333334,
        0.8322510822510822,
        0.8300865800865801,
        0.8333333333333334
    ]
}