{
    "train_loss": [
        0.5165822180332961,
        0.1793670226233425,
        0.12307226238772273,
        0.1069149229399584,
        0.09517025550896371,
        0.08427638205251207,
        0.07837742751602221,
        0.08368335180286388,
        0.07160386444000458,
        0.06815246353357064,
        0.07163045985658688,
        0.054527789856634895,
        0.05387161266817539,
        0.05584667352700813,
        0.04668494409243404,
        0.058023207527757796,
        0.04516479424718353,
        0.04382129122192661,
        0.041469432588201016,
        0.03642605315824902,
        0.03715554706071055,
        0.04339045573983134,
        0.04330598116912707,
        0.02722806923513956,
        0.04104727288035469,
        0.03589760566548513,
        0.049580422283960854,
        0.02645138240984158,
        0.03465118899475783,
        0.01968720511757527,
        0.025270192738389596,
        0.027602043929854752,
        0.016864335412349277,
        0.01664661398724463,
        0.029632180735427904,
        0.0241660654428415,
        0.02386009449266432,
        0.01650352645945666,
        0.0423374988992388,
        0.05704308924355751,
        0.052088990628598605,
        0.02545999466760636,
        0.018842716725784057,
        0.019101587060571613,
        0.0248477201638269,
        0.01900359148028117,
        0.023950771288515103,
        0.02732659782405891,
        0.012038632485200651,
        0.01566578813826372
    ],
    "val_loss": [
        0.27593926446778433,
        0.2199822968936392,
        0.20240972277575306,
        0.1965203654420163,
        0.1942730559634843,
        0.17710126859934203,
        0.22848647766347444,
        0.1813756612495386,
        0.18495210676753362,
        0.18052023030967185,
        0.184920847698647,
        0.18586533305019007,
        0.20604314280873431,
        0.1841625218179875,
        0.18677600873135297,
        0.2058902419604627,
        0.19928467913996428,
        0.17548464960418642,
        0.211386302298966,
        0.19676290940801014,
        0.2861426690859454,
        0.21442666317203216,
        0.21341825379100296,
        0.24065741997245432,
        0.2387919541714447,
        0.22286491601594857,
        0.16725457413537828,
        0.22219313510868233,
        0.19234461893938715,
        0.2055784623641687,
        0.23190975777158332,
        0.215023039046043,
        0.19543174261863377,
        0.21303196773598237,
        0.20322567830589833,
        0.23430277428165677,
        0.21121200437794738,
        0.26442498720072244,
        0.19724877667353471,
        0.20375901852717757,
        0.19514368074929475,
        0.20924001566059555,
        0.2190060036212214,
        0.2517763582904341,
        0.27126852516500677,
        0.2290937659615468,
        0.25744211232085945,
        0.24040760362238092,
        0.24102409598500735,
        0.25356781091301983
    ],
    "val_mcc": [
        0.7501834601663909,
        0.7962377260510256,
        0.8359081346050156,
        0.8410005320646814,
        0.8239793076499676,
        0.8654743400913434,
        0.7986805529758578,
        0.8662635935602867,
        0.8704157897156936,
        0.8775705673325369,
        0.8693546937807595,
        0.8839437898557881,
        0.8703817797441742,
        0.8635686747024148,
        0.89032603083121,
        0.8714491234288647,
        0.8586321173296895,
        0.903556170176732,
        0.8652877372630849,
        0.9094130404192532,
        0.8071679847345894,
        0.8624337437335052,
        0.8755723861946564,
        0.8674343423360921,
        0.866725427800252,
        0.8561514466491994,
        0.9227161116616623,
        0.8619737001329462,
        0.9093290468743623,
        0.9155889228522847,
        0.8854366811958777,
        0.889270230137006,
        0.922118061571763,
        0.8981416670829044,
        0.922118061571763,
        0.8659027520323617,
        0.8906928868418764,
        0.8566325823763814,
        0.9160826515122009,
        0.9026776496134069,
        0.9097553307694323,
        0.9097573840044318,
        0.9091622883854399,
        0.8886296169763819,
        0.8915870749344847,
        0.8981416670829044,
        0.8317825533714452,
        0.9024710533900261,
        0.8768878299943148,
        0.8760660203698506
    ],
    "val_auroc": [
        0.9719921280394866,
        0.9790381016873825,
        0.9818579324287993,
        0.9810229415760124,
        0.980746905634477,
        0.9828923935009913,
        0.9801718902611859,
        0.9825091023523274,
        0.9842535149124059,
        0.9860568398577412,
        0.9829930834244713,
        0.9834495391573413,
        0.9815887835738439,
        0.984846416552446,
        0.9847617724441311,
        0.9835792514726549,
        0.9820911054395,
        0.9877407013180984,
        0.9873312124160903,
        0.9867282144850463,
        0.9870405296574454,
        0.986198679604799,
        0.9842740699644255,
        0.9851907401545014,
        0.984060197812945,
        0.984411721037143,
        0.9895637876510942,
        0.9869236490692735,
        0.9880729272780635,
        0.9860614538913625,
        0.9871332486792981,
        0.9872073701858612,
        0.9893008428501936,
        0.9868984749334228,
        0.9869564760693431,
        0.9856319731929982,
        0.9868379187874167,
        0.9846666133054546,
        0.9874734192278085,
        0.9863135954141464,
        0.986984120896528,
        0.9852205770219297,
        0.9856117137935131,
        0.9850736390875183,
        0.9838238343798564,
        0.983780233724714,
        0.9846075475920846,
        0.9846813269400414,
        0.9857476065415144,
        0.9848689028281131
    ]
}