{
    "train_loss": [
        0.4768949487694987,
        0.17802308496363736,
        0.14744977573691695,
        0.12639902516578636,
        0.11179250078620734,
        0.10771640792006144,
        0.09920151228154148,
        0.09311558692543595,
        0.0815200347289512,
        0.07932228513096494,
        0.09782491503628316,
        0.07440903637972143,
        0.0973855734595822,
        0.06360206310637295,
        0.06287176650086487,
        0.05893406210708673,
        0.05947083168387137,
        0.06132355703394515,
        0.05931829368152345,
        0.07193624400059451,
        0.04662572285074189,
        0.03688893217972859,
        0.047323106895890775,
        0.050104412301960916,
        0.0441964915317604,
        0.039024941515418944,
        0.03430901767030634,
        0.03658108184484903,
        0.047730703021106484,
        0.03517831465298379,
        0.030521127050397574,
        0.029741406767344516,
        0.025660728372814547,
        0.02974735961416391,
        0.035668453831156646,
        0.026004624409661455,
        0.04322141611353598,
        0.02991462232225954,
        0.017166978421435622,
        0.03337677665748978,
        0.028686597990734433,
        0.021926072340984655,
        0.047187109229896496,
        0.022749015741552553,
        0.026285942543095357,
        0.01823191880140695,
        0.016113067995455047,
        0.015963082883563066,
        0.03495247612051942,
        0.030068590059440962
    ],
    "val_loss": [
        0.22283068831477845,
        0.1317055977082678,
        0.13297766626679472,
        0.11240771600777018,
        0.11677896281305168,
        0.09457307372109167,
        0.10571235847393316,
        0.09063681113600199,
        0.08707848603704146,
        0.10191005524913115,
        0.09841178853197821,
        0.08611235166400937,
        0.10032861801196954,
        0.09390639290047277,
        0.09677116250220154,
        0.10383773716499231,
        0.13116081541271082,
        0.09615834370405148,
        0.28848580307177535,
        0.08823918817714523,
        0.08869056812753635,
        0.15248884471449337,
        0.10118131827662832,
        0.0971402749128174,
        0.10486222353938501,
        0.08784255887232055,
        0.0662637596438539,
        0.09699608557483382,
        0.07343677287904679,
        0.06382180956799337,
        0.09042324017458928,
        0.07572457893443893,
        0.08622025216754992,
        0.08994833808953574,
        0.0778268343003999,
        0.11306505747571853,
        0.06999282072813783,
        0.06292773539254475,
        0.06980137685396974,
        0.0727452022869589,
        0.06871790671825043,
        0.07063483086052916,
        0.07193456795773402,
        0.07251286355312914,
        0.060445374024961245,
        0.08706144774311854,
        0.06311717129418477,
        0.09603218303293813,
        0.10418209935284851,
        0.0960933360584022
    ],
    "val_mcc": [
        0.802862676999157,
        0.8738142529168331,
        0.8522437801918482,
        0.8811097542582721,
        0.8825852919487909,
        0.8736327324659323,
        0.8751725133683027,
        0.8852939016476652,
        0.878532729981477,
        0.8881515266238869,
        0.8932415918236583,
        0.9059312542654459,
        0.8932113416128267,
        0.8995209630688521,
        0.8983041588274606,
        0.9000148358054346,
        0.8834142346613317,
        0.903698425968747,
        0.7620548602008761,
        0.8977746750019652,
        0.9250420716619311,
        0.8416364309426474,
        0.9241869731208273,
        0.8924297468738018,
        0.8987177570033872,
        0.9045289807658543,
        0.9430402407469362,
        0.9122795453332673,
        0.9122795453332673,
        0.942781018287578,
        0.9300671321377105,
        0.9365611950011825,
        0.9230012760582785,
        0.9109704366869721,
        0.9299967401033787,
        0.8878471447201077,
        0.9243551948741743,
        0.9294737522059158,
        0.942781018287578,
        0.9360213610103781,
        0.9423869442753755,
        0.9495349302066131,
        0.9360796125140614,
        0.9360213610103781,
        0.9552410900305868,
        0.9430015571707392,
        0.9490992219037092,
        0.9167099270121585,
        0.905748000563158,
        0.9107887574398589
    ],
    "val_auroc": [
        0.9843320476658849,
        0.9894027778383693,
        0.9910306849454885,
        0.9909003330666358,
        0.9917098637995744,
        0.9931121212778397,
        0.9926880537321606,
        0.9929046773548343,
        0.9942390058757092,
        0.9928131438393984,
        0.9922715912175629,
        0.9933749747496906,
        0.9920673230442786,
        0.991367187208532,
        0.9920779704359264,
        0.9938183413686926,
        0.9913747456262946,
        0.9934065957876864,
        0.9885473647539665,
        0.9928479874993377,
        0.9928341844551799,
        0.9922419258305842,
        0.9922041971949948,
        0.990551806219134,
        0.9941933376845847,
        0.9916556913049285,
        0.9936853318031309,
        0.9928319110997387,
        0.9962348825385986,
        0.9950110689020587,
        0.993533895713456,
        0.994731172995858,
        0.99572466345787,
        0.9953245180193185,
        0.9962186725427226,
        0.9913747055155584,
        0.9966014881018164,
        0.9955068931766035,
        0.9943875402732658,
        0.9954501999403634,
        0.9966786401985739,
        0.9968539215745226,
        0.9953870480727313,
        0.9945971771947729,
        0.9958624736429248,
        0.9948146934638676,
        0.9961773301924355,
        0.9967977598923615,
        0.9956495071228662,
        0.9951007136841303
    ]
}