{
    "train_loss": [
        0.4708042746340787,
        0.18088954273197386,
        0.1449212303592099,
        0.12025620459785892,
        0.11679738546135249,
        0.09483108227141201,
        0.08082447558020552,
        0.07619180869207615,
        0.08290773127616073,
        0.07637767833485096,
        0.07362192974391359,
        0.07216306842208185,
        0.07438058632046536,
        0.061356288020895725,
        0.06126755695893533,
        0.047573973079798396,
        0.04893736414507859,
        0.05918103469432228,
        0.048217527201847625,
        0.10101886451485809,
        0.05008740195599212,
        0.038317731150460464,
        0.055481357560320584,
        0.039999863460522006,
        0.044826916130087165,
        0.033531665243639576,
        0.046902951836172074,
        0.03975838695920107,
        0.029253809365737078,
        0.028659153567989253,
        0.03417741369749247,
        0.08192119953525469,
        0.03432721524990888,
        0.029043590313651495,
        0.023784028420104058,
        0.03219201130883044,
        0.02714936815297093,
        0.02801252806131271,
        0.028983876274044935,
        0.0228756635969384,
        0.023462721433369787,
        0.046196097925227754,
        0.03944942860484675,
        0.029641652452819807,
        0.03076634592488753,
        0.01560043260677183,
        0.012439863402741376,
        0.026602482620445598,
        0.01844072827791226,
        0.013500363966428537
    ],
    "val_loss": [
        0.22870502408061708,
        0.1597436292629157,
        0.12865227088332176,
        0.12502793611825577,
        0.10339414730801114,
        0.11783852544613183,
        0.09010631278423327,
        0.0842503806010687,
        0.09311468980740756,
        0.1096601401971254,
        0.07840287554011281,
        0.11779112846124917,
        0.08758590561670385,
        0.1263893416949681,
        0.09264050860656425,
        0.08907534007448703,
        0.08032840909436345,
        0.08046821575512045,
        0.11046713876671024,
        0.07442443468607962,
        0.10190844472630747,
        0.12435957824761447,
        0.09883986633004886,
        0.09097923765823777,
        0.10316129538114183,
        0.11789177546909611,
        0.18125156853680632,
        0.10651648055811945,
        0.1026900528896866,
        0.08199844994149837,
        0.09701563312306202,
        0.10002072325317256,
        0.08948598945737883,
        0.09721084635904324,
        0.07488258051619466,
        0.08591311500744528,
        0.12127891866839491,
        0.07303609982981081,
        0.10933130646922759,
        0.07743444837147503,
        0.08459108616599613,
        0.11355285393074155,
        0.07715545921486669,
        0.08861936420726124,
        0.09758886976799529,
        0.09804940085658538,
        0.1028371509497187,
        0.07695843082702984,
        0.08832908467905197,
        0.08079631213955249
    ],
    "val_mcc": [
        0.8812806349864227,
        0.8694307516809233,
        0.8957436623430561,
        0.8858781346302493,
        0.9099625260544913,
        0.9171907187753379,
        0.9099560636338652,
        0.9226840806613136,
        0.9220609993511367,
        0.8890625746395583,
        0.9225019355185711,
        0.8941531519324226,
        0.9303322621622857,
        0.9295991974925081,
        0.921712825154527,
        0.9107556233569014,
        0.9362723412260815,
        0.9350614521353167,
        0.8926549446926708,
        0.9417354608796151,
        0.8981400342045649,
        0.9118475637373813,
        0.9042873589693143,
        0.9094154513977383,
        0.9234794000966482,
        0.9242683113612657,
        0.8501511352373257,
        0.9430258398546912,
        0.9043346845304833,
        0.9425035358189426,
        0.8979134625619684,
        0.910109591725666,
        0.9239708879941743,
        0.8995891668239349,
        0.94212362810056,
        0.9286218537624729,
        0.930026682822756,
        0.9357962542511425,
        0.9176095138260627,
        0.9427191779568321,
        0.9224966656595861,
        0.9263663022552124,
        0.9295541723811137,
        0.9168130604834092,
        0.9040542932319985,
        0.8914922405934536,
        0.8856611208734487,
        0.948191723536967,
        0.9426153701132779,
        0.941597030186259
    ],
    "val_auroc": [
        0.9853791448357473,
        0.9907513699044413,
        0.9860300407028334,
        0.9914704886437701,
        0.9939482122335237,
        0.9950153516946614,
        0.9944249809435096,
        0.9963340858061173,
        0.9946454714603642,
        0.9933308905690638,
        0.9969495605656812,
        0.9958667237346868,
        0.9964193163398263,
        0.9956163151750036,
        0.9945800965629518,
        0.9957414996783811,
        0.997568826693635,
        0.9955786924266484,
        0.9954553746879364,
        0.9970921555422466,
        0.9959884752448677,
        0.9961375229703145,
        0.9949214992083381,
        0.9967590307879349,
        0.995224623504003,
        0.9955326310100564,
        0.9908767744310686,
        0.9980052928220337,
        0.9957966520546147,
        0.9931272355996006,
        0.995222157074097,
        0.9969464233916293,
        0.9972837011994861,
        0.9948251144260984,
        0.9959321102983069,
        0.9957682225414884,
        0.997300743367596,
        0.9963485211228337,
        0.9964235075392716,
        0.9957036389499404,
        0.9966732882176986,
        0.9967724436052352,
        0.9965271679022338,
        0.996208075490232,
        0.9940149073524305,
        0.9960012173180219,
        0.9956338481128436,
        0.9951771894024372,
        0.9962346877215058,
        0.9965484772322944
    ]
}