{
    "train_loss": [
        0.40213169943955207,
        0.18467294362684092,
        0.13737830854262467,
        0.11658860430880277,
        0.11206656301187144,
        0.10106004285194946,
        0.1022980221271239,
        0.0878832789776088,
        0.08876889942351866,
        0.07134438940772304,
        0.07069468217970873,
        0.0643881106990631,
        0.05681345433307191,
        0.06288098972463221,
        0.06109925285326662,
        0.0691222667142197,
        0.04790988940038477,
        0.04724856582470238,
        0.07170651864726096,
        0.054845474091255,
        0.06369888562174444,
        0.04776757529988471,
        0.031006772252213623,
        0.05365861458617642,
        0.03022217336951548,
        0.04532509933967419,
        0.03132975414283229,
        0.028314615918875293,
        0.029958983805651467,
        0.036069198558430396,
        0.028227096681668493,
        0.04876218369247875,
        0.04908946355270153,
        0.036962839386736356,
        0.02471497050713946,
        0.032470752627381846,
        0.030002916210193048,
        0.07398668007981204,
        0.0411842865546027,
        0.0221678181669968,
        0.021409696331290803,
        0.029368042645122234,
        0.021634219298734766,
        0.016598027356883028,
        0.028696931339153606,
        0.020289943107248593,
        0.037023670142473375,
        0.03197343462293416,
        0.0712071379767386,
        0.032036369077913046
    ],
    "val_loss": [
        0.1992798927905304,
        0.14245329823877131,
        0.13929822655128582,
        0.12298570407022323,
        0.12080478234150048,
        0.09237107420007565,
        0.10225373463306044,
        0.09007768670562655,
        0.09927458921447396,
        0.08493386485913236,
        0.10939486428729392,
        0.08363405808839681,
        0.08287356160248496,
        0.07993263554193877,
        0.10555606073467061,
        0.07733634287225348,
        0.08227153187285044,
        0.12607131678461364,
        0.08750808685519067,
        0.08632408264592024,
        0.08005310831192348,
        0.08039289367401839,
        0.0904860694094428,
        0.07437136217361383,
        0.07734083067667338,
        0.07617824920764958,
        0.07819836592534557,
        0.08863546883679062,
        0.09393856324355251,
        0.0877725181625075,
        0.09737905928133321,
        0.08773470272509647,
        0.06846128256958244,
        0.08080611684584126,
        0.07068161549770073,
        0.06756358620831245,
        0.08324528742066052,
        0.10319231007763717,
        0.07911459308836909,
        0.07997657832103348,
        0.08851491044957324,
        0.09581484363297932,
        0.07392884857680267,
        0.10196032925991208,
        0.07519550023373865,
        0.0971296428675227,
        0.08386903209793672,
        0.07968836443849016,
        0.07688113269302578,
        0.08639777666810135
    ],
    "val_mcc": [
        0.8186049388152193,
        0.8434193722861895,
        0.8581269370934591,
        0.8568935438566212,
        0.8777332620590831,
        0.9111542064223173,
        0.8831374049498937,
        0.9169369395789533,
        0.8807675799440718,
        0.922760943992538,
        0.8933477592915346,
        0.9177395527731356,
        0.9311436576318528,
        0.9240651189312017,
        0.8813695716057323,
        0.9369503707737225,
        0.9432527830722174,
        0.8779846451744266,
        0.9294142331463422,
        0.9223150967709216,
        0.930683219235419,
        0.943626948678987,
        0.9259935597356649,
        0.9492740025862861,
        0.9429605206660222,
        0.9292607568117071,
        0.9496148451018895,
        0.9495809403092013,
        0.9302628606505347,
        0.9240844409342565,
        0.9228496691463578,
        0.9078922477004375,
        0.9622372547831691,
        0.9437460845398518,
        0.95632291253465,
        0.9559456107359021,
        0.9315949986996528,
        0.9063766882344708,
        0.9432402785103656,
        0.9565736185433682,
        0.9368029643516608,
        0.9313666341159658,
        0.9356901152072211,
        0.9259935597356649,
        0.9430078762198008,
        0.9183679685923344,
        0.937009801191593,
        0.9437332850832514,
        0.9366118755763896,
        0.9378088943070877
    ],
    "val_auroc": [
        0.9870382942584067,
        0.9905682596054776,
        0.9905656377779145,
        0.9923668151156093,
        0.9929197331629371,
        0.9951604907999614,
        0.9936338230574945,
        0.994908228715459,
        0.9952318064097277,
        0.9953913526157286,
        0.9938865443857497,
        0.9954813128651026,
        0.9955676932464796,
        0.9962217639376124,
        0.9956380870587785,
        0.9959487592552847,
        0.9953292288341634,
        0.9934624783385094,
        0.9954482182619041,
        0.996373681233982,
        0.9963177143821532,
        0.9964522541383398,
        0.9960207126761916,
        0.996314965372949,
        0.9968042843488552,
        0.9969813485165265,
        0.9964285048580658,
        0.9959788985617809,
        0.9957519915390121,
        0.9961332690482102,
        0.9963585669795582,
        0.9959932958992074,
        0.9970214230479133,
        0.9968516261047182,
        0.9971096569541095,
        0.9973848604632142,
        0.9967708477536604,
        0.9954872668173026,
        0.9965929013414501,
        0.9963749284736375,
        0.9965820542489766,
        0.9960838293341295,
        0.9969657683984267,
        0.9960071066446293,
        0.9969468793254207,
        0.996266189783091,
        0.996266649026844,
        0.9964916314458883,
        0.9961226862489044,
        0.9964271138869609
    ]
}