{
    "train_loss": [
        0.5094640828945018,
        0.19260758685844917,
        0.16538250377332722,
        0.1391746317622838,
        0.10945532788281087,
        0.10747453287519791,
        0.10170370005761031,
        0.08105810878246471,
        0.06991575448773801,
        0.0726045205137106,
        0.0712675988605177,
        0.07108737115265319,
        0.05756423312791244,
        0.0611070558553803,
        0.10215231928008574,
        0.0615014186154844,
        0.05668623854742489,
        0.06729234608010976,
        0.03884697899963983,
        0.041960853147665386,
        0.033851384487072075,
        0.03835013206116855,
        0.03173508029431105,
        0.061916531266265167,
        0.03636848959636323,
        0.0333937106921372,
        0.04132447882956411,
        0.03661601122304866,
        0.1025016299897322,
        0.04621114379443935,
        0.039546818250393564,
        0.03100267491040372,
        0.037886527097995254,
        0.0306854817770525,
        0.031599479119500354,
        0.02133325146752651,
        0.0376310347815484,
        0.020915798722718912,
        0.023035810936427745,
        0.028799621565094975,
        0.018715066743661062,
        0.019998444526141544,
        0.06997647517386617,
        0.03533562322371398,
        0.028894827784151183,
        0.019576817718593195,
        0.0177925312013098,
        0.024964707571025764,
        0.016621691379609897,
        0.013560977633999384
    ],
    "val_loss": [
        0.2641597565795694,
        0.1530767728441528,
        0.18099193381411688,
        0.19257742266303726,
        0.15430756664967962,
        0.11287320777773857,
        0.12449029330829424,
        0.11099495123406607,
        0.135423627349415,
        0.14531493240169116,
        0.12098490875879568,
        0.11069426670603986,
        0.1157239051369418,
        0.1564656827000103,
        0.10678158805239946,
        0.1250776674964332,
        0.13360019413188898,
        0.11694541464592996,
        0.1500813340244349,
        0.12460007094861274,
        0.18268036044485467,
        0.1568262922976698,
        0.12301582400687039,
        0.125884199381939,
        0.13486234170600905,
        0.12715863471800862,
        0.15570253475535928,
        0.14529624276162525,
        0.13374547209657198,
        0.12746021149255934,
        0.14499267776201513,
        0.10857668581905143,
        0.14650323503779614,
        0.17186602025633743,
        0.12625653431418218,
        0.1559361112407974,
        0.12434966801499416,
        0.14516679893131368,
        0.14647476990856895,
        0.12929489357754523,
        0.1504776224901434,
        0.1766044810688722,
        0.13427237675309048,
        0.13072051091460576,
        0.14604254891518004,
        0.11697081431339029,
        0.15476034170465677,
        0.14183529895983935,
        0.15634807227096253,
        0.1325120602060841
    ],
    "val_mcc": [
        0.724029364230645,
        0.8431016799061773,
        0.788749508234814,
        0.8072419382399199,
        0.8349088901278158,
        0.8743453492399005,
        0.8766779343750263,
        0.8708613705643433,
        0.8591686890578212,
        0.8487043854791035,
        0.8784154423731284,
        0.8842889506415245,
        0.8988183056466044,
        0.8548776160853748,
        0.8757983386733837,
        0.8349953419636562,
        0.8970140986760144,
        0.9036908343618932,
        0.8841186983959977,
        0.8706979827024268,
        0.8077663822776616,
        0.8775279728150972,
        0.8573363361078536,
        0.8999431458206268,
        0.8938684907035025,
        0.8768775385101995,
        0.8935259081600107,
        0.8323248684183527,
        0.8875310557089363,
        0.9127570335092595,
        0.856913778109397,
        0.9037697789966358,
        0.856192766349128,
        0.8755710653791876,
        0.917848268497589,
        0.8996328988187315,
        0.8908733042346512,
        0.9099238349518283,
        0.898851916369935,
        0.923631913366468,
        0.8973095885900063,
        0.8696398796347353,
        0.8717556605435093,
        0.8618784588481228,
        0.8554409930832897,
        0.9168064274142622,
        0.8777310040368157,
        0.903234708088135,
        0.9124443498923659,
        0.9302868711472259
    ],
    "val_auroc": [
        0.9772785929963259,
        0.9842996350831051,
        0.984954036262711,
        0.9776134828215431,
        0.9872515403912206,
        0.9894665746614333,
        0.9901332022384093,
        0.9898496957655659,
        0.9857015246065628,
        0.9873393579165538,
        0.9897933902317027,
        0.991768337758332,
        0.9911994265220029,
        0.9892035696629785,
        0.9920464108383592,
        0.9903596085615636,
        0.9889823075334189,
        0.9912060940812387,
        0.989739298667396,
        0.9895553040543491,
        0.9864634848433184,
        0.9876337726308911,
        0.9928080736823318,
        0.9924369031788789,
        0.9925069386159842,
        0.9915202322039464,
        0.9915653321035327,
        0.9917673863378211,
        0.9898945395655461,
        0.9908092629336331,
        0.9886509519851746,
        0.9920118771882708,
        0.9883549961149706,
        0.9886515833430026,
        0.9920048313940724,
        0.9900449453290924,
        0.9913440997636269,
        0.9892034985840731,
        0.9903329271543178,
        0.9909181221858979,
        0.9903527479546758,
        0.9900811572465735,
        0.9905498574963344,
        0.9911147857236497,
        0.990026763243199,
        0.9924954603322934,
        0.9900389418940795,
        0.9913308160309017,
        0.9896637817616897,
        0.9923470833509924
    ]
}