{
    "train_loss": [
        0.3059738048098304,
        0.13146412406455388,
        0.10253472702408378,
        0.09779695480723273,
        0.08626028726046736,
        0.0824406554245136,
        0.08666854216293855,
        0.08308880979364569,
        0.072606509255076,
        0.08407029166648333,
        0.0744546555321325,
        0.07044587288559838,
        0.06259908307005059,
        0.06254900242625312,
        0.05960386758670211,
        0.05424854307520119,
        0.04847454440525987,
        0.04082992020994425,
        0.04181492438709194,
        0.03728152190292762,
        0.03709273251958869,
        0.04189381810878827,
        0.036547497867352584,
        0.03342643754810772,
        0.026336456437341192,
        0.03394903146280823,
        0.046231361095454886,
        0.027823631482368164,
        0.031074108174917372,
        0.025981059842954644,
        0.019066409690739503,
        0.013371602932403965,
        0.011735317995771766,
        0.00888436338970099,
        0.007627673682608557,
        0.012417053856717592,
        0.013606059560763904,
        0.015616366036490283,
        0.008100039296550676,
        0.005434739336620128,
        0.007899098366827027,
        0.007624458157806657,
        0.006320880479920147,
        0.004052327129598284,
        0.003607475727304435,
        0.007396294808131643,
        0.004202724575985816,
        0.002643256518323059,
        0.004355053066154307,
        0.006976379351809473
    ],
    "val_loss": [
        0.1682000414778789,
        0.10691456620891888,
        0.10862091773500045,
        0.110982498464485,
        0.11308372315640251,
        0.11430613494788606,
        0.12237104905458789,
        0.10743991588242352,
        0.12614524411037564,
        0.11850924200067918,
        0.11216183557795982,
        0.12108000127288203,
        0.12345493833223979,
        0.13670649806347987,
        0.12190215406008065,
        0.13259622524492443,
        0.14243305839287737,
        0.14464279892854393,
        0.14593510888516903,
        0.1596138214226812,
        0.18347425712272525,
        0.16876558680087328,
        0.17036511283367872,
        0.1752904144426187,
        0.17406953064103922,
        0.18697798219121373,
        0.12916729133576155,
        0.16602428878347078,
        0.16979823944469294,
        0.1734378756955266,
        0.18254318080532053,
        0.17530078797911605,
        0.18809802925291783,
        0.19505778781604022,
        0.19611149401559183,
        0.1945257525270184,
        0.19982346979668364,
        0.2045169700674402,
        0.20187305833678693,
        0.20479211607016623,
        0.2245274983579293,
        0.22438839147798717,
        0.20398505358025432,
        0.20842298209511986,
        0.21839431197925782,
        0.20914768609994402,
        0.22164949328483394,
        0.22268489771522582,
        0.2197867426633214,
        0.2264390519800751
    ],
    "val_mcc": [
        0.0,
        0.6172321067240548,
        0.6770526934074996,
        0.6770526934074996,
        0.6172321067240548,
        0.6442872472102531,
        0.6172321067240548,
        0.6442872472102531,
        0.6442872472102531,
        0.6442872472102531,
        0.6113636363636363,
        0.6442872472102531,
        0.6442872472102531,
        0.6113636363636363,
        0.6113636363636363,
        0.6744860186581717,
        0.6442872472102531,
        0.6442872472102531,
        0.6442872472102531,
        0.6442872472102531,
        0.5062910315390183,
        0.6442872472102531,
        0.6113636363636363,
        0.6113636363636363,
        0.5786882152809495,
        0.547333863896855,
        0.6744860186581717,
        0.6113636363636363,
        0.6113636363636363,
        0.6113636363636363,
        0.6113636363636363,
        0.645743840298938,
        0.6113636363636363,
        0.6113636363636363,
        0.6113636363636363,
        0.6191668677752271,
        0.5786882152809495,
        0.6113636363636363,
        0.6113636363636363,
        0.6113636363636363,
        0.5811712053972111,
        0.5811712053972111,
        0.6113636363636363,
        0.6113636363636363,
        0.6113636363636363,
        0.6113636363636363,
        0.6113636363636363,
        0.6113636363636363,
        0.645743840298938,
        0.6113636363636363
    ],
    "val_auroc": [
        0.9755681818181818,
        0.9647727272727272,
        0.890340909090909,
        0.959659090909091,
        0.9795454545454545,
        0.8897727272727272,
        0.9357954545454545,
        0.9159090909090909,
        0.8488636363636365,
        0.9017045454545455,
        0.947159090909091,
        0.9073863636363636,
        0.9460227272727272,
        0.9136363636363637,
        0.9011363636363635,
        0.9068181818181817,
        0.9142045454545454,
        0.8829545454545454,
        0.8886363636363637,
        0.9034090909090908,
        0.8789772727272727,
        0.8920454545454546,
        0.9056818181818183,
        0.9051136363636364,
        0.8818181818181818,
        0.9215909090909091,
        0.934090909090909,
        0.9261363636363638,
        0.9528409090909091,
        0.9465909090909091,
        0.9460227272727273,
        0.94375,
        0.9465909090909091,
        0.9392045454545455,
        0.9426136363636364,
        0.9397727272727272,
        0.9261363636363635,
        0.9323863636363637,
        0.9335227272727272,
        0.9494318181818181,
        0.9403409090909091,
        0.9465909090909091,
        0.9511363636363637,
        0.9522727272727273,
        0.9556818181818182,
        0.9522727272727272,
        0.9528409090909091,
        0.95,
        0.95,
        0.9545454545454545
    ]
}