{
    "train_loss": [
        0.31620113958011975,
        0.13250869258560918,
        0.09576127204028043,
        0.08726740408350121,
        0.08372896317053925,
        0.07230740531601688,
        0.07126690227199685,
        0.05950548957017335,
        0.05608112326907841,
        0.05090484514155171,
        0.057576537216928875,
        0.058561757651411674,
        0.046431877819651905,
        0.043140594514129174,
        0.04756511939393187,
        0.046183361036872324,
        0.034578357061201874,
        0.027911894605495036,
        0.021995759145780044,
        0.02003087787042287,
        0.024745120614005082,
        0.037378207949752155,
        0.02182806648356332,
        0.021922731113260274,
        0.04068652031392875,
        0.022350119003518062,
        0.02130558978321708,
        0.014931031279212964,
        0.015182111254861493,
        0.015872822256906973,
        0.026221625274047256,
        0.02377176275265149,
        0.014454458279281178,
        0.009948237344029952,
        0.007255900868172334,
        0.004538601285523989,
        0.014192501290711913,
        0.03560415777081454,
        0.023510666454306127,
        0.018765741784591228,
        0.016700284367702392,
        0.011906834948934953,
        0.010559541369068691,
        0.017966538466597824,
        0.00938055480153046,
        0.006882441616405479,
        0.007016515041786161,
        0.004663825447840447,
        0.0033119298750534654,
        0.0026859423153589228
    ],
    "val_loss": [
        0.17580653230349222,
        0.11203749322642882,
        0.14680908961842457,
        0.12283587517837684,
        0.16670407261699438,
        0.14252757482851544,
        0.172351134630541,
        0.20649384303639332,
        0.2045202567630137,
        0.21995972733323774,
        0.17901187824706236,
        0.20777293434366584,
        0.2426985134758676,
        0.22140540753025562,
        0.2103892732799674,
        0.23615605157101527,
        0.26137044860903796,
        0.2681073182223675,
        0.2689631585380994,
        0.29230864760271896,
        0.2737142391949116,
        0.24892271249943101,
        0.2873313559490877,
        0.30328164363163523,
        0.2308614274758535,
        0.33952205710617517,
        0.3066112844098825,
        0.316125595709309,
        0.3487888992676744,
        0.22486791368282866,
        0.3519522117227704,
        0.3170275588830312,
        0.29561312920607935,
        0.26392741477078135,
        0.32284970005760744,
        0.34405061333382037,
        0.40235519160827,
        0.3182693651566903,
        0.28170857413109235,
        0.31089251943437074,
        0.3118008242745418,
        0.3341182081203442,
        0.3408261500298977,
        0.34288852475583553,
        0.3582829249401887,
        0.375603441663164,
        0.38443598130349227,
        0.3767981252943476,
        0.3846839670004556,
        0.39463068544864655
    ],
    "val_mcc": [
        0.0,
        0.6444415858343575,
        0.5064552788726858,
        0.5143986448334275,
        0.48807056260589954,
        0.5545438139255907,
        0.44278660624354294,
        0.47212861075418316,
        0.5064552788726858,
        0.47212861075418316,
        0.5545438139255907,
        0.3388235309124364,
        0.4272095352695313,
        0.3388235309124364,
        0.5143986448334275,
        0.5064552788726858,
        0.11733188624899324,
        0.3388235309124364,
        0.30694760390069437,
        0.23765410727335523,
        0.3388235309124364,
        0.44278660624354294,
        0.3015191475654224,
        0.39361809238809775,
        0.23969514951317125,
        0.09621290848090852,
        0.1866856725318574,
        0.28078090590350974,
        0.23765410727335523,
        0.5143986448334275,
        0.23765410727335523,
        0.09621290848090852,
        0.1866856725318574,
        0.3654188590462732,
        0.30694760390069437,
        0.23765410727335523,
        0.1466903483783305,
        0.28078090590350974,
        0.09621290848090852,
        0.07981176505937392,
        0.07981176505937392,
        0.1866856725318574,
        0.09621290848090852,
        0.28078090590350974,
        0.07981176505937392,
        0.28078090590350974,
        0.20931764798590516,
        0.28078090590350974,
        0.28078090590350974,
        0.1866856725318574
    ],
    "val_auroc": [
        0.8605307735742518,
        0.9418407679277245,
        0.9395821569734613,
        0.9073969508752118,
        0.8001129305477133,
        0.8193111236589498,
        0.7713156408808584,
        0.7628458498023716,
        0.8588368153585545,
        0.792772444946358,
        0.8661773009599096,
        0.7628458498023716,
        0.6877470355731226,
        0.8221343873517787,
        0.7899491812535291,
        0.7967250141163185,
        0.7701863354037267,
        0.7916431394692264,
        0.7504234895539242,
        0.7679277244494636,
        0.7662337662337663,
        0.795595708639187,
        0.740824392998306,
        0.7888198757763976,
        0.7837380011293056,
        0.7334839073969509,
        0.8272162619988708,
        0.8362507058159232,
        0.7843026538678712,
        0.857707509881423,
        0.7922077922077921,
        0.872953133822699,
        0.8520609824957651,
        0.8091473743647657,
        0.8249576510446075,
        0.8210050818746469,
        0.8232636928289102,
        0.7978543195934501,
        0.8063241106719369,
        0.7419536984754376,
        0.7521174477696217,
        0.7571993224167137,
        0.7622811970638058,
        0.7679277244494636,
        0.7741389045736872,
        0.7713156408808582,
        0.7532467532467533,
        0.771880293619424,
        0.7893845285149633,
        0.7707509881422925
    ]
}