{
    "train_loss": [
        0.29487945986064995,
        0.12792403386397797,
        0.10400794040073048,
        0.12916644019159404,
        0.09380459836260839,
        0.08580868932503191,
        0.07927130120383068,
        0.07708022493699734,
        0.06945035805587065,
        0.06596434048630974,
        0.05629866180772131,
        0.07908795435320247,
        0.06791477364657278,
        0.06369235307316888,
        0.048062370539727534,
        0.05893417540937662,
        0.05043415981344879,
        0.04391246752559461,
        0.028501090022142638,
        0.019543246207335455,
        0.024577912588773124,
        0.017816409971353343,
        0.014393650953107599,
        0.010896931582299823,
        0.011755855687872761,
        0.010757680429378524,
        0.01795656991519288,
        0.013969292917119508,
        0.022252630664628337,
        0.030478067918341945,
        0.0231470692881637,
        0.018405798837193288,
        0.01563460541762073,
        0.008971267866648057,
        0.007167121812182648,
        0.011514410922907038,
        0.004578429069211284,
        0.004194883609836159,
        0.012509907853779045,
        0.006995373506056653,
        0.0034677577363750474,
        0.0041978568082082675,
        0.004990508148859424,
        0.006115347316319292,
        0.007804963495635258,
        0.003879022670430872,
        0.0026655737231273883,
        0.004641374285380483,
        0.002501618966396729,
        0.007193595118058676
    ],
    "val_loss": [
        0.18922764311234155,
        0.14994317727784315,
        0.15118160098791122,
        0.16228037079175314,
        0.1426490591838956,
        0.1456681825220585,
        0.13815503536413112,
        0.14570259302854538,
        0.13627280543247858,
        0.13833609906335673,
        0.14807900103429952,
        0.14351452328264713,
        0.1422045019765695,
        0.15096909863253435,
        0.13896835471192995,
        0.13567310106009245,
        0.17608383484184742,
        0.14729467406868935,
        0.14200294887026152,
        0.16420345132549605,
        0.16077932777504125,
        0.17500078802307448,
        0.17789766937494278,
        0.18808222189545631,
        0.1918976940214634,
        0.20253712932268778,
        0.18410114385187626,
        0.2106552372376124,
        0.180848713653783,
        0.1927166407306989,
        0.171559683047235,
        0.17477436487873396,
        0.17651943179468313,
        0.23534521150092283,
        0.2262752279639244,
        0.21568959765136242,
        0.22249374787012735,
        0.2328253040711085,
        0.22423244578142962,
        0.21020350977778435,
        0.21041908829162517,
        0.23187840729951859,
        0.22523457432786623,
        0.22437788297732672,
        0.23275291174650192,
        0.23263216142853102,
        0.23731845368941626,
        0.2363653901653985,
        0.23273017319540182,
        0.23052699491381645
    ],
    "val_mcc": [
        0.0,
        0.7343393577431244,
        0.6772007708377219,
        0.6525631418487591,
        0.7343393577431244,
        0.7043052599705966,
        0.6746219776463768,
        0.6746219776463768,
        0.7043052599705966,
        0.7043052599705966,
        0.7343713491359213,
        0.6772007708377219,
        0.5064552788726858,
        0.6458780629739146,
        0.5064552788726858,
        0.7912066263371264,
        0.4272095352695313,
        0.5788383624620932,
        0.7086391869000565,
        0.7086391869000565,
        0.6458780629739146,
        0.7086391869000565,
        0.6458780629739146,
        0.7086391869000565,
        0.611518915866742,
        0.6458780629739146,
        0.7912066263371264,
        0.6746219776463768,
        0.7678976851666153,
        0.3388235309124364,
        0.7043052599705966,
        0.7678976851666153,
        0.6458780629739146,
        0.6458780629739146,
        0.5788383624620932,
        0.7086391869000565,
        0.7086391869000565,
        0.6458780629739146,
        0.6458780629739146,
        0.7678976851666153,
        0.7678976851666153,
        0.7086391869000565,
        0.7086391869000565,
        0.7086391869000565,
        0.6458780629739146,
        0.7086391869000565,
        0.7086391869000565,
        0.7086391869000565,
        0.7086391869000565,
        0.7678976851666153
    ],
    "val_auroc": [
        0.9023150762281197,
        0.8853754940711462,
        0.9226425748164878,
        0.8893280632411066,
        0.9147374364765669,
        0.9028797289666854,
        0.9107848673066065,
        0.9621682665160927,
        0.9514398644833427,
        0.9689440993788819,
        0.9395821569734613,
        0.9712027103331451,
        0.9728966685488425,
        0.9706380575945793,
        0.971767363071711,
        0.9751552795031057,
        0.9514398644833428,
        0.9706380575945793,
        0.9757199322416714,
        0.9734613212874083,
        0.9751552795031057,
        0.9700734048560136,
        0.974025974025974,
        0.9525691699604744,
        0.9689440993788819,
        0.9706380575945792,
        0.9695087521174478,
        0.9028797289666853,
        0.9435347261434217,
        0.9762845849802371,
        0.971767363071711,
        0.9762845849802372,
        0.974025974025974,
        0.9209486166007905,
        0.9706380575945793,
        0.9762845849802372,
        0.9723320158102767,
        0.9683794466403162,
        0.9734613212874083,
        0.9712027103331451,
        0.9762845849802372,
        0.9700734048560136,
        0.9700734048560135,
        0.9695087521174477,
        0.9768492377188029,
        0.9762845849802372,
        0.974025974025974,
        0.9723320158102766,
        0.971767363071711,
        0.9644268774703557
    ]
}