{
    "train_loss": [
        0.2916900535876101,
        0.12383711422708901,
        0.10599366097118366,
        0.10224659207530996,
        0.0958162085576491,
        0.08630259095860476,
        0.09824486305429177,
        0.08866816005584868,
        0.08570184025236151,
        0.08168835345317017,
        0.07576626005836508,
        0.06334026530385017,
        0.05949643377045339,
        0.060595671688629824,
        0.06885831610468979,
        0.06681546759368344,
        0.05261638155207038,
        0.04538128620267592,
        0.04271542141214013,
        0.03320218237455596,
        0.04237186554978094,
        0.04608481361488388,
        0.032517525028776036,
        0.021756744678978892,
        0.02792707198320634,
        0.018278229611248455,
        0.011107752607627348,
        0.014900299588175998,
        0.03548788944978944,
        0.04049682711378078,
        0.03699717318787324,
        0.02695784426230768,
        0.020358975923789494,
        0.022586055629124694,
        0.014670208826745775,
        0.01041574880417267,
        0.012601362374632365,
        0.020099910299574152,
        0.010276123762278903,
        0.005838535985359075,
        0.003896485303729688,
        0.005029123230170543,
        0.00452542693198087,
        0.003022047185698863,
        0.008276060187199619,
        0.0037572057123973286,
        0.0042974774339447986,
        0.0032859651308337397,
        0.0034260560509706424,
        0.0023643282388961366
    ],
    "val_loss": [
        0.16567794109384218,
        0.0942906163011988,
        0.08658602476740877,
        0.08683027094230056,
        0.09000324349229534,
        0.1271959652658552,
        0.0778525616042316,
        0.106295437241594,
        0.08512698858976364,
        0.09751084617649515,
        0.07979247253388166,
        0.09353417344391346,
        0.11844661800811689,
        0.12746332958340645,
        0.12576143381496271,
        0.09428442874923348,
        0.12346005284537871,
        0.10821448406204581,
        0.1439621513709426,
        0.21047880003849664,
        0.17671093034247556,
        0.15732302664158246,
        0.12814976005271697,
        0.15318025007339506,
        0.1682182289659977,
        0.15400631601611772,
        0.17112586434814148,
        0.18971627236654362,
        0.13916023520869203,
        0.13471702812239528,
        0.15599659996223636,
        0.13530680382003388,
        0.16529828061660132,
        0.1581409683227927,
        0.17384028786424702,
        0.1861705688982814,
        0.18969686494771545,
        0.15558688813083185,
        0.17141994440801986,
        0.17461173691602502,
        0.17936181980621768,
        0.18828474854429564,
        0.18520538167407116,
        0.18929779426010404,
        0.20363915194320725,
        0.18685450435926518,
        0.19193087859700123,
        0.20817812283833823,
        0.2094944702051483,
        0.20801679293314615
    ],
    "val_mcc": [
        0.0,
        0.7343713491359213,
        0.7912066263371264,
        0.7343393577431244,
        0.7614224140655513,
        0.5064552788726858,
        0.7678976851666153,
        0.5305025272375369,
        0.611518915866742,
        0.47212861075418316,
        0.6444415858343575,
        0.611518915866742,
        0.5545438139255907,
        0.3201581027667984,
        0.611518915866742,
        0.6444415858343575,
        0.611518915866742,
        0.611518915866742,
        0.5545438139255907,
        0.42453584115423343,
        0.3654188590462732,
        0.5545438139255907,
        0.6444415858343575,
        0.611518915866742,
        0.30694760390069437,
        0.5143986448334275,
        0.5788383624620932,
        0.6659362678776409,
        0.5788383624620932,
        0.48807056260589954,
        0.5929791276098924,
        0.6192924653572738,
        0.5788383624620932,
        0.5788383624620932,
        0.5143986448334275,
        0.5143986448334275,
        0.5443323346087288,
        0.6444415858343575,
        0.5443323346087288,
        0.611518915866742,
        0.5788383624620932,
        0.611518915866742,
        0.5064552788726858,
        0.611518915866742,
        0.47212861075418316,
        0.611518915866742,
        0.5788383624620932,
        0.47212861075418316,
        0.5443323346087288,
        0.5443323346087288
    ],
    "val_auroc": [
        0.924901185770751,
        0.9333709768492378,
        0.8915866741953699,
        0.9728966685488425,
        0.971767363071711,
        0.9717673630717109,
        0.9774138904573687,
        0.9632975719932243,
        0.9768492377188029,
        0.9813664596273293,
        0.9791078486730661,
        0.9407114624505929,
        0.9627329192546584,
        0.9525691699604742,
        0.8938452851496329,
        0.966120835686053,
        0.9536984754376059,
        0.9751552795031057,
        0.950875211744777,
        0.9311123658949746,
        0.9446640316205533,
        0.9503105590062112,
        0.9689440993788819,
        0.9599096555618294,
        0.932806324110672,
        0.9356295878035008,
        0.9469226425748165,
        0.9616036137775268,
        0.96386222473179,
        0.9627329192546584,
        0.9440993788819876,
        0.9531338226990401,
        0.9474872953133824,
        0.9463579898362506,
        0.9486166007905138,
        0.9491812535290797,
        0.9407114624505929,
        0.9565217391304348,
        0.9469226425748164,
        0.9395821569734613,
        0.9424054206662902,
        0.9401468097120271,
        0.9440993788819876,
        0.9514398644833427,
        0.9463579898362506,
        0.945793337097685,
        0.9424054206662902,
        0.9395821569734614,
        0.9395821569734614,
        0.9418407679277244
    ]
}