{
    "train_loss": [
        0.30959965457970445,
        0.1617651774801991,
        0.11196437664330006,
        0.1066267600452358,
        0.10609911670061675,
        0.08667867562987587,
        0.08162772464989261,
        0.0894746200435541,
        0.08281104630705985,
        0.08228540183468298,
        0.06593180786479604,
        0.08371111776002428,
        0.09288039278577674,
        0.06434490751813758,
        0.055362102152271706,
        0.05790142063051462,
        0.05069953194734725,
        0.037409268531271,
        0.026454028287182817,
        0.028058857953345232,
        0.048975194672080266,
        0.04054146065292033,
        0.02810959940225902,
        0.03713375559626994,
        0.06501131415875121,
        0.04050393574024466,
        0.022488023302602498,
        0.015271564194170589,
        0.010684422487181357,
        0.006853073930621825,
        0.004718539487591691,
        0.005322007367133417,
        0.005467029171995819,
        0.012163487792184407,
        0.023849444723137738,
        0.025358073558891192,
        0.026819900688926944,
        0.022345332701330666,
        0.01380570080469955,
        0.00703741580946371,
        0.005465979137542573,
        0.0024162647578949955,
        0.001574320530794053,
        0.0011924258459740404,
        0.0010163478807292201,
        0.000927055773155933,
        0.0008173447409221394,
        0.0007379130349198186,
        0.0007056643464073369,
        0.0006382344793316654
    ],
    "val_loss": [
        0.18450342491269112,
        0.07095532429714997,
        0.06989125596980254,
        0.06360369796554248,
        0.06623551032195489,
        0.059354709926992655,
        0.055356306567167245,
        0.07798809216668208,
        0.07587696332484484,
        0.08552633660535018,
        0.07336627102146547,
        0.08789697956914704,
        0.05507974287805458,
        0.06528307831225295,
        0.0768877634157737,
        0.058125103338776775,
        0.07678803269906591,
        0.08064020560899128,
        0.090032775401293,
        0.06338485733916362,
        0.06704233033815399,
        0.07853077961287151,
        0.07930571998197895,
        0.07432472779570769,
        0.09699675881226237,
        0.07168518915811244,
        0.09182457591911468,
        0.11449969684084256,
        0.12194237079044494,
        0.1334391106502153,
        0.12313276122828636,
        0.15549385084887035,
        0.11162541699498736,
        0.15800705890675695,
        0.15088583528995514,
        0.10946647399638702,
        0.13190230795104677,
        0.10031885676532208,
        0.09897461059639075,
        0.127264720472643,
        0.10784274689649465,
        0.13253345047026718,
        0.13768684243162474,
        0.13945238879265767,
        0.14151765914114853,
        0.14399871331746303,
        0.14631069632135527,
        0.1493796160951509,
        0.14966922845997033,
        0.1531888042773062
    ],
    "val_mcc": [
        0.0,
        0.8241617276558911,
        0.8455767262643882,
        0.8056818181818182,
        0.7473281978804637,
        0.8611156451800931,
        0.8455767262643882,
        0.547333863896855,
        0.645743840298938,
        0.547333863896855,
        0.7085227272727272,
        0.7085227272727272,
        0.8780558882310071,
        0.7911146277286897,
        0.7911146277286897,
        0.7085227272727272,
        0.4270329760737674,
        0.547333863896855,
        0.5786882152809495,
        0.7911146277286897,
        0.6113636363636363,
        0.5543500069874341,
        0.761314709835944,
        0.6113636363636363,
        0.5204215422127756,
        0.5811712053972111,
        0.5927906769790553,
        0.39341519530280955,
        0.4878563921362504,
        0.5142045454545454,
        0.5543500069874341,
        0.46441276676461507,
        0.7085227272727272,
        0.5142045454545454,
        0.5085286605506111,
        0.5786882152809495,
        0.3067320882506797,
        0.6113636363636363,
        0.6172321067240548,
        0.5441594827174123,
        0.6442872472102531,
        0.47193990372426947,
        0.44257512513588665,
        0.44257512513588665,
        0.44257512513588665,
        0.44257512513588665,
        0.44257512513588665,
        0.44257512513588665,
        0.44257512513588665,
        0.44257512513588665
    ],
    "val_auroc": [
        0.9909090909090909,
        0.9869318181818182,
        0.9926136363636363,
        0.9914772727272727,
        0.9903409090909091,
        0.9897727272727272,
        0.9863636363636363,
        0.9852272727272726,
        0.9880681818181818,
        0.9886363636363636,
        0.984659090909091,
        0.9607954545454547,
        0.9892045454545454,
        0.9852272727272727,
        0.9863636363636363,
        0.9869318181818183,
        0.98125,
        0.9823863636363637,
        0.9755681818181818,
        0.9892045454545455,
        0.9852272727272727,
        0.9789772727272726,
        0.9852272727272727,
        0.9846590909090909,
        0.9755681818181818,
        0.9812500000000001,
        0.9767045454545455,
        0.9738636363636364,
        0.9732954545454546,
        0.9732954545454546,
        0.9772727272727273,
        0.9642045454545455,
        0.9818181818181818,
        0.9568181818181818,
        0.9613636363636364,
        0.9818181818181819,
        0.9522727272727273,
        0.9789772727272728,
        0.9806818181818182,
        0.9755681818181818,
        0.9795454545454546,
        0.9755681818181818,
        0.9755681818181817,
        0.9755681818181817,
        0.9772727272727272,
        0.9767045454545454,
        0.9767045454545454,
        0.9755681818181817,
        0.9761363636363636,
        0.975
    ]
}