{
    "train_loss": [
        0.624740831553936,
        0.4967186704277992,
        0.4135244324803352,
        0.37100633680820466,
        0.2795243125408888,
        0.21402719132602216,
        0.14898780789226293,
        0.10585857257246971,
        0.10511584999039769,
        0.1519059229642153,
        0.1480732540600002,
        0.09973018588498235,
        0.15724013689905406,
        0.0809230139479041,
        0.05048876530490816,
        0.03274813792668283,
        0.020290902629494668,
        0.014659960102289916,
        0.01050099985441193,
        0.008976177696604281,
        0.007120654254686087,
        0.006130345608107745,
        0.005303929024375975,
        0.004560159583343193,
        0.004120726394467056,
        0.0037064470059704037,
        0.003389536327449605,
        0.0031270749634131787,
        0.002891325578093529,
        0.0026878477015998214,
        0.0029101799591444433,
        0.002364342141663656,
        0.0021623781678499652,
        0.002063755108974874,
        0.0019176233268808573,
        0.00178374397510197,
        0.0016972535435343162,
        0.001632722234353423,
        0.001533980670501478,
        0.0014826316531980411,
        0.001422253024065867,
        0.001328523180563934,
        0.0012711343937553466,
        0.0012010688442387618,
        0.0011548290960490704,
        0.0011251755437115206,
        0.0010607338626869023,
        0.0010233541514026,
        0.0009808449394768104,
        0.0009501985710812733
    ],
    "val_loss": [
        0.5630854904651642,
        0.5213177382946015,
        0.6230397284030914,
        0.5513817310333252,
        0.7196547150611877,
        0.7997798919677734,
        0.7891659677028656,
        0.9504515528678894,
        0.9155187129974365,
        0.8420051217079163,
        0.9124882459640503,
        0.9949174404144288,
        0.9642768621444702,
        0.9668128848075866,
        1.0443392038345336,
        1.0700111627578734,
        1.0807891607284545,
        1.1101752996444703,
        1.1693223237991333,
        1.2021368026733399,
        1.2263669967651367,
        1.2558709144592286,
        1.2875251412391662,
        1.3101970195770263,
        1.3287768721580506,
        1.347943663597107,
        1.3673505783081055,
        1.3815240621566773,
        1.3984086632728576,
        1.4136175870895387,
        1.4274599075317382,
        1.4383373975753784,
        1.4531190395355225,
        1.4671206951141358,
        1.4769365549087525,
        1.491151785850525,
        1.4992407083511352,
        1.5131238222122192,
        1.5217030763626098,
        1.5326080799102784,
        1.5428024768829345,
        1.5505881786346436,
        1.5610876321792602,
        1.570098066329956,
        1.5802199602127076,
        1.5892875909805297,
        1.5968153715133666,
        1.6056763887405396,
        1.6160870790481567,
        1.6228835821151733
    ],
    "val_mcc": [
        0.22190354052187716,
        0.46487858710762375,
        0.2702954545271853,
        0.4562172790691313,
        0.3043362368719428,
        0.2837307608527635,
        0.35405047268938294,
        0.22056603773584907,
        0.26061679801227416,
        0.3718143241748422,
        0.30151712356879945,
        0.319156762993287,
        0.396893341468467,
        0.3420448085192759,
        0.3329807124598832,
        0.2909003364643658,
        0.32463199906955736,
        0.3127594947512573,
        0.3302371932014698,
        0.3302371932014698,
        0.3071698113207547,
        0.31861588178809663,
        0.31861588178809663,
        0.3071698113207547,
        0.31861588178809663,
        0.3127594947512573,
        0.3127594947512573,
        0.3127594947512573,
        0.3127594947512573,
        0.3127594947512573,
        0.3127594947512573,
        0.3127594947512573,
        0.3127594947512573,
        0.3127594947512573,
        0.3127594947512573,
        0.3127594947512573,
        0.3127594947512573,
        0.3127594947512573,
        0.2951703397312573,
        0.2951703397312573,
        0.2951703397312573,
        0.3127594947512573,
        0.2951703397312573,
        0.2951703397312573,
        0.27745716747701177,
        0.27745716747701177,
        0.27745716747701177,
        0.27745716747701177,
        0.27745716747701177,
        0.27745716747701177
    ],
    "val_auroc": [
        0.8090566037735849,
        0.7932075471698113,
        0.7413207547169812,
        0.7866037735849056,
        0.7179245283018867,
        0.7054716981132076,
        0.7403773584905661,
        0.6866037735849055,
        0.7016981132075472,
        0.7247169811320754,
        0.689622641509434,
        0.6699999999999999,
        0.6722641509433962,
        0.6854716981132075,
        0.700188679245283,
        0.699056603773585,
        0.7054716981132075,
        0.7052830188679245,
        0.7022641509433962,
        0.7018867924528303,
        0.7015094339622641,
        0.699622641509434,
        0.6977358490566037,
        0.6967924528301886,
        0.6971698113207548,
        0.6960377358490565,
        0.6954716981132075,
        0.6952830188679244,
        0.6952830188679245,
        0.6935849056603773,
        0.6935849056603772,
        0.6947169811320755,
        0.6947169811320755,
        0.6932075471698113,
        0.6943396226415094,
        0.6928301886792453,
        0.6939622641509434,
        0.6930188679245283,
        0.6943396226415094,
        0.6937735849056604,
        0.6930188679245282,
        0.6943396226415095,
        0.6945283018867924,
        0.6933962264150944,
        0.6939622641509434,
        0.6928301886792452,
        0.6928301886792452,
        0.6922641509433962,
        0.6932075471698114,
        0.6922641509433961
    ]
}