{
    "train_loss": [
        0.6324126929044723,
        0.5157983869314193,
        0.44311412423849106,
        0.35821312069892886,
        0.28239995762705805,
        0.24899391010403632,
        0.2429088346660137,
        0.17595713250339032,
        0.13357190936803817,
        0.13745916578918696,
        0.12571718487888575,
        0.1167297599837184,
        0.09583367239683867,
        0.07117980429902673,
        0.043847570288926364,
        0.034579574270173906,
        0.023224602988921105,
        0.017091684485785665,
        0.014056723727844656,
        0.011019410565495491,
        0.009106736839748919,
        0.007950438070110977,
        0.006645073718391359,
        0.005816927005071193,
        0.005053681170102209,
        0.004408489924389869,
        0.004023768287152052,
        0.003691304114181548,
        0.003284207987599075,
        0.003788792819250375,
        0.003212504414841533,
        0.0025947559683118016,
        0.002304759796243161,
        0.0021211122075328603,
        0.001990887668216601,
        0.0018517393647925929,
        0.0017528582451632247,
        0.0017108738044044002,
        0.0015929739427519962,
        0.0015027594985440374,
        0.0014220764278434217,
        0.001374095689971,
        0.0012882187089417129,
        0.0012330479716183619,
        0.0011713419982697815,
        0.001123790690326132,
        0.0010797269322210922,
        0.0010358761734096333,
        0.001010691374540329,
        0.0009563849424012005
    ],
    "val_loss": [
        0.5840204238891602,
        0.5397092759609222,
        0.5537039935588837,
        0.5915765523910522,
        0.6885053277015686,
        0.6680286169052124,
        0.7200788497924805,
        0.7359344601631165,
        0.7703954160213471,
        0.8292787432670593,
        0.8518792748451233,
        1.007973062992096,
        1.0318309545516968,
        1.0900473952293397,
        1.04444979429245,
        1.1763449668884278,
        1.2019752740859986,
        1.2154768466949464,
        1.2659961104393005,
        1.2829299211502074,
        1.3147158980369569,
        1.3350065350532532,
        1.3523850917816163,
        1.374792504310608,
        1.391288661956787,
        1.4074274897575378,
        1.424414587020874,
        1.4399187207221984,
        1.4546164751052857,
        1.4690093874931336,
        1.486757218837738,
        1.501413643360138,
        1.510028064250946,
        1.5202458262443543,
        1.5343252182006837,
        1.5448245406150818,
        1.55295273065567,
        1.5636162638664246,
        1.574165117740631,
        1.583276903629303,
        1.5909950256347656,
        1.600075626373291,
        1.6107180714607239,
        1.6175854802131653,
        1.626912569999695,
        1.6337722778320312,
        1.6422834873199463,
        1.6493188381195067,
        1.657737135887146,
        1.6658590674400329
    ],
    "val_mcc": [
        0.37961079804142517,
        0.36215643530106545,
        0.4646091208964002,
        0.4109484238358727,
        0.3673888503405527,
        0.4591860635913502,
        0.3572706782757994,
        0.42547302041976914,
        0.3937735849056604,
        0.3832400698233865,
        0.41714268769065765,
        0.2664434669614939,
        0.32463199906955736,
        0.2944227740617743,
        0.37133012228729445,
        0.31975855153698823,
        0.31975855153698823,
        0.3476154236760079,
        0.3022964411889715,
        0.3010986173307519,
        0.29588854081860694,
        0.2896163399001854,
        0.2896163399001854,
        0.2896163399001854,
        0.3071698113207547,
        0.2896163399001854,
        0.3071698113207547,
        0.3071698113207547,
        0.3071698113207547,
        0.3071698113207547,
        0.3071698113207547,
        0.2783018867924528,
        0.2896163399001854,
        0.32463199906955736,
        0.29588854081860694,
        0.29588854081860694,
        0.29588854081860694,
        0.3071698113207547,
        0.3071698113207547,
        0.3071698113207547,
        0.3071698113207547,
        0.3071698113207547,
        0.2896163399001854,
        0.2896163399001854,
        0.2896163399001854,
        0.2896163399001854,
        0.2896163399001854,
        0.2896163399001854,
        0.2896163399001854,
        0.2896163399001854
    ],
    "val_auroc": [
        0.7630188679245283,
        0.779056603773585,
        0.7818867924528302,
        0.7673584905660378,
        0.749056603773585,
        0.7352830188679246,
        0.7433962264150943,
        0.7213207547169811,
        0.7466037735849057,
        0.6835849056603773,
        0.7386792452830188,
        0.6809433962264151,
        0.6667924528301887,
        0.669811320754717,
        0.6724528301886792,
        0.6628301886792454,
        0.6624528301886792,
        0.6637735849056605,
        0.6650943396226415,
        0.659433962264151,
        0.6637735849056604,
        0.6611320754716982,
        0.6583018867924528,
        0.6583018867924527,
        0.6598113207547169,
        0.6581132075471698,
        0.6584905660377359,
        0.659433962264151,
        0.658490566037736,
        0.6596226415094338,
        0.6590566037735849,
        0.6579245283018869,
        0.6588679245283019,
        0.6596226415094341,
        0.661320754716981,
        0.661320754716981,
        0.6607547169811322,
        0.6609433962264151,
        0.6616981132075472,
        0.6622641509433962,
        0.6620754716981132,
        0.6635849056603774,
        0.6628301886792453,
        0.6633962264150943,
        0.6637735849056604,
        0.6635849056603773,
        0.6639622641509434,
        0.6637735849056603,
        0.6635849056603773,
        0.6632075471698112
    ]
}