{
    "train_loss": [
        0.632262322306633,
        0.5346226587891578,
        0.43795819133520125,
        0.41332969814538956,
        0.2913069311529398,
        0.20213984437286853,
        0.18338910732418298,
        0.10813197623938323,
        0.09077372262254357,
        0.08638534927740693,
        0.10042330389842391,
        0.0961983292363584,
        0.16141666062176227,
        0.13539449404925108,
        0.07834988161921501,
        0.03770606466569006,
        0.02073491651099175,
        0.015280274511314928,
        0.010793480649590492,
        0.00854539272841066,
        0.007898769411258399,
        0.0067384889582172034,
        0.005387383652850986,
        0.004615477600600571,
        0.0041884442558512095,
        0.00446496392833069,
        0.003422090387903154,
        0.0031325769727118314,
        0.0028512768330983818,
        0.002696540224133059,
        0.0024684024101588875,
        0.0023214538756292312,
        0.0021546724485233424,
        0.0023433695605490357,
        0.0019086858606897294,
        0.0017978329735342414,
        0.0017185820906888694,
        0.0016341403126716614,
        0.0015283153363270686,
        0.0014735470031155273,
        0.0013799925858620555,
        0.0013314311887370422,
        0.0012801299977581947,
        0.0012256784597411753,
        0.0011673457076540217,
        0.0011143335781525821,
        0.0010715111988247373,
        0.001036641007522121,
        0.000989677979669068,
        0.0009615835821023211
    ],
    "val_loss": [
        0.56847665309906,
        0.4939260363578796,
        0.58255175948143,
        0.5200416088104248,
        0.5304644167423248,
        0.6936883091926574,
        0.7443435668945313,
        0.7143554449081421,
        0.8047335386276245,
        0.7643375873565674,
        0.7805625677108765,
        0.8619999289512634,
        0.8023950397968292,
        0.869930100440979,
        0.8745051383972168,
        0.991261112689972,
        1.0547309637069702,
        1.080536460876465,
        1.1089962363243102,
        1.13430095911026,
        1.154004728794098,
        1.1708837628364563,
        1.1884618878364563,
        1.202754545211792,
        1.2228356957435609,
        1.2399895310401916,
        1.255940282344818,
        1.2704572200775146,
        1.281684947013855,
        1.2939616203308106,
        1.3054626703262329,
        1.3197519540786744,
        1.3312801122665405,
        1.3395443201065063,
        1.3504182815551757,
        1.3596939086914062,
        1.367540216445923,
        1.379902720451355,
        1.3880887746810913,
        1.399152946472168,
        1.4067818641662597,
        1.4139680862426758,
        1.4224392652511597,
        1.4293473958969116,
        1.43801589012146,
        1.444705080986023,
        1.4508455514907836,
        1.4572812557220458,
        1.4641693592071534,
        1.4712849855422974
    ],
    "val_mcc": [
        0.0,
        0.519487944872376,
        0.4388888888888889,
        0.47503861698921623,
        0.5015930071484076,
        0.3770033080131706,
        0.37450496425811003,
        0.44951398255540453,
        0.39560465015819835,
        0.4178920253557934,
        0.49137176161525076,
        0.43293836293668037,
        0.44565871858907996,
        0.3886585540248189,
        0.4586276173207597,
        0.43293836293668037,
        0.4037216635973952,
        0.4162788201889437,
        0.42907587963565635,
        0.42907587963565635,
        0.42907587963565635,
        0.42907587963565635,
        0.42907587963565635,
        0.4162788201889437,
        0.4162788201889437,
        0.4162788201889437,
        0.4162788201889437,
        0.4162788201889437,
        0.4162788201889437,
        0.4162788201889437,
        0.4162788201889437,
        0.4162788201889437,
        0.4162788201889437,
        0.4162788201889437,
        0.4162788201889437,
        0.4162788201889437,
        0.4162788201889437,
        0.4162788201889437,
        0.4162788201889437,
        0.4162788201889437,
        0.4162788201889437,
        0.4162788201889437,
        0.4162788201889437,
        0.4162788201889437,
        0.4162788201889437,
        0.4162788201889437,
        0.4162788201889437,
        0.4162788201889437,
        0.4162788201889437,
        0.4162788201889437
    ],
    "val_auroc": [
        0.8431481481481481,
        0.8383333333333333,
        0.7338888888888888,
        0.847037037037037,
        0.8188888888888888,
        0.7953703703703704,
        0.770925925925926,
        0.7783333333333333,
        0.7583333333333334,
        0.7735185185185185,
        0.7855555555555556,
        0.7598148148148147,
        0.7725925925925926,
        0.7951851851851853,
        0.7711111111111112,
        0.767037037037037,
        0.7596296296296295,
        0.7524074074074074,
        0.7548148148148148,
        0.758888888888889,
        0.7614814814814815,
        0.76,
        0.7616666666666667,
        0.7642592592592592,
        0.7638888888888888,
        0.7644444444444445,
        0.763888888888889,
        0.7649999999999999,
        0.7661111111111111,
        0.7672222222222222,
        0.7677777777777778,
        0.7668518518518518,
        0.7683333333333333,
        0.7683333333333333,
        0.767962962962963,
        0.768148148148148,
        0.7679629629629628,
        0.7683333333333333,
        0.7681481481481481,
        0.767962962962963,
        0.7685185185185184,
        0.7692592592592593,
        0.769074074074074,
        0.769074074074074,
        0.768888888888889,
        0.7694444444444444,
        0.7698148148148147,
        0.7694444444444445,
        0.7688888888888888,
        0.769074074074074
    ]
}