{
    "train_loss": [
        0.6392472177743912,
        0.531008604168892,
        0.4688495218753815,
        0.3814286656677723,
        0.29731791839003563,
        0.23808211758732795,
        0.2193606946617365,
        0.14530697241425514,
        0.11421786062419415,
        0.09221110725775361,
        0.10124264005571604,
        0.0894426784478128,
        0.09412068473175168,
        0.08830008395016194,
        0.09503287058323621,
        0.07093412629328669,
        0.04455313021317124,
        0.019867448206059634,
        0.013107693998608737,
        0.010047286213375629,
        0.008422891050577164,
        0.007466385141015053,
        0.006416722061112523,
        0.0057595960446633395,
        0.005108133621979505,
        0.004551853105658666,
        0.00413526613265276,
        0.0038505801698192955,
        0.0035276376991532745,
        0.003283325064694509,
        0.003060490102507174,
        0.002885609376244247,
        0.002716230502119288,
        0.0025660741375759244,
        0.0027959666855167597,
        0.03554303761920892,
        0.2897759031504393,
        0.16266152132302522,
        0.08244996566791088,
        0.043813319457694885,
        0.03246453562751413,
        0.020439370127860457,
        0.008036044239997864,
        0.005381849827244878,
        0.004298041283618659,
        0.00370737356133759,
        0.003368787333602086,
        0.0029651796736288815,
        0.0026161752874031665,
        0.00236221551313065
    ],
    "val_loss": [
        0.5926447033882141,
        0.5241019368171692,
        0.5155269145965576,
        0.541617888212204,
        0.6314243793487548,
        0.5940367817878723,
        0.6547547936439514,
        0.667580658197403,
        0.8869811654090881,
        0.7680498003959656,
        0.828206729888916,
        0.9576978206634521,
        0.8631228864192962,
        0.7958883345127106,
        0.9119966387748718,
        0.9921814262866974,
        1.056712806224823,
        1.0550330579280853,
        1.1000675857067108,
        1.1207738280296327,
        1.1417125284671783,
        1.161443817615509,
        1.1762848258018495,
        1.1892675518989564,
        1.2014012575149535,
        1.2182719111442566,
        1.2299657225608827,
        1.2454006254673005,
        1.2568680584430694,
        1.271580058336258,
        1.277467143535614,
        1.293943989276886,
        1.2981147766113281,
        1.3145681619644165,
        1.3073242068290711,
        1.101647388935089,
        0.6719552755355835,
        0.8233711898326874,
        0.9262408792972565,
        0.9927237212657929,
        1.124748569726944,
        1.1757189750671386,
        1.1927348017692565,
        1.230807614326477,
        1.2481999754905702,
        1.2641931295394897,
        1.2772472023963928,
        1.2941977262496949,
        1.306179904937744,
        1.3158929347991943
    ],
    "val_mcc": [
        0.0,
        0.42860685465918363,
        0.4336735806213181,
        0.3914702436085968,
        0.29346473089514225,
        0.36997240426544964,
        0.34856850115866755,
        0.37927200639047215,
        0.32708096418961097,
        0.3404206665803463,
        0.31555555555555553,
        0.31304951684997057,
        0.378691704962503,
        0.378691704962503,
        0.3053996925981208,
        0.36167967605963075,
        0.30953653338027165,
        0.2883220935509966,
        0.32708096418961097,
        0.3138888888888889,
        0.32708096418961097,
        0.32708096418961097,
        0.32708096418961097,
        0.32708096418961097,
        0.32708096418961097,
        0.32708096418961097,
        0.32708096418961097,
        0.32708096418961097,
        0.32708096418961097,
        0.32708096418961097,
        0.32708096418961097,
        0.32708096418961097,
        0.32708096418961097,
        0.32708096418961097,
        0.34444444444444444,
        0.38304545139569135,
        0.31555555555555553,
        0.36232865092627065,
        0.37450496425811003,
        0.3058358150044225,
        0.2759128699531639,
        0.22807568594332567,
        0.2637321200018186,
        0.25176545352503626,
        0.25176545352503626,
        0.2883220935509966,
        0.2759128699531639,
        0.2759128699531639,
        0.2759128699531639,
        0.2759128699531639
    ],
    "val_auroc": [
        0.8053703703703704,
        0.8042592592592593,
        0.7948148148148149,
        0.7868518518518518,
        0.7407407407407407,
        0.7912962962962963,
        0.7533333333333333,
        0.7885185185185185,
        0.6675925925925925,
        0.7653703703703704,
        0.7490740740740741,
        0.7083333333333334,
        0.7314814814814815,
        0.752037037037037,
        0.7214814814814815,
        0.7168518518518519,
        0.6907407407407407,
        0.6940740740740741,
        0.6927777777777777,
        0.6907407407407407,
        0.6914814814814815,
        0.6903703703703703,
        0.6914814814814814,
        0.6922222222222223,
        0.6920370370370371,
        0.6927777777777778,
        0.6925925925925925,
        0.6914814814814816,
        0.6914814814814815,
        0.6896296296296296,
        0.6909259259259258,
        0.6883333333333334,
        0.6901851851851852,
        0.6881481481481482,
        0.6957407407407407,
        0.7387037037037038,
        0.7357407407407407,
        0.7205555555555556,
        0.7205555555555555,
        0.730925925925926,
        0.7118518518518518,
        0.7035185185185187,
        0.717037037037037,
        0.7142592592592593,
        0.7150000000000001,
        0.7153703703703704,
        0.7146296296296295,
        0.7148148148148148,
        0.7153703703703703,
        0.7155555555555556
    ]
}