{
    "train_loss": [
        0.6304788947105407,
        0.5213378086686135,
        0.4451491042971611,
        0.37522371113300323,
        0.2867370717227459,
        0.24389523267745972,
        0.2596101026982069,
        0.16745483539998532,
        0.1405746290460229,
        0.09070663303136825,
        0.061385099589824674,
        0.04820680390112102,
        0.03862801026552916,
        0.03124236287549138,
        0.029368128534406422,
        0.026697137113660573,
        0.02054569886531681,
        0.01628721731249243,
        0.010742328024934977,
        0.009131347935181111,
        0.03714765626937151,
        0.14405967253260316,
        0.22385739274322985,
        0.10909645073115826,
        0.04429219192825258,
        0.03441618345677853,
        0.02310948558151722,
        0.0127434914233163,
        0.011032752646133303,
        0.0062027362524531785,
        0.0048018750501796605,
        0.004008099669590592,
        0.003527188260341063,
        0.003158018219983205,
        0.002899463608628139,
        0.0026614508125931023,
        0.002447118534473702,
        0.002295058168238029,
        0.002495262015145272,
        0.001994969416409731,
        0.0018834927817806602,
        0.001768152159638703,
        0.001658383442554623,
        0.0015691850887378678,
        0.0014900807291269302,
        0.0014419165381696075,
        0.0013481107656843961,
        0.0012962536537088453,
        0.001218134953523986,
        0.0011663598736049608
    ],
    "val_loss": [
        0.5653195261955262,
        0.5238102734088897,
        0.5522997379302979,
        0.5440304517745972,
        0.6189740300178528,
        0.7022645473480225,
        0.6710494637489319,
        0.7768056511878967,
        0.8965439438819885,
        0.9231625556945801,
        1.0022591710090638,
        1.0950144171714782,
        1.071723961830139,
        1.0856433391571045,
        1.125766396522522,
        1.1279913783073425,
        1.201796054840088,
        1.3141206979751587,
        1.2205158710479735,
        1.3013900518417358,
        1.2393414378166199,
        0.9960321545600891,
        0.7868923068046569,
        0.8963187336921692,
        1.0328764081001283,
        1.04015771150589,
        1.1153765320777893,
        1.1056039452552795,
        1.204475426673889,
        1.1723929166793823,
        1.197501826286316,
        1.2084705233573914,
        1.2175208568572997,
        1.2274747848510743,
        1.2394929885864259,
        1.249579668045044,
        1.2578909397125244,
        1.2697079658508301,
        1.2768503427505493,
        1.2834481954574586,
        1.293087649345398,
        1.3000927448272706,
        1.30895938873291,
        1.3156986236572266,
        1.3229276180267333,
        1.3291738271713256,
        1.3371222019195557,
        1.3431300163269042,
        1.3508454084396362,
        1.3559029579162598
    ],
    "val_mcc": [
        0.11001639366407492,
        0.5340948816254462,
        0.3411500451640062,
        0.39560465015819835,
        0.36167967605963075,
        0.3058693853650585,
        0.349754259914075,
        0.349754259914075,
        0.25851851851851854,
        0.3357587600556811,
        0.310868928895243,
        0.1800205749557739,
        0.30420509650684807,
        0.3166383124751051,
        0.28703703703703703,
        0.25819888974716115,
        0.28131719121013965,
        0.25402080690281337,
        0.30420509650684807,
        0.31844529735483207,
        0.3138888888888889,
        0.3103885363884521,
        0.37927200639047215,
        0.400614719113164,
        0.30420509650684807,
        0.36232865092627065,
        0.3894915964481181,
        0.3357587600556811,
        0.37804320740712516,
        0.32813912498853487,
        0.34528826491882486,
        0.33326687371655933,
        0.33326687371655933,
        0.33326687371655933,
        0.33326687371655933,
        0.33326687371655933,
        0.33326687371655933,
        0.33326687371655933,
        0.33326687371655933,
        0.33326687371655933,
        0.33326687371655933,
        0.3160715655795397,
        0.33326687371655933,
        0.3160715655795397,
        0.3160715655795397,
        0.3160715655795397,
        0.310868928895243,
        0.32813912498853487,
        0.32813912498853487,
        0.3404206665803463
    ],
    "val_auroc": [
        0.8287037037037036,
        0.8361111111111111,
        0.8122222222222223,
        0.7972222222222223,
        0.7675925925925926,
        0.7257407407407407,
        0.7587037037037038,
        0.7118518518518518,
        0.679074074074074,
        0.702037037037037,
        0.6818518518518518,
        0.669074074074074,
        0.6990740740740741,
        0.6992592592592592,
        0.695925925925926,
        0.6896296296296296,
        0.6712962962962964,
        0.6770370370370369,
        0.7042592592592593,
        0.6790740740740742,
        0.6798148148148149,
        0.6981481481481482,
        0.7331481481481481,
        0.7425925925925926,
        0.7044444444444445,
        0.7251851851851854,
        0.7203703703703703,
        0.7201851851851852,
        0.7090740740740741,
        0.7155555555555556,
        0.7140740740740741,
        0.7148148148148148,
        0.716851851851852,
        0.7172222222222222,
        0.7155555555555555,
        0.7162962962962964,
        0.7157407407407408,
        0.7162962962962962,
        0.7172222222222222,
        0.7164814814814815,
        0.7175925925925927,
        0.7183333333333334,
        0.7185185185185186,
        0.7187037037037037,
        0.7190740740740741,
        0.7194444444444444,
        0.7196296296296296,
        0.7193518518518518,
        0.7196296296296296,
        0.7205555555555555
    ]
}