{
    "train_loss": [
        0.6099685072898865,
        0.4309440732002258,
        0.303666560848554,
        0.21730363567670186,
        0.18897150009870528,
        0.14310271590948104,
        0.1100931132833163,
        0.09085658093293508,
        0.10142753571271897,
        0.12512133518854776,
        0.07682977492610614,
        0.06812849380075932,
        0.06379299188653628,
        0.06840100611249605,
        0.06168065890669823,
        0.05150029845535755,
        0.03935094897945722,
        0.030765416845679284,
        0.024851949202517667,
        0.02327658173938592,
        0.02160511010636886,
        0.02066244346400102,
        0.019946652588744958,
        0.019437754650910695,
        0.01885943238933881,
        0.01848316751420498,
        0.01810464697579543,
        0.017816490617891152,
        0.017490799818187953,
        0.017252049626161656,
        0.01701885958512624,
        0.016810940733800333,
        0.01661805439119538,
        0.016448754724115132,
        0.016290535405278205,
        0.016188041089723507,
        0.01601952106381456,
        0.01590622387205561,
        0.015780508114645878,
        0.015681992967923483,
        0.015589466939369837,
        0.015466839447617531,
        0.015371078268314402,
        0.015342528745532037,
        0.015242935065180064,
        0.015050550752008954,
        0.015159939229488373,
        0.014782203066473206,
        0.014556550591563185,
        0.014907711247603098
    ],
    "val_loss": [
        0.5067242383956909,
        0.3412986919283867,
        0.24996550381183624,
        0.1814352683722973,
        0.14422956854104996,
        0.12241745926439762,
        0.11669516377151012,
        0.09232601430267096,
        0.08044643606990576,
        0.2012980803847313,
        0.08080778829753399,
        0.0916000697761774,
        0.13780192658305168,
        0.06565283425152302,
        0.08636797918006778,
        0.08270060876384377,
        0.101902658585459,
        0.1030518317129463,
        0.10280733276158571,
        0.10987629857845604,
        0.1070754996035248,
        0.10948111023753881,
        0.1111430199816823,
        0.11257308395579457,
        0.11379662342369556,
        0.11495035036932677,
        0.11632309609558433,
        0.11723383271601051,
        0.11870149010792375,
        0.11978584702592343,
        0.12058551807422191,
        0.12164321704767644,
        0.12278010987211019,
        0.12386316386982799,
        0.12482887401711196,
        0.12570803961716592,
        0.12684216094203293,
        0.12772283633239567,
        0.1288300323067233,
        0.1299530251417309,
        0.13093612994998693,
        0.13179413322359324,
        0.13296296948101372,
        0.13350658863782883,
        0.13479803421068937,
        0.13558066252153367,
        0.1365638099377975,
        0.1373086898238398,
        0.13792435824871063,
        0.13679753779433668
    ],
    "val_mcc": [
        0.0,
        0.9444083040750081,
        0.9291664622950404,
        0.9444083040750081,
        0.9636589114684625,
        0.9253193580085162,
        0.9253193580085162,
        0.962998132394131,
        0.962998132394131,
        0.8804608268433263,
        0.9438975339262832,
        0.9266325832219493,
        0.9093049296723977,
        0.962998132394131,
        0.9444083040750081,
        0.9444083040750081,
        0.9444083040750081,
        0.9444083040750081,
        0.9444083040750081,
        0.9444083040750081,
        0.9444083040750081,
        0.9444083040750081,
        0.9444083040750081,
        0.9444083040750081,
        0.9444083040750081,
        0.9444083040750081,
        0.9444083040750081,
        0.9444083040750081,
        0.9444083040750081,
        0.9444083040750081,
        0.9444083040750081,
        0.9444083040750081,
        0.9444083040750081,
        0.9444083040750081,
        0.9444083040750081,
        0.9444083040750081,
        0.9444083040750081,
        0.9444083040750081,
        0.9444083040750081,
        0.9444083040750081,
        0.9444083040750081,
        0.9444083040750081,
        0.9444083040750081,
        0.9444083040750081,
        0.9444083040750081,
        0.9444083040750081,
        0.9444083040750081,
        0.9444083040750081,
        0.9444083040750081,
        0.9444083040750081
    ],
    "val_auroc": [
        0.9986898132983951,
        0.9983622666229938,
        0.998689813298395,
        0.9983622666229939,
        0.9993449066491975,
        0.998689813298395,
        0.9977071732721913,
        0.9963969865705863,
        0.998689813298395,
        0.9993449066491975,
        0.9986898132983951,
        0.99737962659679,
        0.996069439895185,
        0.9970520799213888,
        0.9970520799213888,
        0.9980347199475925,
        0.9977071732721913,
        0.9983622666229938,
        0.9980347199475925,
        0.9990173599737964,
        0.9990173599737964,
        0.9990173599737964,
        0.9990173599737964,
        0.9990173599737964,
        0.9990173599737964,
        0.9990173599737964,
        0.9990173599737964,
        0.9990173599737964,
        0.9990173599737964,
        0.9990173599737964,
        0.9990173599737961,
        0.9990173599737964,
        0.9990173599737964,
        0.9990173599737964,
        0.9990173599737964,
        0.9990173599737964,
        0.9990173599737964,
        0.9990173599737964,
        0.9990173599737964,
        0.9980347199475925,
        0.9970520799213888,
        0.9927939731411726,
        0.9803471994759253,
        0.9937766131673764,
        0.9773992793973141,
        0.980019652800524,
        0.9810022928267278,
        0.9832951195545365,
        0.9875532263347527,
        0.9941041598427776
    ]
}