{
    "train_loss": [
        0.6008780141671498,
        0.4257833480834961,
        0.30613642434279126,
        0.22367210884888966,
        0.152978012462457,
        0.14782343258460362,
        0.1156200110912323,
        0.0983243909974893,
        0.08462793827056884,
        0.07687723264098167,
        0.0696621318658193,
        0.08382809050381183,
        0.0655213586986065,
        0.05181503271063169,
        0.0464667530109485,
        0.06993882991373539,
        0.08275849968194962,
        0.07178689191738764,
        0.08397977103789647,
        0.05479878634214401,
        0.048584307668109734,
        0.04230169511089722,
        0.03434470159312089,
        0.039709452105065185,
        0.030575885685781637,
        0.026615162380039692,
        0.024242579750716687,
        0.02445318562289079,
        0.020211349427700042,
        0.02120645126948754,
        0.018100781614581743,
        0.01753101178134481,
        0.017104368191212416,
        0.016779931355267765,
        0.016526524691532055,
        0.016329076296339434,
        0.01615323650961121,
        0.016001154265056054,
        0.015715866970519226,
        0.015494095161557198,
        0.015186149813234805,
        0.015420648114134869,
        0.014669295710821947,
        0.013597652595490218,
        0.01225108136422932,
        0.01181233098420004,
        0.011270527464027206,
        0.01102998818581303,
        0.007490805862471461,
        0.005519875542571147
    ],
    "val_loss": [
        0.4910750985145569,
        0.32660095393657684,
        0.22266539931297302,
        0.16548893228173256,
        0.16544089652597904,
        0.11209776811301708,
        0.09521470591425896,
        0.10677398182451725,
        0.07601577509194613,
        0.06728881038725376,
        0.061769012827426195,
        0.13458474725484848,
        0.0592701849527657,
        0.052374004386365414,
        0.05298832431435585,
        0.08590640500187874,
        0.048712149262428284,
        0.13480650587007403,
        0.0550172608345747,
        0.10260767000727355,
        0.05093633965589106,
        0.06941771600395441,
        0.042810994666069746,
        0.05285717896185815,
        0.04569069715216756,
        0.052384341834113,
        0.05691614095121622,
        0.04881104547530413,
        0.07771140243858099,
        0.07296058221254498,
        0.07713448000140488,
        0.0759796277852729,
        0.07557126530446112,
        0.07616241928189993,
        0.07667795743327588,
        0.07601031963713467,
        0.07580757641699165,
        0.07815859222318977,
        0.07761550974100828,
        0.0784648215631023,
        0.0793539413716644,
        0.07894039212260395,
        0.07597866654396057,
        0.08047120273113251,
        0.0580439530313015,
        0.07775789534207433,
        0.055990773253142834,
        0.07276613230351359,
        0.06495370651828125,
        0.07495681924046949
    ],
    "val_mcc": [
        0.943889104146584,
        0.9811382548511067,
        0.9811382548511067,
        0.9811382548511067,
        0.9254771399164523,
        0.9624387375561093,
        0.9624387375561093,
        0.943889104146584,
        0.9624387375561093,
        0.9811382548511067,
        0.9811382548511067,
        0.9254771399164523,
        0.9811382548511067,
        0.9811382548511067,
        0.9811382548511067,
        0.9436017575589276,
        0.9811382548511067,
        0.9071907117407407,
        0.9621059691482227,
        0.9254771399164523,
        0.9621059691482227,
        0.9624387375561093,
        0.9621059691482227,
        0.9624387375561093,
        0.9624387375561093,
        0.9624387375561093,
        0.9624387375561093,
        0.9430521597641348,
        0.9624387375561093,
        0.9430521597641348,
        0.9624387375561093,
        0.9624387375561093,
        0.9624387375561093,
        0.9624387375561093,
        0.9624387375561093,
        0.9624387375561093,
        0.9624387375561093,
        0.9624387375561093,
        0.9624387375561093,
        0.9624387375561093,
        0.9624387375561093,
        0.9430521597641348,
        0.9624387375561093,
        0.9430521597641348,
        0.9430521597641348,
        0.9624387375561093,
        0.9624387375561093,
        0.9624387375561093,
        0.9624387375561093,
        0.9624387375561093
    ],
    "val_auroc": [
        0.9966465459423206,
        0.9993293091884642,
        0.98859825620389,
        0.9983232729711603,
        0.9765258215962441,
        0.9983232729711603,
        0.9986586183769282,
        0.999664654594232,
        0.999664654594232,
        0.9986586183769282,
        0.9986586183769282,
        0.9993293091884642,
        0.9986586183769282,
        0.9993293091884642,
        0.993963782696177,
        0.9989939637826962,
        0.9993293091884642,
        0.9993293091884642,
        0.9993293091884642,
        0.999664654594232,
        0.999664654594232,
        0.9993293091884642,
        0.9993293091884642,
        0.9993293091884642,
        0.9993293091884642,
        0.999664654594232,
        0.999664654594232,
        0.9993293091884642,
        0.977531857813548,
        0.9986586183769283,
        0.977867203219316,
        0.9973172367538565,
        0.9875922199865862,
        0.9795439302481557,
        0.9765258215962441,
        0.983232729711603,
        0.9976525821596244,
        0.9758551307847083,
        0.9761904761904763,
        0.9761904761904763,
        0.9758551307847083,
        0.9929577464788732,
        0.9788732394366197,
        0.9758551307847083,
        0.9989939637826962,
        0.9761904761904762,
        0.9986586183769283,
        0.987927565392354,
        0.9979879275653923,
        0.9973172367538565
    ]
}