{
    "train_loss": [
        0.6208256403605144,
        0.4355391164620717,
        0.2947450429201126,
        0.20549369752407073,
        0.16928650438785553,
        0.14001841545104982,
        0.11240722984075546,
        0.10631433700521788,
        0.07310019234816233,
        0.07903958112001419,
        0.08006484384338061,
        0.06162557465334733,
        0.049082280074556665,
        0.04246171141664187,
        0.03729414232075214,
        0.0378666582206885,
        0.06116562392562628,
        0.03725282736122608,
        0.03276468155284722,
        0.029877195631464324,
        0.05308171734213829,
        0.08159671388566495,
        0.04439135740200679,
        0.0322868596141537,
        0.03121327795088291,
        0.028393490985035897,
        0.03888285228361686,
        0.02338309083133936,
        0.02036679567148288,
        0.01906262288490931,
        0.017511457515259583,
        0.01727438550442457,
        0.016876432858407498,
        0.01665761445959409,
        0.016495885979384183,
        0.016286501288414003,
        0.016141773543010156,
        0.01599629099170367,
        0.015885737848778565,
        0.015736807758609455,
        0.015636344254016877,
        0.015565040210882822,
        0.015453077635417383,
        0.015330394419531027,
        0.015198156765351693,
        0.015062831932057937,
        0.015017862447227042,
        0.014822651958093047,
        0.014853676889712612,
        0.014542782912030816
    ],
    "val_loss": [
        0.5243483334779739,
        0.3579179346561432,
        0.28981826826930046,
        0.20195996388792992,
        0.19648195803165436,
        0.13509325869381428,
        0.1253602486103773,
        0.13852989859879017,
        0.1433882126584649,
        0.10981751419603825,
        0.11346713453531265,
        0.11269856244325638,
        0.08873077249154449,
        0.10597978997975588,
        0.08355594333261251,
        0.109892881475389,
        0.11765451589599252,
        0.11215996835380793,
        0.10719105508178473,
        0.12705023866146803,
        0.13508450309745967,
        0.12376767862588167,
        0.07139412919059396,
        0.09722827118821442,
        0.1118092539254576,
        0.07658328721299767,
        0.11386308306828141,
        0.11349491437431425,
        0.12201257783453912,
        0.12341579783242196,
        0.1267225070623681,
        0.1291035673348233,
        0.13082295842468739,
        0.13204566214699298,
        0.13311563583556563,
        0.13414442795328796,
        0.13509550294838846,
        0.1360099419252947,
        0.1371098563540727,
        0.13831043581012636,
        0.13946280861273408,
        0.140489520621486,
        0.1418333068722859,
        0.1431739809922874,
        0.1445647111395374,
        0.14609405060764402,
        0.14747213339433074,
        0.14928030275041237,
        0.1511136790504679,
        0.15369343641214073
    ],
    "val_mcc": [
        0.6460084048890729,
        0.9438975339262832,
        0.8729691484629669,
        0.9266092224680211,
        0.8758931191737623,
        0.9626596790042581,
        0.9266092224680211,
        0.9266092224680211,
        0.9266092224680211,
        0.9266325832219493,
        0.9447329926514414,
        0.9447329926514414,
        0.9447329926514414,
        0.9447329926514414,
        0.9438975339262832,
        0.9447329926514414,
        0.9252853920667758,
        0.9447329926514414,
        0.9447329926514414,
        0.9252853920667758,
        0.9063785942932301,
        0.8907389552720495,
        0.9438975339262832,
        0.9447329926514414,
        0.9447329926514414,
        0.9253193580085162,
        0.9447329926514414,
        0.9447329926514414,
        0.9252853920667758,
        0.9252853920667758,
        0.9447329926514414,
        0.9252853920667758,
        0.9252853920667758,
        0.9252853920667758,
        0.9252853920667758,
        0.9252853920667758,
        0.9252853920667758,
        0.9252853920667758,
        0.9252853920667758,
        0.9252853920667758,
        0.9252853920667758,
        0.9252853920667758,
        0.9252853920667758,
        0.9252853920667758,
        0.9252853920667758,
        0.9252853920667758,
        0.9252853920667758,
        0.9252853920667758,
        0.9252853920667758,
        0.9252853920667758
    ],
    "val_auroc": [
        0.9862430396331477,
        0.996069439895185,
        0.9970520799213888,
        0.9941041598427776,
        0.9977071732721913,
        0.9960694398951851,
        0.996069439895185,
        0.9967245332459875,
        0.9751064526695054,
        0.9983622666229939,
        0.9977071732721913,
        0.9970520799213888,
        0.9967245332459875,
        0.9842777595807403,
        0.9970520799213888,
        0.9950867998689813,
        0.9872256796593515,
        0.983950212905339,
        0.9954143465443825,
        0.9701932525384868,
        0.9957418932197838,
        0.9977071732721913,
        0.99737962659679,
        0.9967245332459875,
        0.9957418932197838,
        0.9970520799213888,
        0.9957418932197838,
        0.9957418932197838,
        0.996069439895185,
        0.9957418932197838,
        0.9760890926957091,
        0.9754339993449067,
        0.9754339993449067,
        0.9757615460203078,
        0.9757615460203078,
        0.9747789059941042,
        0.9747789059941042,
        0.9747789059941042,
        0.9747789059941042,
        0.9747789059941042,
        0.9747789059941042,
        0.9747789059941042,
        0.9747789059941042,
        0.9747789059941042,
        0.9751064526695055,
        0.9751064526695055,
        0.9747789059941042,
        0.9747789059941042,
        0.9613494923026531,
        0.9672453324598755
    ]
}