{
    "train_loss": [
        0.6083689490954082,
        0.4208252231280009,
        0.2987211753924688,
        0.22561841905117036,
        0.1803777515888214,
        0.14586645613114038,
        0.11488664001226426,
        0.08953059067328771,
        0.07786126807332039,
        0.06988732169071833,
        0.08135233720143636,
        0.05225007211168607,
        0.043629972139994304,
        0.06266486843427023,
        0.08564633255203564,
        0.0657855906834205,
        0.0663771224518617,
        0.037547118092576666,
        0.02948077625284592,
        0.03159170572956403,
        0.05614294831951459,
        0.021737990093727906,
        0.02111066101739804,
        0.02013234905898571,
        0.01951624931146701,
        0.01895569215218226,
        0.018490228988230228,
        0.018092702236026527,
        0.01778076613942782,
        0.01744428981716434,
        0.01721101322521766,
        0.016946665632228058,
        0.016718124443044265,
        0.016501055533687272,
        0.01632037296270331,
        0.016206519367794197,
        0.015999127955486376,
        0.015837656582395235,
        0.01575323073193431,
        0.015527375601232052,
        0.015419217416395743,
        0.015067574381828309,
        0.014762101757029692,
        0.014388543491562208,
        0.013768621037403743,
        0.012889572667578857,
        0.011921101467063029,
        0.010563279595226049,
        0.0076332584023475645,
        0.00686065914730231
    ],
    "val_loss": [
        0.5015549212694168,
        0.33621925860643387,
        0.22908885031938553,
        0.19267930835485458,
        0.13019277527928352,
        0.1060321256518364,
        0.10413115657866001,
        0.08663028385490179,
        0.048489099368453026,
        0.35880255326628685,
        0.1505976915359497,
        0.15911381365731359,
        0.17165215127170086,
        0.024926910176873207,
        0.0529333776794374,
        0.26615485548973083,
        0.14430612698197365,
        0.07365717366337776,
        0.21228486858308315,
        0.1906412821263075,
        0.15630531520582736,
        0.15890788729302585,
        0.1688713172916323,
        0.17301594093441963,
        0.17441568756476045,
        0.17572610452771187,
        0.17689208313822746,
        0.1783672960009426,
        0.17997261020354927,
        0.1840090905316174,
        0.1859925054013729,
        0.18924015201628208,
        0.19167297799140215,
        0.1944427825510502,
        0.19686824455857277,
        0.19784271891694516,
        0.2016213326714933,
        0.20292896521277726,
        0.2091890713199973,
        0.21012756845448166,
        0.21773342555388808,
        0.22407782170921564,
        0.22869211435317993,
        0.23610294051468372,
        0.24426905624568462,
        0.2550881588831544,
        0.24393866304308176,
        0.23007440567016602,
        0.19761952571570873,
        0.1878944467753172
    ],
    "val_mcc": [
        0.8714893406611902,
        0.9633432944855655,
        0.9623015873015873,
        0.9258200997725514,
        0.9812328999345131,
        0.9814164735593364,
        0.9633432944855655,
        0.9633432944855655,
        1.0,
        0.7772815877574013,
        0.9118992727752026,
        0.9286112429750731,
        0.9286112429750731,
        1.0,
        0.9633432944855655,
        0.8640987597877147,
        0.9118992727752026,
        0.9633432944855655,
        0.8955910525085281,
        0.9118992727752026,
        0.9457507306074072,
        0.9457507306074072,
        0.9286112429750731,
        0.9286112429750731,
        0.9286112429750731,
        0.9286112429750731,
        0.9286112429750731,
        0.9286112429750731,
        0.9286112429750731,
        0.9286112429750731,
        0.9286112429750731,
        0.9286112429750731,
        0.9286112429750731,
        0.9286112429750731,
        0.9286112429750731,
        0.9286112429750731,
        0.9286112429750731,
        0.9286112429750731,
        0.9286112429750731,
        0.9286112429750731,
        0.9286112429750731,
        0.9286112429750731,
        0.9286112429750731,
        0.9286112429750731,
        0.9286112429750731,
        0.9118992727752026,
        0.9118992727752026,
        0.9118992727752026,
        0.9118992727752026,
        0.9286112429750731
    ],
    "val_auroc": [
        0.9914021164021164,
        0.9973544973544974,
        0.9993386243386243,
        0.9996693121693122,
        0.9990079365079365,
        0.9996693121693122,
        1.0,
        1.0,
        1.0,
        1.0,
        1.0,
        1.0,
        1.0,
        1.0,
        1.0,
        0.9996693121693122,
        1.0,
        1.0,
        1.0,
        1.0,
        1.0,
        1.0,
        1.0,
        1.0,
        1.0,
        1.0,
        1.0,
        1.0,
        0.9996693121693122,
        0.9986772486772487,
        0.9983465608465609,
        0.9983465608465609,
        0.9983465608465609,
        0.9983465608465609,
        0.9986772486772487,
        0.9983465608465609,
        0.9990079365079365,
        0.9983465608465609,
        0.9990079365079365,
        0.9983465608465609,
        0.9983465608465609,
        0.998015873015873,
        0.9976851851851852,
        0.9968584656084657,
        0.9950396825396826,
        0.9904100529100529,
        0.994378306878307,
        0.9950396825396826,
        1.0,
        0.9986772486772487
    ]
}