{
    "train_loss": [
        0.6119996110598246,
        0.4275848229726156,
        0.3130750447511673,
        0.24253961344559988,
        0.1695990631977717,
        0.12932454148928324,
        0.11921864400307337,
        0.09069675703843434,
        0.07516340191165606,
        0.06775077879428863,
        0.04824667063852151,
        0.039693005631367365,
        0.03268264370659987,
        0.05360891173283259,
        0.034934146081407866,
        0.03261493972192208,
        0.02649508515993754,
        0.017073202940324942,
        0.016790880200763542,
        0.055642778302232423,
        0.029346423409879207,
        0.03057279158383608,
        0.011984216421842575,
        0.009349562662343184,
        0.008228692412376403,
        0.00745980062832435,
        0.006901797683288653,
        0.006386855834474166,
        0.0059822697502871355,
        0.005683181838442882,
        0.005335248292734226,
        0.004965955407048265,
        0.004714426957070828,
        0.004527854515860478,
        0.004257102202003201,
        0.004043065430596471,
        0.003830554522573948,
        0.0037059832829982042,
        0.0035269717685878278,
        0.003326438848550121,
        0.0031872634620716176,
        0.003046156093478203,
        0.0029687101176629465,
        0.0028334110354383784,
        0.002690652757883072,
        0.0025977461598813536,
        0.0025108651413271823,
        0.0024291365562627712,
        0.0023510392444829145,
        0.0022462194319814444
    ],
    "val_loss": [
        0.5208319872617722,
        0.35641978681087494,
        0.28220319375395775,
        0.2664513885974884,
        0.24985197372734547,
        0.14858752861618996,
        0.13164479471743107,
        0.14034281484782696,
        0.11377384699881077,
        0.12558451853692532,
        0.1078443918377161,
        0.1023196391761303,
        0.1617221818305552,
        0.13642690889537334,
        0.1871976349502802,
        0.12478230358101428,
        0.09404631168581545,
        0.1290734577924013,
        0.2679711580276489,
        0.2050277329981327,
        0.19260518392547965,
        0.1639171987771988,
        0.1781237148679793,
        0.11818203679285944,
        0.11511895922012627,
        0.1233156465459615,
        0.13057123974431306,
        0.14418763597495854,
        0.14943869481794536,
        0.15029179654084146,
        0.14975153282284737,
        0.1498033490497619,
        0.15199718484655023,
        0.15277413767762482,
        0.15347660856787115,
        0.15434704208746552,
        0.15566376771312207,
        0.1568604854401201,
        0.15681426652008668,
        0.1608365938300267,
        0.1621169262798503,
        0.1649453915306367,
        0.16625710803782567,
        0.16542221646523103,
        0.1647420555818826,
        0.16525128507055342,
        0.16723133623600006,
        0.16777759551769122,
        0.16915801272261888,
        0.16995714948279783
    ],
    "val_mcc": [
        0.8001720985283973,
        0.9246031746031746,
        0.9063785942932301,
        0.8714893406611902,
        0.8535639569308375,
        0.9246031746031746,
        0.9433397594898876,
        0.9258200997725514,
        0.9441549509633318,
        0.9063785942932301,
        0.962621902223779,
        0.9441549509633318,
        0.9258200997725514,
        0.9245181185940877,
        0.907605465436683,
        0.907605465436683,
        0.9433397594898876,
        0.9246031746031746,
        0.8544784126535336,
        0.907605465436683,
        0.907605465436683,
        0.8864143349643965,
        0.8894991799933214,
        0.9441549509633318,
        0.9441549509633318,
        0.9441549509633318,
        0.9258200997725514,
        0.8894991799933214,
        0.8894991799933214,
        0.8894991799933214,
        0.8894991799933214,
        0.8894991799933214,
        0.8894991799933214,
        0.8894991799933214,
        0.8894991799933214,
        0.8894991799933214,
        0.8894991799933214,
        0.8894991799933214,
        0.8894991799933214,
        0.8894991799933214,
        0.8894991799933214,
        0.8894991799933214,
        0.8894991799933214,
        0.8894991799933214,
        0.8894991799933214,
        0.8894991799933214,
        0.8894991799933214,
        0.8894991799933214,
        0.8894991799933214,
        0.8894991799933214
    ],
    "val_auroc": [
        0.9761904761904762,
        0.9851190476190477,
        0.9831349206349205,
        0.9834656084656084,
        0.8951719576719577,
        0.9808201058201057,
        0.9814814814814814,
        0.9728835978835978,
        0.974537037037037,
        0.9804894179894179,
        0.9662698412698413,
        0.9666005291005291,
        0.9804894179894179,
        0.9771825396825397,
        0.9837962962962963,
        0.9768518518518519,
        0.9884259259259258,
        0.9844576719576719,
        0.9861111111111112,
        0.9751984126984127,
        0.9722222222222222,
        0.9751984126984127,
        0.986441798941799,
        0.9880952380952381,
        0.9894179894179894,
        0.9880952380952381,
        0.9884259259259259,
        0.9851190476190477,
        0.9864417989417988,
        0.9877645502645502,
        0.986441798941799,
        0.9864417989417988,
        0.986441798941799,
        0.9841269841269842,
        0.9847883597883598,
        0.9841269841269841,
        0.9841269841269842,
        0.9834656084656085,
        0.9824735449735449,
        0.980489417989418,
        0.9804894179894179,
        0.9798280423280423,
        0.9794973544973544,
        0.9794973544973545,
        0.9794973544973545,
        0.9788359788359788,
        0.9788359788359788,
        0.9788359788359788,
        0.9791666666666667,
        0.9791666666666667
    ]
}