{
    "train_loss": [
        0.6382732033729553,
        0.5836694836616516,
        0.5571864426136017,
        0.5283020913600922,
        0.49117003083229066,
        0.4484547257423401,
        0.41048580408096313,
        0.3711856186389923,
        0.34100191593170165,
        0.30669369995594026,
        0.26285929381847384,
        0.23743303418159484,
        0.22757082283496857,
        0.21728164851665496,
        0.17792439758777617,
        0.16623905152082444,
        0.1390397757291794,
        0.1555364638566971,
        0.17618342638015747,
        0.13532646000385284,
        0.11543526500463486,
        0.10036726221442223,
        0.08684204295277595,
        0.17121233493089677,
        0.11448426842689514,
        0.089279855042696,
        0.05919240787625313,
        0.04632769748568535,
        0.04235740751028061,
        0.036858474090695384,
        0.03391417562961578,
        0.03067987337708473,
        0.028175505250692366,
        0.026078515872359275,
        0.024401689320802687,
        0.022944597899913786,
        0.021596459671854973,
        0.02035883776843548,
        0.019393091648817064,
        0.018418974056839944,
        0.017425569519400597,
        0.016657105833292007,
        0.015841639973223208,
        0.015103396959602833,
        0.014497746713459492,
        0.013893330842256546,
        0.01332443542778492,
        0.012867787852883339,
        0.01233795527368784,
        0.011896871402859688
    ],
    "val_loss": [
        0.6283985078334808,
        0.6116347014904022,
        0.5936705768108368,
        0.552333727478981,
        0.5236406028270721,
        0.48539145290851593,
        0.4717182517051697,
        0.4580821841955185,
        0.4426419287919998,
        0.429046168923378,
        0.4190938472747803,
        0.40657517313957214,
        0.399854838848114,
        0.37346572428941727,
        0.36408552527427673,
        0.3555224612355232,
        0.37947338819503784,
        0.4083699882030487,
        0.37151019275188446,
        0.37754112482070923,
        0.3812122046947479,
        0.39684396982192993,
        0.3457411676645279,
        0.3793998584151268,
        0.3310048282146454,
        0.3212139457464218,
        0.38985545188188553,
        0.4254838675260544,
        0.4572962522506714,
        0.43908660113811493,
        0.4437338411808014,
        0.4471987932920456,
        0.43067800998687744,
        0.4268044978380203,
        0.43458908796310425,
        0.4446645528078079,
        0.45273761451244354,
        0.4592853784561157,
        0.4640101343393326,
        0.46859659254550934,
        0.4723208546638489,
        0.4758245050907135,
        0.4793749451637268,
        0.483134925365448,
        0.48763149976730347,
        0.491804376244545,
        0.49663810431957245,
        0.49988365173339844,
        0.5036026239395142,
        0.5071694105863571
    ],
    "val_mcc": [
        0.0,
        0.0,
        0.0,
        0.0,
        0.0,
        0.0,
        0.0,
        0.0,
        0.6897247020435424,
        0.5146140167221416,
        0.6033815244679472,
        0.7111111111111111,
        0.7111111111111111,
        0.7111111111111111,
        0.7933632757799682,
        0.7933632757799682,
        0.7111111111111111,
        0.6454972243679028,
        0.7111111111111111,
        0.7111111111111111,
        0.776762650398282,
        0.7111111111111111,
        0.6454972243679028,
        0.6953288019758299,
        0.7111111111111111,
        0.7386222109866251,
        0.6953288019758299,
        0.6539886462510549,
        0.6539886462510549,
        0.6953288019758299,
        0.6953288019758299,
        0.6539886462510549,
        0.6539886462510549,
        0.7386222109866251,
        0.7386222109866251,
        0.7386222109866251,
        0.7386222109866251,
        0.6539886462510549,
        0.6539886462510549,
        0.6539886462510549,
        0.6539886462510549,
        0.6539886462510549,
        0.6539886462510549,
        0.7386222109866251,
        0.7386222109866251,
        0.7386222109866251,
        0.6539886462510549,
        0.6539886462510549,
        0.6539886462510549,
        0.6539886462510549
    ],
    "val_auroc": [
        0.9074074074074074,
        0.9037037037037037,
        0.9074074074074074,
        0.9222222222222223,
        0.9000000000000001,
        0.9407407407407409,
        0.9222222222222223,
        0.9296296296296296,
        0.9481481481481482,
        0.837037037037037,
        0.9037037037037037,
        0.9148148148148149,
        0.9444444444444444,
        0.9444444444444444,
        0.9555555555555556,
        0.9037037037037037,
        0.9703703703703704,
        0.937037037037037,
        0.9407407407407408,
        0.9518518518518518,
        0.8962962962962964,
        0.9666666666666668,
        0.9592592592592593,
        0.9074074074074074,
        0.9555555555555556,
        0.9592592592592593,
        0.9444444444444445,
        0.9185185185185185,
        0.9148148148148149,
        0.8851851851851852,
        0.8925925925925926,
        0.9444444444444444,
        0.9407407407407408,
        0.9407407407407408,
        0.9444444444444444,
        0.9407407407407409,
        0.9407407407407409,
        0.9407407407407409,
        0.9407407407407409,
        0.9407407407407409,
        0.9444444444444445,
        0.9444444444444445,
        0.9444444444444445,
        0.9444444444444445,
        0.9444444444444445,
        0.9444444444444445,
        0.9444444444444445,
        0.9444444444444445,
        0.9444444444444445,
        0.9444444444444445
    ]
}