{
    "train_loss": [
        0.6347697734832763,
        0.5827660202980042,
        0.5606315076351166,
        0.5296439051628112,
        0.4985052466392517,
        0.4603344976902008,
        0.42220076322555544,
        0.381740128993988,
        0.36199966073036194,
        0.31505861282348635,
        0.27512437999248507,
        0.23333018124103547,
        0.2196476548910141,
        0.20687349438667296,
        0.22439334392547608,
        0.22118957340717316,
        0.14483092427253724,
        0.13844431787729264,
        0.10906017869710923,
        0.09888804405927658,
        0.09121823906898499,
        0.09608583003282548,
        0.08443655073642731,
        0.07912830337882042,
        0.07802390158176423,
        0.0746631883084774,
        0.05926964059472084,
        0.05243284180760384,
        0.039693333208560944,
        0.038696025311946866,
        0.03167002983391285,
        0.037618153542280194,
        0.07786523178219795,
        0.06351087242364883,
        0.08263806588947772,
        0.04236967675387859,
        0.04805244095623493,
        0.04156012050807476,
        0.026146932691335677,
        0.023365312442183494,
        0.01920505315065384,
        0.01853952668607235,
        0.016340296901762485,
        0.015228204242885113,
        0.014551214873790741,
        0.013797724805772304,
        0.013056645728647709,
        0.012597518041729927,
        0.01207808256149292,
        0.011611841432750226
    ],
    "val_loss": [
        0.7162410616874695,
        0.7578159123659134,
        0.7787292003631592,
        0.7153258174657822,
        0.6632907688617706,
        0.6198860257863998,
        0.5626518130302429,
        0.5786163210868835,
        0.49551668763160706,
        0.4278358817100525,
        0.4305179864168167,
        0.44375554472208023,
        0.4066952019929886,
        0.3381487727165222,
        0.3994411826133728,
        0.2824791595339775,
        0.3737642504274845,
        0.3987264484167099,
        0.36901329830288887,
        0.36359625309705734,
        0.36726947128772736,
        0.3781373128294945,
        0.35832367837429047,
        0.17566020786762238,
        0.34195153042674065,
        0.3633620925247669,
        0.32721807062625885,
        0.3384930081665516,
        0.32681687362492085,
        0.3443785607814789,
        0.29318948835134506,
        0.36005062982439995,
        0.2045801654458046,
        0.36521156784147024,
        0.2039109319448471,
        0.3503852002322674,
        0.16072393953800201,
        0.1473398506641388,
        0.3184982789680362,
        0.37878507003188133,
        0.37968820333480835,
        0.39550498872995377,
        0.3999059200286865,
        0.39470893144607544,
        0.39525238424539566,
        0.3967718705534935,
        0.399224653840065,
        0.402453999966383,
        0.4050622694194317,
        0.40618796646595
    ],
    "val_mcc": [
        0.0,
        0.0,
        0.0,
        0.0,
        0.0,
        0.0,
        0.0,
        0.0,
        0.0,
        0.7535992817105361,
        0.8063854544320416,
        0.8655172413793103,
        0.8063854544320416,
        0.7427813527082074,
        0.8650936924831861,
        0.7058865787567897,
        0.9327379053088816,
        0.7535992817105361,
        0.8655172413793103,
        0.8655172413793103,
        0.8655172413793103,
        0.7535992817105361,
        0.9327379053088816,
        0.8063854544320416,
        0.8655172413793103,
        0.8063854544320416,
        0.7535992817105361,
        0.8655172413793103,
        0.9327379053088816,
        0.8655172413793103,
        0.7535992817105361,
        0.8655172413793103,
        0.7040523099688075,
        0.8650936924831861,
        0.7847060257179307,
        0.9327379053088816,
        0.8655172413793103,
        0.8304547985373997,
        0.9327379053088816,
        0.8655172413793103,
        0.8655172413793103,
        0.8655172413793103,
        0.8655172413793103,
        0.8655172413793103,
        0.8655172413793103,
        0.8655172413793103,
        0.8655172413793103,
        0.8655172413793103,
        0.8655172413793103,
        0.8655172413793103
    ],
    "val_auroc": [
        0.9137931034482759,
        0.9413793103448276,
        0.9310344827586208,
        0.9344827586206896,
        0.9482758620689655,
        0.9620689655172413,
        0.9655172413793103,
        0.9689655172413794,
        0.9758620689655173,
        0.9862068965517241,
        0.9827586206896552,
        0.9793103448275863,
        0.9793103448275863,
        0.9620689655172414,
        0.9862068965517241,
        0.9862068965517241,
        0.9827586206896552,
        0.9793103448275863,
        0.9862068965517241,
        0.9862068965517241,
        0.9206896551724139,
        0.9689655172413794,
        0.9758620689655173,
        0.993103448275862,
        0.9862068965517241,
        0.9862068965517241,
        0.9862068965517241,
        0.9827586206896552,
        0.9793103448275863,
        0.9655172413793104,
        0.9862068965517241,
        0.9827586206896552,
        0.996551724137931,
        0.9862068965517241,
        0.9862068965517241,
        0.9827586206896552,
        0.993103448275862,
        0.9896551724137932,
        0.9896551724137932,
        0.9586206896551724,
        0.9862068965517241,
        0.9862068965517241,
        0.9862068965517241,
        0.9862068965517241,
        0.9862068965517241,
        0.9827586206896552,
        0.9827586206896552,
        0.9827586206896552,
        0.9827586206896552,
        0.9862068965517241
    ]
}