{
    "train_loss": [
        0.6465671062469482,
        0.5926316499710083,
        0.551307612657547,
        0.5166811585426331,
        0.48732963800430296,
        0.45786902904510496,
        0.42045810222625735,
        0.37989656925201415,
        0.35322269797325134,
        0.3421607792377472,
        0.2906223088502884,
        0.2573651343584061,
        0.2329631358385086,
        0.21249243021011352,
        0.1816677123308182,
        0.1438147485256195,
        0.14466635882854462,
        0.11286476254463196,
        0.11463095173239708,
        0.09353557378053665,
        0.09056623876094819,
        0.0697635643184185,
        0.07587620317935943,
        0.08120165765285492,
        0.060388396680355075,
        0.0981439471244812,
        0.09319824576377869,
        0.1697842814028263,
        0.15707573890686036,
        0.085377898812294,
        0.07601094841957093,
        0.04102731943130493,
        0.031722181290388105,
        0.02878890000283718,
        0.02619885206222534,
        0.023244623467326163,
        0.021404233947396278,
        0.020234564319252968,
        0.019095921888947487,
        0.017914574779570102,
        0.01703334767371416,
        0.0162724981084466,
        0.01564563326537609,
        0.01494415421038866,
        0.0142846018075943,
        0.01380580086261034,
        0.013180757127702235,
        0.01269368939101696,
        0.012264946661889552,
        0.011868038773536682
    ],
    "val_loss": [
        0.664158433675766,
        0.6671158075332642,
        0.6625838875770569,
        0.6517298072576523,
        0.6237834990024567,
        0.5684159249067307,
        0.5445042848587036,
        0.47931337356567383,
        0.5087677091360092,
        0.3821741193532944,
        0.4415416866540909,
        0.4368333965539932,
        0.36398793011903763,
        0.24687506258487701,
        0.4731719642877579,
        0.3441098928451538,
        0.4030139073729515,
        0.27950146049261093,
        0.2919326052069664,
        0.18013104051351547,
        0.32628875970840454,
        0.33457742631435394,
        0.3125585839152336,
        0.2597830295562744,
        0.39644061028957367,
        0.3059893697500229,
        0.09109258651733398,
        0.2838766798377037,
        0.5679846182465553,
        0.19936224445700645,
        0.327600572258234,
        0.4184545874595642,
        0.3374892398715019,
        0.30251479148864746,
        0.29442936182022095,
        0.3145182728767395,
        0.32630182802677155,
        0.3363867700099945,
        0.34625568240880966,
        0.35477259010076523,
        0.3594234734773636,
        0.3603532761335373,
        0.3614393025636673,
        0.3622998669743538,
        0.36322420090436935,
        0.36400144547224045,
        0.3639814332127571,
        0.36604272574186325,
        0.36854300647974014,
        0.3706151023507118
    ],
    "val_mcc": [
        0.0,
        0.0,
        0.0,
        0.0,
        0.0,
        0.0,
        0.0,
        0.0,
        0.3959251908590267,
        0.7933632757799682,
        0.7261354744623948,
        0.7261354744623948,
        0.6530471562110152,
        0.8655172413793103,
        0.6530471562110152,
        0.7933632757799682,
        0.7261354744623948,
        0.7933632757799682,
        0.7964766161036996,
        0.9327379053088816,
        0.8650936924831861,
        0.7933632757799682,
        0.7933632757799682,
        0.7964766161036996,
        0.7933632757799682,
        0.7933632757799682,
        0.9368793661451105,
        0.7933632757799682,
        0.7261354744623948,
        0.8655172413793103,
        0.8650936924831861,
        0.7964766161036996,
        0.8650936924831861,
        0.7933632757799682,
        0.7933632757799682,
        0.7933632757799682,
        0.7933632757799682,
        0.8650936924831861,
        0.8650936924831861,
        0.8650936924831861,
        0.8650936924831861,
        0.8650936924831861,
        0.8650936924831861,
        0.8650936924831861,
        0.8650936924831861,
        0.8650936924831861,
        0.8650936924831861,
        0.8650936924831861,
        0.8650936924831861,
        0.8650936924831861
    ],
    "val_auroc": [
        0.8689655172413793,
        0.8758620689655172,
        0.8689655172413793,
        0.9068965517241379,
        0.9172413793103449,
        0.9275862068965518,
        0.9517241379310345,
        0.9724137931034482,
        0.9586206896551723,
        0.9758620689655173,
        0.9827586206896552,
        0.9896551724137931,
        0.9931034482758622,
        0.9931034482758622,
        0.896551724137931,
        0.9620689655172414,
        0.9827586206896552,
        0.9931034482758622,
        0.996551724137931,
        0.9758620689655173,
        0.9793103448275863,
        0.9896551724137932,
        0.9931034482758622,
        0.9793103448275863,
        0.9241379310344828,
        0.9896551724137931,
        0.996551724137931,
        0.9896551724137932,
        0.996551724137931,
        0.996551724137931,
        0.9896551724137932,
        0.9862068965517242,
        0.9862068965517242,
        0.9862068965517242,
        0.9896551724137932,
        0.9931034482758622,
        0.9931034482758622,
        0.9931034482758622,
        0.9931034482758622,
        0.9931034482758622,
        0.9931034482758622,
        0.9931034482758622,
        0.9931034482758622,
        0.9931034482758622,
        0.9931034482758622,
        0.9931034482758622,
        0.9931034482758622,
        0.9931034482758622,
        0.9931034482758622,
        0.9931034482758622
    ]
}