{
    "train_loss": [
        0.6507641911506653,
        0.592064905166626,
        0.5693353414535522,
        0.5314927101135254,
        0.4914631903171539,
        0.4524461627006531,
        0.41345356702804564,
        0.3929116249084473,
        0.38813831806182864,
        0.3462110161781311,
        0.3043052613735199,
        0.27079966068267824,
        0.26184841692447663,
        0.26538184881210325,
        0.23678444623947142,
        0.23124527037143708,
        0.22418063431978225,
        0.19901010990142823,
        0.17413084208965302,
        0.17169671952724458,
        0.1607671469449997,
        0.1435742422938347,
        0.1259603589773178,
        0.10662840902805329,
        0.09470451772212982,
        0.08587468639016152,
        0.07972823455929756,
        0.08192562684416771,
        0.09834842309355736,
        0.07746993936598301,
        0.07483635917305946,
        0.05785244852304459,
        0.06377654373645783,
        0.06744110360741615,
        0.06133740395307541,
        0.0484760794788599,
        0.058623646199703214,
        0.04522755704820156,
        0.04009617194533348,
        0.04469096958637238,
        0.07300482802093029,
        0.0692070808261633,
        0.06215960644185543,
        0.04994893185794354,
        0.036337504908442494,
        0.02471400424838066,
        0.02011188808828592,
        0.018717139028012753,
        0.015957176312804223,
        0.014516921527683736
    ],
    "val_loss": [
        0.6349181532859802,
        0.6166276037693024,
        0.6072883605957031,
        0.5760712027549744,
        0.5461794286966324,
        0.5176316797733307,
        0.479884073138237,
        0.5122584104537964,
        0.4720384031534195,
        0.41821087151765823,
        0.403792142868042,
        0.38754287362098694,
        0.3955817297101021,
        0.3945236951112747,
        0.38811780512332916,
        0.3608323335647583,
        0.38277368247509,
        0.3810885362327099,
        0.3463658541440964,
        0.34420209005475044,
        0.3458809293806553,
        0.348325464874506,
        0.3345962464809418,
        0.3304414823651314,
        0.331488661468029,
        0.32740473188459873,
        0.32808681204915047,
        0.3329090494662523,
        0.33080112375319004,
        0.3311788495630026,
        0.3306157775223255,
        0.37108959443867207,
        0.3331926977261901,
        0.3603694327175617,
        0.3485327400267124,
        0.34508586023002863,
        0.3445520428940654,
        0.3450682731345296,
        0.35078187193721533,
        0.35760900750756264,
        0.3596559166908264,
        0.36884340085089207,
        0.3575005838647485,
        0.3590718060731888,
        0.3788371244445443,
        0.36430541425943375,
        0.3719368102028966,
        0.3755619330331683,
        0.36574283288791776,
        0.3666908354498446
    ],
    "val_mcc": [
        0.0,
        0.0,
        0.0,
        0.0,
        0.0,
        0.0,
        0.0,
        0.0,
        0.8555555555555555,
        0.8539125638299665,
        0.8539125638299665,
        0.8555555555555555,
        0.7933632757799682,
        0.8539125638299665,
        0.7933632757799682,
        0.9274777915203366,
        0.7933632757799682,
        0.8539125638299665,
        0.8555555555555555,
        0.8555555555555555,
        0.8555555555555555,
        0.8555555555555555,
        0.9274777915203366,
        0.9274777915203366,
        0.9274777915203366,
        0.9274777915203366,
        0.9274777915203366,
        0.9274777915203366,
        0.9274777915203366,
        0.9274777915203366,
        0.9274777915203366,
        0.9274777915203366,
        0.9274777915203366,
        0.8555555555555555,
        0.9274777915203366,
        0.9274777915203366,
        0.9274777915203366,
        0.9274777915203366,
        0.9274777915203366,
        0.9274777915203366,
        0.9274777915203366,
        0.9274777915203366,
        0.9274777915203366,
        0.9274777915203366,
        0.9274777915203366,
        0.9274777915203366,
        0.9274777915203366,
        0.9274777915203366,
        0.9274777915203366,
        0.9274777915203366
    ],
    "val_auroc": [
        0.9444444444444444,
        0.8777777777777778,
        0.8888888888888888,
        0.8925925925925926,
        0.8851851851851852,
        0.9481481481481482,
        0.9444444444444444,
        0.9296296296296297,
        0.9407407407407408,
        0.962962962962963,
        0.9296296296296296,
        0.9444444444444444,
        0.9185185185185185,
        0.9555555555555555,
        0.9037037037037038,
        0.9222222222222222,
        0.9074074074074074,
        0.9629629629629629,
        0.9592592592592593,
        0.9407407407407407,
        0.9333333333333332,
        0.9259259259259258,
        0.9296296296296296,
        0.9296296296296296,
        0.9296296296296296,
        0.9222222222222222,
        0.9185185185185185,
        0.9185185185185185,
        0.9333333333333332,
        0.9296296296296296,
        0.9222222222222222,
        0.9222222222222222,
        0.9111111111111111,
        0.9148148148148147,
        0.9259259259259258,
        0.9037037037037037,
        0.9296296296296296,
        0.9333333333333332,
        0.9111111111111111,
        0.9111111111111111,
        0.9111111111111111,
        0.9185185185185185,
        0.9444444444444444,
        0.9481481481481481,
        0.9296296296296296,
        0.9296296296296296,
        0.9185185185185185,
        0.9259259259259258,
        0.9444444444444444,
        0.9481481481481481
    ]
}