{
    "train_loss": [
        0.6571305394172668,
        0.5942585825920105,
        0.5709439814090729,
        0.5434231698513031,
        0.506922036409378,
        0.4676413595676422,
        0.4326439380645752,
        0.393607097864151,
        0.3569734156131744,
        0.3330438733100891,
        0.2927354395389557,
        0.2807780683040619,
        0.22535075545310973,
        0.19902893602848054,
        0.19505435228347778,
        0.16108278781175614,
        0.19271541237831116,
        0.1766293689608574,
        0.15851314961910248,
        0.12985289990901946,
        0.11914230808615685,
        0.10083604902029038,
        0.08223397061228752,
        0.07193674072623253,
        0.06929692775011062,
        0.06179530769586563,
        0.0581482283771038,
        0.05727635324001312,
        0.05445052981376648,
        0.05006694197654724,
        0.04785779044032097,
        0.045762966945767404,
        0.04368979819118977,
        0.04161457531154156,
        0.038572003692388536,
        0.035964250564575195,
        0.03273771479725838,
        0.03065791018307209,
        0.029067113995552063,
        0.026567305624485015,
        0.025873177126049994,
        0.024734238907694817,
        0.02206356227397919,
        0.019772100448608398,
        0.018883748538792135,
        0.017532775923609734,
        0.015690997429192065,
        0.014453434385359287,
        0.013619296252727509,
        0.012930439226329327
    ],
    "val_loss": [
        0.7087948024272919,
        0.7420892268419266,
        0.7796061933040619,
        0.7624110281467438,
        0.7407849133014679,
        0.7105070501565933,
        0.827697679400444,
        0.7903444617986679,
        0.8193312287330627,
        0.8633251413702965,
        0.8159018978476524,
        0.7489682286977768,
        0.7734015956521034,
        0.7840244770050049,
        0.7096286788582802,
        0.5874286592006683,
        1.0949539616703987,
        0.7266182005405426,
        1.0162468254566193,
        0.5395874977111816,
        0.8781678527593613,
        0.7489673942327499,
        0.6345668733119965,
        0.4567950665950775,
        0.4477647393941879,
        0.4660666882991791,
        0.49961915612220764,
        0.5230540707707405,
        0.5159784257411957,
        0.5162219405174255,
        0.5340828150510788,
        0.5681708455085754,
        0.6218544617295265,
        0.6784269660711288,
        0.6970604732632637,
        0.711964450776577,
        0.6121140941977501,
        0.5476600676774979,
        0.5614169463515282,
        0.6417265087366104,
        0.5084031373262405,
        0.5225476771593094,
        0.5311053469777107,
        0.6553804203867912,
        0.639845721423626,
        0.6146354377269745,
        0.5888937711715698,
        0.5781438052654266,
        0.55244942009449,
        0.5460691377520561
    ],
    "val_mcc": [
        0.0,
        0.0,
        0.0,
        0.0,
        0.0,
        0.0,
        0.0,
        0.0,
        0.0,
        0.5756983337031395,
        0.6434589410887032,
        0.6539886462510549,
        0.5742432269069425,
        0.49044126607370664,
        0.596551724137931,
        0.5813183589761798,
        0.3959251908590267,
        0.49913718658749795,
        0.5756983337031395,
        0.626368234149017,
        0.5742432269069425,
        0.5453976310059035,
        0.5453976310059035,
        0.7535992817105361,
        0.7535992817105361,
        0.7535992817105361,
        0.6758915427189726,
        0.6758915427189726,
        0.6758915427189726,
        0.7535992817105361,
        0.6758915427189726,
        0.6758915427189726,
        0.596551724137931,
        0.6539886462510549,
        0.6539886462510549,
        0.6539886462510549,
        0.6539886462510549,
        0.6758915427189726,
        0.6758915427189726,
        0.7196684596950643,
        0.7535992817105361,
        0.7058865787567897,
        0.7310344827586207,
        0.7933632757799682,
        0.7310344827586207,
        0.7310344827586207,
        0.7310344827586207,
        0.7310344827586207,
        0.7310344827586207,
        0.7310344827586207
    ],
    "val_auroc": [
        0.7741379310344827,
        0.8724137931034482,
        0.8517241379310345,
        0.8413793103448276,
        0.8517241379310345,
        0.8586206896551725,
        0.8551724137931034,
        0.8344827586206897,
        0.8,
        0.7724137931034483,
        0.7724137931034483,
        0.8344827586206897,
        0.9,
        0.8827586206896552,
        0.8758620689655173,
        0.8896551724137931,
        0.8724137931034484,
        0.8620689655172413,
        0.8724137931034482,
        0.8793103448275863,
        0.896551724137931,
        0.9034482758620691,
        0.9034482758620691,
        0.9137931034482759,
        0.9034482758620689,
        0.9310344827586207,
        0.9344827586206896,
        0.9275862068965517,
        0.9172413793103448,
        0.903448275862069,
        0.906896551724138,
        0.9103448275862069,
        0.9103448275862069,
        0.9155172413793105,
        0.9172413793103449,
        0.9241379310344827,
        0.9137931034482758,
        0.9413793103448276,
        0.9275862068965517,
        0.9241379310344828,
        0.9034482758620689,
        0.9310344827586207,
        0.9241379310344828,
        0.896551724137931,
        0.9172413793103449,
        0.9310344827586207,
        0.9275862068965518,
        0.9137931034482759,
        0.9241379310344827,
        0.9310344827586207
    ]
}