{
    "train_loss": [
        0.25015215277671815,
        0.08594808739920458,
        0.04477822544674079,
        0.020240033945689597,
        0.00915491267417868,
        0.005755901616066694,
        0.0035248749423772096,
        0.0025795250820616882,
        0.0020639891813819607,
        0.0017222716783483823,
        0.0014639796533932289,
        0.001295587234199047,
        0.0011220360873267054,
        0.001009406285205235,
        0.0008907425023304919,
        0.0008136958039055268,
        0.0007328093595181902,
        0.0006750026407341162,
        0.0006179236651708682,
        0.0005638223025016487,
        0.0005233456283652534,
        0.000492821076962476,
        0.00045349796613057455,
        0.0004318630516839524,
        0.000399272454281648,
        0.00036965456092730165,
        0.000352550734532997,
        0.00032950699872647725,
        0.0003099777512640382,
        0.0002959961983530472,
        0.00027746502698088683,
        0.00026536488730926066,
        0.0002593612055837487,
        0.00024226900228920082,
        0.00023827028829449167,
        0.00021759454781810443,
        0.0002099341266633322,
        0.00020306083121492217,
        0.00019322290027048438,
        0.00018321204600700488,
        0.00017626566792993496,
        0.0001705413257392744,
        0.00016295858949888498,
        0.00016033215118416895,
        0.00015151874880151202,
        0.00014620408571014803,
        0.00014090728072915226,
        0.00013727422386485463,
        0.0001327929193697249,
        0.0001263853773707524
    ],
    "val_loss": [
        0.13424478098750114,
        0.1382150985300541,
        0.10540834395214915,
        0.12223843391984701,
        0.13261163712013513,
        0.13697380106896162,
        0.12668855558149517,
        0.12698783562518656,
        0.1303831711411476,
        0.13361856137635186,
        0.13584810681641102,
        0.13879712659399956,
        0.1400668288988527,
        0.14175571134546772,
        0.1439411617757287,
        0.14501209658919834,
        0.14583236063481309,
        0.14775631608790718,
        0.14946616109227762,
        0.15011623335885815,
        0.15190502187761012,
        0.15247955165978055,
        0.15369841956999153,
        0.15535490863840096,
        0.15500788707868196,
        0.15612902799330186,
        0.15705817287380341,
        0.15872484097781125,
        0.1589958872209536,
        0.15990631900785957,
        0.16096147106145509,
        0.1625358204182703,
        0.1626128177231294,
        0.16408443383988924,
        0.16496217683015857,
        0.1660487135668518,
        0.1669319355933112,
        0.16738960573275108,
        0.16808262423000997,
        0.16910142933193129,
        0.16935745083901566,
        0.16973934682755498,
        0.1700579854514217,
        0.17086948962969473,
        0.17171582024457166,
        0.1726789834938245,
        0.17270799377729418,
        0.17366817387664923,
        0.17413776559988037,
        0.17502665919892024
    ],
    "val_mcc": [
        0.9245181185940877,
        0.907605465436683,
        0.9245181185940877,
        0.9246031746031746,
        0.9441549509633318,
        0.9441549509633318,
        0.9441549509633318,
        0.9441549509633318,
        0.9441549509633318,
        0.9441549509633318,
        0.9441549509633318,
        0.9441549509633318,
        0.9441549509633318,
        0.9441549509633318,
        0.9441549509633318,
        0.9441549509633318,
        0.9441549509633318,
        0.9441549509633318,
        0.9441549509633318,
        0.9441549509633318,
        0.9441549509633318,
        0.9441549509633318,
        0.9441549509633318,
        0.9441549509633318,
        0.9441549509633318,
        0.9441549509633318,
        0.9441549509633318,
        0.9441549509633318,
        0.9441549509633318,
        0.9441549509633318,
        0.9441549509633318,
        0.9441549509633318,
        0.9441549509633318,
        0.9441549509633318,
        0.9441549509633318,
        0.9441549509633318,
        0.9441549509633318,
        0.9441549509633318,
        0.9441549509633318,
        0.9441549509633318,
        0.9441549509633318,
        0.9441549509633318,
        0.9441549509633318,
        0.9441549509633318,
        0.9441549509633318,
        0.9441549509633318,
        0.9441549509633318,
        0.9441549509633318,
        0.9441549509633318,
        0.9441549509633318
    ],
    "val_auroc": [
        0.9871031746031746,
        0.9851190476190476,
        0.9794973544973545,
        0.9755291005291005,
        0.9768518518518519,
        0.9742063492063493,
        0.9791666666666666,
        0.9811507936507936,
        0.9808201058201058,
        0.9804894179894179,
        0.9804894179894179,
        0.9804894179894179,
        0.9794973544973544,
        0.9798280423280423,
        0.9804894179894179,
        0.9808201058201058,
        0.9804894179894179,
        0.9801587301587302,
        0.9801587301587302,
        0.9801587301587302,
        0.9804894179894179,
        0.9804894179894179,
        0.9804894179894179,
        0.9804894179894179,
        0.9808201058201058,
        0.9808201058201058,
        0.9808201058201058,
        0.9808201058201058,
        0.9808201058201058,
        0.9808201058201058,
        0.9808201058201058,
        0.9808201058201058,
        0.9808201058201058,
        0.9808201058201058,
        0.9808201058201058,
        0.9808201058201058,
        0.9808201058201058,
        0.9808201058201058,
        0.9808201058201058,
        0.9808201058201058,
        0.9808201058201058,
        0.9811507936507936,
        0.9811507936507936,
        0.9811507936507936,
        0.9811507936507936,
        0.9811507936507936,
        0.9811507936507936,
        0.9811507936507936,
        0.9811507936507936,
        0.9811507936507936
    ]
}