{
    "train_loss": [
        0.2877343438565731,
        0.09720994420349598,
        0.06031829118728638,
        0.07993337971468767,
        0.04231019982447227,
        0.026525543195505936,
        0.009528050928687056,
        0.007598638301715255,
        0.0055631013199066125,
        0.005308169351580242,
        0.008923996915109455,
        0.008505612472072243,
        0.008764596058366199,
        0.007610060511312137,
        0.011111522900561492,
        0.026714898739010097,
        0.009116534640391668,
        0.004568835417740047,
        0.009747890379124631,
        0.011298601337087651,
        0.005245700459151219,
        0.0014749504742212593,
        0.0009572049486450851,
        0.0008935875026509166,
        0.0006416050523209075,
        0.0005695848260074854,
        0.0005204249852492163,
        0.0004867747096189608,
        0.00045005755576615534,
        0.0004028091711613039,
        0.00037783778194958967,
        0.00035163878249780585,
        0.0003313581915184235,
        0.0003149197407765314,
        0.0002987399018214395,
        0.0002957775005294631,
        0.0002691808476811275,
        0.00026138699613511565,
        0.0002431405164922277,
        0.0002334274788154289,
        0.00022143455086431156,
        0.00021845168763926873,
        0.00020985831215512008,
        0.0002022274973569438,
        0.00019248780348182966,
        0.00018388162134215237,
        0.00017667522430807973,
        0.000170774965469415,
        0.00017115955027596403,
        0.0001603816999704577
    ],
    "val_loss": [
        0.10776238702237606,
        0.07043481199070811,
        0.0604099677875638,
        0.05840598605573177,
        0.07813753536902368,
        0.05186118104029447,
        0.0745013541309163,
        0.061290632584132254,
        0.10505243227817118,
        0.09140611501061358,
        0.09389638141146861,
        0.06773432262707502,
        0.10705901376786642,
        0.12310502243053634,
        0.11112448733183555,
        0.09183682384900749,
        0.07118664392328355,
        0.09745275226305239,
        0.1006347720103804,
        0.09301600971957669,
        0.09442447923356667,
        0.09711418661754578,
        0.09797763458482223,
        0.09930887513473863,
        0.10074425148923183,
        0.10194579404924298,
        0.10278873817878775,
        0.10404442111757817,
        0.10552973569065216,
        0.10643648914265214,
        0.10742278336329036,
        0.10863345493635279,
        0.1099260938972293,
        0.11120215245318832,
        0.1125612360847299,
        0.11337586102672503,
        0.1144887959890184,
        0.11551667955063749,
        0.11663123547987198,
        0.11767707720719045,
        0.11867940462616389,
        0.11963286389982386,
        0.12071264652331593,
        0.12160230044901255,
        0.12251202478000778,
        0.1233861865111976,
        0.12413694690258126,
        0.12485335785459029,
        0.12544178685129737,
        0.12615205040492583
    ],
    "val_mcc": [
        0.9621059691482227,
        0.9621059691482227,
        0.9621059691482227,
        0.9430521597641348,
        0.9430521597641348,
        0.9813191253000522,
        0.9430521597641348,
        0.9621059691482227,
        0.9430521597641348,
        0.9430521597641348,
        0.9241445201815177,
        0.9621059691482227,
        0.9242119382964453,
        0.9430521597641348,
        0.9430521597641348,
        0.9430521597641348,
        0.9621059691482227,
        0.9430521597641348,
        0.9430521597641348,
        0.9430521597641348,
        0.9430521597641348,
        0.9430521597641348,
        0.9430521597641348,
        0.9430521597641348,
        0.9430521597641348,
        0.9430521597641348,
        0.9430521597641348,
        0.9430521597641348,
        0.9430521597641348,
        0.9430521597641348,
        0.9430521597641348,
        0.9430521597641348,
        0.9430521597641348,
        0.9430521597641348,
        0.9430521597641348,
        0.9430521597641348,
        0.9430521597641348,
        0.9430521597641348,
        0.9430521597641348,
        0.9430521597641348,
        0.9430521597641348,
        0.9430521597641348,
        0.9430521597641348,
        0.9430521597641348,
        0.9430521597641348,
        0.9430521597641348,
        0.9430521597641348,
        0.9430521597641348,
        0.9430521597641348,
        0.9430521597641348
    ],
    "val_auroc": [
        0.9949698189134808,
        0.9979879275653923,
        0.9986586183769283,
        0.9986586183769283,
        0.9949698189134808,
        0.9976525821596244,
        0.9973172367538565,
        0.9976525821596245,
        0.994634473507713,
        0.9969818913480886,
        0.9963112005365526,
        0.9979879275653923,
        0.9953051643192488,
        0.9932930918846412,
        0.9963112005365526,
        0.9969818913480886,
        0.9976525821596245,
        0.9976525821596245,
        0.9976525821596245,
        0.9969818913480886,
        0.9973172367538565,
        0.9976525821596245,
        0.9976525821596245,
        0.9976525821596245,
        0.9976525821596245,
        0.9976525821596245,
        0.9976525821596245,
        0.9976525821596245,
        0.9976525821596245,
        0.9976525821596245,
        0.9976525821596245,
        0.9976525821596245,
        0.9976525821596245,
        0.9976525821596245,
        0.9976525821596245,
        0.9976525821596245,
        0.9976525821596245,
        0.9976525821596245,
        0.9976525821596245,
        0.9976525821596245,
        0.9976525821596245,
        0.9976525821596245,
        0.9976525821596245,
        0.9976525821596245,
        0.9976525821596245,
        0.9976525821596245,
        0.9976525821596245,
        0.9976525821596245,
        0.9976525821596245,
        0.9976525821596245
    ]
}