{
    "train_loss": [
        0.3191511228680611,
        0.13564807549118996,
        0.06580161874492964,
        0.04558821755150954,
        0.04960301046570142,
        0.03661455598970254,
        0.046836523432284595,
        0.02280690415451924,
        0.010081342949221531,
        0.006015026026094953,
        0.0036248226184397935,
        0.0027502599793175855,
        0.0022491263846556348,
        0.0019900304808591804,
        0.0016938367625698447,
        0.0014360146829858421,
        0.001271340150075654,
        0.001131406178077062,
        0.001046101248357445,
        0.0009240990737453103,
        0.0008549215815340479,
        0.0007836842404988904,
        0.0007572067940297226,
        0.000672772895389547,
        0.0006261285646663358,
        0.0005873108243880172,
        0.0005534046892231951,
        0.0005084069891987989,
        0.0004890522201700757,
        0.0004540733100535969,
        0.00042939173290506004,
        0.0004045014463675519,
        0.0003881929616909474,
        0.0003612625335032741,
        0.0003442634925401459,
        0.0003325095536032071,
        0.00031517992417017616,
        0.00030374274550316237,
        0.00028879869496449827,
        0.000275271208374761,
        0.00026810317067429426,
        0.00025993970048148184,
        0.00024146813375409694,
        0.00023449694369143497,
        0.00022611067009468874,
        0.000222375748368601,
        0.00020719303477865955,
        0.00020397936459630727,
        0.00019971346288609007,
        0.00018829749315045773
    ],
    "val_loss": [
        0.1456051766872406,
        0.0776893887668848,
        0.0591137632727623,
        0.040049475617706776,
        0.16488616727292538,
        0.033684306079521775,
        0.04429504135623574,
        0.06911238399334252,
        0.04109320603311062,
        0.039512368268333375,
        0.04255142109468579,
        0.04545567778404802,
        0.04821822006488219,
        0.05270254774950445,
        0.05382176744751632,
        0.04953746430692263,
        0.05212338030105457,
        0.054514032148290426,
        0.05541716734296642,
        0.05656531357089989,
        0.05805375921772793,
        0.05917661523562856,
        0.058887524442980066,
        0.06244131374114659,
        0.06313299910107162,
        0.06286534797982313,
        0.06263361273158807,
        0.06194096321996767,
        0.06237737703486346,
        0.06202858094184194,
        0.06365383882075548,
        0.06367628944281023,
        0.06462427176302299,
        0.06547286568093114,
        0.06585850814008154,
        0.06640086314291693,
        0.06688122362538707,
        0.06722220952360658,
        0.06737058820726816,
        0.06817964203946758,
        0.06846015941118822,
        0.06752898369450122,
        0.06887865564203821,
        0.0692988229347975,
        0.07022807648172602,
        0.0703392798313871,
        0.07092471177020343,
        0.07137610765494173,
        0.07187800354586216,
        0.07235434388712747
    ],
    "val_mcc": [
        0.9461948805559043,
        0.9636589114684625,
        0.9626596790042581,
        0.962998132394131,
        0.9125494391391841,
        0.9814164735593364,
        0.9444083040750081,
        0.9461948805559043,
        0.9636589114684625,
        0.9636589114684625,
        0.9636589114684625,
        0.9636589114684625,
        0.9636589114684625,
        0.9636589114684625,
        0.9636589114684625,
        0.9636589114684625,
        0.9636589114684625,
        0.9636589114684625,
        0.9636589114684625,
        0.9636589114684625,
        0.9636589114684625,
        0.9636589114684625,
        0.9636589114684625,
        0.9636589114684625,
        0.9636589114684625,
        0.9636589114684625,
        0.9636589114684625,
        0.9636589114684625,
        0.9636589114684625,
        0.9636589114684625,
        0.9636589114684625,
        0.9636589114684625,
        0.9636589114684625,
        0.9636589114684625,
        0.9636589114684625,
        0.9636589114684625,
        0.9636589114684625,
        0.9636589114684625,
        0.9636589114684625,
        0.9636589114684625,
        0.9636589114684625,
        0.9636589114684625,
        0.9636589114684625,
        0.9636589114684625,
        0.9636589114684625,
        0.9636589114684625,
        0.9636589114684625,
        0.9636589114684625,
        0.9636589114684625,
        0.9636589114684625
    ],
    "val_auroc": [
        0.9977071732721913,
        0.9990173599737963,
        0.9993449066491975,
        0.9993449066491975,
        0.9970520799213888,
        0.9993449066491975,
        0.9990173599737963,
        0.9990173599737963,
        0.998689813298395,
        0.9990173599737963,
        0.9990173599737963,
        0.9993449066491975,
        0.9993449066491975,
        0.9990173599737963,
        0.9990173599737963,
        0.9993449066491975,
        0.9993449066491975,
        0.9993449066491975,
        0.9993449066491975,
        0.9990173599737963,
        0.9990173599737963,
        0.9990173599737963,
        0.9993449066491975,
        0.9990173599737963,
        0.9990173599737963,
        0.9990173599737963,
        0.9990173599737963,
        0.9993449066491975,
        0.9993449066491975,
        0.9993449066491975,
        0.9993449066491975,
        0.9993449066491975,
        0.9993449066491975,
        0.9993449066491975,
        0.9993449066491975,
        0.9993449066491975,
        0.9993449066491975,
        0.9993449066491975,
        0.9993449066491975,
        0.9993449066491975,
        0.9993449066491975,
        0.9993449066491975,
        0.9993449066491975,
        0.9993449066491975,
        0.9993449066491975,
        0.9993449066491975,
        0.9993449066491975,
        0.9993449066491975,
        0.9993449066491975,
        0.9993449066491975
    ]
}