{
    "train_loss": [
        0.2540380363663038,
        0.09465995381275813,
        0.05148365814238787,
        0.030713328532874583,
        0.019573926646262407,
        0.011372676103686292,
        0.0060561964133133495,
        0.0038184729404747487,
        0.0027820061737050612,
        0.0020123883072907726,
        0.0016215150166923801,
        0.001332381251268089,
        0.0011419436195865273,
        0.0009687063400633633,
        0.0008578757289797068,
        0.0007842602751528224,
        0.0006977828646389147,
        0.0006381701716842751,
        0.0005809450289234519,
        0.0005437002265049766,
        0.0005011806827193747,
        0.0004509676480665803,
        0.0004206745594274253,
        0.0003891105356160551,
        0.00036630118071722485,
        0.0003453881072346121,
        0.00032052692064704993,
        0.0003019109727271522,
        0.00028548393844782065,
        0.0002691363653866574,
        0.00026041375434336563,
        0.00024877727749602246,
        0.0002291298733325675,
        0.00022120016995662203,
        0.00021150188986212014,
        0.00019928635641311605,
        0.0001902429445181042,
        0.00018634249281603842,
        0.00017791066881424437,
        0.00017323518307724346,
        0.00015933590329950676,
        0.00015499749570153655,
        0.0001482288629631512,
        0.00014277473189091932,
        0.00013641784704911212,
        0.00013211895372175302,
        0.00012855018042804052,
        0.00012263595126569272,
        0.00011902716020510222,
        0.00011543895525392144
    ],
    "val_loss": [
        0.187184008769691,
        0.13357358379289508,
        0.1197474633809179,
        0.09970135684125125,
        0.12139014166314155,
        0.13478440302424133,
        0.14149558637291193,
        0.15043772372882813,
        0.1573329436359927,
        0.15937106375349686,
        0.16910990688484162,
        0.1753873197012581,
        0.17633310725796036,
        0.17940205040213186,
        0.18344983454153407,
        0.1871144064643886,
        0.19055289875541348,
        0.19375027721980587,
        0.19633169862208888,
        0.1985551622346975,
        0.20046285053831525,
        0.2023854107465013,
        0.204137324297335,
        0.20618953459052136,
        0.20780046968866372,
        0.2096134024541243,
        0.21071634138206718,
        0.21218756755115464,
        0.2137211381996167,
        0.21512352845456917,
        0.2166677476343466,
        0.2177284169520135,
        0.21873945859988453,
        0.22009917895775288,
        0.22134438352804864,
        0.2225822125474224,
        0.22392193975611008,
        0.22501833131536841,
        0.22651488085102756,
        0.22767469698374043,
        0.22925383733672788,
        0.2302079026339925,
        0.2311878302571131,
        0.23215756489662454,
        0.2331157157495909,
        0.23385636819148203,
        0.2347010976409365,
        0.23547866312219412,
        0.23641938356377068,
        0.23738688536104746
    ],
    "val_mcc": [
        0.7950986610413877,
        0.9068106119605033,
        0.9252853920667758,
        0.9438975339262832,
        0.9438975339262832,
        0.9438975339262832,
        0.9438975339262832,
        0.9252853920667758,
        0.9252853920667758,
        0.9438975339262832,
        0.9252853920667758,
        0.9252853920667758,
        0.9252853920667758,
        0.9252853920667758,
        0.9252853920667758,
        0.9252853920667758,
        0.9252853920667758,
        0.9252853920667758,
        0.9252853920667758,
        0.9252853920667758,
        0.9252853920667758,
        0.9252853920667758,
        0.9252853920667758,
        0.9252853920667758,
        0.9252853920667758,
        0.9252853920667758,
        0.9252853920667758,
        0.9252853920667758,
        0.9252853920667758,
        0.9252853920667758,
        0.9252853920667758,
        0.9252853920667758,
        0.9252853920667758,
        0.9252853920667758,
        0.9252853920667758,
        0.9252853920667758,
        0.9252853920667758,
        0.9252853920667758,
        0.9252853920667758,
        0.9252853920667758,
        0.9252853920667758,
        0.9252853920667758,
        0.9252853920667758,
        0.9252853920667758,
        0.9252853920667758,
        0.9252853920667758,
        0.9252853920667758,
        0.9252853920667758,
        0.9252853920667758,
        0.9252853920667758
    ],
    "val_auroc": [
        0.9787094660989191,
        0.9921388797903701,
        0.9941041598427776,
        0.9954143465443825,
        0.9924664264657714,
        0.9924664264657714,
        0.9918113331149689,
        0.9924664264657714,
        0.9937766131673763,
        0.9934490664919751,
        0.9934490664919751,
        0.9931215198165738,
        0.9931215198165738,
        0.9931215198165738,
        0.9931215198165738,
        0.9931215198165738,
        0.9931215198165738,
        0.9927939731411726,
        0.9927939731411726,
        0.9931215198165738,
        0.9931215198165738,
        0.9931215198165738,
        0.9931215198165738,
        0.9931215198165738,
        0.9931215198165738,
        0.9931215198165738,
        0.9931215198165738,
        0.9931215198165738,
        0.9931215198165738,
        0.9931215198165738,
        0.9931215198165738,
        0.9931215198165738,
        0.9931215198165738,
        0.9931215198165738,
        0.9931215198165738,
        0.9931215198165738,
        0.9931215198165738,
        0.9931215198165738,
        0.9931215198165738,
        0.9931215198165738,
        0.9931215198165738,
        0.9931215198165738,
        0.9931215198165738,
        0.9931215198165738,
        0.9931215198165738,
        0.9931215198165738,
        0.9931215198165738,
        0.9931215198165738,
        0.9931215198165738,
        0.9931215198165738
    ]
}