{
    "train_loss": [
        0.27568534513314563,
        0.14463992392023403,
        0.08565571159124374,
        0.052495781953136124,
        0.04586216726650794,
        0.028081950855751832,
        0.021993428375571965,
        0.016005600492159527,
        0.017292197002097963,
        0.013593366680045923,
        0.016024599263134102,
        0.008049928645292918,
        0.0056706913902113834,
        0.0029072285552198688,
        0.0018498744815587998,
        0.0014264869620092212,
        0.0011428377203022441,
        0.0010270035670449337,
        0.0008971879840828478,
        0.0008047090300048391,
        0.0007690715797555943,
        0.0006757153392148514,
        0.0006247017125133425,
        0.0005865671439096332,
        0.0005441893707029521,
        0.000510775208628426,
        0.0004774231657696267,
        0.00044878537494999666,
        0.00042467753131253025,
        0.00042188812512904405,
        0.000398262698824207,
        0.0003651854310495158,
        0.0003412442514672875,
        0.0003244210878619924,
        0.000316184718394652,
        0.000299759524447533,
        0.00028538936749100685,
        0.0002824574854457751,
        0.0002583407942438498,
        0.0002478089144763847,
        0.00023854523606132717,
        0.00023214655132809033,
        0.00021981140113590906,
        0.0002154130682659646,
        0.000204378414976721,
        0.0001964911197622617,
        0.00019087971013505013,
        0.0001858304700969408,
        0.00017822770654068638,
        0.0001715633028652519
    ],
    "val_loss": [
        0.15822097100317478,
        0.20169689506292343,
        0.08206236828118563,
        0.13540883362293243,
        0.08859228389337659,
        0.08364069974049926,
        0.22792250476777554,
        0.10478789359331131,
        0.11298982426524162,
        0.10303448187187314,
        0.2112854616716504,
        0.11624897690489888,
        0.17485306318849325,
        0.1359594203531742,
        0.12443234026432037,
        0.14341076090931892,
        0.15513415448367596,
        0.15946782380342484,
        0.15779876615852118,
        0.15788347087800503,
        0.15856955107301474,
        0.15500347781926394,
        0.15767472703009844,
        0.15889693424105644,
        0.16144487913697958,
        0.1634438894689083,
        0.16418534610420465,
        0.16609437577426434,
        0.16696823202073574,
        0.16894752997905016,
        0.17228472419083118,
        0.17244797758758068,
        0.17237428668886423,
        0.17285265866667032,
        0.1744190752506256,
        0.17666023690253496,
        0.17807678319513798,
        0.17976392433047295,
        0.17850888054817915,
        0.1793740838766098,
        0.1806580312550068,
        0.18185563385486603,
        0.18322155717760324,
        0.18386254832148552,
        0.185765678063035,
        0.18710639141499996,
        0.1882736524567008,
        0.18873151019215584,
        0.19018855411559343,
        0.1906930934637785
    ],
    "val_mcc": [
        0.9118992727752026,
        0.8955910525085281,
        0.9286112429750731,
        0.8955910525085281,
        0.9286112429750731,
        0.9118992727752026,
        0.8640987597877147,
        0.9118992727752026,
        0.8955910525085281,
        0.9118992727752026,
        0.879664438186246,
        0.9118992727752026,
        0.8955910525085281,
        0.8955910525085281,
        0.9118992727752026,
        0.8955910525085281,
        0.879664438186246,
        0.879664438186246,
        0.8955910525085281,
        0.8955910525085281,
        0.8955910525085281,
        0.8955910525085281,
        0.8955910525085281,
        0.8955910525085281,
        0.8955910525085281,
        0.8955910525085281,
        0.8955910525085281,
        0.8955910525085281,
        0.8955910525085281,
        0.8955910525085281,
        0.8955910525085281,
        0.8955910525085281,
        0.8955910525085281,
        0.8955910525085281,
        0.8955910525085281,
        0.8955910525085281,
        0.8955910525085281,
        0.8955910525085281,
        0.8955910525085281,
        0.8955910525085281,
        0.8955910525085281,
        0.8955910525085281,
        0.8955910525085281,
        0.8955910525085281,
        0.8955910525085281,
        0.8955910525085281,
        0.8955910525085281,
        0.8955910525085281,
        0.8955910525085281,
        0.8955910525085281
    ],
    "val_auroc": [
        0.9947089947089948,
        0.9940476190476191,
        0.9990079365079365,
        0.9993386243386244,
        1.0,
        0.9996693121693122,
        1.0,
        1.0,
        0.9996693121693122,
        0.9996693121693122,
        0.9990079365079365,
        0.9986772486772486,
        0.9993386243386243,
        0.9996693121693122,
        0.9996693121693122,
        0.9996693121693122,
        0.9996693121693122,
        0.9996693121693122,
        0.9996693121693122,
        0.9993386243386243,
        0.9993386243386243,
        0.9993386243386243,
        0.9993386243386243,
        0.9993386243386243,
        0.9993386243386243,
        0.9993386243386243,
        0.9993386243386243,
        0.9993386243386243,
        0.9993386243386243,
        0.9993386243386243,
        0.9993386243386243,
        0.9993386243386243,
        0.9993386243386243,
        0.9993386243386243,
        0.9993386243386243,
        0.9993386243386243,
        0.9993386243386243,
        0.9993386243386243,
        0.9993386243386243,
        0.9993386243386243,
        0.9993386243386243,
        0.9993386243386243,
        0.9993386243386243,
        0.9993386243386243,
        0.9993386243386243,
        0.9993386243386243,
        0.9993386243386243,
        0.9993386243386243,
        0.9993386243386243,
        0.9993386243386243
    ]
}