{
    "train_loss": [
        0.24632482484660365,
        0.14803182299841533,
        0.11135799403895032,
        0.10492736990140243,
        0.08736143743788655,
        0.08252008809623393,
        0.07643484076569704,
        0.07019702611829746,
        0.07945127565075051,
        0.06615413970906626,
        0.06127637675540014,
        0.06182585119015791,
        0.058895315593955194,
        0.05116053414531052,
        0.059399239380251274,
        0.03998857313259081,
        0.03694890867072073,
        0.040300648363137785,
        0.02872998388060792,
        0.054690838304602286,
        0.03614663766612383,
        0.028260372240434994,
        0.02112361572852189,
        0.036344883032143116,
        0.044692930384454405,
        0.030378976953215897,
        0.02850052463525737,
        0.01805372203869576,
        0.019331692199392073,
        0.025527049971225842,
        0.03914745572150092,
        0.034445857015353715,
        0.018106815579812974,
        0.010561376831240275,
        0.019725871005159042,
        0.030761860649694096,
        0.01872367042894687,
        0.016145586761095645,
        0.011128908142299306,
        0.008097543598110364,
        0.009160112200664695,
        0.018694256339751355,
        0.02042495261412114,
        0.0626333299071782,
        0.026137030228379775,
        0.011713827219368382,
        0.007241455510004677,
        0.004015604155773128,
        0.004368295162831518,
        0.005338976000943644
    ],
    "val_loss": [
        0.14542860351502895,
        0.0792885556196173,
        0.062233268128087126,
        0.058838625671342015,
        0.058042955274383225,
        0.05366032780148089,
        0.051566727265405156,
        0.050400153966620564,
        0.05651606398168951,
        0.056673913185174264,
        0.0547064901329577,
        0.057550020360698305,
        0.06055772708108028,
        0.06001650545901308,
        0.0557684184362491,
        0.0587480886412474,
        0.0718581819285949,
        0.06817980747049053,
        0.06578385216804843,
        0.06355001187572877,
        0.07170590090875824,
        0.07090639455418568,
        0.07270768070399451,
        0.05303531726046155,
        0.07699459212987374,
        0.08069597599872698,
        0.08153002113491918,
        0.08483387568170049,
        0.09505316389307457,
        0.0809060117850701,
        0.076755897665862,
        0.08678029237004618,
        0.09303481817672339,
        0.09632819620795392,
        0.14632782447248852,
        0.08646329190135778,
        0.09583753211821507,
        0.10465914883146372,
        0.11206179518558201,
        0.10960398078896105,
        0.10085669520412921,
        0.09860651770820066,
        0.13460403000741886,
        0.08080150130505596,
        0.08412546821152016,
        0.09090195421231329,
        0.10208844319398243,
        0.10650451831315877,
        0.11419759846709591,
        0.11000240165897897
    ],
    "val_mcc": [
        0.0,
        0.7921848383943094,
        0.8056818181818182,
        0.8780558882310071,
        0.4681818181818182,
        0.8780558882310071,
        0.8780558882310071,
        0.8780558882310071,
        0.6191668677752271,
        0.7085227272727272,
        0.8241617276558911,
        0.8241617276558911,
        0.7911146277286897,
        0.8780558882310071,
        0.8780558882310071,
        0.8241617276558911,
        0.8241617276558911,
        0.8241617276558911,
        0.8241617276558911,
        0.8241617276558911,
        0.8241617276558911,
        0.8241617276558911,
        0.6744860186581717,
        0.91409896787871,
        0.7911146277286897,
        0.8780558882310071,
        0.8241617276558911,
        0.8241617276558911,
        0.5062910315390183,
        0.8241617276558911,
        0.7678008319191324,
        0.8241617276558911,
        0.8241617276558911,
        0.8241617276558911,
        0.645743840298938,
        0.8241617276558911,
        0.7678008319191324,
        0.7085227272727272,
        0.7085227272727272,
        0.8241617276558911,
        0.8241617276558911,
        0.8241617276558911,
        0.6442872472102531,
        0.7085227272727272,
        0.8241617276558911,
        0.7678008319191324,
        0.8241617276558911,
        0.8241617276558911,
        0.8241617276558911,
        0.8241617276558911
    ],
    "val_auroc": [
        0.9806818181818182,
        0.9937499999999999,
        0.9880681818181818,
        0.9920454545454545,
        0.9914772727272728,
        0.9897727272727272,
        0.9886363636363635,
        0.9914772727272726,
        0.9903409090909091,
        0.9863636363636363,
        0.9892045454545455,
        0.9892045454545455,
        0.9897727272727272,
        0.9886363636363636,
        0.9897727272727272,
        0.9892045454545455,
        0.9880681818181818,
        0.9875,
        0.9874999999999999,
        0.9880681818181818,
        0.9875,
        0.9857954545454546,
        0.9823863636363637,
        0.9886363636363636,
        0.9857954545454546,
        0.9869318181818181,
        0.9840909090909091,
        0.9857954545454546,
        0.9846590909090909,
        0.9852272727272726,
        0.9857954545454546,
        0.98125,
        0.9846590909090909,
        0.9835227272727273,
        0.9789772727272728,
        0.9835227272727273,
        0.9835227272727273,
        0.984659090909091,
        0.9829545454545454,
        0.9829545454545455,
        0.9846590909090909,
        0.9852272727272727,
        0.975,
        0.9835227272727272,
        0.9840909090909091,
        0.9829545454545454,
        0.9823863636363637,
        0.9835227272727273,
        0.9823863636363637,
        0.9818181818181817
    ]
}