{
    "train_loss": [
        0.25340369377623906,
        0.1437418901107528,
        0.10524111981926994,
        0.09401601646095514,
        0.08520810771733522,
        0.07635854861953041,
        0.06928470425985077,
        0.0693336973305453,
        0.06450711089101704,
        0.060845879329876465,
        0.05467700556089932,
        0.049872855613516134,
        0.049264531921256675,
        0.04440028084950014,
        0.057102971456267616,
        0.04911812790669501,
        0.03685755547220734,
        0.03478304812134328,
        0.03744338941760361,
        0.03143095416122709,
        0.048453568099913275,
        0.0355345986106179,
        0.022915123088750988,
        0.031582988713952626,
        0.032062347597357904,
        0.02796049692287025,
        0.031162860242395916,
        0.021394805839835582,
        0.03428385138448158,
        0.03526917957192795,
        0.026511316272345455,
        0.017371399656192145,
        0.02269133299440992,
        0.03247539572608234,
        0.02805461965776472,
        0.016407435881608926,
        0.015849009254121815,
        0.014767027004960586,
        0.010795280681288039,
        0.0344681284120518,
        0.015596911147109826,
        0.015358999449579807,
        0.01184248178800441,
        0.013754756781219674,
        0.010602413316849957,
        0.0058605616861975495,
        0.006074586442661133,
        0.008457022712470709,
        0.007802886094643988,
        0.005704141317189417
    ],
    "val_loss": [
        0.14887707742551962,
        0.11240833376844724,
        0.10716178392370541,
        0.1117193050061663,
        0.10959350581591328,
        0.11200833887172242,
        0.11083744536153972,
        0.11801576765719801,
        0.11755892370517056,
        0.12219482365374763,
        0.1236900861064593,
        0.13550518181485435,
        0.13525723634908596,
        0.1381801584502682,
        0.141314064230149,
        0.13689279494186243,
        0.13455448718741536,
        0.14180387494464716,
        0.14133216068148613,
        0.124860018491745,
        0.12673848448321223,
        0.1332730019154648,
        0.15543437438706556,
        0.14551473564157882,
        0.15044917430107793,
        0.14605082453150922,
        0.16742430751522383,
        0.16152069519739598,
        0.16451790478701392,
        0.14377398438712893,
        0.14316671124349037,
        0.144605815410614,
        0.17760591364155212,
        0.15566674278428158,
        0.1476952467346564,
        0.14546228417505822,
        0.16297906140486398,
        0.16421235197534165,
        0.16586852570374808,
        0.17248285934329033,
        0.1704086638831844,
        0.17944107631531855,
        0.17182348979016146,
        0.16499244433362037,
        0.15416647462795177,
        0.16400996642187238,
        0.17850336804986,
        0.18122594070155174,
        0.1842507770828282,
        0.17654955356071392
    ],
    "val_mcc": [
        0.0,
        0.547333863896855,
        0.5786882152809495,
        0.5786882152809495,
        0.6172321067240548,
        0.6442872472102531,
        0.645743840298938,
        0.6442872472102531,
        0.6172321067240548,
        0.5811712053972111,
        0.6744860186581717,
        0.6113636363636363,
        0.6172321067240548,
        0.6191668677752271,
        0.5543500069874341,
        0.6442872472102531,
        0.5811712053972111,
        0.5811712053972111,
        0.47193990372426947,
        0.5811712053972111,
        0.7085227272727272,
        0.645743840298938,
        0.6442872472102531,
        0.6113636363636363,
        0.6191668677752271,
        0.6442872472102531,
        0.5927906769790553,
        0.5811712053972111,
        0.5204215422127756,
        0.5441594827174123,
        0.6113636363636363,
        0.5786882152809495,
        0.5062910315390183,
        0.5811712053972111,
        0.645743840298938,
        0.5786882152809495,
        0.5786882152809495,
        0.5441594827174123,
        0.6113636363636363,
        0.5977272727272728,
        0.5786882152809495,
        0.6744860186581717,
        0.6113636363636363,
        0.6113636363636363,
        0.6854365268376295,
        0.645743840298938,
        0.645743840298938,
        0.645743840298938,
        0.6191668677752271,
        0.645743840298938
    ],
    "val_auroc": [
        0.9613636363636363,
        0.9625,
        0.9579545454545455,
        0.9539772727272727,
        0.9414772727272727,
        0.9431818181818181,
        0.9392045454545455,
        0.9653409090909091,
        0.9386363636363636,
        0.9318181818181819,
        0.9375,
        0.9249999999999999,
        0.9289772727272728,
        0.9505681818181818,
        0.9471590909090909,
        0.9198863636363637,
        0.9346590909090909,
        0.9295454545454546,
        0.9068181818181819,
        0.9659090909090909,
        0.9443181818181818,
        0.9221590909090909,
        0.9159090909090909,
        0.9386363636363636,
        0.9221590909090909,
        0.9642045454545455,
        0.9170454545454546,
        0.9573863636363636,
        0.9073863636363636,
        0.9448863636363636,
        0.9380681818181819,
        0.9511363636363637,
        0.94375,
        0.9301136363636363,
        0.9454545454545454,
        0.9363636363636363,
        0.9426136363636364,
        0.9386363636363636,
        0.9477272727272729,
        0.9443181818181818,
        0.94375,
        0.9244318181818182,
        0.9335227272727273,
        0.9352272727272727,
        0.9454545454545454,
        0.9380681818181819,
        0.9392045454545455,
        0.9414772727272728,
        0.9380681818181817,
        0.94375
    ]
}