{
    "train_loss": [
        0.2046586727215485,
        0.12387663989581844,
        0.098634638230909,
        0.10286887286400254,
        0.08517894936217503,
        0.07594264806671576,
        0.0730520070276477,
        0.06101050153798,
        0.057985068214210594,
        0.05779086148620329,
        0.053471887865188444,
        0.05004324230619452,
        0.04943645597350868,
        0.03674223248592832,
        0.050216532005420464,
        0.0349092686294832,
        0.03402000896378674,
        0.03772664108228954,
        0.030483629279346627,
        0.04384982309685173,
        0.0403521971099756,
        0.024253572967030446,
        0.027670056485062974,
        0.016908419186207044,
        0.017635596156734126,
        0.02589033183705231,
        0.019382877494949338,
        0.01697748999735764,
        0.021193328705108302,
        0.02252230881078338,
        0.01426112912436524,
        0.010865248254214583,
        0.011748441844247282,
        0.008514522258668545,
        0.008395257812067443,
        0.012201472942251712,
        0.010050469680374425,
        0.014506741294594989,
        0.008836795546812937,
        0.011231491518132812,
        0.0256697899048132,
        0.014480621469291773,
        0.008395261464598165,
        0.007591433448727581,
        0.009647620626227845,
        0.015721876157013783,
        0.03131917246818458,
        0.013948571799449961,
        0.011708896666691131,
        0.01962871760637923
    ],
    "val_loss": [
        0.12307457781086366,
        0.10467487139006455,
        0.08536601501206557,
        0.1072766655900826,
        0.10896076859595875,
        0.09297070310761531,
        0.0898330369964242,
        0.11782306258101016,
        0.1043549650348723,
        0.10808553732931614,
        0.1006718489030997,
        0.11650964121023814,
        0.11417382846896847,
        0.09761348087340593,
        0.11237422594179709,
        0.1243071414840718,
        0.14231669002523026,
        0.1470085316201827,
        0.11105013980219762,
        0.15333500877022743,
        0.12089632474817336,
        0.1534263969709476,
        0.1578146821508805,
        0.16630461357999593,
        0.17297092685475945,
        0.14861058412740627,
        0.1449482330256918,
        0.11715230733777086,
        0.16775562406595176,
        0.13665480787555376,
        0.16777674197025286,
        0.16893155228657028,
        0.1787510383874178,
        0.18036771775223315,
        0.1488140356571724,
        0.16894731492114565,
        0.18826575722778216,
        0.17692280436555544,
        0.1873093479856228,
        0.17736033195008835,
        0.14759443483004966,
        0.17170073448990783,
        0.18753275314035514,
        0.1917073386721313,
        0.202658583507097,
        0.218989551688234,
        0.16750354071458182,
        0.18834325741045177,
        0.1892039878293872,
        0.15466771476591626
    ],
    "val_mcc": [
        0.1466903483783305,
        0.5474714666383683,
        0.6458780629739146,
        0.5474714666383683,
        0.5474714666383683,
        0.5443323346087288,
        0.5443323346087288,
        0.6192924653572738,
        0.5443323346087288,
        0.5788383624620932,
        0.5443323346087288,
        0.5443323346087288,
        0.5443323346087288,
        0.6746219776463768,
        0.5143986448334275,
        0.5443323346087288,
        0.5064552788726858,
        0.46832941383896765,
        0.6444415858343575,
        0.6092953657511925,
        0.5813462701261382,
        0.5545438139255907,
        0.44278660624354294,
        0.5813462701261382,
        0.5545438139255907,
        0.5813462701261382,
        0.5443323346087288,
        0.5143986448334275,
        0.39361809238809775,
        0.6444415858343575,
        0.5143986448334275,
        0.5813462701261382,
        0.5545438139255907,
        0.5813462701261382,
        0.5813462701261382,
        0.5813462701261382,
        0.5813462701261382,
        0.5813462701261382,
        0.5545438139255907,
        0.5443323346087288,
        0.39361809238809775,
        0.5305025272375369,
        0.5545438139255907,
        0.5545438139255907,
        0.44278660624354294,
        0.5064552788726858,
        0.5143986448334275,
        0.5545438139255907,
        0.5929791276098924,
        0.48807056260589954
    ],
    "val_auroc": [
        0.9683794466403162,
        0.9644268774703557,
        0.9791078486730661,
        0.9717673630717109,
        0.9740259740259739,
        0.9774138904573687,
        0.9830604178430266,
        0.9734613212874081,
        0.974025974025974,
        0.9762845849802372,
        0.9757199322416713,
        0.968944099378882,
        0.9604743083003952,
        0.9836250705815923,
        0.9649915302089215,
        0.9717673630717109,
        0.9757199322416713,
        0.9649915302089216,
        0.9734613212874083,
        0.9627329192546583,
        0.9700734048560136,
        0.9565217391304348,
        0.961038961038961,
        0.9604743083003953,
        0.9565217391304348,
        0.9604743083003953,
        0.9728966685488425,
        0.9757199322416714,
        0.9593450028232636,
        0.9706380575945793,
        0.9661208356860531,
        0.9621682665160926,
        0.9621682665160926,
        0.9644268774703558,
        0.9757199322416713,
        0.9683794466403163,
        0.9599096555618294,
        0.968944099378882,
        0.966120835686053,
        0.9712027103331451,
        0.9678147939017504,
        0.9632975719932242,
        0.9632975719932242,
        0.9700734048560136,
        0.9599096555618295,
        0.9616036137775268,
        0.9638622247317898,
        0.9587803500846979,
        0.9661208356860531,
        0.9627329192546584
    ]
}