{
    "train_loss": [
        0.27413905919952825,
        0.15253946134312588,
        0.1110812479799444,
        0.08858873237940398,
        0.08275992804291574,
        0.07788165277716788,
        0.07038426962257786,
        0.07015382049774582,
        0.061933476266197184,
        0.05497196460650726,
        0.06075682844543322,
        0.05520245868881995,
        0.04949221923016012,
        0.0555622023106976,
        0.04974470247345215,
        0.03771530548957261,
        0.035449381420304155,
        0.036169646328992465,
        0.043571874710985205,
        0.031226001362400977,
        0.026754983118735254,
        0.025495181558653712,
        0.02883251573869281,
        0.033641329490241005,
        0.026744517032057047,
        0.023581217392347753,
        0.017561882686674257,
        0.018922258327207106,
        0.017770946269262244,
        0.018951948716262865,
        0.027962318663908678,
        0.020622622200541875,
        0.02136657388076525,
        0.01472954413409091,
        0.01547230845740573,
        0.009552791579732333,
        0.010693021018100395,
        0.014101327145578001,
        0.009116368082521314,
        0.009993855342724022,
        0.007371931950646368,
        0.006128475940468806,
        0.00687146770492704,
        0.006803489198897627,
        0.005303673327117312,
        0.006824161837523041,
        0.008438635493803304,
        0.012546126945050095,
        0.024651710769500245,
        0.0183929605409503
    ],
    "val_loss": [
        0.19227846339344978,
        0.1527649046232303,
        0.14406836529572806,
        0.14085394640763602,
        0.14726850017905235,
        0.14515244153638682,
        0.15386806055903435,
        0.15376381762325764,
        0.14993531194825968,
        0.1568035837262869,
        0.16401990627249083,
        0.155174957588315,
        0.16401229798793793,
        0.15546799854685864,
        0.16368186908463636,
        0.17430327335993448,
        0.16655635895828405,
        0.18473723934342465,
        0.17436062234143415,
        0.1787133514881134,
        0.19297287613153458,
        0.20259446588655314,
        0.19986308303972086,
        0.1943548402438561,
        0.18701926060020924,
        0.19293748339017233,
        0.21850162744522095,
        0.21084549774726233,
        0.2158627255509297,
        0.24314381989339987,
        0.22156064491719007,
        0.2147031600276629,
        0.22398323751986027,
        0.2293906807899475,
        0.22098319915433726,
        0.23362602790196738,
        0.22838671505451202,
        0.22966980747878551,
        0.2534170597791672,
        0.2713771015405655,
        0.2720465585589409,
        0.26829416553179425,
        0.29374904930591583,
        0.2767948905626933,
        0.2791071105748415,
        0.28053219864765805,
        0.2833030770222346,
        0.27448770403862,
        0.21269170412172875,
        0.2178237522020936
    ],
    "val_mcc": [
        0.0,
        0.0,
        0.5903260526902472,
        0.7321296518418619,
        0.611518915866742,
        0.4326613305431626,
        0.611518915866742,
        0.6746219776463768,
        0.611518915866742,
        0.5788383624620932,
        0.6746219776463768,
        0.6746219776463768,
        0.6746219776463768,
        0.6746219776463768,
        0.6746219776463768,
        0.5064552788726858,
        0.6458780629739146,
        0.6746219776463768,
        0.6746219776463768,
        0.6458780629739146,
        0.611518915866742,
        0.6746219776463768,
        0.7343393577431244,
        0.5064552788726858,
        0.6746219776463768,
        0.611518915866742,
        0.47212861075418316,
        0.6746219776463768,
        0.47212861075418316,
        0.6746219776463768,
        0.5064552788726858,
        0.5443323346087288,
        0.6746219776463768,
        0.5064552788726858,
        0.5064552788726858,
        0.611518915866742,
        0.5064552788726858,
        0.7043052599705966,
        0.5443323346087288,
        0.47212861075418316,
        0.47212861075418316,
        0.47212861075418316,
        0.611518915866742,
        0.47212861075418316,
        0.47212861075418316,
        0.47212861075418316,
        0.611518915866742,
        0.5443323346087288,
        0.5443323346087288,
        0.5788383624620932
    ],
    "val_auroc": [
        0.9474872953133823,
        0.9452286843591191,
        0.9243365330321852,
        0.9435347261434218,
        0.9339356295878034,
        0.9435347261434218,
        0.9328063241106719,
        0.9367588932806324,
        0.942970073404856,
        0.945793337097685,
        0.9390175042348955,
        0.9429700734048561,
        0.9384528514963297,
        0.9435347261434217,
        0.9401468097120271,
        0.9424054206662902,
        0.9424054206662902,
        0.9384528514963297,
        0.9435347261434217,
        0.9491812535290796,
        0.9446640316205533,
        0.9435347261434217,
        0.9424054206662902,
        0.9486166007905139,
        0.9548277809147374,
        0.9520045172219085,
        0.9452286843591192,
        0.9333709768492378,
        0.9525691699604744,
        0.9294184076792773,
        0.9520045172219085,
        0.9514398644833427,
        0.9361942405420667,
        0.9429700734048561,
        0.9457933370976848,
        0.9282891022021457,
        0.9548277809147374,
        0.9006211180124224,
        0.9237718802936195,
        0.9446640316205535,
        0.9424054206662902,
        0.9384528514963297,
        0.9311123658949745,
        0.942970073404856,
        0.9446640316205535,
        0.9390175042348954,
        0.9203839638622248,
        0.8977978543195935,
        0.9424054206662902,
        0.9254658385093169
    ]
}