{
    "train_loss": [
        0.21785551783713428,
        0.11661160288547928,
        0.08562445246868512,
        0.07561894590881738,
        0.06126698699187149,
        0.05512318315661766,
        0.055233022790740834,
        0.04636444866826588,
        0.04109779868105596,
        0.04009122763421725,
        0.03328628666614267,
        0.03710825112648308,
        0.04044773828619244,
        0.031098184641450644,
        0.030404581032185393,
        0.0263135230158117,
        0.024602957503785463,
        0.019772743023085324,
        0.013672165794890712,
        0.01655689114704728,
        0.01827152902577919,
        0.031648364341394467,
        0.025315266441215168,
        0.018377085733597844,
        0.01195485081883486,
        0.013692440414822406,
        0.011796429242663593,
        0.013245694259901276,
        0.018441546015145086,
        0.010955288720486516,
        0.022746273221194067,
        0.01645915708187121,
        0.009744228837503628,
        0.010384457439861515,
        0.007844545297716237,
        0.01282568017698147,
        0.017452096852304585,
        0.010200220763429323,
        0.008185227693915791,
        0.023384237688415768,
        0.011908092157682404,
        0.0056043087335472756,
        0.0029063375960421663,
        0.0014535825056637723,
        0.0013295801988781684,
        0.0010152049236983823,
        0.0008857388787543063,
        0.0006413800216581545,
        0.000676361113040581,
        0.0005152324864122255
    ],
    "val_loss": [
        0.16226773957411447,
        0.14163106307387352,
        0.15756651386618614,
        0.15290089572469392,
        0.18736017992099127,
        0.16592382360249758,
        0.17313365001852313,
        0.19448972237296402,
        0.19756857274721065,
        0.20939695664371052,
        0.21878408330182234,
        0.24078648847838244,
        0.23532976815477014,
        0.22833583426351348,
        0.2458991155726835,
        0.2644676844744633,
        0.2777665116591379,
        0.25313730010141927,
        0.28692029375815764,
        0.28857703175162897,
        0.2879909167725903,
        0.24773723979402953,
        0.270576928218361,
        0.2871028097967307,
        0.30209232949224923,
        0.29781005314240855,
        0.3151693219939868,
        0.32212303432364325,
        0.2777474577984928,
        0.2792927760165185,
        0.3049919882614631,
        0.2939660845149774,
        0.346698386388501,
        0.3623925957363099,
        0.36042602939899854,
        0.36787909890214604,
        0.32321961523848586,
        0.3425957082363311,
        0.3909198830127328,
        0.35311600095398415,
        0.36677583389973734,
        0.3829904741918047,
        0.411560411126023,
        0.42172160464057623,
        0.42998861758193624,
        0.43766769501720165,
        0.4435296219307929,
        0.4420460990198383,
        0.4526036944128767,
        0.4587916604299001
    ],
    "val_mcc": [
        0.0,
        0.3388235309124364,
        0.23765410727335523,
        0.39361809238809775,
        0.23765410727335523,
        0.48807056260589954,
        0.44278660624354294,
        0.30694760390069437,
        0.44278660624354294,
        0.30694760390069437,
        0.3654188590462732,
        0.41727837380011296,
        0.30694760390069437,
        0.28078090590350974,
        0.23765410727335523,
        0.3654188590462732,
        0.1866856725318574,
        0.3654188590462732,
        0.1866856725318574,
        0.1866856725318574,
        0.37474827010805706,
        0.48807056260589954,
        0.07981176505937392,
        0.09621290848090852,
        0.20931764798590516,
        0.20931764798590516,
        0.28078090590350974,
        0.3654188590462732,
        0.30694760390069437,
        0.4272095352695313,
        0.09621290848090852,
        0.20931764798590516,
        -0.028351362943990505,
        0.3654188590462732,
        0.20931764798590516,
        0.20931764798590516,
        0.1866856725318574,
        0.30694760390069437,
        0.30694760390069437,
        0.28078090590350974,
        -0.040332835898091425,
        0.20931764798590516,
        0.09621290848090852,
        0.09621290848090852,
        0.20931764798590516,
        0.09621290848090852,
        0.09621290848090852,
        0.09621290848090852,
        0.09621290848090852,
        0.09621290848090852
    ],
    "val_auroc": [
        0.9051383399209486,
        0.9130434782608696,
        0.8921513269339356,
        0.904009034443817,
        0.8893280632411067,
        0.831733483907397,
        0.8379446640316205,
        0.846979107848673,
        0.8723884810841334,
        0.8260869565217391,
        0.8266516092603048,
        0.8334274421230944,
        0.8531902879728966,
        0.8639186900056466,
        0.8362507058159232,
        0.8181818181818181,
        0.8486730660643704,
        0.8373800112930548,
        0.8616600790513834,
        0.8402032749858837,
        0.8198757763975155,
        0.841897233201581,
        0.8277809147374364,
        0.8627893845285148,
        0.8627893845285151,
        0.859966120835686,
        0.8554488989271598,
        0.8452851496329757,
        0.854884246188594,
        0.8723884810841332,
        0.8243929983060417,
        0.8464144551101073,
        0.8639186900056465,
        0.8605307735742519,
        0.8243929983060417,
        0.865047995482778,
        0.7837380011293055,
        0.8362507058159232,
        0.8368153585544891,
        0.7843026538678712,
        0.8706945228684358,
        0.870694522868436,
        0.8656126482213439,
        0.8729531338226991,
        0.8757763975155279,
        0.8712591756070017,
        0.8695652173913044,
        0.865612648221344,
        0.8622247317899491,
        0.8622247317899492
    ]
}