balanced_accuracy,precision,recall,f1_score,mcc,auroc,brier_score,loss,inference_time_ms,inference_time_per_sample_ms,inference_time_total_seconds,repeat,fold,model,dataset,train_fraction,trainable_parameters,avg_epoch_time_seconds,total_train_time_seconds
0.7148503670242801,0.5555555555555556,0.45454545454545453,0.5,0.47212861075418316,0.9395821569734613,0.03836137056350708,0.12058356994142135,0.06768731183783953,0.06768731183783953,0.011642217636108398,1,1,StandardMLP,cervical_cancer,1.0,2593,0.04105182488759359,0.6277890205383301
0.8512140033879164,0.6666666666666666,0.7272727272727273,0.6956521739130435,0.6746219776463768,0.9802371541501976,0.027535056695342064,0.0850455512603124,0.051846337872882224,0.051846337872882224,0.008917570114135742,1,2,StandardMLP,cervical_cancer,1.0,16001,0.04059471686681112,1.2344629764556885
0.8512140033879164,0.6666666666666666,0.7272727272727273,0.6956521739130435,0.6746219776463768,0.8898927159796725,0.03198016434907913,0.16434511666496596,0.05162871161172556,0.05162871161172556,0.008880138397216797,1,3,StandardMLP,cervical_cancer,1.0,6273,0.03941607475280762,0.7485668659210205
0.899715909090909,0.75,0.8181818181818182,0.782608695652174,0.7678008319191324,0.9874999999999999,0.021281033754348755,0.06202841740256796,0.05392303243715164,0.05392303243715164,0.00922083854675293,1,4,StandardMLP,cervical_cancer,1.0,6273,0.03955859848947236,1.658094882965088
0.8934659090909092,0.6428571428571429,0.8181818181818182,0.72,0.7041733672263722,0.9744318181818181,0.030745964497327805,0.09752850513905287,0.05247997261627376,0.05247997261627376,0.008974075317382812,1,5,StandardMLP,cervical_cancer,1.0,2561,0.03980239800044468,0.7085750102996826
0.8543195934500283,0.7272727272727273,0.7272727272727273,0.7272727272727273,0.7086391869000565,0.9412761151891587,0.0266533512622118,0.08833315006146829,0.05206950875215752,0.05206950875215752,0.008955955505371094,2,1,StandardMLP,cervical_cancer,1.0,2529,0.038747366736916936,0.8373520374298096
0.8966685488424619,0.6923076923076923,0.8181818181818182,0.75,0.7343393577431244,0.9322416713721061,0.027441509068012238,0.09045214407766859,0.054337257562681686,0.054337257562681686,0.00934600830078125,2,2,StandardMLP,cervical_cancer,1.0,6273,0.03873872756958008,1.4290220737457275
0.8512140033879164,0.6666666666666666,0.7272727272727273,0.6956521739130435,0.6746219776463768,0.9875776397515529,0.023122651502490044,0.06602954491972923,0.051192072934882586,0.051192072934882586,0.008805036544799805,2,3,StandardMLP,cervical_cancer,1.0,16641,0.03901276323530409,0.8930971622467041
0.8119318181818183,0.7777777777777778,0.6363636363636364,0.7,0.6854365268376295,0.9511363636363637,0.0259690098464489,0.08726570770765345,0.05192923964115611,0.05192923964115611,0.008879899978637695,2,4,StandardMLP,cervical_cancer,1.0,2625,0.038911447525024415,1.2341382503509521
0.7116477272727273,0.5,0.45454545454545453,0.47619047619047616,0.44257512513588665,0.8238636363636364,0.04625028371810913,0.1960787121206522,0.05232660393965872,0.05232660393965872,0.00894784927368164,2,5,StandardMLP,cervical_cancer,1.0,2529,0.03882604486802045,0.8376758098602295
0.7210615471485037,0.7142857142857143,0.45454545454545453,0.5555555555555556,0.5474714666383683,0.9520045172219086,0.033806558698415756,0.10219332110136747,0.05179089169169581,0.05179089169169581,0.00890803337097168,3,1,StandardMLP,cervical_cancer,1.0,16513,0.03896566232045492,0.8916420936584473
0.8997741389045737,0.75,0.8181818181818182,0.782608695652174,0.7678976851666153,0.9395821569734613,0.02489585615694523,0.09419403333837788,0.05031463711760765,0.05031463711760765,0.008654117584228516,3,2,StandardMLP,cervical_cancer,1.0,16385,0.038987189531326294,0.7915019989013672
0.9359119141727837,0.625,0.9090909090909091,0.7407407407407407,0.7343713491359213,0.9796725014116319,0.027655966579914093,0.0810841570297877,0.05252278128335642,0.05252278128335642,0.009033918380737305,3,3,StandardMLP,cervical_cancer,1.0,6273,0.03848781083759509,0.9306991100311279
0.9028409090909091,0.8181818181818182,0.8181818181818182,0.8181818181818182,0.8056818181818182,0.9704545454545455,0.022194670513272285,0.07498495226415496,0.05080685978047332,0.05080685978047332,0.008687973022460938,3,4,StandardMLP,cervical_cancer,1.0,16257,0.039626847142758576,1.1565580368041992
0.8511363636363636,0.6666666666666666,0.7272727272727273,0.6956521739130435,0.6744860186581717,0.9238636363636363,0.03271697834134102,0.1512494053070744,0.054217221444113214,0.054217221444113214,0.00927114486694336,3,5,StandardMLP,cervical_cancer,1.0,2625,0.038776740431785583,0.7898449897766113
0.7179559570863918,0.625,0.45454545454545453,0.5263157894736842,0.5064552788726858,0.8853754940711462,0.036824341863393784,0.124940674751997,0.07770366446916448,0.07770366446916448,0.013365030288696289,1,1,TabKAN,cervical_cancer,1.0,104316,0.06915531555811565,1.0445380210876465
0.7210615471485037,0.7142857142857143,0.45454545454545453,0.5555555555555556,0.5474714666383683,0.9796725014116319,0.029391760006546974,0.08234569841685395,0.06395855615305346,0.06395855615305346,0.011000871658325195,1,2,TabKAN,cervical_cancer,1.0,100984,0.06688835404135964,1.8509440422058105
0.7634105025409372,0.6666666666666666,0.5454545454545454,0.6,0.5788383624620932,0.9440993788819876,0.030915139243006706,0.1433813783029715,0.06706492845402207,0.06706492845402207,0.011535167694091797,1,3,TabKAN,cervical_cancer,1.0,105149,0.06604237783522833,1.7437832355499268
0.9482954545454545,0.8333333333333334,0.9090909090909091,0.8695652173913043,0.8611156451800931,0.9897727272727274,0.0173497311770916,0.04968223829443256,0.06605310049670482,0.06605310049670482,0.011295080184936523,1,4,TabKAN,cervical_cancer,1.0,40637,0.06706621646881103,1.6821472644805908
0.8119318181818183,0.7777777777777778,0.6363636363636364,0.7,0.6854365268376295,0.9119318181818182,0.030756382271647453,0.10463037217656772,0.061187130665918535,0.061187130665918535,0.01046299934387207,1,5,TabKAN,cervical_cancer,1.0,103483,0.06828797658284505,1.2979249954223633
0.8997741389045737,0.75,0.8181818181818182,0.782608695652174,0.7678976851666153,0.9249011857707509,0.02256867103278637,0.08212436510560413,0.06284963252932525,0.06284963252932525,0.010810136795043945,2,1,TabKAN,cervical_cancer,1.0,102650,0.06680075327555339,1.759857177734375
0.8512140033879164,0.6666666666666666,0.7272727272727273,0.6956521739130435,0.6746219776463768,0.9028797289666854,0.02973531000316143,0.10036269823710124,0.0641803408777991,0.0641803408777991,0.011039018630981445,2,2,TabKAN,cervical_cancer,1.0,105149,0.06637974885793832,1.0824041366577148
0.8543195934500283,0.7272727272727273,0.7272727272727273,0.7272727272727273,0.7086391869000565,0.9909655561829476,0.019745826721191406,0.056297606167693935,0.06391974382622297,0.06391974382622297,0.010994195938110352,2,3,TabKAN,cervical_cancer,1.0,72893,0.06561399499575298,1.9788000583648682
0.899715909090909,0.75,0.8181818181818182,0.782608695652174,0.7678008319191324,0.9727272727272727,0.023397495970129967,0.07751702948007733,0.058153219390333744,0.058153219390333744,0.00994420051574707,2,4,TabKAN,cervical_cancer,1.0,72893,0.06581836655026391,1.7361960411071777
0.6599431818181818,0.36363636363636365,0.36363636363636365,0.36363636363636365,0.31988636363636364,0.8193181818181817,0.0481921061873436,0.21400386529664198,0.060234850610208786,0.060234850610208786,0.010300159454345703,2,5,TabKAN,cervical_cancer,1.0,39674,0.0688358211517334,2.159487009048462
0.8088650479954828,0.7,0.6363636363636364,0.6666666666666666,0.6458780629739146,0.8966685488424618,0.03491619601845741,0.1131262481212616,0.0684067260387332,0.0684067260387332,0.01176595687866211,3,1,TabKAN,cervical_cancer,1.0,104316,0.06946350977971004,1.125856876373291
0.9421230942970074,0.7142857142857143,0.9090909090909091,0.8,0.7912066263371264,0.9734613212874083,0.02050502970814705,0.07440811938916643,0.06788969039916992,0.06788969039916992,0.011677026748657227,3,2,TabKAN,cervical_cancer,1.0,71739,0.06877025536128453,1.214752197265625
0.8997741389045737,0.75,0.8181818181818182,0.782608695652174,0.7678976851666153,0.987012987012987,0.021535241976380348,0.07195073707650106,0.07405253343803937,0.07405253343803937,0.012737035751342773,3,3,TabKAN,cervical_cancer,1.0,105149,0.07239336716501336,1.749925136566162
0.8119318181818183,0.7777777777777778,0.6363636363636364,0.7,0.6854365268376295,0.91875,0.024844538420438766,0.08585852695008118,0.0713038862797252,0.0713038862797252,0.012192964553833008,3,4,TabKAN,cervical_cancer,1.0,102650,0.07150378227233886,1.3378677368164062
0.7602272727272728,0.6,0.5454545454545454,0.5714285714285714,0.5441594827174123,0.9011363636363636,0.037507571280002594,0.1687507163733244,0.06281283863803797,0.06281283863803797,0.010740995407104492,3,5,TabKAN,cervical_cancer,1.0,40637,0.06566979266979077,2.2250070571899414
0.7634105025409372,0.6666666666666666,0.5454545454545454,0.6,0.5788383624620932,0.8684359119141727,0.04178793355822563,0.14297431831558546,0.06643561429755633,0.06643561429755633,0.011426925659179688,1,1,FastKAN,cervical_cancer,1.0,29792,0.061296971638997395,1.1660912036895752
0.8543195934500283,0.7272727272727273,0.7272727272727273,0.7272727272727273,0.7086391869000565,0.987012987012987,0.023951763287186623,0.07928096409887075,0.0735465870347134,0.0735465870347134,0.012650012969970703,1,2,FastKAN,cervical_cancer,1.0,51168,0.059971766038374466,1.6802911758422852
0.8904573687182383,0.6,0.8181818181818182,0.6923076923076923,0.6772007708377219,0.9079616036137775,0.028139999136328697,0.14268076637138924,0.07085467493811319,0.07085467493811319,0.012187004089355469,1,3,FastKAN,cervical_cancer,1.0,77984,0.06184425618913439,1.4130890369415283
0.9482954545454545,0.8333333333333334,0.9090909090909091,0.8695652173913043,0.8611156451800931,0.9920454545454546,0.014995605684816837,0.042898465879261494,0.06428796645493536,0.06428796645493536,0.010993242263793945,1,4,FastKAN,cervical_cancer,1.0,77984,0.06034627556800842,1.8451731204986572
0.8511363636363636,0.6666666666666666,0.7272727272727273,0.6956521739130435,0.6744860186581717,0.8738636363636364,0.029108373448252678,0.10430935374461114,0.07693669949358667,0.07693669949358667,0.01315617561340332,1,5,FastKAN,cervical_cancer,1.0,52896,0.0618097280201159,1.490159273147583
0.769621682665161,0.8571428571428571,0.5454545454545454,0.6666666666666666,0.6677333980072053,0.9124788255223039,0.022710392251610756,0.08089001655268173,0.0679603842801826,0.0679603842801826,0.011689186096191406,2,1,FastKAN,cervical_cancer,1.0,52320,0.06005087265601525,1.9919459819793701
0.8935629587803502,0.6428571428571429,0.8181818181818182,0.72,0.7043052599705966,0.9045736871823828,0.026698675006628036,0.08569215261377394,0.0708366549292276,0.0708366549292276,0.012183904647827148,2,2,FastKAN,cervical_cancer,1.0,30112,0.05977423985799154,1.8277180194854736
0.9906832298136645,0.7857142857142857,1.0,0.88,0.8781079927036562,0.9875776397515528,0.01937277428805828,0.06337105482816696,0.061495359553847204,0.061495359553847204,0.010577201843261719,2,3,FastKAN,cervical_cancer,1.0,54048,0.0609555721282959,1.9380543231964111
0.899715909090909,0.75,0.8181818181818182,0.782608695652174,0.7678008319191324,0.93125,0.01952975243330002,0.06902422686107457,0.07283060174239309,0.07283060174239309,0.012454032897949219,2,4,FastKAN,cervical_cancer,1.0,77984,0.06079930067062378,1.5536491870880127
0.7508522727272727,0.46153846153846156,0.5454545454545454,0.5,0.46441276676461507,0.9142045454545454,0.04456520453095436,0.1858081358174483,0.06898801926283808,0.06898801926283808,0.011796951293945312,2,5,FastKAN,cervical_cancer,1.0,29152,0.059725090861320496,1.2194156646728516
0.8997741389045737,0.75,0.8181818181818182,0.782608695652174,0.7678976851666153,0.898927159796725,0.029172709211707115,0.09593724645674229,0.06406944851542629,0.06406944851542629,0.01101994514465332,3,1,FastKAN,cervical_cancer,1.0,53472,0.06182748930794852,1.6554069519042969
0.9452286843591191,0.7692307692307693,0.9090909090909091,0.8333333333333334,0.8242371296518912,0.9582156973461321,0.021743321791291237,0.07658382272347808,0.05942998930465343,0.05942998930465343,0.01022195816040039,3,2,FastKAN,cervical_cancer,1.0,52896,0.06049257516860962,1.2330000400543213
0.7665160926030491,0.75,0.5454545454545454,0.631578947368421,0.6192924653572738,0.9824957651044608,0.027683552354574203,0.07086140926306446,0.0664189804432004,0.0664189804432004,0.011424064636230469,3,3,FastKAN,cervical_cancer,1.0,54048,0.06005296399516444,2.374789237976074
0.9028409090909091,0.8181818181818182,0.8181818181818182,0.8181818181818182,0.8056818181818182,0.9090909090909091,0.021181633695960045,0.08076600233713786,0.0740059635095429,0.0740059635095429,0.012655019760131836,3,4,FastKAN,cervical_cancer,1.0,75488,0.05987886282113882,0.9967391490936279
0.7178977272727273,0.625,0.45454545454545453,0.5263157894736842,0.5062910315390183,0.8960227272727272,0.034801822155714035,0.18376745469868183,0.06381252355742872,0.06381252355742872,0.010911941528320312,3,5,FastKAN,cervical_cancer,1.0,77984,0.060639842351277666,1.1630451679229736
0.754093732354602,0.5,0.5454545454545454,0.5217391304347826,0.48807056260589954,0.8198757763975155,0.03639434278011322,0.12483114733671148,0.09608130122340003,0.09608130122340003,0.016525983810424805,1,1,ChebyKAN,cervical_cancer,1.0,41632,0.06135411560535431,1.2582788467407227
0.9328063241106719,0.5882352941176471,0.9090909090909091,0.7142857142857143,0.7096473159168414,0.9757199322416714,0.03245915472507477,0.09179318106422822,0.05895869676456895,0.05895869676456895,0.01014089584350586,1,2,ChebyKAN,cervical_cancer,1.0,22848,0.055529740121629506,1.2890238761901855
0.8181818181818181,1.0,0.6363636363636364,0.7777777777777778,0.7879953293760422,0.9085262563523434,0.02313217706978321,0.13430744223296642,0.07114022277122321,0.07114022277122321,0.01223611831665039,1,3,ChebyKAN,cervical_cancer,1.0,24128,0.05459792912006378,1.127525806427002
0.9451704545454545,0.7692307692307693,0.9090909090909091,0.8333333333333334,0.8241617276558911,0.9897727272727272,0.016370031982660294,0.053164005589981876,0.07163850884688527,0.07163850884688527,0.012250185012817383,1,4,ChebyKAN,cervical_cancer,1.0,24128,0.05469051529379452,1.2029681205749512
0.8056818181818182,0.6363636363636364,0.6363636363636364,0.6363636363636364,0.6113636363636363,0.9005681818181818,0.032304808497428894,0.1079842463756601,0.06429214923702485,0.06429214923702485,0.01099395751953125,1,5,ChebyKAN,cervical_cancer,1.0,29472,0.058568843205769855,1.1266138553619385
0.9028797289666854,0.8181818181818182,0.8181818181818182,0.8181818181818182,0.805759457933371,0.9887069452286844,0.021408936008810997,0.07476353839350243,0.07105150888132494,0.07105150888132494,0.01222085952758789,2,1,ChebyKAN,cervical_cancer,1.0,40736,0.06075055845852556,2.2577579021453857
0.8904573687182383,0.6,0.8181818181818182,0.6923076923076923,0.6772007708377219,0.9249011857707511,0.029483534395694733,0.09354499184216063,0.06888910781505496,0.06888910781505496,0.011848926544189453,2,2,ChebyKAN,cervical_cancer,1.0,24128,0.05518825352191925,1.140822172164917
0.9906832298136645,0.7857142857142857,1.0,0.88,0.8781079927036562,0.9971767363071711,0.013897260650992393,0.05475729703903198,0.07460422294084416,0.07460422294084416,0.012831926345825195,2,3,ChebyKAN,cervical_cancer,1.0,30112,0.056026490529378255,1.0845258235931396
0.8056818181818182,0.6363636363636364,0.6363636363636364,0.6363636363636364,0.6113636363636363,0.9857954545454546,0.026229701936244965,0.08192109619267285,0.08173016776815492,0.08173016776815492,0.013975858688354492,2,4,ChebyKAN,cervical_cancer,1.0,42080,0.06023238764868842,1.387420892715454
0.7539772727272727,0.5,0.5454545454545454,0.5217391304347826,0.4878563921362504,0.8500000000000001,0.043250922113657,0.18029387419422468,0.06687153152555053,0.06687153152555053,0.01143503189086914,2,5,ChebyKAN,cervical_cancer,1.0,23360,0.05457678437232971,1.1283292770385742
0.7179559570863918,0.625,0.45454545454545453,0.5263157894736842,0.5064552788726858,0.893845285149633,0.032596927136182785,0.10048648971132934,0.06164645039758017,0.06164645039758017,0.010603189468383789,3,1,ChebyKAN,cervical_cancer,1.0,23872,0.05618474960327149,1.8068759441375732
0.9390175042348956,0.6666666666666666,0.9090909090909091,0.7692307692307693,0.7614224140655513,0.9395821569734613,0.023488758131861687,0.07994443139371772,0.06250586620596953,0.06250586620596953,0.010751008987426758,3,2,ChebyKAN,cervical_cancer,1.0,29472,0.05800355564464222,1.6407899856567383
0.8966685488424619,0.6923076923076923,0.8181818181818182,0.75,0.7343393577431244,0.9853190287972897,0.024105340242385864,0.06719184884180625,0.059679497119992285,0.059679497119992285,0.010264873504638672,3,3,ChebyKAN,cervical_cancer,1.0,24128,0.054405000474717885,1.2670881748199463
0.8542613636363636,0.7272727272727273,0.7272727272727273,0.7272727272727273,0.7085227272727272,0.9198863636363636,0.023933064192533493,0.08258507338662942,0.07381913257621185,0.07381913257621185,0.012623071670532227,3,4,ChebyKAN,cervical_cancer,1.0,40736,0.061028941472371416,1.1700310707092285
0.8511363636363636,0.6666666666666666,0.7272727272727273,0.6956521739130435,0.6744860186581717,0.897159090909091,0.03405601158738136,0.16988477483391762,0.06721730817828261,0.06721730817828261,0.011494159698486328,3,5,ChebyKAN,cervical_cancer,1.0,24128,0.05655522644519806,1.1684579849243164
0.7148503670242801,0.5555555555555556,0.45454545454545453,0.5,0.47212861075418316,0.8198757763975156,0.04207901284098625,0.14831636225183806,0.09008202441903047,0.09008202441903047,0.015494108200073242,1,1,JacobiKAN,cervical_cancer,1.0,41632,0.06970864075880784,1.1559638977050781
0.9390175042348956,0.6666666666666666,0.9090909090909091,0.7692307692307693,0.7614224140655513,0.9785431959345003,0.027700133621692657,0.07949614369620879,0.07203429244285407,0.07203429244285407,0.012389898300170898,1,2,JacobiKAN,cervical_cancer,1.0,22848,0.05867657990291201,2.190077066421509
0.8997741389045737,0.75,0.8181818181818182,0.782608695652174,0.7678976851666153,0.8763410502540937,0.02429926209151745,0.12986556440591812,0.07124002589735874,0.07124002589735874,0.012253284454345703,1,3,JacobiKAN,cervical_cancer,1.0,42080,0.06545490877968925,1.1665396690368652
0.899715909090909,0.75,0.8181818181818182,0.782608695652174,0.7678008319191324,0.9909090909090909,0.01805325224995613,0.06245214926699797,0.08402930365668403,0.08402930365668403,0.014369010925292969,1,4,JacobiKAN,cervical_cancer,1.0,30112,0.06316256523132324,1.298746109008789
0.8965909090909091,0.6923076923076923,0.8181818181818182,0.75,0.7342244874330721,0.9659090909090909,0.02994678169488907,0.10261289806415637,0.07231054250259845,0.07231054250259845,0.012365102767944336,1,5,JacobiKAN,cervical_cancer,1.0,23616,0.056944627028245196,0.9570050239562988
0.8997741389045737,0.75,0.8181818181818182,0.782608695652174,0.7678976851666153,0.9102202145680406,0.021517356857657433,0.08048152939106028,0.08418670920438544,0.08418670920438544,0.014480113983154297,2,1,JacobiKAN,cervical_cancer,1.0,40736,0.06562976539134979,1.334813117980957
0.9390175042348956,0.6666666666666666,0.9090909090909091,0.7692307692307693,0.7614224140655513,0.9006211180124223,0.026298964396119118,0.08885405429949363,0.07108754889909612,0.07108754889909612,0.012227058410644531,2,2,JacobiKAN,cervical_cancer,1.0,24128,0.05811447932802398,2.177949905395508
0.9421230942970074,0.7142857142857143,0.9090909090909091,0.8,0.7912066263371264,0.9915302089215132,0.018898550420999527,0.05870505049824715,0.07159903992054074,0.07159903992054074,0.012315034866333008,2,3,JacobiKAN,cervical_cancer,1.0,30112,0.06028494834899902,1.5494928359985352
0.8965909090909091,0.6923076923076923,0.8181818181818182,0.75,0.7342244874330721,0.9539772727272728,0.02264401875436306,0.07732560974545777,0.06909956011855811,0.06909956011855811,0.011816024780273438,2,4,JacobiKAN,cervical_cancer,1.0,24128,0.057837651326106146,1.9418470859527588
0.6363636363636364,1.0,0.2727272727272727,0.42857142857142855,0.5096471914376256,0.7806818181818183,0.04045853391289711,0.19370283869405588,0.08921037640487939,0.08921037640487939,0.015254974365234375,2,5,JacobiKAN,cervical_cancer,1.0,29152,0.06028035481770833,1.1647920608520508
0.627046866177301,0.5,0.2727272727272727,0.35294117647058826,0.3388235309124364,0.8819875776397516,0.042700186371803284,0.14836794153476754,0.07922704829726109,0.07922704829726109,0.013627052307128906,3,1,JacobiKAN,cervical_cancer,1.0,41632,0.06717141469319661,1.281764030456543
0.9390175042348956,0.6666666666666666,0.9090909090909091,0.7692307692307693,0.7614224140655513,0.9209486166007905,0.025380894541740417,0.08632926534240444,0.08039003194764603,0.08039003194764603,0.013827085494995117,3,2,JacobiKAN,cervical_cancer,1.0,29472,0.0598478635152181,1.1544880867004395
0.8512140033879164,0.6666666666666666,0.7272727272727273,0.6956521739130435,0.6746219776463768,0.9847543760587238,0.026552166789770126,0.08368496938298146,0.0833272933959961,0.0833272933959961,0.014332294464111328,3,3,JacobiKAN,cervical_cancer,1.0,42080,0.06492295265197753,1.2365610599517822
0.8119318181818183,0.7777777777777778,0.6363636363636364,0.7,0.6854365268376295,0.9818181818181818,0.027203278616070747,0.09136086120270193,0.08890642757304232,0.08890642757304232,0.015202999114990234,3,4,JacobiKAN,cervical_cancer,1.0,40736,0.06635145843029022,1.3462510108947754
0.8511363636363636,0.6666666666666666,0.7272727272727273,0.6956521739130435,0.6744860186581717,0.8857954545454546,0.033473312854766846,0.15719309573372206,0.05332071181626347,0.05332071181626347,0.009117841720581055,3,5,JacobiKAN,cervical_cancer,1.0,24128,0.05677676200866699,1.1694719791412354
0.8450028232636928,0.5714285714285714,0.7272727272727273,0.64,0.6174038936040667,0.8249576510446077,0.03602893278002739,0.12179481983184814,0.08609405783719794,0.08609405783719794,0.014808177947998047,1,1,LegendreKAN,cervical_cancer,1.0,41632,0.06712446493261001,1.443894863128662
0.8935629587803502,0.6428571428571429,0.8181818181818182,0.72,0.7043052599705966,0.9294184076792773,0.031923919916152954,0.10216380717853706,0.07592245589855105,0.07592245589855105,0.013058662414550781,1,2,LegendreKAN,cervical_cancer,1.0,22848,0.055945912996927895,1.3006229400634766
0.8997741389045737,0.75,0.8181818181818182,0.782608695652174,0.7678976851666153,0.9536984754376059,0.026380982249975204,0.13607349743445715,0.0454589378002078,0.0454589378002078,0.007818937301635742,1,3,LegendreKAN,cervical_cancer,1.0,24128,0.05580813744488884,1.2219738960266113
0.9451704545454545,0.7692307692307693,0.9090909090909091,0.8333333333333334,0.8241617276558911,0.9892045454545454,0.017136607319116592,0.052924657706171274,0.052408865320752236,0.052408865320752236,0.008961915969848633,1,4,LegendreKAN,cervical_cancer,1.0,24128,0.0565984352775242,1.680968999862671
0.8056818181818182,0.6363636363636364,0.6363636363636364,0.6363636363636364,0.6113636363636363,0.9056818181818183,0.03200535848736763,0.10722936022405823,0.09243808991727774,0.09243808991727774,0.015806913375854492,1,5,LegendreKAN,cervical_cancer,1.0,41184,0.06538832755315871,1.741515874862671
0.8543195934500283,0.7272727272727273,0.7272727272727273,0.7272727272727273,0.7086391869000565,0.9147374364765669,0.024035299196839333,0.08061820385046303,0.09030796760736509,0.09030796760736509,0.015532970428466797,2,1,LegendreKAN,cervical_cancer,1.0,40736,0.0646711371161721,1.8087260723114014
0.8966685488424619,0.6923076923076923,0.8181818181818182,0.75,0.7343393577431244,0.9011857707509883,0.029680876061320305,0.09588595398236066,0.06431479786717614,0.06431479786717614,0.011062145233154297,2,2,LegendreKAN,cervical_cancer,1.0,24128,0.056490256236149713,1.9014899730682373
0.8997741389045737,0.75,0.8181818181818182,0.782608695652174,0.7678976851666153,0.9966120835686053,0.015494022518396378,0.05227971418450276,0.08529563282811364,0.08529563282811364,0.014670848846435547,2,3,LegendreKAN,cervical_cancer,1.0,42080,0.06456477112240261,1.4794631004333496
0.9420454545454545,0.7142857142857143,0.9090909090909091,0.8,0.7911146277286897,0.9914772727272728,0.021136879920959473,0.07251479655193786,0.06457936694050394,0.06457936694050394,0.011043071746826172,2,4,LegendreKAN,cervical_cancer,1.0,24128,0.0568386666914996,1.2476959228515625
0.5,0.0,0.0,0.0,0.0,0.8920454545454546,0.04760022088885307,0.19050163154800734,0.06974928560312729,0.06974928560312729,0.011927127838134766,2,5,LegendreKAN,cervical_cancer,1.0,23360,0.056489054361979166,1.095829963684082
0.8543195934500283,0.7272727272727273,0.7272727272727273,0.7272727272727273,0.7086391869000565,0.9051383399209486,0.031201595440506935,0.11395211393634479,0.07417451503664947,0.07417451503664947,0.012758016586303711,3,1,LegendreKAN,cervical_cancer,1.0,29792,0.05971674358143526,1.3028030395507812
0.9483342744212309,0.8333333333333334,0.9090909090909091,0.8695652173913043,0.8611733926868539,0.9514398644833427,0.01330162025988102,0.06085037983333071,0.08165559103322584,0.08165559103322584,0.014044761657714844,3,2,LegendreKAN,cervical_cancer,1.0,41184,0.0647109673947704,4.032909870147705
0.8481084133258047,0.6153846153846154,0.7272727272727273,0.6666666666666666,0.6444415858343575,0.9841897233201581,0.02685481496155262,0.07340717812379201,0.06566214007000591,0.06566214007000591,0.011293888092041016,3,3,LegendreKAN,cervical_cancer,1.0,24128,0.05611591868930393,1.3065097332000732
0.8119318181818183,0.7777777777777778,0.6363636363636364,0.7,0.6854365268376295,0.9147727272727272,0.02172236517071724,0.07579289237037301,0.08412411338404606,0.08412411338404606,0.014385223388671875,3,4,LegendreKAN,cervical_cancer,1.0,40736,0.06532763110266791,1.4954512119293213
0.8056818181818182,0.6363636363636364,0.6363636363636364,0.6363636363636364,0.6113636363636363,0.9090909090909091,0.03357372432947159,0.16036266895631948,0.07700083548562568,0.07700083548562568,0.013167142868041992,3,5,LegendreKAN,cervical_cancer,1.0,30112,0.05914507806301117,1.2162981033325195
0.5909090909090909,1.0,0.18181818181818182,0.3076923076923077,0.41496085763477014,0.839638622247318,0.040111690759658813,0.1341805892686049,0.07592384205308071,0.07592384205308071,0.013058900833129883,1,1,GramKAN,cervical_cancer,1.0,29792,0.05609033902486165,1.0875592231750488
0.7995482778091474,0.5384615384615384,0.6363636363636364,0.5833333333333334,0.5545438139255907,0.974025974025974,0.032705772668123245,0.09024524890507261,0.07142438444980355,0.07142438444980355,0.012284994125366211,1,2,GramKAN,cervical_cancer,1.0,39840,0.060192748478480745,2.7015600204467773
0.9028797289666854,0.8181818181818182,0.8181818181818182,0.8181818181818182,0.805759457933371,0.9017504234895539,0.024299895390868187,0.13104728733499846,0.08030824883039607,0.08030824883039607,0.013813018798828125,1,3,GramKAN,cervical_cancer,1.0,42080,0.059599775534409746,1.9927141666412354
0.990625,0.7857142857142857,1.0,0.88,0.8780558882310071,0.9892045454545454,0.016245825216174126,0.058229668686787285,0.0854570266099004,0.0854570266099004,0.014613151550292969,1,4,GramKAN,cervical_cancer,1.0,42080,0.06031761346039949,2.086378335952759
0.8903409090909091,0.6,0.8181818181818182,0.6923076923076923,0.6770526934074996,0.9698863636363637,0.03384469449520111,0.1061658482067287,0.06498230828179254,0.06498230828179254,0.011111974716186523,1,5,GramKAN,cervical_cancer,1.0,23616,0.053665751502627417,1.46687912940979
0.8997741389045737,0.75,0.8181818181818182,0.782608695652174,0.7678976851666153,0.9356295878035008,0.02146848663687706,0.08050911124640454,0.06968198820602062,0.06968198820602062,0.011985301971435547,2,1,GramKAN,cervical_cancer,1.0,40736,2.4306207856824322,75.87666606903076
0.9390175042348956,0.6666666666666666,0.9090909090909091,0.7692307692307693,0.7614224140655513,0.8955392433653303,0.025550955906510353,0.08493468724191189,0.06647165431532749,0.06647165431532749,0.011433124542236328,2,2,GramKAN,cervical_cancer,1.0,24128,0.0528785554986251,1.304440975189209
0.9452286843591191,0.7692307692307693,0.9090909090909091,0.8333333333333334,0.8242371296518912,0.9943534726143421,0.017427751794457436,0.0600157305598259,0.06823345672252566,0.06823345672252566,0.011736154556274414,2,3,GramKAN,cervical_cancer,1.0,30112,0.05431885304658309,1.6170251369476318
0.899715909090909,0.75,0.8181818181818182,0.782608695652174,0.7678008319191324,0.9829545454545454,0.023973112925887108,0.0798496506176889,0.07408264784785043,0.07408264784785043,0.012668132781982422,2,4,GramKAN,cervical_cancer,1.0,42080,0.05768450568704044,1.2616639137268066
0.7571022727272727,0.5454545454545454,0.5454545454545454,0.5454545454545454,0.5142045454545454,0.83125,0.04219488054513931,0.19593039900064468,0.06280865585594846,0.06280865585594846,0.010740280151367188,2,5,GramKAN,cervical_cancer,1.0,29152,0.05409909697139964,1.194011926651001
0.8966685488424619,0.6923076923076923,0.8181818181818182,0.75,0.7343393577431244,0.9000564652738565,0.02819877117872238,0.09678828436881304,0.06716750388921694,0.06716750388921694,0.011552810668945312,3,1,GramKAN,cervical_cancer,1.0,29792,0.05430076672480656,1.8295249938964844
0.9421230942970074,0.7142857142857143,0.9090909090909091,0.8,0.7912066263371264,0.9582156973461321,0.020682470872998238,0.07271544487836461,0.06491223046945971,0.06491223046945971,0.01116490364074707,3,2,GramKAN,cervical_cancer,1.0,23616,0.05635603268941244,1.312633752822876
0.9782608695652174,0.6111111111111112,1.0,0.7586206896551724,0.7645528515426075,0.9858836815358555,0.027799630537629128,0.08138803206384182,0.08002131484275642,0.08002131484275642,0.013763666152954102,3,3,GramKAN,cervical_cancer,1.0,30112,0.05780911445617676,1.7143197059631348
0.8119318181818183,0.7777777777777778,0.6363636363636364,0.7,0.6854365268376295,0.9176136363636364,0.02631370909512043,0.0863644437243541,0.0678475140131008,0.0678475140131008,0.011601924896240234,3,4,GramKAN,cervical_cancer,1.0,23360,0.056024379200405545,1.3064429759979248
0.8056818181818182,0.6363636363636364,0.6363636363636364,0.6363636363636364,0.6113636363636363,0.8897727272727273,0.034276947379112244,0.165345197233061,0.07580734832942138,0.07580734832942138,0.012963056564331055,3,5,GramKAN,cervical_cancer,1.0,42080,0.0629240217662993,1.6988239288330078
0.754093732354602,0.5,0.5454545454545454,0.5217391304347826,0.48807056260589954,0.8204404291360814,0.03946547582745552,0.12627251679077744,0.06566214007000591,0.06566214007000591,0.011293888092041016,1,1,TaylorKAN,cervical_cancer,1.0,41632,0.05708832967849005,1.539585828781128
0.8481084133258047,0.6153846153846154,0.7272727272727273,0.6666666666666666,0.6444415858343575,0.9762845849802372,0.03140093758702278,0.08758255125333865,0.06286488022915153,0.06286488022915153,0.010812759399414062,1,2,TaylorKAN,cervical_cancer,1.0,28512,0.0532286495997988,2.0054290294647217
0.8966685488424619,0.6923076923076923,0.8181818181818182,0.75,0.7343393577431244,0.8526256352343308,0.025601385161280632,0.1396775028357903,0.06053475446479265,0.06053475446479265,0.010411977767944336,1,3,TaylorKAN,cervical_cancer,1.0,30112,0.052965305068276146,1.5154149532318115
0.9875,0.7333333333333333,1.0,0.8461538461538461,0.8455767262643882,0.9909090909090909,0.017220333218574524,0.054540430971731745,0.06621622899819536,0.06621622899819536,0.011322975158691406,1,4,TaylorKAN,cervical_cancer,1.0,42080,0.05475337505340576,1.4180848598480225
0.8542613636363636,0.7272727272727273,0.7272727272727273,0.7272727272727273,0.7085227272727272,0.8988636363636363,0.029770616441965103,0.10394224353755514,0.07220457868966443,0.07220457868966443,0.012346982955932617,1,5,TaylorKAN,cervical_cancer,1.0,41184,0.05505586995018853,1.2832701206207275
0.9028797289666854,0.8181818181818182,0.8181818181818182,0.8181818181818182,0.805759457933371,0.9587803500846979,0.0176186915487051,0.06924224249087274,0.06386845610862556,0.06386845610862556,0.010985374450683594,2,1,TaylorKAN,cervical_cancer,1.0,29152,0.05324785087419593,3.175290107727051
0.9390175042348956,0.6666666666666666,0.9090909090909091,0.7692307692307693,0.7614224140655513,0.9000564652738566,0.026872901245951653,0.08753508453567822,0.056115693824235785,0.056115693824235785,0.009651899337768555,2,2,TaylorKAN,cervical_cancer,1.0,24128,0.05214540660381317,1.0886101722717285
0.8605307735742518,0.8888888888888888,0.7272727272727273,0.8,0.7922578658779131,0.9954827780914737,0.017395775765180588,0.05954085880269607,0.06247259849725768,0.06247259849725768,0.01074528694152832,2,3,TaylorKAN,cervical_cancer,1.0,24128,0.05210579633712768,1.3570239543914795
0.9389204545454546,0.6666666666666666,0.9090909090909091,0.7692307692307693,0.761314709835944,0.9897727272727274,0.023976504802703857,0.07532982000460227,0.06467835944995545,0.06467835944995545,0.011059999465942383,2,4,TaylorKAN,cervical_cancer,1.0,24128,0.051886895123650044,1.152346134185791
0.7508522727272727,0.46153846153846156,0.5454545454545454,0.5,0.46441276676461507,0.8534090909090909,0.04571890830993652,0.18579183022181192,0.06357271071763067,0.06357271071763067,0.010870933532714844,2,5,TaylorKAN,cervical_cancer,1.0,40736,0.054911285638809204,1.1377899646759033
0.7634105025409372,0.6666666666666666,0.5454545454545454,0.6,0.5788383624620932,0.9051383399209485,0.030166132375597954,0.09530873394881685,0.06920376489328783,0.06920376489328783,0.011903047561645508,3,1,TaylorKAN,cervical_cancer,1.0,41632,0.05483117699623108,1.7028160095214844
0.8997741389045737,0.75,0.8181818181818182,0.782608695652174,0.7678976851666153,0.9136081309994353,0.02093188650906086,0.07458627635302643,0.0553131103515625,0.0553131103515625,0.00951385498046875,3,2,TaylorKAN,cervical_cancer,1.0,23616,0.05251851081848145,2.390436887741089
0.9390175042348956,0.6666666666666666,0.9090909090909091,0.7692307692307693,0.7614224140655513,0.9836250705815923,0.024005763232707977,0.06709634109089772,0.07762742597003315,0.07762742597003315,0.013351917266845703,3,3,TaylorKAN,cervical_cancer,1.0,42080,0.0548014243443807,2.1305768489837646
0.8119318181818183,0.7777777777777778,0.6363636363636364,0.7,0.6854365268376295,0.9170454545454545,0.023929690942168236,0.08463920870174964,0.06338587978429962,0.06338587978429962,0.010838985443115234,3,4,TaylorKAN,cervical_cancer,1.0,40736,0.055103334513577545,1.5693230628967285
0.8511363636363636,0.6666666666666666,0.7272727272727273,0.6956521739130435,0.6744860186581717,0.9107954545454545,0.034544918686151505,0.16471339638034502,0.06339703386987162,0.06339703386987162,0.010840892791748047,3,5,TaylorKAN,cervical_cancer,1.0,42080,0.055588903427124026,1.7933158874511719
0.7995482778091474,0.5384615384615384,0.6363636363636364,0.5833333333333334,0.5545438139255907,0.8503670242800678,0.035026926547288895,0.1185495409493645,0.10582596756691155,0.10582596756691155,0.01820206642150879,1,1,WavKAN,cervical_cancer,1.0,148192,0.09057960143456092,1.3665752410888672
0.8026538678712591,0.5833333333333334,0.6363636363636364,0.6086956521739131,0.5813462701261382,0.9186900056465274,0.030639635398983955,0.09563039072478811,0.11399457621019941,0.11399457621019941,0.019607067108154297,1,2,WavKAN,cervical_cancer,1.0,209760,0.10670158068339029,1.8405709266662598
0.7603049124788255,0.6,0.5454545454545454,0.5714285714285714,0.5443323346087288,0.9316770186335404,0.031813714653253555,0.14527488437791666,0.07822763088137603,0.07822763088137603,0.01345515251159668,1,3,WavKAN,cervical_cancer,1.0,221600,0.11084195772806803,1.9125890731811523
0.899715909090909,0.75,0.8181818181818182,0.782608695652174,0.7678008319191324,0.9903409090909091,0.016346370801329613,0.050865179082999624,0.08093543917114972,0.08093543917114972,0.013839960098266602,1,4,WavKAN,cervical_cancer,1.0,221600,0.1114311695098877,1.9214742183685303
0.8511363636363636,0.6666666666666666,0.7272727272727273,0.6956521739130435,0.6744860186581717,0.9545454545454546,0.030992848798632622,0.10734492711101969,0.08515168351736682,0.08515168351736682,0.014560937881469727,1,5,WavKAN,cervical_cancer,1.0,216864,0.11100770950317383,3.190128803253174
0.8543195934500283,0.7272727272727273,0.7272727272727273,0.7272727272727273,0.7086391869000565,0.9215132693393563,0.02370019257068634,0.08521443093195558,0.08342293805854266,0.08342293805854266,0.014348745346069336,2,1,WavKAN,cervical_cancer,1.0,144992,0.08938147340502058,2.9117519855499268
0.8935629587803502,0.6428571428571429,0.8181818181818182,0.72,0.7043052599705966,0.8989271597967251,0.029702788218855858,0.09376793983392417,0.08968558422354765,0.08968558422354765,0.015425920486450195,2,2,WavKAN,cervical_cancer,1.0,149792,0.09104057720729283,1.4814059734344482
0.8997741389045737,0.75,0.8181818181818182,0.782608695652174,0.7678976851666153,0.9932241671372106,0.016047069802880287,0.050488634034991264,0.09081945862880973,0.09081945862880973,0.015620946884155273,2,3,WavKAN,cervical_cancer,1.0,149792,0.09138711293538411,2.230743169784546
0.8934659090909092,0.6428571428571429,0.8181818181818182,0.72,0.7041733672263722,0.9840909090909091,0.02476034127175808,0.0788586678293844,0.11038501360263044,0.11038501360263044,0.018875837326049805,2,4,WavKAN,cervical_cancer,1.0,221600,0.11318761507670085,1.9519920349121094
0.7539772727272727,0.5,0.5454545454545454,0.5217391304347826,0.4878563921362504,0.8352272727272727,0.045926664024591446,0.20273208990693092,0.06896431683099757,0.06896431683099757,0.011792898178100586,2,5,WavKAN,cervical_cancer,1.0,75488,0.07004969460623604,1.1543760299682617
0.7603049124788255,0.6,0.5454545454545454,0.5714285714285714,0.5443323346087288,0.9085262563523432,0.03614841401576996,0.11910140017668407,0.05634302316710007,0.05634302316710007,0.009690999984741211,3,1,WavKAN,cervical_cancer,1.0,77152,0.06998029121985802,2.1452882289886475
0.8543195934500283,0.7272727272727273,0.7272727272727273,0.7272727272727273,0.7086391869000565,0.9328063241106719,0.02085684984922409,0.0745798444841057,0.05566380744756654,0.05566380744756654,0.009574174880981445,3,2,WavKAN,cervical_cancer,1.0,76320,0.07042762085243508,2.2433841228485107
0.9359119141727837,0.625,0.9090909090909091,0.7407407407407407,0.7343713491359213,0.9892715979672502,0.023578548803925514,0.06656841654330492,0.08594712545705396,0.08594712545705396,0.014782905578613281,3,3,WavKAN,cervical_cancer,1.0,149792,0.09198760986328125,2.34702205657959
0.9028409090909091,0.8181818181818182,0.8181818181818182,0.8181818181818182,0.8056818181818182,0.9738636363636364,0.022332077845931053,0.0821242534245054,0.08209825259203102,0.08209825259203102,0.014038801193237305,3,4,WavKAN,cervical_cancer,1.0,214496,0.11001269022623698,1.5174541473388672
0.8511363636363636,0.6666666666666666,0.7272727272727273,0.6956521739130435,0.6744860186581717,0.9159090909090909,0.035406604409217834,0.16609507923324904,0.09315195139388592,0.09315195139388592,0.015928983688354492,3,5,WavKAN,cervical_cancer,1.0,221600,0.11283409595489502,1.8177409172058105
0.7995482778091474,0.5384615384615384,0.6363636363636364,0.5833333333333334,0.5545438139255907,0.8164878599661208,0.04366225376725197,0.14831587548057237,0.06849543992863144,0.06849543992863144,0.01178121566772461,1,1,ReLUKAN,cervical_cancer,1.0,100832,0.06427438259124756,1.6433699131011963
0.8450028232636928,0.5714285714285714,0.7272727272727273,0.64,0.6174038936040667,0.9734613212874083,0.03240546956658363,0.0929711291876932,0.06807404895161473,0.06807404895161473,0.011708736419677734,1,2,ReLUKAN,cervical_cancer,1.0,51168,0.06129367010934012,2.203702926635742
0.8512140033879164,0.6666666666666666,0.7272727272727273,0.6956521739130435,0.6746219776463768,0.9085262563523433,0.029657501727342606,0.14049490292867026,0.06261675856834235,0.06261675856834235,0.010770082473754883,1,3,ReLUKAN,cervical_cancer,1.0,54048,0.06032522519429525,2.0925710201263428
0.9451704545454545,0.7692307692307693,0.9090909090909091,0.8333333333333334,0.8241617276558911,0.9880681818181819,0.01842045597732067,0.05983047978952527,0.06757284465589021,0.06757284465589021,0.011554956436157227,1,4,ReLUKAN,cervical_cancer,1.0,101920,0.0610710330631422,1.8042240142822266
0.8056818181818182,0.6363636363636364,0.6363636363636364,0.6363636363636364,0.6113636363636363,0.95625,0.030676908791065216,0.10560861912866433,0.06730932938425165,0.06730932938425165,0.011509895324707031,1,5,ReLUKAN,cervical_cancer,1.0,99744,0.05979439190455845,1.0750463008880615
0.8966685488424619,0.6923076923076923,0.8181818181818182,0.75,0.7343393577431244,0.906832298136646,0.026586849242448807,0.09145030518993735,0.07243627725645553,0.07243627725645553,0.012459039688110352,2,1,ReLUKAN,cervical_cancer,1.0,144992,0.0597035010655721,2.319226026535034
0.8935629587803502,0.6428571428571429,0.8181818181818182,0.72,0.7043052599705966,0.9215132693393563,0.030226463451981544,0.095417093563204,0.07044160088827443,0.07044160088827443,0.012115955352783203,2,2,ReLUKAN,cervical_cancer,1.0,101920,0.05967986583709717,2.1486871242523193
0.8605307735742518,0.8888888888888888,0.7272727272727273,0.8,0.7922578658779131,0.9949181253529079,0.01964528299868107,0.05997184788187345,0.06621660188187001,0.06621660188187001,0.01138925552368164,2,3,ReLUKAN,cervical_cancer,1.0,101920,0.05957678386143276,1.6102821826934814
0.8605113636363637,0.8888888888888888,0.7272727272727273,0.8,0.7921848383943094,0.9903409090909091,0.022019805386662483,0.07406624779105186,0.07164966293245728,0.07164966293245728,0.012252092361450195,2,4,ReLUKAN,cervical_cancer,1.0,101920,0.05948194662729899,2.2966818809509277
0.7994318181818182,0.5384615384615384,0.6363636363636364,0.5833333333333334,0.5543500069874341,0.8130681818181817,0.04426411911845207,0.20218859861294428,0.06868546469169749,0.06868546469169749,0.011745214462280273,2,5,ReLUKAN,cervical_cancer,1.0,98656,0.05839577674865723,1.8790781497955322
0.7634105025409372,0.6666666666666666,0.5454545454545454,0.6,0.5788383624620932,0.9237718802936193,0.0328049436211586,0.10105899364377062,0.06694849147353062,0.06694849147353062,0.011515140533447266,3,1,ReLUKAN,cervical_cancer,1.0,100832,0.059267210960388186,2.287248134613037
0.9421230942970074,0.7142857142857143,0.9090909090909091,0.8,0.7912066263371264,0.9587803500846979,0.025510236620903015,0.08349698347349961,0.06809899973314863,0.06809899973314863,0.011713027954101562,3,2,ReLUKAN,cervical_cancer,1.0,99744,0.05959736733209519,1.6112871170043945
0.8842461885940147,0.5294117647058824,0.8181818181818182,0.6428571428571429,0.6300260906476328,0.9813664596273292,0.031407445669174194,0.09048012861361106,0.06783701652704283,0.06783701652704283,0.011667966842651367,3,3,ReLUKAN,cervical_cancer,1.0,54048,0.05850619739956326,2.0345990657806396
0.8573863636363637,0.8,0.7272727272727273,0.7619047619047619,0.7473281978804637,0.9096590909090908,0.02079298533499241,0.07488382840529084,0.0640857986539428,0.0640857986539428,0.010958671569824219,3,4,ReLUKAN,cervical_cancer,1.0,144992,0.05853213310241699,1.8920238018035889
0.8025568181818181,0.5833333333333334,0.6363636363636364,0.6086956521739131,0.5811712053972111,0.8852272727272729,0.040009506046772,0.18239904815951982,0.0709985431871916,0.0709985431871916,0.012140750885009766,3,5,ReLUKAN,cervical_cancer,1.0,149792,0.0592200572674091,1.992901086807251
0.6693958215697347,0.5,0.36363636363636365,0.42105263157894735,0.39361809238809775,0.8932806324110673,0.04055823519810465,0.16216548235409753,0.13505442197932752,0.13505442197932752,0.023229360580444336,1,1,RandomForest,cervical_cancer,1.0,0,0.0,0.07555723190307617
0.7148503670242801,0.5555555555555556,0.45454545454545453,0.5,0.47212861075418316,0.9745906267645399,0.03269536355722814,0.09859533336661175,0.04350030144979788,0.04350030144979788,0.007482051849365234,1,2,RandomForest,cervical_cancer,1.0,0,0.0,0.023576974868774414
0.8543195934500283,0.7272727272727273,0.7272727272727273,0.7272727272727273,0.7086391869000565,0.9198193111236589,0.03121518922353675,0.11970939474381717,0.13009476107220316,0.13009476107220316,0.022376298904418945,1,3,RandomForest,cervical_cancer,1.0,0,0.0,0.07076501846313477
0.8150568181818182,0.875,0.6363636363636364,0.7368421052631579,0.7320427040114359,0.9920454545454546,0.021471403449986742,0.07810707882774043,0.07882034569455866,0.07882034569455866,0.013478279113769531,1,4,RandomForest,cervical_cancer,1.0,0,0.0,0.04203009605407715
0.8025568181818181,0.5833333333333334,0.6363636363636364,0.6086956521739131,0.5811712053972111,0.9142045454545453,0.03204631327594003,0.12865324709295334,0.06949692441706072,0.06949692441706072,0.011883974075317383,1,5,RandomForest,cervical_cancer,1.0,0,0.0,0.037570953369140625
0.8181818181818181,1.0,0.6363636363636364,0.7777777777777778,0.7879953293760422,0.9288537549407115,0.024830966851080143,0.27722049167082913,0.06469321805377339,0.06469321805377339,0.011127233505249023,2,1,RandomForest,cervical_cancer,1.0,0,0.0,0.03456401824951172
0.8966685488424619,0.6923076923076923,0.8181818181818182,0.75,0.7343393577431244,0.9672501411631845,0.027848131422684712,0.0924853148755007,0.07641869922016942,0.07641869922016942,0.01314401626586914,2,2,RandomForest,cervical_cancer,1.0,0,0.0,0.042139291763305664
0.8543195934500283,0.7272727272727273,0.7272727272727273,0.7272727272727273,0.7086391869000565,0.9870129870129871,0.023162176594055273,0.07680953046292727,0.10352772335673488,0.10352772335673488,0.0178067684173584,2,3,RandomForest,cervical_cancer,1.0,0,0.0,0.05849027633666992
0.7602272727272728,0.6,0.5454545454545454,0.5714285714285714,0.5441594827174123,0.9630681818181818,0.030283230299626592,0.09965465790459496,0.1712877150864629,0.1712877150864629,0.029290199279785156,2,4,RandomForest,cervical_cancer,1.0,0,0.0,0.09559822082519531
0.6630681818181818,0.4,0.36363636363636365,0.38095238095238093,0.34099076755436103,0.8863636363636365,0.046677697031625255,0.16925138759471955,0.13140488786306995,0.13140488786306995,0.02247023582458496,2,5,RandomForest,cervical_cancer,1.0,0,0.0,0.06951498985290527
0.7210615471485037,0.7142857142857143,0.45454545454545453,0.5555555555555556,0.5474714666383683,0.9446640316205533,0.033742399322780225,0.11640391346240421,0.21628584972647735,0.21628584972647735,0.0372011661529541,3,1,RandomForest,cervical_cancer,1.0,0,0.0,0.12136030197143555
0.9421230942970074,0.7142857142857143,0.9090909090909091,0.8,0.7912066263371264,0.961038961038961,0.027691568030083113,0.0997068902998711,0.21217590154603472,0.21217590154603472,0.03649425506591797,3,2,RandomForest,cervical_cancer,1.0,0,0.0,0.12006974220275879
0.8512140033879164,0.6666666666666666,0.7272727272727273,0.6956521739130435,0.6746219776463768,0.9748729531338227,0.028663872862166703,0.08790025066598738,0.12954168541486874,0.12954168541486874,0.022281169891357422,3,3,RandomForest,cervical_cancer,1.0,0,0.0,0.07429075241088867
0.8119318181818183,0.7777777777777778,0.6363636363636364,0.7,0.6854365268376295,0.9630681818181818,0.024527119307621727,0.09173719873501636,0.20973166527106749,0.20973166527106749,0.03586411476135254,3,4,RandomForest,cervical_cancer,1.0,0,0.0,0.11760282516479492
0.7602272727272728,0.6,0.5454545454545454,0.5714285714285714,0.5441594827174123,0.9039772727272728,0.03582837550859242,0.3055305826035403,0.22172649004306014,0.22172649004306014,0.03791522979736328,3,5,RandomForest,cervical_cancer,1.0,0,0.0,0.12357306480407715
0.9162219339519764,0.9260732323232324,0.9162219339519764,0.919657234749797,0.9243528481637069,0.994994795317492,0.04000360683848624,0.07746656062123033,0.051425096574523634,0.051425096574523634,0.02190709114074707,1,1,StandardMLP,cardiotocography,1.0,1923,0.10367407798767089,5.030732154846191
0.9136858737555138,0.9234732555091837,0.9136858737555138,0.9181474813795051,0.9030168498841693,0.996249636648388,0.05129244999856141,0.10261159094183572,0.045289432301240815,0.045289432301240815,0.019248008728027344,1,2,StandardMLP,cardiotocography,1.0,13699,0.10376045578404476,2.393667221069336
0.9323262839879153,0.9709553303303303,0.9323262839879153,0.9474047953330939,0.9488328765208367,0.9962994579073928,0.038484796761061826,0.06825942842572529,0.05052959217744715,0.05052959217744715,0.02147507667541504,1,3,StandardMLP,cardiotocography,1.0,13699,0.10298653692007065,3.989104747772217
0.9239782594383444,0.9239782594383444,0.9239782594383444,0.9239782594383444,0.9103348503571537,0.988064292085603,0.053564986170163455,0.15566090805389518,0.0527034086339614,0.0527034086339614,0.022398948669433594,1,4,StandardMLP,cardiotocography,1.0,13827,0.10349786281585693,3.2554240226745605
0.9741415087208524,0.9575910376590105,0.9741415087208524,0.96570810803109,0.9495751421018228,0.99853920785456,0.030764204387183726,0.05477173335176693,0.04794625674977022,0.04794625674977022,0.020377159118652344,1,5,StandardMLP,cardiotocography,1.0,4803,0.10303470823499891,5.613162994384766
0.9265143196348071,0.9405769857382761,0.9265143196348071,0.9311970720794543,0.9307967091734454,0.9937272457146715,0.04661175550013435,0.0949640997485923,0.04742458952424672,0.04742458952424672,0.0202028751373291,2,1,StandardMLP,cardiotocography,1.0,1891,0.1023062801361084,3.097830057144165
0.9069447390815614,0.9522402992371273,0.9069447390815614,0.9277735128034529,0.9086855903228619,0.9932533650701761,0.048208675693598754,0.09127141267526895,0.049463720882640165,0.049463720882640165,0.02102208137512207,2,2,StandardMLP,cardiotocography,1.0,1923,0.10315071835237391,2.126716136932373
0.903839223230897,0.9349694522108315,0.903839223230897,0.9165781980380538,0.9098374968088622,0.9919521154914804,0.05721553600683217,0.11831868428479149,0.05350393407485064,0.05350393407485064,0.022739171981811523,2,3,StandardMLP,cardiotocography,1.0,4867,0.10301747688880333,3.2450928688049316
0.9153771314455424,0.954876244283024,0.9153771314455424,0.9333987504292183,0.9285494460024624,0.9976535598376909,0.03379116363474734,0.05868022639658323,0.05175534416647518,0.05175534416647518,0.021996021270751953,2,4,StandardMLP,cardiotocography,1.0,13827,0.10274619374956404,4.355262994766235
0.9267609342882014,0.9225829725829726,0.9267609342882014,0.9246494361738645,0.9234794000966482,0.9923375927229804,0.047088611964998466,0.10058949730799734,0.0485078026266659,0.0485078026266659,0.020615816116333008,2,5,StandardMLP,cardiotocography,1.0,13571,0.10407102108001709,2.517996072769165
0.9049485760018814,0.9373318206513055,0.9049485760018814,0.9170632024521969,0.904811402168397,0.9975271300151581,0.046428640097424735,0.07402529004639291,0.047445856909237,0.047445856909237,0.02021193504333496,3,1,StandardMLP,cardiotocography,1.0,13827,0.10404341667890549,4.027192831039429
0.9696529459241324,0.977892627338867,0.9696529459241324,0.9737050461399154,0.9742911925672549,0.9985069573500001,0.01985936049436108,0.04275229520862922,0.05197749418370864,0.05197749418370864,0.022090435028076172,3,2,StandardMLP,cardiotocography,1.0,13827,0.10369736671447755,6.282152891159058
0.9341862773067647,0.9415840165325409,0.9341862773067647,0.9360703812316715,0.9367941136981858,0.9970263806471689,0.04224005011321605,0.07603089992023472,0.05308207343606388,0.05308207343606388,0.02255988121032715,3,3,StandardMLP,cardiotocography,1.0,13827,0.10387032372610909,2.6414411067962646
0.9201041674286592,0.9412164788184998,0.9201041674286592,0.9293594106428332,0.91002926960218,0.9871971057571848,0.04960005137847094,0.11843378376215696,0.05045385921702666,0.05045385921702666,0.021442890167236328,3,4,StandardMLP,cardiotocography,1.0,4803,0.10379240319535539,4.646758794784546
0.9116717750646779,0.9241588252067294,0.9116717750646779,0.917707311757655,0.8899580628131611,0.9917571148707331,0.06502044796524895,0.15864422063376488,0.05051051869111902,0.05051051869111902,0.021466970443725586,3,5,StandardMLP,cardiotocography,1.0,4739,0.10354475747971308,2.633847236633301
0.9774272070216563,0.9730639730639731,0.9774272070216563,0.9752222791957598,0.9684245062742417,0.9983087136327455,0.017917215909859174,0.03944238936362256,0.0575114863579262,0.0575114863579262,0.024499893188476562,1,1,TabKAN,cardiotocography,1.0,87654,0.14410197734832764,3.8589320182800293
0.9553323628596301,0.9725121480465283,0.9553323628596301,0.9637545888709781,0.9417984310838996,0.9976171099401244,0.03148822940082858,0.06837700209039863,0.05291489993824678,0.05291489993824678,0.022488832473754883,1,2,TabKAN,cardiotocography,1.0,60197,0.13885124524434408,3.5694799423217773
0.9640032284100082,0.9901719472811381,0.9640032284100082,0.9766998235558074,0.9677469700108701,0.9991885719997584,0.0192072602463367,0.03924298247199788,0.061717313878676475,0.061717313878676475,0.0262298583984375,1,3,TabKAN,cardiotocography,1.0,86821,0.13975465297698975,3.071897029876709
0.9657091163568711,0.9539429711843505,0.9657091163568711,0.9595525643180712,0.9299392693118453,0.9921188137358192,0.0442098912490697,0.11518352097066652,0.052324743831858915,0.052324743831858915,0.02223801612854004,1,4,TabKAN,cardiotocography,1.0,87654,0.14064303040504456,2.7465219497680664
0.9687302643931247,0.9587583005853001,0.9687302643931247,0.9629903667542962,0.9489472960701151,0.9981008782714577,0.031914402390783206,0.06403285549043046,0.05257157718434053,0.05257157718434053,0.022342920303344727,1,5,TabKAN,cardiotocography,1.0,86821,0.14051339205573588,2.912342071533203
0.9502117458746063,0.9589326168273535,0.9502117458746063,0.9544769114773269,0.9361181988810418,0.9968270075151363,0.034247277699687564,0.07539259594133389,0.05337106230113428,0.05337106230113428,0.022736072540283203,2,1,TabKAN,cardiotocography,1.0,60197,0.13961547299435265,3.244032621383667
0.9820437981122092,0.9911490437806227,0.9820437981122092,0.9864977149979227,0.9742626183665579,0.9966638998652741,0.019885443079895166,0.04851224512094632,0.056736329022575825,0.056736329022575825,0.024112939834594727,2,2,TabKAN,cardiotocography,1.0,87654,0.1405405790909477,3.946714162826538
0.977162656757106,0.9813192346424975,0.977162656757106,0.9791493811938716,0.9679798073391744,0.9983935798824635,0.020621092346093092,0.04918209625092069,0.06250381469726562,0.06250381469726562,0.02656412124633789,2,3,TabKAN,cardiotocography,1.0,60774,0.13911000165072354,3.740079164505005
0.9506053268765133,0.9847204654692638,0.9506053268765133,0.9664965427677292,0.9612729523229623,0.9986260640294976,0.023592547871033192,0.0506034399316247,0.05759239196777344,0.05759239196777344,0.02447676658630371,2,4,TabKAN,cardiotocography,1.0,87654,0.1404386361440023,2.5777781009674072
0.9452784503631961,0.9478606888786528,0.9452784503631961,0.9444421865474498,0.9423197190998778,0.9940425157700384,0.03646857648844646,0.07877554523708698,0.05371935227338005,0.05371935227338005,0.022830724716186523,2,5,TabKAN,cardiotocography,1.0,85988,0.1411121686299642,3.104094982147217
0.9784342563670743,0.9912498705602154,0.9784342563670743,0.9847501236437263,0.9744829067177765,0.9995039350490083,0.016265675456479715,0.03095023348994021,0.05503943268681916,0.05503943268681916,0.02344679832458496,3,1,TabKAN,cardiotocography,1.0,87654,0.141227650642395,3.463325262069702
0.9876935156263335,0.9922448414347044,0.9876935156263335,0.9899446958270488,0.9807301660552356,0.9991207024564247,0.015224167689859604,0.030916127609089017,0.05341922535615809,0.05341922535615809,0.022703170776367188,3,2,TabKAN,cardiotocography,1.0,60774,0.14071850776672362,6.017316102981567
0.9705058898975638,0.9625121269189064,0.9705058898975638,0.9664449082418991,0.9553902105255687,0.9985433511448307,0.02567628339028796,0.05058563354292086,0.061564725988051475,0.061564725988051475,0.026165008544921875,3,3,TabKAN,cardiotocography,1.0,87654,0.14152928761073522,2.4339101314544678
0.9345091183075719,0.9551753337629861,0.9345091183075719,0.9445418473282251,0.9223104209544747,0.9904770719722918,0.04547053300778398,0.09460260482904102,0.05303270676556755,0.05303270676556755,0.02253890037536621,3,4,TabKAN,cardiotocography,1.0,60197,0.14068348705768585,2.750006914138794
0.9571923561784793,0.9459440631854426,0.9571923561784793,0.9513018779282018,0.9299392693118453,0.9949619728672663,0.04228401546551013,0.13864997999085713,0.05548196680405561,0.05548196680405561,0.023579835891723633,3,5,TabKAN,cardiotocography,1.0,85988,0.14206598786746755,2.9546847343444824
0.973791588198368,0.9828907855223644,0.973791588198368,0.9782424718029206,0.9745036404753553,0.9992423518252648,0.014902558844437124,0.03947849450456228,0.05753051507081224,0.05753051507081224,0.024507999420166016,1,1,FastKAN,cardiotocography,1.0,59680,0.13259109374015562,5.052541732788086
0.9696529459241324,0.9960199004975124,0.9696529459241324,0.982446949992589,0.9742653855021711,0.9992926949164352,0.016707629774840572,0.040362101519609235,0.05567775053136489,0.05567775053136489,0.023663043975830078,1,2,FastKAN,cardiotocography,1.0,58848,0.12822664777437845,3.8042423725128174
0.9704215220831535,0.978835978835979,0.9704215220831535,0.9736413786823429,0.9746525822760623,0.9994689578483578,0.02177964005125855,0.045548336942114735,0.05552404067095588,0.05552404067095588,0.02359771728515625,1,3,FastKAN,cardiotocography,1.0,58848,0.1286203108335796,3.0198922157287598
0.952549688009773,0.9610783716046875,0.952549688009773,0.9567204779709974,0.9290551552595843,0.9903762283874777,0.04496336155854437,0.11201315464651478,0.05208183737362132,0.05208183737362132,0.022134780883789062,1,4,FastKAN,cardiotocography,1.0,59680,0.1288308957043816,2.697248935699463
0.9800296994213733,0.9684675270882167,0.9800296994213733,0.973974294322252,0.9618106456531138,0.9977125748278302,0.022209522609427334,0.04980617398957422,0.05552011377671186,0.05552011377671186,0.02359604835510254,1,5,FastKAN,cardiotocography,1.0,58848,0.12587219192868188,3.273353099822998
0.9754131083308204,0.9676522439234304,0.9754131083308204,0.9714719297919007,0.9558015866047239,0.9977619327757928,0.026357550583745486,0.0632806853806999,0.05909646620772814,0.05909646620772814,0.025175094604492188,2,1,FastKAN,cardiotocography,1.0,58848,0.12791971726851029,3.4720299243927
0.9725199885883997,0.9769739054741132,0.9725199885883997,0.9747228806052336,0.9678678334088183,0.9945797627605919,0.01838836397667618,0.04189814189365799,0.05427809322581572,0.05427809322581572,0.02306818962097168,2,2,FastKAN,cardiotocography,1.0,41376,0.1270482361316681,6.292180061340332
0.9668702710742755,0.9890724946695095,0.9668702710742755,0.9776733254994124,0.9612515997443568,0.9987721183123419,0.021616626745644706,0.04567926145058924,0.0551902546602137,0.0551902546602137,0.02345585823059082,2,3,FastKAN,cardiotocography,1.0,41376,0.12817817575791302,2.6922311782836914
0.9629961790645902,0.984513731158373,0.9629961790645902,0.9734447985221979,0.9612528916209964,0.999106328288729,0.018046643487304087,0.03885404368338641,0.05668023053337545,0.05668023053337545,0.02408909797668457,2,4,FastKAN,cardiotocography,1.0,59680,0.12822198867797852,3.31931209564209
0.9697373137385427,0.9627999176191947,0.9697373137385427,0.9647188934018711,0.9553555750197807,0.9927036153896568,0.035111241948463406,0.07750049036362075,0.05539781907025505,0.05539781907025505,0.0235440731048584,2,5,FastKAN,cardiotocography,1.0,58016,0.12869600454966226,1.8992300033569336
0.9784342563670743,0.9912498705602154,0.9784342563670743,0.9847501236437263,0.9744829067177765,0.9993448202292375,0.016447880136773313,0.03551399145362666,0.05597463795836542,0.05597463795836542,0.023845195770263672,3,1,FastKAN,cardiotocography,1.0,59680,0.12813465161757034,3.4756526947021484
0.9933432331404578,0.9933432331404578,0.9933432331404578,0.9933432331404578,0.9871906929081649,0.9993475251604421,0.010581146254373812,0.03289609491392704,0.05389718448414522,0.05389718448414522,0.02290630340576172,3,2,FastKAN,cardiotocography,1.0,59680,0.12824569808112252,4.264758110046387
0.978169706102524,0.9866925328432373,0.978169706102524,0.9823613514714126,0.9742911925672549,0.998524794133936,0.018940309127053447,0.04311194756051658,0.05542811225442325,0.05542811225442325,0.023556947708129883,3,3,FastKAN,cardiotocography,1.0,59680,0.12808618826024673,2.6849257946014404
0.9355161676529898,0.9476525206748331,0.9355161676529898,0.9414943310962168,0.9290179238178964,0.9910383872319946,0.03512736348345365,0.07574435105613832,0.05573889788459329,0.05573889788459329,0.02368903160095215,3,4,FastKAN,cardiotocography,1.0,58848,0.1283103307088216,2.386352062225342
0.9420188291405456,0.9332479612929605,0.9420188291405456,0.9369143264315366,0.916954387865308,0.9912797728085888,0.051190591074697776,0.14836372862503464,0.05938137278837316,0.05938137278837316,0.025237083435058594,3,5,FastKAN,cardiotocography,1.0,40224,0.12782489626031174,2.995494842529297
0.9876935156263335,0.9814490910054592,0.9876935156263335,0.9842368152087916,0.9810362143485396,0.9998011140142252,0.011679213706770717,0.022496361485017196,0.06122040636662585,0.06122040636662585,0.026079893112182617,1,1,ChebyKAN,cardiotocography,1.0,32224,0.12903780286962335,3.5177018642425537
0.9725199885883997,0.9864841745081266,0.9725199885883997,0.9792742726381171,0.9677876171514694,0.998667646783746,0.020123652390297994,0.055607244197744876,0.058900608735926015,0.058900608735926015,0.025032758712768555,1,2,ChebyKAN,cardiotocography,1.0,31776,0.12624551969416,5.322443008422852
0.9598906632139261,0.9729482323232324,0.9598906632139261,0.9647349849925401,0.9619799698925927,0.9993172520523812,0.019765019596857978,0.039052390842698514,0.060056237613453585,0.060056237613453585,0.025523900985717773,1,3,ChebyKAN,cardiotocography,1.0,31776,0.12701608823693317,3.6229522228240967
0.935839008653797,0.9524379197251288,0.935839008653797,0.9415559982209767,0.9159131477530706,0.9812899743453789,0.05230132628151236,0.1586005891939359,0.061491797952091,0.061491797952091,0.026134014129638672,1,4,ChebyKAN,cardiotocography,1.0,32224,0.1269127368927002,2.35998272895813
0.9856794169354975,0.973060902848137,0.9856794169354975,0.9792793600581504,0.9683264276295364,0.998434156520493,0.02411018715879088,0.046458832204474936,0.06736474878647748,0.06736474878647748,0.02863001823425293,1,5,ChebyKAN,cardiotocography,1.0,31776,0.12653537800437525,2.980055809020996
0.9661277719934077,0.9833140736071716,0.9661277719934077,0.9745550130790793,0.9552005759561214,0.9965510862088517,0.03385950803749119,0.08060582218292568,0.06433327992757161,0.06433327992757161,0.027405977249145508,2,1,ChebyKAN,cardiotocography,1.0,31776,0.12656808892885843,3.761497974395752
0.9707443630839606,0.9889642695612845,0.9707443630839606,0.9794531373478742,0.9613047212505612,0.9973248990988486,0.019926759224891726,0.03887402276242418,0.059155295876895685,0.059155295876895685,0.025141000747680664,2,2,ChebyKAN,cardiotocography,1.0,32224,0.12667195796966552,4.712558031082153
0.9876935156263335,0.9922448414347044,0.9876935156263335,0.9899446958270488,0.9807301660552356,0.994438297771925,0.01492530369470128,0.04795031686912158,0.05627071156221278,0.05627071156221278,0.02391505241394043,2,3,ChebyKAN,cardiotocography,1.0,32224,0.12694099971226283,3.303431987762451
0.9799453316069631,0.9838709677419355,0.9799453316069631,0.9814273291867602,0.9809590224676202,0.9987293179414815,0.0103883133359666,0.030239218719153933,0.06639536689309514,0.06639536689309514,0.02821803092956543,2,4,ChebyKAN,cardiotocography,1.0,32224,0.12784813472202847,5.535513162612915
0.9450399771767994,0.9503610753610753,0.9450399771767994,0.9474268168817339,0.9355770616615029,0.9922169184079238,0.03682745043574883,0.10224973634051691,0.05957154666676241,0.05957154666676241,0.025317907333374023,2,5,ChebyKAN,cardiotocography,1.0,31328,0.12647995081814853,3.4559574127197266
0.9681418706842435,0.9867606412382531,0.9681418706842435,0.9770428323059902,0.968121499949381,0.9994527910812719,0.01754913920947822,0.033790385375531126,0.06648408415172022,0.06648408415172022,0.028322219848632812,3,1,ChebyKAN,cardiotocography,1.0,32224,0.1267610549926758,3.1459310054779053
0.9887005649717514,0.9979979979979979,0.9887005649717514,0.9932488574989614,0.9871790363971218,0.9999061145806714,0.008347239644746787,0.015401356545875646,0.06902582505170037,0.06902582505170037,0.029335975646972656,3,2,ChebyKAN,cardiotocography,1.0,32224,0.12655071554512815,4.543003082275391
0.957346461550466,0.9745081560305602,0.957346461550466,0.9657596014023063,0.9547744359210986,0.9971742455919422,0.02482922499445623,0.06621920819452498,0.06377388449276195,0.06377388449276195,0.027103900909423828,3,3,ChebyKAN,cardiotocography,1.0,32224,0.12685552010169396,4.090619087219238
0.9592064548693152,0.9634716204720358,0.9592064548693152,0.9613158083746319,0.9421431681159838,0.9944558653830189,0.03293949746528486,0.0666967903047667,0.0618755116182215,0.0618755116182215,0.02629709243774414,3,4,ChebyKAN,cardiotocography,1.0,31776,0.12660324573516846,2.506756067276001
0.9466614973092519,0.9359249531663325,0.9466614973092519,0.9410340457995526,0.9171907187753379,0.9924287861020397,0.04833262860138275,0.13385871431923338,0.06811983445111443,0.06811983445111443,0.028950929641723633,3,5,ChebyKAN,cardiotocography,1.0,31328,0.1266787332646987,2.6747348308563232
0.9794413057124922,0.9922508715612164,0.9794413057124922,0.9857541397079833,0.9808826125506619,0.9993432924846531,0.013382980726180032,0.02834608477340745,0.0608336757606184,0.0608336757606184,0.025915145874023438,1,1,JacobiKAN,cardiotocography,1.0,23072,0.12953119124135665,4.99542498588562
0.9534723695407806,0.9881996658312447,0.9534723695407806,0.9700821231175457,0.9546965007341932,0.998568692966718,0.02791351601962498,0.06064407271333039,0.07177633397719439,0.07177633397719439,0.030504941940307617,1,2,JacobiKAN,cardiotocography,1.0,31776,0.13933790813792835,3.790158987045288
0.9118258804366643,0.9673409186683523,0.9118258804366643,0.9374997920098505,0.9150690893468768,0.9985287193038905,0.03845289327909958,0.059825182892382145,0.06530593423282399,0.06530593423282399,0.027755022048950195,1,3,JacobiKAN,cardiotocography,1.0,31776,0.13979029655456543,2.595176935195923
0.9677232150477068,0.9719914139315885,0.9677232150477068,0.9698340874811464,0.9421431681159838,0.9873626766610707,0.040907584634355135,0.14419108191006152,0.05953396067899817,0.05953396067899817,0.02530193328857422,1,4,JacobiKAN,cardiotocography,1.0,23072,0.12739162011580032,3.4835569858551025
0.976155607411688,0.9681618444330308,0.976155607411688,0.9720946257560233,0.9617665801210926,0.9982216335953044,0.02414933712819765,0.05149958133032279,0.06324038786046646,0.06324038786046646,0.026877164840698242,1,5,JacobiKAN,cardiotocography,1.0,18240,0.12176193793614705,5.473098993301392
0.9764201576762384,0.9720538720538721,0.9764201576762384,0.9742137063263699,0.9621048242939594,0.9983496648902785,0.025955682784731777,0.06118324698348131,0.06288989608836286,0.06288989608836286,0.026791095733642578,2,1,JacobiKAN,cardiotocography,1.0,22752,0.12743740815382737,4.121894836425781
0.9876935156263335,0.9922448414347044,0.9876935156263335,0.9899446958270488,0.9807301660552356,0.9917922260491404,0.01531514034408806,0.04173125700825559,0.06426586824304918,0.06426586824304918,0.0273129940032959,2,2,JacobiKAN,cardiotocography,1.0,23072,0.12753807980081308,3.6465189456939697
0.9866864662809155,0.9866864662809155,0.9866864662809155,0.9866864662809155,0.9743813858163296,0.9984625827236576,0.019534716200476428,0.04564746316256268,0.06635553696576287,0.06635553696576287,0.02820110321044922,2,3,JacobiKAN,cardiotocography,1.0,32224,0.13988792195039637,2.9377951622009277
0.9676388472332965,0.9803212851405623,0.9676388472332965,0.9736766501472385,0.9614410463709672,0.998324170590291,0.02192000534197452,0.047597908547946384,0.06234561695772059,0.06234561695772059,0.02649688720703125,2,4,JacobiKAN,cardiotocography,1.0,32224,0.13945041762457955,3.098479986190796
0.9707443630839606,0.9729183729183729,0.9707443630839606,0.9711888489631039,0.9614864699327798,0.9962521279843477,0.026794097070030127,0.06353973572341991,0.06477916941923254,0.06477916941923254,0.027531147003173828,2,5,JacobiKAN,cardiotocography,1.0,31328,0.13988657792409262,5.177125692367554
0.9784342563670743,0.9866925328432373,0.9784342563670743,0.9824974336650576,0.9745315626031418,0.9994816140747952,0.013624418348052633,0.028758868109434843,0.06469482547240638,0.06469482547240638,0.027559995651245117,3,1,JacobiKAN,cardiotocography,1.0,32224,0.1393109489889706,2.9215121269226074
0.9876935156263335,0.9922448414347044,0.9876935156263335,0.9899446958270488,0.9807301660552356,0.9993762090368511,0.012535383754692766,0.026425802843212814,0.06790609920726103,0.06790609920726103,0.028860092163085938,3,2,JacobiKAN,cardiotocography,1.0,32224,0.1402954955895742,4.154735803604126
0.977162656757106,0.9813192346424975,0.977162656757106,0.9791493811938716,0.9679798073391744,0.9983031603893368,0.022633092348803455,0.049068199104762504,0.05844228407915901,0.05844228407915901,0.024837970733642578,3,3,JacobiKAN,cardiotocography,1.0,23072,0.1274749097369966,3.3203320503234863
0.9602135042147332,0.9689283268230637,0.9602135042147332,0.9644756365362929,0.9484297823054301,0.9916218759467766,0.035377965220905194,0.07907457021065056,0.06619229036218979,0.06619229036218979,0.028131723403930664,3,4,JacobiKAN,cardiotocography,1.0,31776,0.14044677583794846,3.294102907180786
0.9667161657022888,0.9476561911013778,0.9667161657022888,0.956619940181584,0.9366791679843807,0.995048493670131,0.035089393395524145,0.11048882948151524,0.06522851831772748,0.06522851831772748,0.02772212028503418,3,5,JacobiKAN,cardiotocography,1.0,31328,0.14026803719369987,3.286856174468994
0.9794413057124922,0.9839895982397021,0.9794413057124922,0.9816909669850847,0.9809099928623352,0.9990800779722412,0.01021567900966429,0.023993773248678605,0.07216919196043776,0.07216919196043776,0.030744075775146484,1,1,LegendreKAN,cardiotocography,1.0,32224,0.13968520164489745,5.156463146209717
0.9527037933817595,0.9930966469428008,0.9527037933817595,0.9719590231690386,0.9548434655220738,0.9980867023643089,0.025485024605417073,0.06220496550668031,0.06333126741297104,0.06333126741297104,0.026915788650512695,1,2,LegendreKAN,cardiotocography,1.0,31776,0.13734314839045206,4.06610107421875
0.9542409456998019,0.9715308748541377,0.9542409456998019,0.9613904384841931,0.9553345175356507,0.9991885587599123,0.021736285576681693,0.045298100948067646,0.05711555480957031,0.05711555480957031,0.024274110794067383,1,3,LegendreKAN,cardiotocography,1.0,22752,0.1242820421854655,4.638960123062134
0.952549688009773,0.9610783716046875,0.952549688009773,0.9567204779709974,0.9290551552595843,0.9898239742977625,0.04189343256039418,0.125372763723135,0.07346826441147748,0.07346826441147748,0.03122401237487793,1,4,LegendreKAN,cardiotocography,1.0,32224,0.13655762672424315,4.211318016052246
0.9800296994213733,0.9717713861781658,0.9800296994213733,0.9758345796034015,0.9617665801210926,0.9979193222015964,0.024396834712566283,0.05298058199696243,0.06647053886862363,0.06647053886862363,0.02824997901916504,1,5,LegendreKAN,cardiotocography,1.0,31776,0.1368339689154374,3.203118085861206
0.9697373137385427,0.975082225082225,0.9697373137385427,0.972131886689103,0.955367051323147,0.998829489793201,0.025426692141672872,0.04737619739691062,0.059194967780314696,0.059194967780314696,0.025217056274414062,2,1,LegendreKAN,cardiotocography,1.0,22752,0.12442986385242359,5.732153654098511
0.9933432331404578,0.9933432331404578,0.9933432331404578,0.9933432331404578,0.9871906929081649,0.9972965605243971,0.009995874553182755,0.02864040869254885,0.05429941065171186,0.05429941065171186,0.02307724952697754,2,2,LegendreKAN,cardiotocography,1.0,32224,0.13779824120657785,4.738762140274048
0.9707443630839606,0.9889642695612845,0.9707443630839606,0.9794531373478742,0.9613047212505612,0.9986113016969546,0.027876332104734537,0.05723412156969841,0.05972469554227941,0.05972469554227941,0.02538299560546875,2,3,LegendreKAN,cardiotocography,1.0,32224,0.13811321880506433,3.902344226837158
0.9799453316069631,0.9838709677419355,0.9799453316069631,0.9814273291867602,0.9809590224676202,0.9978168810288844,0.010560021155056857,0.028328961580492824,0.06276972153607537,0.06276972153607537,0.02667713165283203,2,4,LegendreKAN,cardiotocography,1.0,32224,0.13704643042191214,3.8843348026275635
0.9329719659895296,0.9270145324664694,0.9329719659895296,0.926540612209604,0.9234277804397842,0.9936995930689725,0.03959489336281729,0.0876452186244673,0.06092913010541131,0.06092913010541131,0.025894880294799805,2,5,LegendreKAN,cardiotocography,1.0,22432,0.12400836944580078,3.091398000717163
0.97278453885295,0.9818897845213636,0.97278453885295,0.9772384557386635,0.9681060668763031,0.9995732847225937,0.01431762054996602,0.03004575335840595,0.06296713027595914,0.06296713027595914,0.026823997497558594,3,1,LegendreKAN,cardiotocography,1.0,32224,0.13807943539741713,6.635156869888306
0.9820437981122092,0.9911490437806227,0.9820437981122092,0.9864977149979227,0.9742626183665579,0.9998954012897627,0.008892846169219128,0.014080127996359286,0.06047753726734834,0.06047753726734834,0.025702953338623047,3,2,LegendreKAN,cardiotocography,1.0,32224,0.1370870124462039,7.272027015686035
0.9629961790645902,0.984513731158373,0.9629961790645902,0.9734447985221979,0.9612528916209964,0.9949637743028249,0.02319848581362398,0.056957080527873974,0.06340980529785156,0.06340980529785156,0.026949167251586914,3,3,LegendreKAN,cardiotocography,1.0,32224,0.13697202117354781,4.562057971954346
0.9697373137385427,0.9670651718844491,0.9697373137385427,0.9679370596250392,0.9551224971328826,0.9930256916475971,0.029568601285002504,0.07109398085490934,0.06773219389073988,0.06773219389073988,0.028786182403564453,3,4,LegendreKAN,cardiotocography,1.0,31776,0.13750239610671997,3.388782262802124
0.9743799819072491,0.9599681020733652,0.9743799819072491,0.9665385583791943,0.9555111107692257,0.9924918979616456,0.0337263986379705,0.11471557073361639,0.07162823396570542,0.07162823396570542,0.030441999435424805,3,5,LegendreKAN,cardiotocography,1.0,31328,0.13762165307998658,3.3899500370025635
0.9784342563670743,0.9784342563670743,0.9784342563670743,0.9784342563670743,0.9746194405552742,0.9934613435151384,0.02018269591918147,0.053397631858907904,0.06005573720439499,0.06005573720439499,0.025583744049072266,1,1,GramKAN,cardiotocography,1.0,32224,0.12795301940706041,5.7114598751068115
0.962227602905569,0.9889790764790765,0.962227602905569,0.9751264718517935,0.9612890745807117,0.9975298492171417,0.032128368318120035,0.06653527231121968,0.05708245670094209,0.05708245670094209,0.02426004409790039,1,2,GramKAN,cardiotocography,1.0,22752,0.11751965214224423,4.99662184715271
0.9390674186618679,0.9593535432050784,0.9390674186618679,0.9478993970972581,0.9422380004133831,0.9979547396698619,0.03314248423364902,0.060422410390206745,0.05773207720588235,0.05773207720588235,0.0245361328125,1,3,GramKAN,cardiotocography,1.0,31776,0.1258333995938301,4.995610952377319
0.8946382547078948,0.9057455020943865,0.8946382547078948,0.9001087963895715,0.8902550062733388,0.9804180018692645,0.069542540855638,0.16963265696540475,0.05826276891371783,0.05826276891371783,0.024761676788330078,1,4,GramKAN,cardiotocography,1.0,18496,0.1135830662467263,3.1331961154937744
0.9496826453455057,0.9419534326313986,0.9496826453455057,0.9457558018521482,0.936261101738997,0.997306753422532,0.031654499876285165,0.057851284671674615,0.05661852219525505,0.05661852219525505,0.0240628719329834,1,5,GramKAN,cardiotocography,1.0,31776,0.12585128015942043,5.624406099319458
0.9188244263516935,0.9429032052428865,0.9188244263516935,0.9288678876467992,0.9173406894232398,0.9967494741770451,0.0472309425805744,0.09117635877711498,0.058309572963087766,0.058309572963087766,0.02483987808227539,2,1,GramKAN,cardiotocography,1.0,22752,0.11743089556694031,5.8681700229644775
0.9715129392429818,0.9715129392429818,0.9715129392429818,0.9715129392429818,0.9615720787244945,0.9924206261662359,0.02141487101482523,0.05249598800271217,0.0589909273035386,0.0589909273035386,0.025071144104003906,2,2,GramKAN,cardiotocography,1.0,23072,0.11824178198973338,7.094166994094849
0.9687302643931247,0.966061155820192,0.9687302643931247,0.9669315292077441,0.9486954311362474,0.9983879382992158,0.02568509390212875,0.05511408793141267,0.06717681884765625,0.06717681884765625,0.028550148010253906,2,3,GramKAN,cardiotocography,1.0,32224,0.12546710407032685,5.291691064834595
0.9439485600169711,0.9555677254472436,0.9439485600169711,0.9494720965309201,0.9485689305472631,0.9983062066247137,0.02566938153305018,0.046823477505573204,0.056859184713924635,0.056859184713924635,0.02416515350341797,2,4,GramKAN,cardiotocography,1.0,23072,0.11741866456701401,6.898777961730957
0.9697373137385427,0.9646115562729386,0.9697373137385427,0.966243684170653,0.9552245460148268,0.9907911290862095,0.036026366098384444,0.0886819399394361,0.05741624271168428,0.05741624271168428,0.02440190315246582,2,5,GramKAN,cardiotocography,1.0,22432,0.117462420463562,4.402662038803101
0.9552730696798494,0.9757078135817614,0.9552730696798494,0.9652036073088706,0.9616182414444058,0.9914013390466648,0.029439184544094693,0.07323767474320318,0.057490778640961984,0.057490778640961984,0.024491071701049805,3,1,GramKAN,cardiotocography,1.0,23072,0.11744560751804085,6.309858083724976
0.928006456820016,0.9365109470372629,0.928006456820016,0.9321651136565968,0.9355133642748662,0.9975406285406713,0.033481150436356896,0.055877518378630545,0.05641207975499771,0.05641207975499771,0.023975133895874023,3,2,GramKAN,cardiotocography,1.0,18496,0.11318182300876926,5.251769781112671
0.971274466056585,0.9625325958775557,0.971274466056585,0.9668109668109667,0.9556202389962412,0.9980411167412774,0.030517885335862662,0.058000902320990075,0.06138577180750231,0.06138577180750231,0.026088953018188477,3,3,GramKAN,cardiotocography,1.0,32224,0.12578805633213208,3.5884323120117188
0.9555708360460269,0.9653682533922053,0.9555708360460269,0.960017414428089,0.9484033973053213,0.9927930869388447,0.03503306223975324,0.08767463272982111,0.06210158852969899,0.06210158852969899,0.02639317512512207,3,4,GramKAN,cardiotocography,1.0,31776,0.12557139763465294,6.078208923339844
0.9345091183075719,0.9430317535580693,0.9345091183075719,0.9386768749876353,0.9225969462443023,0.9949932949544357,0.04055542203425094,0.1305458091332444,0.06382605608771828,0.06382605608771828,0.027126073837280273,3,5,GramKAN,cardiotocography,1.0,31328,0.1263485509295796,6.736721038818359
0.8920276208411803,0.9126154843367958,0.8920276208411803,0.9012835656350893,0.9105260217887338,0.9908442013331064,0.047858256465145986,0.09092524421950136,0.05542056661256602,0.05542056661256602,0.023609161376953125,1,1,TaylorKAN,cardiotocography,1.0,18496,0.11147391051054001,4.4711902141571045
0.8981895057167728,0.9434956553637344,0.8981895057167728,0.9170729170729172,0.9027679932934958,0.9931843143198075,0.05107019382548178,0.10082942443633718,0.05995245540843291,0.05995245540843291,0.025479793548583984,1,2,TaylorKAN,cardiotocography,1.0,22752,0.11144804954528809,3.218919277191162
0.9238938916239342,0.9344778367930351,0.9238938916239342,0.928416393476427,0.9295991974925081,0.9971811129853635,0.04066156347822867,0.0663335513007561,0.060411902034983915,0.060411902034983915,0.025675058364868164,1,3,TaylorKAN,cardiotocography,1.0,31776,0.11556232676786535,4.910106182098389
0.8699409181461514,0.8954456678041766,0.8699409181461514,0.8816613726830446,0.8703817797441742,0.9865314666285429,0.06299000184401672,0.15692475182004273,0.05487498115090763,0.05487498115090763,0.023321866989135742,1,4,TaylorKAN,cardiotocography,1.0,23072,0.11115146405769116,4.602421998977661
0.9232096832793233,0.9129073678922621,0.9232096832793233,0.9168460876204555,0.9106843051162535,0.994731861771626,0.052665908804658296,0.08765703448027905,0.050860573263729315,0.050860573263729315,0.02161574363708496,1,5,TaylorKAN,cardiotocography,1.0,18240,0.10957103190214737,3.168813943862915
0.8885356630120826,0.8990177318535527,0.8885356630120826,0.8921721721721722,0.8781878605086137,0.9943994545840589,0.059224311310081316,0.1039209262734013,0.057215981640166516,0.057215981640166516,0.024374008178710938,2,1,TaylorKAN,cardiotocography,1.0,22752,0.11144140788487025,2.9371497631073
0.9136015059411036,0.9411692743545168,0.9136015059411036,0.9262773690018272,0.9223485210627952,0.991670671063183,0.041222515321101716,0.07379777806012758,0.05333171171300551,0.05333171171300551,0.022665977478027344,2,2,TaylorKAN,cardiotocography,1.0,18496,0.1100258207321167,6.908421039581299
0.9295436091380584,0.9569602602835232,0.9295436091380584,0.9398541808790566,0.9363267129243256,0.9981921056202566,0.03658903257411155,0.0640671000749405,0.05388708675608916,0.05388708675608916,0.02290201187133789,2,3,TaylorKAN,cardiotocography,1.0,32224,0.11571097985292092,5.6412389278411865
0.9142857142857143,0.9626444626444627,0.9142857142857143,0.9311489894002238,0.9427281697674716,0.9962300024423688,0.03914781745001775,0.06733004712649356,0.06472475388470819,0.06472475388470819,0.027508020401000977,2,4,TaylorKAN,cardiotocography,1.0,32224,0.11576133966445923,3.4759740829467773
0.8639683596312201,0.888753743738638,0.8639683596312201,0.8722804392653335,0.8786579093229118,0.9874621423519412,0.0661342960144169,0.11875940801110119,0.05068498499253217,0.05068498499253217,0.021541118621826172,2,5,TaylorKAN,cardiotocography,1.0,17984,0.10944077798298427,3.8472492694854736
0.8905758387810719,0.8858677408526351,0.8905758387810719,0.8879387774064303,0.8859186012376367,0.9922773545946252,0.06169149912489023,0.1088199567166157,0.051593556650367696,0.051593556650367696,0.02197885513305664,3,1,TaylorKAN,cardiotocography,1.0,18496,0.10946596296210039,5.22960901260376
0.9696529459241324,0.9866985629697494,0.9696529459241324,0.977892627338867,0.9742500422550291,0.9997423045226815,0.01347666818406225,0.024956407719790668,0.05463487961713005,0.05463487961713005,0.023219823837280273,3,2,TaylorKAN,cardiotocography,1.0,32224,0.11570528149604797,5.7841410636901855
0.9475841788402595,0.9615214646464647,0.9475841788402595,0.9528863037220662,0.9428107328706332,0.9978345345284426,0.033310237596422446,0.06223474185182048,0.06320448482737823,0.06320448482737823,0.026861906051635742,3,3,TaylorKAN,cardiotocography,1.0,32224,0.11551068569051809,4.186739921569824
0.9602135042147332,0.9689283268230637,0.9602135042147332,0.9644756365362929,0.9484297823054301,0.9896881335576789,0.038934564250925875,0.09911262352293956,0.05759968477136949,0.05759968477136949,0.02447986602783203,3,4,TaylorKAN,cardiotocography,1.0,31776,0.11543800036112467,6.5056140422821045
0.8992809228766011,0.91013143483023,0.8992809228766011,0.9044386985563456,0.890644409340595,0.988301465529175,0.06913470034100612,0.17518984183802136,0.05581182592055377,0.05581182592055377,0.02372002601623535,3,5,TaylorKAN,cardiotocography,1.0,17984,0.10949031166408373,3.1630730628967285
0.9820437981122092,0.9831350056461027,0.9820437981122092,0.9824312414548321,0.9745755860776183,0.9991597406683633,0.012950769941249215,0.028119306678750684,0.06953539422979936,0.06953539422979936,0.02962207794189453,1,1,WavKAN,cardiotocography,1.0,114592,0.1972311410036954,4.9969871044158936
0.9696529459241324,0.9912588615871704,0.9696529459241324,0.9801453104858678,0.9742337151765036,0.9997312525497383,0.015650158049931157,0.02999107052164618,0.0675223855411305,0.0675223855411305,0.02869701385498047,1,2,WavKAN,cardiotocography,1.0,112992,0.19293044742785,4.222591876983643
0.9874550424399366,0.978835978835979,0.9874550424399366,0.9827226696941173,0.9749379076379399,0.9970050234079336,0.01688086574397762,0.045408603111614605,0.06036477930405561,0.06036477930405561,0.025655031204223633,1,3,WavKAN,cardiotocography,1.0,112992,0.19328065352006393,4.898096084594727
0.953556737355191,0.9713898042256252,0.953556737355191,0.9620793726056883,0.9352489491503386,0.9891666624206673,0.041519426446800775,0.1311976402066648,0.0735928030575023,0.0735928030575023,0.03127694129943848,1,4,WavKAN,cardiotocography,1.0,169504,0.2356349468231201,5.378300905227661
0.9524653201953627,0.9561558359496871,0.9524653201953627,0.9542234687999286,0.9487586038574594,0.997130480560725,0.03420547492446459,0.06827146820225087,0.07304920869715073,0.07304920869715073,0.031045913696289062,1,5,WavKAN,cardiotocography,1.0,167136,0.23610859168203255,5.1232380867004395
0.9800296994213733,0.9800296994213733,0.9800296994213733,0.9800296994213733,0.9619291608329114,0.9993241340279976,0.022701733309154305,0.038409742061048746,0.061675976139838704,0.061675976139838704,0.02627396583557129,2,1,WavKAN,cardiotocography,1.0,112992,0.19488900707614037,6.960164308547974
0.9820437981122092,0.9911490437806227,0.9820437981122092,0.9864977149979227,0.9742626183665579,0.9954239205355256,0.014225276420886012,0.03555117903202439,0.05747514612534467,0.05747514612534467,0.024426937103271484,2,2,WavKAN,cardiotocography,1.0,59680,0.1557930034139882,4.184492111206055
0.9866864662809155,0.9829795156131232,0.9866864662809155,0.9847440570814044,0.9744053853149303,0.9993226425823076,0.0174501205058643,0.03489123856499126,0.071868335499483,0.071868335499483,0.030544042587280273,2,3,WavKAN,cardiotocography,1.0,59680,0.15610864583183737,3.0930838584899902
0.9542409456998019,0.9754825754631429,0.9542409456998019,0.9635100490715464,0.9551214927378644,0.9976261331308219,0.02975791123697483,0.05779771806971569,0.07040528690113741,0.07040528690113741,0.0299222469329834,2,4,WavKAN,cardiotocography,1.0,114592,0.19453341960906984,4.481418132781982
0.9393902596626752,0.9466282649915385,0.9393902596626752,0.9421647777260259,0.9290599198446747,0.9949532528191503,0.0409412722506626,0.08514867869338819,0.05981669706456801,0.05981669706456801,0.025422096252441406,2,5,WavKAN,cardiotocography,1.0,58016,0.1532558732562595,3.21819806098938
0.9830769245357805,0.9786195286195286,0.9830769245357805,0.9808245200921183,0.9747441882545239,0.9996543849031599,0.015039685931588859,0.027552566291498288,0.07016446109109081,0.07016446109109081,0.029890060424804688,3,1,WavKAN,cardiotocography,1.0,169504,0.23638121705306203,5.124509811401367
0.9717514124293786,0.9867606412382531,0.9717514124293786,0.9785538997803737,0.9678998795249981,0.9991841776561664,0.015214557882474026,0.031617662229109555,0.06712913513183594,0.06712913513183594,0.028529882431030273,3,2,WavKAN,cardiotocography,1.0,59680,0.15550355116526285,3.2670209407806396
0.976155607411688,0.9717893217893218,0.976155607411688,0.9739491560618196,0.9617513401299076,0.9984110052504785,0.022190100880355806,0.046962263187327026,0.0647713156307445,0.0647713156307445,0.027527809143066406,3,3,WavKAN,cardiotocography,1.0,59680,0.15419773757457733,2.880228042602539
0.9298664501388655,0.9461623708207938,0.9298664501388655,0.9378538800775051,0.9223344238281012,0.9910410270163933,0.049920660149395966,0.09951622858976147,0.06851757273954504,0.06851757273954504,0.02911996841430664,3,4,WavKAN,cardiotocography,1.0,112992,0.1918056227944114,4.859911203384399
0.9476685466546698,0.9518274983709496,0.9476685466546698,0.9496596747197499,0.9231303325485058,0.9957524302194817,0.04762312793575815,0.1527678052225383,0.0631573620964499,0.0631573620964499,0.02684187889099121,3,5,WavKAN,cardiotocography,1.0,58016,0.15277870496114096,3.7476649284362793
0.9588826114249843,0.9677835730467309,0.9588826114249843,0.9632360861068796,0.9617084932772507,0.9970642404664155,0.026261352168486,0.05601147121550249,0.05407736335002201,0.05407736335002201,0.023036956787109375,1,1,ReLUKAN,cardiotocography,1.0,77984,0.1337331771850586,6.596033096313477
0.9125944565956856,0.9579874256739088,0.9125944565956856,0.9334715185014586,0.9152695949581459,0.9982674768915802,0.0374611795357666,0.06850506692093664,0.05757892833036535,0.05757892833036535,0.024471044540405273,1,2,ReLUKAN,cardiotocography,1.0,76896,0.13006390730539957,4.818858861923218
0.9455700801494237,0.9343434343434344,0.9455700801494237,0.9387181186020831,0.9316166015169887,0.9960834295030744,0.044161507116462925,0.0782871016833399,0.05348654354319853,0.05348654354319853,0.022731781005859375,1,3,ReLUKAN,cardiotocography,1.0,40800,0.12985773647532745,5.419640064239502
0.9496826453455057,0.9506622983160713,0.9496826453455057,0.9500179593885848,0.9357624139604004,0.9896473216312794,0.044519395142061186,0.14373810241730617,0.05588194903205423,0.05588194903205423,0.023749828338623047,1,4,ReLUKAN,cardiotocography,1.0,41376,0.130084373332836,4.310440301895142
0.9440329278313815,0.9375510030622131,0.9440329278313815,0.9404654420020604,0.9296559373574403,0.998618806734906,0.03258742705377695,0.053459450062031726,0.052776336669921875,0.052776336669921875,0.022429943084716797,1,5,ReLUKAN,cardiotocography,1.0,40800,0.12993601390293666,4.467549800872803
0.9502117458746063,0.9589326168273535,0.9502117458746063,0.9544769114773269,0.9361181988810418,0.994156916317905,0.03248245886084066,0.07167281152214855,0.062495330129990555,0.062495330129990555,0.026623010635375977,2,1,ReLUKAN,cardiotocography,1.0,76896,0.12954346886996565,4.638402223587036
0.9516967440363416,0.9604055183002552,0.9516967440363416,0.9559558430767404,0.9484297823054301,0.9962289419597372,0.027127021848989383,0.053836342720647475,0.05260467529296875,0.05260467529296875,0.02235698699951172,2,2,ReLUKAN,cardiotocography,1.0,41376,0.1298287438183296,6.54308819770813
0.9344247504931616,0.9589219044533692,0.9344247504931616,0.9454667153462335,0.9420151492247002,0.9975638525445717,0.032680792817087675,0.06605588128773629,0.05626846762264476,0.05626846762264476,0.023914098739624023,2,3,ReLUKAN,cardiotocography,1.0,77984,0.12873496680424132,4.605589151382446
0.9344247504931616,0.9728026533996683,0.9344247504931616,0.9517481282187165,0.9417605276444223,0.9983118482079613,0.029985132796897282,0.05187457409504402,0.0571598726160386,0.0571598726160386,0.024292945861816406,2,4,ReLUKAN,cardiotocography,1.0,77984,0.1294694741566976,5.75725793838501
0.9545637867006089,0.9497790203877713,0.9545637867006089,0.9512633108629546,0.9423739237887121,0.9930534702763466,0.035139410447961,0.09207364450516511,0.06078551797305836,0.06078551797305836,0.025833845138549805,2,5,ReLUKAN,cardiotocography,1.0,111392,0.1284099817276001,5.415513038635254
0.9244741438658178,0.9481942105338917,0.9244741438658178,0.9343323685211162,0.9237247440144917,0.9977147936155076,0.041576645118430636,0.06940403080079705,0.05821834707483999,0.05821834707483999,0.024801015853881836,3,1,ReLUKAN,cardiotocography,1.0,41376,0.12982916831970215,5.102830171585083
0.9629961790645902,0.9712388937604857,0.9629961790645902,0.967049798208496,0.961424166780577,0.9975593376392613,0.024316554905419417,0.046881254870511056,0.05511283874511719,0.05511283874511719,0.023422956466674805,3,2,ReLUKAN,cardiotocography,1.0,77984,0.12868034478389856,5.228924036026001
0.9496826453455057,0.9433989562785875,0.9496826453455057,0.9462125684388419,0.9360563483888008,0.9984545604362838,0.03293712418545123,0.058258397600314184,0.05336424883674173,0.05336424883674173,0.022679805755615234,3,3,ReLUKAN,cardiotocography,1.0,114592,0.1280831495920817,4.761729955673218
0.8668354022954873,0.9155169155169155,0.8668354022954873,0.8842039633945619,0.8713822064232447,0.9859583006852529,0.07740867738366161,0.13656313151919416,0.05612429450539982,0.05612429450539982,0.023852825164794922,3,4,ReLUKAN,cardiotocography,1.0,76896,0.1291560275214059,2.2337100505828857
0.8889885371937704,0.9380912834354129,0.8889885371937704,0.9116482232610267,0.8820779505212426,0.9911831139699072,0.061916973383186275,0.15136065194383264,0.059968723970301015,0.059968723970301015,0.02548670768737793,3,5,ReLUKAN,cardiotocography,1.0,111392,0.12937153469432483,3.538504123687744
0.9568424356559949,0.9878924423929369,0.9568424356559949,0.9716621847915784,0.9552304954231927,0.9995005619589774,0.032831640628653604,0.07834540324382236,0.16525821506697247,0.16525821506697247,0.07039999961853027,1,1,RandomForest,cardiotocography,1.0,0,0.0,0.2267758846282959
0.9604519774011299,0.9930966469428008,0.9604519774011299,0.9754911862535182,0.9550079242719476,0.9987429718822184,0.035419842070835865,0.08042940566985642,0.1195694418514476,0.1195694418514476,0.050817012786865234,1,2,RandomForest,cardiotocography,1.0,0,0.0,0.16306304931640625
0.9478226520266563,0.9734091139754389,0.9478226520266563,0.9599694911450141,0.9482871965640401,0.9983691598580435,0.03844707473831058,0.08167345370431957,0.039266137515797335,0.039266137515797335,0.016688108444213867,1,3,RandomForest,cardiotocography,1.0,0,0.0,0.05219721794128418
0.9584378787102942,0.98070987654321,0.9584378787102942,0.9689535763091905,0.9417281500960385,0.9941930420953032,0.05090587564803955,0.10689970592457722,0.15586348140940948,0.15586348140940948,0.06624197959899902,1,4,RandomForest,cardiotocography,1.0,0,0.0,0.20851564407348633
0.9594449280557121,0.9784990516122591,0.9594449280557121,0.9679973896351624,0.9483718637457543,0.99870530436804,0.03391870182488799,0.07576405265915545,0.09816225837258732,0.09816225837258732,0.04171895980834961,1,5,RandomForest,cardiotocography,1.0,0,0.0,0.13541698455810547
0.9558353863105772,0.9819264069264069,0.9558353863105772,0.9684151005791891,0.94869057382044,0.9982442346898015,0.038350945645479105,0.08409692945228783,0.07521322635417813,0.07521322635417813,0.03204083442687988,2,1,RandomForest,cardiotocography,1.0,0,0.0,0.10098099708557129
0.9537952105415878,0.9857001972386588,0.9537952105415878,0.9684886680402376,0.9418041191412337,0.9971378188641067,0.038486431711918886,0.085837652850499,0.1340804380529067,0.1340804380529067,0.05698418617248535,2,2,RandomForest,cardiotocography,1.0,0,0.0,0.18448591232299805
0.9725199885883997,0.9855027441234337,0.9725199885883997,0.9789160357520755,0.9677808413624539,0.9979137847968697,0.03329441903534741,0.07784386462146241,0.21328982184914982,0.21328982184914982,0.09064817428588867,2,3,RandomForest,cardiotocography,1.0,0,0.0,0.2923738956451416
0.962227602905569,0.9889790764790765,0.962227602905569,0.9751264718517935,0.9612890745807117,0.9988296000069553,0.030977150935581142,0.07339692007759248,0.2020583433263442,0.2020583433263442,0.08587479591369629,2,4,RandomForest,cardiotocography,1.0,0,0.0,0.28050780296325684
0.9537952105415878,0.9696193446193445,0.9537952105415878,0.9602154628391509,0.9419635605351162,0.9964676079425621,0.03953530837064405,0.08709193855629498,0.12586425332462087,0.12586425332462087,0.05349230766296387,2,5,RandomForest,cardiotocography,1.0,0,0.0,0.17520403861999512
0.9645323289391087,0.9855117351503889,0.9645323289391087,0.97472741683268,0.9680471392921038,0.9961300607648355,0.03466319884750484,0.08595673196108275,0.1839830282148621,0.1839830282148621,0.07837677001953125,3,1,RandomForest,cardiotocography,1.0,0,0.0,0.2488269805908203
0.9509281678773204,0.9868073387667001,0.9509281678773204,0.9678717655906192,0.9483065699888665,0.9988072516276706,0.030504823404424484,0.07072474188820174,0.15414350173052618,0.15414350173052618,0.06551098823547363,3,2,RandomForest,cardiotocography,1.0,0,0.0,0.2065727710723877
0.9668702710742755,0.9843120775991876,0.9668702710742755,0.9754214371510986,0.961262438339698,0.9964623083513104,0.03406162506108041,0.08296553953857824,0.1365768208223231,0.1365768208223231,0.058045148849487305,3,3,RandomForest,cardiotocography,1.0,0,0.0,0.17988300323486328
0.9131557707828893,0.9747327502429544,0.9131557707828893,0.9410514837872724,0.908765133825149,0.996891644533369,0.048246673175572845,0.09665217440019998,0.11056226842543658,0.11056226842543658,0.04698896408081055,3,4,RandomForest,cardiotocography,1.0,0,0.0,0.15105295181274414
0.9471384436820456,0.9700072704523742,0.9471384436820456,0.957282111326136,0.9287181362775925,0.9961285237342041,0.044009573925403576,0.09055723010282514,0.13181854696834788,0.13181854696834788,0.05602288246154785,3,5,RandomForest,cardiotocography,1.0,0,0.0,0.17801189422607422
0.99,1.0,0.98,0.98989898989899,0.9738516810963534,1.0,0.004986195359379053,0.014437377142409483,0.06061196327209473,0.06061196327209473,0.004848957061767578,1,1,StandardMLP,chronic_kidney_disease,1.0,15105,0.018372460415488796,0.48694300651550293
1.0,1.0,1.0,1.0,1.0,1.0,0.002053501782938838,0.00887414813041687,0.061571598052978516,0.061571598052978516,0.004925727844238281,1,2,StandardMLP,chronic_kidney_disease,1.0,14977,0.018122878941622646,0.5498859882354736
0.98,1.0,0.96,0.9795918367346939,0.9486832980505139,0.994,0.022735606878995895,0.08586844801902771,0.06551146507263184,0.06551146507263184,0.005240917205810547,1,3,StandardMLP,chronic_kidney_disease,1.0,5441,0.018121408379596214,0.5776779651641846
1.0,1.0,1.0,1.0,1.0,1.0,0.004646266810595989,0.021640246578802664,0.06906092166900635,0.06906092166900635,0.005524873733520508,1,4,StandardMLP,chronic_kidney_disease,1.0,2241,0.01816239811125256,0.5285112857818604
1.0,1.0,1.0,1.0,1.0,1.0,0.00048696520389057696,0.005388723686337471,0.06091296672821045,0.06091296672821045,0.004873037338256836,1,5,StandardMLP,chronic_kidney_disease,1.0,5505,0.02000860835230628,1.1696827411651611
0.99,1.0,0.98,0.98989898989899,0.9738516810963534,0.9933333333333334,0.012824876233935356,0.06213673111051321,0.058647990226745605,0.058647990226745605,0.0046918392181396484,2,1,StandardMLP,chronic_kidney_disease,1.0,15105,0.018385136127471925,0.5066549777984619
0.99,1.0,0.98,0.98989898989899,0.9738516810963534,1.0,0.008833734318614006,0.027046731983621914,0.06499886512756348,0.06499886512756348,0.005199909210205078,2,2,StandardMLP,chronic_kidney_disease,1.0,5505,0.018316009770268978,0.5802562236785889
1.0,1.0,1.0,1.0,1.0,1.0,0.0032418083865195513,0.013064899326612553,0.06368458271026611,0.06368458271026611,0.005094766616821289,2,3,StandardMLP,chronic_kidney_disease,1.0,5441,0.019454121589660645,1.1177468299865723
1.0,1.0,1.0,1.0,1.0,1.0,0.0008190954104065895,0.006715668986241023,0.06092488765716553,0.06092488765716553,0.004873991012573242,2,4,StandardMLP,chronic_kidney_disease,1.0,14977,0.018356467738296047,0.8371613025665283
0.99,1.0,0.98,0.98989898989899,0.9738516810963534,1.0,0.005389643367379904,0.015402807543675104,0.06521046161651611,0.06521046161651611,0.005216836929321289,2,5,StandardMLP,chronic_kidney_disease,1.0,15105,0.018148059844970702,0.6273219585418701
0.99,1.0,0.98,0.98989898989899,0.9738516810963534,1.0,0.011654449626803398,0.03741903603076935,0.06660223007202148,0.06660223007202148,0.005328178405761719,3,1,StandardMLP,chronic_kidney_disease,1.0,2209,0.019616541109587018,0.5095341205596924
0.99,1.0,0.98,0.98989898989899,0.9738516810963534,0.9966666666666667,0.017815569415688515,0.0696870634953181,0.059598684310913086,0.059598684310913086,0.004767894744873047,3,2,StandardMLP,chronic_kidney_disease,1.0,2209,0.018282421997615268,0.7058260440826416
1.0,1.0,1.0,1.0,1.0,1.0,0.0005066891899332404,0.005933746850738923,0.06296038627624512,0.06296038627624512,0.005036830902099609,3,3,StandardMLP,chronic_kidney_disease,1.0,2241,0.018217744054021063,0.9296588897705078
1.0,1.0,1.0,1.0,1.0,1.0,0.00583307072520256,0.031895602121949196,0.0632256269454956,0.0632256269454956,0.0050580501556396484,3,4,StandardMLP,chronic_kidney_disease,1.0,15105,0.018296329598677784,0.9635438919067383
1.0,1.0,1.0,1.0,1.0,1.0,0.000583211425691843,0.0059083544959624605,0.059789419174194336,0.059789419174194336,0.004783153533935547,3,5,StandardMLP,chronic_kidney_disease,1.0,15105,0.01798696517944336,0.3728220462799072
0.99,1.0,0.98,0.98989898989899,0.9738516810963534,1.0,0.005471456795930862,0.012502505676820874,0.060948729515075684,0.060948729515075684,0.004875898361206055,1,1,TabKAN,chronic_kidney_disease,1.0,95153,0.023954391479492188,0.5359020233154297
1.0,1.0,1.0,1.0,1.0,1.0,1.0477007208464784e-06,0.0005885406862944365,0.07458925247192383,0.07458925247192383,0.005967140197753906,1,2,TabKAN,chronic_kidney_disease,1.0,94320,0.029932167794969346,0.687363862991333
0.98,1.0,0.96,0.9795918367346939,0.9486832980505139,0.9986666666666667,0.021861586719751358,0.06314237415790558,0.07053613662719727,0.07053613662719727,0.005642890930175781,1,3,TabKAN,chronic_kidney_disease,1.0,65392,0.024376484063955452,0.41406702995300293
1.0,1.0,1.0,1.0,1.0,1.0,2.102499365719268e-06,0.00067723806326588,0.07092952728271484,0.07092952728271484,0.0056743621826171875,1,4,TabKAN,chronic_kidney_disease,1.0,65969,0.02387467384338379,1.5611920356750488
1.0,1.0,1.0,1.0,1.0,1.0,8.521377594661317e-07,0.00015682793067147335,0.0722736120223999,0.0722736120223999,0.005781888961791992,1,5,TabKAN,chronic_kidney_disease,1.0,65969,0.02386564016342163,1.371509075164795
0.99,1.0,0.98,0.98989898989899,0.9738516810963534,0.9986666666666667,0.012003203853964806,0.04321407712996006,0.07558763027191162,0.07558763027191162,0.00604701042175293,2,1,TabKAN,chronic_kidney_disease,1.0,95153,0.024073272943496704,0.5057411193847656
1.0,1.0,1.0,1.0,1.0,1.0,3.9267248212127015e-05,0.0017799600124514352,0.0677257776260376,0.0677257776260376,0.005418062210083008,2,2,TabKAN,chronic_kidney_disease,1.0,65969,0.025484503769293065,1.35475492477417
1.0,1.0,1.0,1.0,1.0,1.0,4.517612950394323e-08,9.544143298019965e-05,0.07127523422241211,0.07127523422241211,0.005702018737792969,2,3,TabKAN,chronic_kidney_disease,1.0,65392,0.023929243087768556,0.7828280925750732
1.0,1.0,1.0,1.0,1.0,1.0,3.4249665077368263e-06,0.00023719080369725512,0.07129013538360596,0.07129013538360596,0.0057032108306884766,2,4,TabKAN,chronic_kidney_disease,1.0,94320,0.02372025648752848,0.9315083026885986
0.9733333333333334,0.98,0.98,0.98,0.9466666666666667,0.9993333333333333,0.011435730382800102,0.030650279407079022,0.07053613662719727,0.07053613662719727,0.005642890930175781,2,5,TabKAN,chronic_kidney_disease,1.0,95153,0.02736687660217285,0.4952108860015869
1.0,1.0,1.0,1.0,1.0,1.0,6.972273922656314e-07,0.0001631789806803378,0.07226169109344482,0.07226169109344482,0.005780935287475586,3,1,TabKAN,chronic_kidney_disease,1.0,94320,0.023908559013815486,1.0623750686645508
0.9733333333333334,0.98,0.98,0.98,0.9466666666666667,0.9993333333333333,0.01668364927172661,0.03790422032276789,0.06650984287261963,0.06650984287261963,0.00532078742980957,3,2,TabKAN,chronic_kidney_disease,1.0,94320,0.024369239807128906,0.4769582748413086
1.0,1.0,1.0,1.0,1.0,1.0,1.7156986586996936e-06,0.00019020432106723698,0.07127523422241211,0.07127523422241211,0.005702018737792969,3,3,TabKAN,chronic_kidney_disease,1.0,95153,0.02367450169154576,1.0859971046447754
0.99,1.0,0.98,0.98989898989899,0.9738516810963534,0.9993333333333333,0.00973501242697239,0.02837852838759621,0.06341636180877686,0.06341636180877686,0.0050733089447021484,3,4,TabKAN,chronic_kidney_disease,1.0,95153,0.026842188190769504,1.2806611061096191
0.99,1.0,0.98,0.98989898989899,0.9738516810963534,1.0,0.006424327380955219,0.01704056919940437,0.06173849105834961,0.06173849105834961,0.004939079284667969,3,5,TabKAN,chronic_kidney_disease,1.0,65969,0.024076849222183228,0.5043151378631592
1.0,1.0,1.0,1.0,1.0,1.0,0.0009244160610251129,0.005462309908277045,0.06706416606903076,0.06706416606903076,0.005365133285522461,1,1,FastKAN,chronic_kidney_disease,1.0,47136,0.02213825677570544,0.5589959621429443
1.0,1.0,1.0,1.0,1.0,1.0,2.812798172158182e-08,9.003049065844e-05,0.07584989070892334,0.07584989070892334,0.006067991256713867,1,2,FastKAN,chronic_kidney_disease,1.0,67168,0.023797847129203176,1.160290002822876
0.99,1.0,0.98,0.98989898989899,0.9738516810963534,0.9986666666666667,0.01230608019977808,0.04741644486784935,0.0718235969543457,0.0718235969543457,0.005745887756347656,1,3,FastKAN,chronic_kidney_disease,1.0,67168,0.02156086762746175,0.3475210666656494
1.0,1.0,1.0,1.0,1.0,1.0,1.9677460727507423e-07,0.00016092792308578888,0.07291138172149658,0.07291138172149658,0.0058329105377197266,1,4,FastKAN,chronic_kidney_disease,1.0,68000,0.023020113507906597,1.4569637775421143
1.0,1.0,1.0,1.0,1.0,1.0,1.9028714177693473e-06,0.0004997574530231456,0.06842613220214844,0.06842613220214844,0.005474090576171875,1,5,FastKAN,chronic_kidney_disease,1.0,47136,0.023837690353393556,1.5644488334655762
0.99,1.0,0.98,0.98989898989899,0.9738516810963534,0.9993333333333333,0.01194737758487463,0.04024745042746266,0.07568895816802979,0.07568895816802979,0.006055116653442383,2,1,FastKAN,chronic_kidney_disease,1.0,47136,0.02175278663635254,0.4364469051361084
1.0,1.0,1.0,1.0,1.0,1.0,0.0030081209260970354,0.007681227192127456,0.07314085960388184,0.07314085960388184,0.005851268768310547,2,2,FastKAN,chronic_kidney_disease,1.0,47136,0.021997935631695914,0.9919712543487549
1.0,1.0,1.0,1.0,1.0,1.0,4.3020726536724396e-08,0.0002062775941643243,0.06943643093109131,0.06943643093109131,0.005554914474487305,2,3,FastKAN,chronic_kidney_disease,1.0,46560,0.021636848449707032,1.4401631355285645
1.0,1.0,1.0,1.0,1.0,1.0,6.253035422787434e-08,0.00020017426868434995,0.07201135158538818,0.07201135158538818,0.005760908126831055,2,4,FastKAN,chronic_kidney_disease,1.0,46560,0.024009044965108237,0.9480898380279541
0.9733333333333334,0.98,0.98,0.98,0.9466666666666667,0.9993333333333333,0.012232493609189987,0.029018175788223743,0.07303953170776367,0.07303953170776367,0.005843162536621094,2,5,FastKAN,chronic_kidney_disease,1.0,47136,0.02176735136244032,0.5228853225708008
1.0,1.0,1.0,1.0,1.0,1.0,1.0221473530691583e-05,0.0014913333967948954,0.08147358894348145,0.08147358894348145,0.006517887115478516,3,1,FastKAN,chronic_kidney_disease,1.0,46560,0.0215064138174057,0.46158385276794434
0.99,1.0,0.98,0.98989898989899,0.9738516810963534,1.0,0.008414576761424541,0.024928124000628788,0.07070004940032959,0.07070004940032959,0.005656003952026367,3,2,FastKAN,chronic_kidney_disease,1.0,46560,0.021711422846867487,0.3775060176849365
1.0,1.0,1.0,1.0,1.0,1.0,2.1629998059324862e-07,9.599109277284394e-05,0.07100999355316162,0.07100999355316162,0.00568079948425293,3,3,FastKAN,chronic_kidney_disease,1.0,47136,0.02198536055428641,1.0230538845062256
0.99,1.0,0.98,0.98989898989899,0.9738516810963534,1.0,0.004869392141699791,0.014894345464805761,0.06587505340576172,0.06587505340576172,0.0052700042724609375,3,4,FastKAN,chronic_kidney_disease,1.0,47136,0.021763649853793057,0.9552099704742432
1.0,1.0,1.0,1.0,1.0,1.0,4.07894876843784e-05,0.002514944508826981,0.07143616676330566,0.07143616676330566,0.005714893341064453,3,5,FastKAN,chronic_kidney_disease,1.0,68000,0.022072008677891324,0.4129178524017334
1.0,1.0,1.0,1.0,1.0,1.0,0.0002443455741740763,0.0036536037805490196,0.08119940757751465,0.08119940757751465,0.006495952606201172,1,1,ChebyKAN,chronic_kidney_disease,1.0,26272,0.02086996078491211,0.6998326778411865
1.0,1.0,1.0,1.0,1.0,1.0,2.903725260239298e-07,0.0002613147468461345,0.0840991735458374,0.0840991735458374,0.006727933883666992,1,2,ChebyKAN,chronic_kidney_disease,1.0,36256,0.022068950865003798,1.0564560890197754
0.98,1.0,0.96,0.9795918367346939,0.9486832980505139,1.0,0.015928279608488083,0.039968356024473906,0.08375048637390137,0.08375048637390137,0.006700038909912109,1,3,ChebyKAN,chronic_kidney_disease,1.0,25952,0.020401917971097507,0.35987305641174316
0.99,1.0,0.98,0.98989898989899,0.9738516810963534,1.0,0.006208223290741444,0.014966595607499281,0.07892251014709473,0.07892251014709473,0.006313800811767578,1,4,ChebyKAN,chronic_kidney_disease,1.0,36704,0.022163742118411593,1.0596699714660645
1.0,1.0,1.0,1.0,1.0,1.0,1.355951212644868e-06,0.0006116808702548345,0.0707387924194336,0.0707387924194336,0.0056591033935546875,1,5,ChebyKAN,chronic_kidney_disease,1.0,26272,0.020395431518554687,1.3729569911956787
0.99,1.0,0.98,0.98989898989899,0.9738516810963534,1.0,0.009793620556592941,0.027907010167837143,0.08266270160675049,0.08266270160675049,0.006613016128540039,2,1,ChebyKAN,chronic_kidney_disease,1.0,36704,0.022215281214032854,0.41652488708496094
1.0,1.0,1.0,1.0,1.0,1.0,0.00029261261806823313,0.003475965505155424,0.0775754451751709,0.0775754451751709,0.006206035614013672,2,2,ChebyKAN,chronic_kidney_disease,1.0,36704,0.026969864254906065,0.7397828102111816
1.0,1.0,1.0,1.0,1.0,1.0,4.6610594495177793e-07,0.000537192274350673,0.07239878177642822,0.07239878177642822,0.005791902542114258,2,3,ChebyKAN,chronic_kidney_disease,1.0,25952,0.020637578964233398,0.6936748027801514
1.0,1.0,1.0,1.0,1.0,1.0,2.9618325925184763e-07,0.0002660844086979826,0.08123815059661865,0.08123815059661865,0.006499052047729492,2,4,ChebyKAN,chronic_kidney_disease,1.0,36256,0.02222832271030971,1.0343170166015625
0.99,1.0,0.98,0.98989898989899,0.9738516810963534,0.9993333333333333,0.013586689718067646,0.037232487152020134,0.0762641429901123,0.0762641429901123,0.006101131439208984,2,5,ChebyKAN,chronic_kidney_disease,1.0,26272,0.020976030826568605,0.5645160675048828
1.0,1.0,1.0,1.0,1.0,1.0,4.0518307287129574e-07,0.0002556960971560329,0.0933617353439331,0.0933617353439331,0.0074689388275146484,3,1,ChebyKAN,chronic_kidney_disease,1.0,36256,0.02201005220413208,1.1722722053527832
0.9733333333333334,0.98,0.98,0.98,0.9466666666666667,0.9993333333333333,0.006597474217414856,0.01706002652645111,0.07174909114837646,0.07174909114837646,0.005739927291870117,3,2,ChebyKAN,chronic_kidney_disease,1.0,25952,0.02082158625125885,0.44766736030578613
1.0,1.0,1.0,1.0,1.0,1.0,9.591528851160547e-07,0.00037889705466416973,0.06834864616394043,0.06834864616394043,0.005467891693115234,3,3,ChebyKAN,chronic_kidney_disease,1.0,21056,0.021608868310617847,1.2427878379821777
1.0,1.0,1.0,1.0,1.0,1.0,2.086503263853956e-05,0.0011779371416196227,0.08048415184020996,0.08048415184020996,0.006438732147216797,3,4,ChebyKAN,chronic_kidney_disease,1.0,36704,0.022105981906255085,0.7067649364471436
1.0,1.0,1.0,1.0,1.0,1.0,0.0014090322656556964,0.011178476076262692,0.08268654346466064,0.08268654346466064,0.0066149234771728516,3,5,ChebyKAN,chronic_kidney_disease,1.0,36704,0.02225071589152018,0.4467480182647705
1.0,1.0,1.0,1.0,1.0,1.0,0.00010764550097519532,0.00920018833130598,0.07642805576324463,0.07642805576324463,0.00611424446105957,1,1,JacobiKAN,chronic_kidney_disease,1.0,21056,0.021340676716395786,0.602412223815918
1.0,1.0,1.0,1.0,1.0,1.0,4.762447929351765e-07,0.00023088698314192394,0.08436143398284912,0.08436143398284912,0.00674891471862793,1,2,JacobiKAN,chronic_kidney_disease,1.0,20800,0.02110018048967634,0.9917738437652588
0.99,1.0,0.98,0.98989898989899,0.9738516810963534,0.9993333333333333,0.013334939256310463,0.04254790193711718,0.09662508964538574,0.09662508964538574,0.007730007171630859,1,3,JacobiKAN,chronic_kidney_disease,1.0,25952,0.022811381022135417,0.4598829746246338
0.99,1.0,0.98,0.98989898989899,0.9738516810963534,1.0,0.011765608564019203,0.042964519622425236,0.08677542209625244,0.08677542209625244,0.006942033767700195,1,4,JacobiKAN,chronic_kidney_disease,1.0,36704,0.024503499269485474,0.777306079864502
1.0,1.0,1.0,1.0,1.0,1.0,0.0003104616771452129,0.0027114100424417606,0.07551014423370361,0.07551014423370361,0.006040811538696289,1,5,JacobiKAN,chronic_kidney_disease,1.0,21056,0.02135857105255127,1.4308958053588867
0.99,1.0,0.98,0.98989898989899,0.9738516810963534,0.9993333333333333,0.012244894169270992,0.04856188145155708,0.08935928344726562,0.08935928344726562,0.00714874267578125,2,1,JacobiKAN,chronic_kidney_disease,1.0,36704,0.03291394313176473,0.508812665939331
1.0,1.0,1.0,1.0,1.0,1.0,0.0007560771191492677,0.009188162667366365,0.07615089416503906,0.07615089416503906,0.006092071533203125,2,2,JacobiKAN,chronic_kidney_disease,1.0,36704,0.024498637517293295,0.486752986907959
1.0,1.0,1.0,1.0,1.0,1.0,1.5634786905138753e-06,0.0005513513848806421,0.0781625509262085,0.0781625509262085,0.00625300407409668,2,3,JacobiKAN,chronic_kidney_disease,1.0,25952,0.022545337677001953,1.018362045288086
1.0,1.0,1.0,1.0,1.0,1.0,1.918520098342924e-08,0.0001387014975383257,0.08626282215118408,0.08626282215118408,0.0069010257720947266,2,4,JacobiKAN,chronic_kidney_disease,1.0,20800,0.022907587198110726,1.1911652088165283
1.0,1.0,1.0,1.0,1.0,1.0,0.00017256072896998376,0.0034303132367009916,0.08262693881988525,0.08262693881988525,0.00661015510559082,2,5,JacobiKAN,chronic_kidney_disease,1.0,21056,0.021448060085898953,0.5494551658630371
1.0,1.0,1.0,1.0,1.0,1.0,3.5629441299533937e-06,0.0005161295897172143,0.0739753246307373,0.0739753246307373,0.005918025970458984,3,1,JacobiKAN,chronic_kidney_disease,1.0,25952,0.022207507380732783,0.8014001846313477
0.99,1.0,0.98,0.98989898989899,0.9738516810963534,0.9993333333333333,0.011709241196513176,0.035016470278302826,0.09441077709197998,0.09441077709197998,0.0075528621673583984,3,2,JacobiKAN,chronic_kidney_disease,1.0,36256,0.0266198068857193,0.559657096862793
1.0,1.0,1.0,1.0,1.0,1.0,2.0652453969205453e-08,0.00013425117504084483,0.06674826145172119,0.06674826145172119,0.005339860916137695,3,3,JacobiKAN,chronic_kidney_disease,1.0,26272,0.022317899976457868,1.0425810813903809
0.9833333333333334,0.9803921568627451,1.0,0.9900990099009901,0.973505222533836,0.9993333333333333,0.007906362414360046,0.01893467300881942,0.09613931179046631,0.09613931179046631,0.007691144943237305,3,4,JacobiKAN,chronic_kidney_disease,1.0,21056,0.02099149227142334,0.5657320022583008
0.99,1.0,0.98,0.98989898989899,0.9738516810963534,1.0,0.00751018151640892,0.018373796774540097,0.0740736722946167,0.0740736722946167,0.005925893783569336,3,5,JacobiKAN,chronic_kidney_disease,1.0,21056,0.021151351928710937,0.571829080581665
0.9733333333333334,0.98,0.98,0.98,0.9466666666666667,0.9993333333333333,0.012105424888432026,0.028513971172894042,0.08511245250701904,0.08511245250701904,0.0068089962005615234,1,1,LegendreKAN,chronic_kidney_disease,1.0,36704,0.02958361307779948,0.5766870975494385
1.0,1.0,1.0,1.0,1.0,1.0,2.404755150564597e-06,0.00037915164527172845,0.08659958839416504,0.08659958839416504,0.006927967071533203,1,2,LegendreKAN,chronic_kidney_disease,1.0,36256,0.024047145843505858,1.5820281505584717
0.99,1.0,0.98,0.98989898989899,0.9738516810963534,0.9993333333333333,0.011444710195064545,0.03765129034096996,0.08546113967895508,0.08546113967895508,0.006836891174316406,1,3,LegendreKAN,chronic_kidney_disease,1.0,25952,0.022045612335205078,0.47255396842956543
1.0,1.0,1.0,1.0,1.0,1.0,0.00025240026297979057,0.0033405510087807975,0.07089078426361084,0.07089078426361084,0.005671262741088867,1,4,LegendreKAN,chronic_kidney_disease,1.0,36704,0.025608162085215252,0.8050382137298584
1.0,1.0,1.0,1.0,1.0,1.0,0.0006317651132121682,0.0034358731839650622,0.08647739887237549,0.08647739887237549,0.006918191909790039,1,5,LegendreKAN,chronic_kidney_disease,1.0,36704,0.024874958992004394,1.6338140964508057
0.99,1.0,0.98,0.98989898989899,0.9738516810963534,0.998,0.012797852046787739,0.0466100312769413,0.07972419261932373,0.07972419261932373,0.0063779354095458984,2,1,LegendreKAN,chronic_kidney_disease,1.0,26272,0.021417744954427085,0.4328482151031494
1.0,1.0,1.0,1.0,1.0,1.0,0.00043317736708559096,0.007039070439835389,0.08331239223480225,0.08331239223480225,0.00666499137878418,2,2,LegendreKAN,chronic_kidney_disease,1.0,36704,0.02418200593245657,0.6080279350280762
1.0,1.0,1.0,1.0,1.0,1.0,1.4624075674873893e-06,0.000623387012941142,0.08501112461090088,0.08501112461090088,0.00680088996887207,2,3,LegendreKAN,chronic_kidney_disease,1.0,36256,0.024078197479248047,1.5888383388519287
1.0,1.0,1.0,1.0,1.0,1.0,1.6463317820125667e-07,0.0004144339472986758,0.0872582197189331,0.0872582197189331,0.0069806575775146484,2,4,LegendreKAN,chronic_kidney_disease,1.0,25952,0.021660971641540527,1.4498093128204346
0.99,1.0,0.98,0.98989898989899,0.9738516810963534,0.9986666666666667,0.010011394508183002,0.03421850688755512,0.08516013622283936,0.08516013622283936,0.0068128108978271484,2,5,LegendreKAN,chronic_kidney_disease,1.0,26272,0.022865730173447552,0.5178008079528809
1.0,1.0,1.0,1.0,1.0,1.0,9.966272500605555e-07,0.0002949416181460644,0.07338523864746094,0.07338523864746094,0.005870819091796875,3,1,LegendreKAN,chronic_kidney_disease,1.0,25952,0.021563777923583983,1.4392220973968506
1.0,1.0,1.0,1.0,1.0,1.0,0.002322218380868435,0.01695593073964119,0.09038448333740234,0.09038448333740234,0.0072307586669921875,3,2,LegendreKAN,chronic_kidney_disease,1.0,36256,0.023985879761832102,0.4447600841522217
1.0,1.0,1.0,1.0,1.0,1.0,5.784622914006832e-08,0.0002188310269654418,0.09217560291290283,0.09217560291290283,0.0073740482330322266,3,3,LegendreKAN,chronic_kidney_disease,1.0,36704,0.024431189975223026,1.1902062892913818
1.0,1.0,1.0,1.0,1.0,1.0,0.0002212364925071597,0.0033672192754844823,0.07622838020324707,0.07622838020324707,0.006098270416259766,3,4,LegendreKAN,chronic_kidney_disease,1.0,21056,0.020843620300292968,1.4010140895843506
1.0,1.0,1.0,1.0,1.0,1.0,0.0025475698057562113,0.007773703682081153,0.07982254028320312,0.07982254028320312,0.00638580322265625,3,5,LegendreKAN,chronic_kidney_disease,1.0,36704,0.024371526458046654,0.708162784576416
0.99,1.0,0.98,0.98989898989899,0.9738516810963534,1.0,0.00677340617403388,0.01721412925204883,0.06898641586303711,0.06898641586303711,0.005518913269042969,1,1,GramKAN,chronic_kidney_disease,1.0,36704,0.022099084324306913,0.5325760841369629
1.0,1.0,1.0,1.0,1.0,1.0,2.1443611331051216e-07,0.00047315139090642333,0.07688701152801514,0.07688701152801514,0.006150960922241211,1,2,GramKAN,chronic_kidney_disease,1.0,36256,0.02235234260559082,1.4871089458465576
0.99,1.0,0.98,0.98989898989899,0.9738516810963534,0.998,0.012482376769185066,0.05343099466214577,0.08521080017089844,0.08521080017089844,0.006816864013671875,1,3,GramKAN,chronic_kidney_disease,1.0,36256,0.022327899932861328,0.5369329452514648
1.0,1.0,1.0,1.0,1.0,1.0,3.5805973652713874e-07,0.0005978371094291409,0.09121298789978027,0.09121298789978027,0.007297039031982422,1,4,GramKAN,chronic_kidney_disease,1.0,26272,0.02241459846496582,1.4939117431640625
1.0,1.0,1.0,1.0,1.0,1.0,4.455226189747918e-06,0.002102368356039127,0.06782710552215576,0.06782710552215576,0.005426168441772461,1,5,GramKAN,chronic_kidney_disease,1.0,21056,0.019805259704589843,1.340329885482788
0.99,1.0,0.98,0.98989898989899,0.9738516810963534,0.9973333333333334,0.012177362106740475,0.04928410425782204,0.0794142484664917,0.0794142484664917,0.006353139877319336,2,1,GramKAN,chronic_kidney_disease,1.0,26272,0.02048482894897461,0.5536787509918213
1.0,1.0,1.0,1.0,1.0,1.0,5.34977925781277e-06,0.0005267835998286804,0.0721961259841919,0.0721961259841919,0.0057756900787353516,2,2,GramKAN,chronic_kidney_disease,1.0,26272,0.020388708114624024,1.3735227584838867
0.99,1.0,0.98,0.98989898989899,0.9738516810963534,1.0,0.006057560909539461,0.017580484971404076,0.07206201553344727,0.07206201553344727,0.005764961242675781,2,3,GramKAN,chronic_kidney_disease,1.0,20800,0.01975329399108887,1.3374760150909424
1.0,1.0,1.0,1.0,1.0,1.0,5.4447856001615946e-08,0.00023770098050590605,0.06448626518249512,0.06448626518249512,0.005158901214599609,2,4,GramKAN,chronic_kidney_disease,1.0,36256,0.023899184332953557,1.4187560081481934
1.0,1.0,1.0,1.0,1.0,1.0,0.0025880697648972273,0.023736668440202873,0.067177414894104,0.067177414894104,0.00537419319152832,2,5,GramKAN,chronic_kidney_disease,1.0,21056,0.01964142011559528,0.6139309406280518
1.0,1.0,1.0,1.0,1.0,1.0,2.528314553273958e-06,0.0011988664045929909,0.08113980293273926,0.08113980293273926,0.006491184234619141,3,1,GramKAN,chronic_kidney_disease,1.0,36256,0.022122838280417702,0.6503310203552246
0.9733333333333334,0.98,0.98,0.98,0.9466666666666667,0.9993333333333333,0.015886779874563217,0.038034647703170776,0.07627606391906738,0.07627606391906738,0.006102085113525391,3,2,GramKAN,chronic_kidney_disease,1.0,36256,0.02770827945910002,0.6859591007232666
1.0,1.0,1.0,1.0,1.0,1.0,2.4709302124392707e-06,0.001607730402611196,0.06996095180511475,0.06996095180511475,0.00559687614440918,3,3,GramKAN,chronic_kidney_disease,1.0,21056,0.01982795715332031,1.3413808345794678
1.0,1.0,1.0,1.0,1.0,1.0,0.0026107390876859426,0.018534320406615734,0.07044970989227295,0.07044970989227295,0.005635976791381836,3,4,GramKAN,chronic_kidney_disease,1.0,21056,0.019684680302937827,0.8010540008544922
1.0,1.0,1.0,1.0,1.0,1.0,1.130512828240171e-05,0.002339291114670535,0.08556246757507324,0.08556246757507324,0.006844997406005859,3,5,GramKAN,chronic_kidney_disease,1.0,36704,0.022558772045633068,0.6899588108062744
1.0,1.0,1.0,1.0,1.0,1.0,3.638149905782484e-07,0.0005191217254226407,0.06805956363677979,0.06805956363677979,0.005444765090942383,1,1,TaylorKAN,chronic_kidney_disease,1.0,21056,0.019111943244934083,1.2968719005584717
1.0,1.0,1.0,1.0,1.0,1.0,7.868889895235043e-08,0.00028341439125748974,0.07476210594177246,0.07476210594177246,0.005980968475341797,1,2,TaylorKAN,chronic_kidney_disease,1.0,25952,0.021046454256231136,1.2426817417144775
0.98,1.0,0.96,0.9795918367346939,0.9486832980505139,0.998,0.024370530620217323,0.09629211916277806,0.07512569427490234,0.07512569427490234,0.0060100555419921875,1,3,TaylorKAN,chronic_kidney_disease,1.0,20800,0.019420181001935686,0.372189998626709
1.0,1.0,1.0,1.0,1.0,1.0,2.699843935261015e-05,0.0015090665547177196,0.07212460041046143,0.07212460041046143,0.005769968032836914,1,4,TaylorKAN,chronic_kidney_disease,1.0,36704,0.020371384620666504,1.3730390071868896
1.0,1.0,1.0,1.0,1.0,1.0,2.455201638440485e-06,0.00159259846744438,0.06003677845001221,0.06003677845001221,0.0048029422760009766,1,5,TaylorKAN,chronic_kidney_disease,1.0,21056,0.020491423606872557,1.3798539638519287
0.99,1.0,0.98,0.98989898989899,0.9738516810963534,0.998,0.011989878490567207,0.043095797610779606,0.07939636707305908,0.07939636707305908,0.0063517093658447266,2,1,TaylorKAN,chronic_kidney_disease,1.0,36704,0.020154921904854153,0.6260530948638916
1.0,1.0,1.0,1.0,1.0,1.0,3.315422418381786e-06,0.00031347158073913306,0.07854998111724854,0.07854998111724854,0.006283998489379883,2,2,TaylorKAN,chronic_kidney_disease,1.0,36704,0.0201308012008667,1.3542041778564453
1.0,1.0,1.0,1.0,1.0,1.0,0.0007433982100337744,0.013431925947467485,0.0715494155883789,0.0715494155883789,0.0057239532470703125,2,3,TaylorKAN,chronic_kidney_disease,1.0,20800,0.024443387985229492,0.45345520973205566
1.0,1.0,1.0,1.0,1.0,1.0,6.072235692045069e-08,0.0002451508432083453,0.07306337356567383,0.07306337356567383,0.005845069885253906,2,4,TaylorKAN,chronic_kidney_disease,1.0,36256,0.020387386282285053,1.3139491081237793
1.0,1.0,1.0,1.0,1.0,1.0,0.0001687954500084743,0.0021121544123161584,0.07213950157165527,0.07213950157165527,0.005771160125732422,2,5,TaylorKAN,chronic_kidney_disease,1.0,21056,0.01879096031188965,0.6418161392211914
1.0,1.0,1.0,1.0,1.0,1.0,3.5096119972877204e-05,0.0008262955573930716,0.06380975246429443,0.06380975246429443,0.005104780197143555,3,1,TaylorKAN,chronic_kidney_disease,1.0,20800,0.01917020320892334,1.301142930984497
0.9733333333333334,0.98,0.98,0.98,0.9466666666666667,0.9993333333333333,0.011694096028804779,0.03385629132390022,0.0832974910736084,0.0832974910736084,0.006663799285888672,3,2,TaylorKAN,chronic_kidney_disease,1.0,25952,0.019662959235055105,0.37615299224853516
1.0,1.0,1.0,1.0,1.0,1.0,1.1592285176220685e-07,0.00034536798678648967,0.06681382656097412,0.06681382656097412,0.00534510612487793,3,3,TaylorKAN,chronic_kidney_disease,1.0,26272,0.021363897323608397,1.4284172058105469
0.99,1.0,0.98,0.98989898989899,0.9738516810963534,1.0,0.009377292357385159,0.023645415824527543,0.07161200046539307,0.07161200046539307,0.005728960037231445,3,4,TaylorKAN,chronic_kidney_disease,1.0,36704,0.020180296897888184,1.3569700717926025
1.0,1.0,1.0,1.0,1.0,1.0,2.9823137083440088e-05,0.004851753978679578,0.08842647075653076,0.08842647075653076,0.007074117660522461,3,5,TaylorKAN,chronic_kidney_disease,1.0,36704,0.02072285016377767,0.41823601722717285
1.0,1.0,1.0,1.0,1.0,1.0,0.0026069018058478832,0.011308690222601095,0.08058547973632812,0.08058547973632812,0.00644683837890625,1,1,WavKAN,chronic_kidney_disease,1.0,193184,0.04882842844182795,1.2868642807006836
1.0,1.0,1.0,1.0,1.0,1.0,6.296086496604403e-08,0.00016592888277955353,0.11186301708221436,0.11186301708221436,0.008949041366577148,1,2,WavKAN,chronic_kidney_disease,1.0,190816,0.04818649519057501,2.4237117767333984
0.9733333333333334,0.98,0.98,0.98,0.9466666666666667,0.9993333333333333,0.013120102696120739,0.04155161386976639,0.08145272731781006,0.08145272731781006,0.006516218185424805,1,3,WavKAN,chronic_kidney_disease,1.0,190816,0.0482056008444892,1.0376551151275635
1.0,1.0,1.0,1.0,1.0,1.0,6.041489541530609e-05,0.001110177836380899,0.09071230888366699,0.09071230888366699,0.007256984710693359,1,4,WavKAN,chronic_kidney_disease,1.0,193184,0.04862808097492565,1.2805891036987305
1.0,1.0,1.0,1.0,1.0,1.0,3.956484215450473e-05,0.0036826088714102903,0.09741485118865967,0.09741485118865967,0.0077931880950927734,1,5,WavKAN,chronic_kidney_disease,1.0,193184,0.04888427734375,2.931241989135742
0.99,1.0,0.98,0.98989898989899,0.9738516810963534,0.9973333333333334,0.012044635601341724,0.04471792125453552,0.15651285648345947,0.15651285648345947,0.012521028518676758,2,1,WavKAN,chronic_kidney_disease,1.0,193184,0.048867295770084154,0.99407958984375
1.0,1.0,1.0,1.0,1.0,1.0,0.000332162861013785,0.00808415732656916,0.09093582630157471,0.09093582630157471,0.0072748661041259766,2,2,WavKAN,chronic_kidney_disease,1.0,130592,0.04018916189670563,0.7829201221466064
1.0,1.0,1.0,1.0,1.0,1.0,1.2609250461537158e-06,0.00047438350156880915,0.08792281150817871,0.08792281150817871,0.007033824920654297,2,3,WavKAN,chronic_kidney_disease,1.0,190816,0.048127817071002464,1.3244249820709229
1.0,1.0,1.0,1.0,1.0,1.0,6.892290116411459e-08,0.00023614453190627197,0.11081397533416748,0.11081397533416748,0.008865118026733398,2,4,WavKAN,chronic_kidney_disease,1.0,128992,0.04006246822636302,2.003101110458374
0.99,1.0,0.98,0.98989898989899,0.9738516810963534,0.9993333333333333,0.011233543045818806,0.030518661059128743,0.0871419906616211,0.0871419906616211,0.0069713592529296875,2,5,WavKAN,chronic_kidney_disease,1.0,193184,0.0504156748453776,1.2650880813598633
1.0,1.0,1.0,1.0,1.0,1.0,2.710071566980332e-05,0.0014411496231332421,0.08569955825805664,0.08569955825805664,0.006855964660644531,3,1,WavKAN,chronic_kidney_disease,1.0,128992,0.039912928234447136,1.0708231925964355
1.0,1.0,1.0,1.0,1.0,1.0,0.006021345965564251,0.028519206990798313,0.09136199951171875,0.09136199951171875,0.0073089599609375,3,2,WavKAN,chronic_kidney_disease,1.0,190816,0.04792658487955729,0.6884078979492188
1.0,1.0,1.0,1.0,1.0,1.0,9.008124834508635e-06,0.0003963437338825315,0.11477768421173096,0.11477768421173096,0.009182214736938477,3,3,WavKAN,chronic_kidney_disease,1.0,68000,0.03193935082883251,1.9509711265563965
0.99,1.0,0.98,0.98989898989899,0.9738516810963534,1.0,0.0034905944485217333,0.01787523676951726,0.06701350212097168,0.06701350212097168,0.005361080169677734,3,4,WavKAN,chronic_kidney_disease,1.0,68000,0.031933231353759764,1.995332956314087
1.0,1.0,1.0,1.0,1.0,1.0,0.00029908239957876503,0.0048003233775186045,0.08636415004730225,0.08636415004730225,0.00690913200378418,3,5,WavKAN,chronic_kidney_disease,1.0,193184,0.04913150562959559,1.0009968280792236
1.0,1.0,1.0,1.0,1.0,1.0,0.00034047855297103524,0.006202948517360103,0.08268952369689941,0.08268952369689941,0.006615161895751953,1,1,ReLUKAN,chronic_kidney_disease,1.0,47136,0.02271434755036325,1.0029830932617188
1.0,1.0,1.0,1.0,1.0,1.0,6.388712563420995e-07,0.0007502777540745834,0.0758141279220581,0.0758141279220581,0.0060651302337646484,1,2,ReLUKAN,chronic_kidney_disease,1.0,87776,0.02498550891876221,1.6504261493682861
0.9633333333333334,0.9795918367346939,0.96,0.9696969696969697,0.9208529501523341,0.9986666666666667,0.02797679603099823,0.09080331213772297,0.07742643356323242,0.07742643356323242,0.006194114685058594,1,3,ReLUKAN,chronic_kidney_disease,1.0,87776,0.022861187274639424,0.7916579246520996
1.0,1.0,1.0,1.0,1.0,1.0,0.00023776167654432356,0.002692858843753735,0.07750093936920166,0.07750093936920166,0.006200075149536133,1,4,ReLUKAN,chronic_kidney_disease,1.0,47136,0.022217564582824707,1.4858319759368896
1.0,1.0,1.0,1.0,1.0,1.0,2.352666115257307e-06,0.0014659177395515144,0.07492303848266602,0.07492303848266602,0.005993843078613281,1,5,ReLUKAN,chronic_kidney_disease,1.0,47136,0.022695856094360353,1.5102510452270508
0.99,1.0,0.98,0.98989898989899,0.9738516810963534,0.998,0.011441169306635857,0.03992207286258539,0.07735192775726318,0.07735192775726318,0.006188154220581055,2,1,ReLUKAN,chronic_kidney_disease,1.0,130592,0.02434515953063965,0.6454200744628906
0.9733333333333334,0.98,0.98,0.98,0.9466666666666667,0.9993333333333333,0.008709984831511974,0.027339382674351025,0.08462667465209961,0.08462667465209961,0.006770133972167969,2,2,ReLUKAN,chronic_kidney_disease,1.0,130592,0.02183416015223453,1.1109907627105713
1.0,1.0,1.0,1.0,1.0,1.0,2.478240617165284e-07,0.0004940314490037659,0.07435083389282227,0.07435083389282227,0.005948066711425781,2,3,ReLUKAN,chronic_kidney_disease,1.0,87776,0.022103919982910156,1.4775547981262207
1.0,1.0,1.0,1.0,1.0,1.0,5.862503940079478e-07,0.0007704874345411857,0.07746219635009766,0.07746219635009766,0.0061969757080078125,2,4,ReLUKAN,chronic_kidney_disease,1.0,46560,0.022113780975341796,1.47564697265625
0.9833333333333334,0.9803921568627451,1.0,0.9900990099009901,0.973505222533836,1.0,0.0035577635280787945,0.008553308744486307,0.06819963455200195,0.06819963455200195,0.005455970764160156,2,5,ReLUKAN,chronic_kidney_disease,1.0,130592,0.023781675100326537,1.2616517543792725
1.0,1.0,1.0,1.0,1.0,1.0,0.0003014579997397959,0.005177081407358249,0.07328689098358154,0.07328689098358154,0.0058629512786865234,3,1,ReLUKAN,chronic_kidney_disease,1.0,46560,0.021730248744671162,0.7542049884796143
0.99,1.0,0.98,0.98989898989899,0.9738516810963534,0.9986666666666667,0.012220592238008976,0.046816931727031864,0.06916224956512451,0.06916224956512451,0.005532979965209961,3,2,ReLUKAN,chronic_kidney_disease,1.0,46560,0.021797294969911927,0.7924227714538574
1.0,1.0,1.0,1.0,1.0,1.0,4.341726977941107e-08,0.00018907370758824982,0.0769585371017456,0.0769585371017456,0.0061566829681396484,3,3,ReLUKAN,chronic_kidney_disease,1.0,47136,0.02462434214214946,1.3950281143188477
0.99,1.0,0.98,0.98989898989899,0.9738516810963534,0.9986666666666667,0.012088379822671413,0.041972694297631584,0.0742107629776001,0.0742107629776001,0.005936861038208008,3,4,ReLUKAN,chronic_kidney_disease,1.0,47136,0.02197160928145699,0.6765491962432861
1.0,1.0,1.0,1.0,1.0,1.0,8.347567927557975e-06,0.0008738375230071446,0.08341372013092041,0.08341372013092041,0.006673097610473633,3,5,ReLUKAN,chronic_kidney_disease,1.0,130592,0.021447286009788513,0.9220459461212158
0.99,1.0,0.98,0.98989898989899,0.9738516810963534,1.0,0.01414793625357397,0.06665697407185471,0.0504225492477417,0.0504225492477417,0.004033803939819336,1,1,RandomForest,chronic_kidney_disease,1.0,0,0.0,0.022728919982910156
1.0,1.0,1.0,1.0,1.0,1.0,0.006146539787073516,0.044971781751781514,0.06132423877716064,0.06132423877716064,0.0049059391021728516,1,2,RandomForest,chronic_kidney_disease,1.0,0,0.0,0.027431011199951172
0.9633333333333334,0.9795918367346939,0.96,0.9696969696969697,0.9208529501523341,0.996,0.022889114097339704,0.0833644202325699,0.15041232109069824,0.15041232109069824,0.01203298568725586,1,3,RandomForest,chronic_kidney_disease,1.0,0,0.0,0.06939911842346191
0.9833333333333334,0.9803921568627451,1.0,0.9900990099009901,0.973505222533836,1.0,0.007984428975522897,0.04710786561082584,0.06202459335327148,0.06202459335327148,0.004961967468261719,1,4,RandomForest,chronic_kidney_disease,1.0,0,0.0,0.028000593185424805
0.9633333333333334,0.9795918367346939,0.96,0.9696969696969697,0.9208529501523341,0.9986666666666667,0.01316030111531898,0.05407458964997469,0.08019804954528809,0.08019804954528809,0.006415843963623047,1,5,RandomForest,chronic_kidney_disease,1.0,0,0.0,0.03653407096862793
0.99,1.0,0.98,0.98989898989899,0.9738516810963534,1.0,0.011399193146297868,0.056317138155603484,0.1475125551223755,0.1475125551223755,0.011801004409790039,2,1,RandomForest,chronic_kidney_disease,1.0,0,0.0,0.06944465637207031
0.9833333333333334,0.9803921568627451,1.0,0.9900990099009901,0.973505222533836,0.9986666666666666,0.015310108418367347,0.0587182704072118,0.0519484281539917,0.0519484281539917,0.004155874252319336,2,2,RandomForest,chronic_kidney_disease,1.0,0,0.0,0.02369403839111328
1.0,1.0,1.0,1.0,1.0,1.0,0.008188691509716184,0.04906529096213653,0.25203824043273926,0.25203824043273926,0.02016305923461914,2,3,RandomForest,chronic_kidney_disease,1.0,0,0.0,0.11063289642333984
1.0,1.0,1.0,1.0,1.0,1.0,0.00736538743581804,0.04230757185317311,0.23630261421203613,0.23630261421203613,0.01890420913696289,2,4,RandomForest,chronic_kidney_disease,1.0,0,0.0,0.11276793479919434
1.0,1.0,1.0,1.0,1.0,1.0,0.011742404505375136,0.06108259879306751,0.047975778579711914,0.047975778579711914,0.003838062286376953,2,5,RandomForest,chronic_kidney_disease,1.0,0,0.0,0.021780967712402344
0.9566666666666667,0.9607843137254902,0.98,0.9702970297029703,0.9197945895664519,0.9973333333333334,0.0220983994296561,0.07661341346745558,0.04782378673553467,0.04782378673553467,0.0038259029388427734,3,1,RandomForest,chronic_kidney_disease,1.0,0,0.0,0.021193981170654297
0.99,1.0,0.98,0.98989898989899,0.9738516810963534,1.0,0.009180040386863642,0.05089983103404185,0.23265182971954346,0.23265182971954346,0.018612146377563477,3,2,RandomForest,chronic_kidney_disease,1.0,0,0.0,0.11144804954528809
1.0,1.0,1.0,1.0,1.0,1.0,0.007252350466749302,0.042688880762883664,0.15208721160888672,0.15208721160888672,0.012166976928710938,3,3,RandomForest,chronic_kidney_disease,1.0,0,0.0,0.06949591636657715
0.9833333333333334,0.9803921568627451,1.0,0.9900990099009901,0.973505222533836,0.9966666666666667,0.019591187290945278,0.08184095973232113,0.23805201053619385,0.23805201053619385,0.019044160842895508,3,4,RandomForest,chronic_kidney_disease,1.0,0,0.0,0.11517477035522461
0.99,1.0,0.98,0.98989898989899,0.9738516810963534,1.0,0.005311575443786981,0.02945250817852576,0.04689991474151611,0.04689991474151611,0.003751993179321289,3,5,RandomForest,chronic_kidney_disease,1.0,0,0.0,0.02236175537109375
0.8555555555555556,0.9333333333333333,0.9333333333333333,0.9333333333333333,0.7111111111111111,0.9740740740740741,0.05377833545207977,0.2393721006810665,0.0967245835524339,0.0967245835524339,0.003772258758544922,1,1,StandardMLP,parkinsons,1.0,3777,0.011250801086425781,0.43994712829589844
0.8777777777777778,0.9629629629629629,0.8666666666666667,0.9122807017543859,0.6897247020435424,0.962962962962963,0.08310754597187042,0.21676640212535858,0.09308105860001002,0.09308105860001002,0.0036301612854003906,1,2,StandardMLP,parkinsons,1.0,11649,0.009750260247124566,0.4197089672088623
1.0,1.0,1.0,1.0,1.0,1.0,0.013418267481029034,0.08275901526212692,0.08546389066256009,0.08546389066256009,0.0033330917358398438,1,3,StandardMLP,parkinsons,1.0,11649,0.009728670120239258,0.4648001194000244
0.7327586206896552,0.8484848484848485,0.9655172413793104,0.9032258064516129,0.5633809715656511,0.9827586206896552,0.05916771665215492,0.2315955013036728,0.0859223879300631,0.0859223879300631,0.003350973129272461,1,4,StandardMLP,parkinsons,1.0,3777,0.010230791568756104,0.3210301399230957
0.8982758620689655,0.9629629629629629,0.896551724137931,0.9285714285714286,0.7535992817105361,0.9551724137931035,0.07452694326639175,0.31842363625764847,0.08820264767377804,0.08820264767377804,0.0034399032592773438,1,5,StandardMLP,parkinsons,1.0,11649,0.009583084206832083,0.29123520851135254
1.0,1.0,1.0,1.0,1.0,1.0,0.008127430453896523,0.023309244075790048,0.08397835951585036,0.08397835951585036,0.003275156021118164,2,1,StandardMLP,parkinsons,1.0,11649,0.009507671479255922,0.4704740047454834
0.8722222222222222,0.9354838709677419,0.9666666666666667,0.9508196721311475,0.776762650398282,0.937037037037037,0.05987079441547394,0.47048748657107353,0.08569619594476162,0.08569619594476162,0.003342151641845703,2,2,StandardMLP,parkinsons,1.0,11649,0.011402150859003481,0.40346217155456543
0.9655172413793103,1.0,0.9310344827586207,0.9642857142857143,0.8808303292720552,0.9724137931034482,0.060089800506830215,0.2134799212217331,0.08916243528708433,0.08916243528708433,0.003477334976196289,2,3,StandardMLP,parkinsons,1.0,3777,0.00947218894958496,0.3782539367675781
0.9155172413793103,0.9642857142857143,0.9310344827586207,0.9473684210526315,0.8063854544320416,0.9689655172413794,0.0687047466635704,0.2656358405947685,0.0820771241799379,0.0820771241799379,0.003201007843017578,2,4,StandardMLP,parkinsons,1.0,3777,0.009545392990112304,0.3821718692779541
0.9327586206896552,0.9655172413793104,0.9655172413793104,0.9655172413793104,0.8655172413793103,0.996551724137931,0.029542317613959312,0.15497899428009987,0.08359322181114784,0.08359322181114784,0.0032601356506347656,2,5,StandardMLP,parkinsons,1.0,3777,0.009477176164325914,0.5751712322235107
0.9833333333333334,1.0,0.9666666666666667,0.9830508474576272,0.9327379053088816,0.9962962962962962,0.020689010620117188,0.16781774535775185,0.08572064913236178,0.08572064913236178,0.0033431053161621094,3,1,StandardMLP,parkinsons,1.0,1377,0.00947021810632003,0.5806922912597656
0.8333333333333333,0.9090909090909091,1.0,0.9523809523809523,0.7784989441615229,0.9703703703703703,0.05781083181500435,0.4381278418004513,0.08302468519944411,0.08302468519944411,0.0032379627227783203,3,2,StandardMLP,parkinsons,1.0,11649,0.00959094762802124,0.30613112449645996
0.9327586206896552,0.9655172413793104,0.9655172413793104,0.9655172413793104,0.8655172413793103,0.993103448275862,0.027069497853517532,0.1385514810681343,0.09158941415640023,0.09158941415640023,0.0035719871520996094,3,3,StandardMLP,parkinsons,1.0,11649,0.010860729217529296,0.8415079116821289
0.9827586206896552,1.0,0.9655172413793104,0.9824561403508771,0.9368793661451105,0.9793103448275863,0.04539565369486809,0.17948028445243835,0.07958901234162159,0.07958901234162159,0.003103971481323242,3,4,StandardMLP,parkinsons,1.0,11649,0.009429259733720259,0.33239197731018066
0.9327586206896552,0.9655172413793104,0.9655172413793104,0.9655172413793104,0.8655172413793103,0.9862068965517241,0.04064376652240753,0.10608124732971191,0.08584902836726263,0.08584902836726263,0.003348112106323242,3,5,StandardMLP,parkinsons,1.0,11649,0.009426536560058594,0.7548339366912842
0.9444444444444444,0.967741935483871,1.0,0.9836065573770492,0.9274777915203366,0.9814814814814814,0.029880128800868988,0.2922397665679455,0.10741062653370392,0.10741062653370392,0.004189014434814453,1,1,TabKAN,parkinsons,1.0,72662,0.025522756576538085,0.5503060817718506
0.7666666666666666,0.896551724137931,0.8666666666666667,0.8813559322033898,0.5146140167221416,0.9296296296296297,0.0853966474533081,0.33978724479675293,0.11484439556415264,0.11484439556415264,0.004478931427001953,1,2,TabKAN,parkinsons,1.0,72662,0.0256961125593919,0.4799230098724365
0.9827586206896552,1.0,0.9655172413793104,0.9824561403508771,0.9368793661451105,0.996551724137931,0.02740374580025673,0.10009270161390305,0.09522682581192408,0.09522682581192408,0.003713846206665039,1,3,TabKAN,parkinsons,1.0,50390,0.02713465690612793,1.820223093032837
0.85,0.90625,1.0,0.9508196721311475,0.7964766161036996,0.9896551724137931,0.06906743347644806,0.3805992603302002,0.10828482799040966,0.10828482799040966,0.0042231082916259766,1,4,TabKAN,parkinsons,1.0,72662,0.028086362883102064,1.7114558219909668
0.85,0.90625,1.0,0.9508196721311475,0.7964766161036996,0.9172413793103448,0.08512943983078003,0.5872170329093933,0.1353606199606871,0.1353606199606871,0.005279064178466797,1,5,TabKAN,parkinsons,1.0,72662,0.025930558933931237,0.632857084274292
1.0,1.0,1.0,1.0,1.0,1.0,0.0012637650361284614,0.007121141185052693,0.0982345678867438,0.0982345678867438,0.003831148147583008,2,1,TabKAN,parkinsons,1.0,72662,0.026023082733154297,1.866304874420166
0.9277777777777778,0.9666666666666667,0.9666666666666667,0.9666666666666667,0.8555555555555555,0.962962962962963,0.054369669407606125,0.37542806565761566,0.11587142944335938,0.11587142944335938,0.004518985748291016,2,2,TabKAN,parkinsons,1.0,50390,0.02506236732006073,0.579664945602417
0.8982758620689655,0.9629629629629629,0.896551724137931,0.9285714285714286,0.7535992817105361,0.9586206896551724,0.07723835110664368,0.17665305733680725,0.11079739301632613,0.11079739301632613,0.004321098327636719,2,3,TabKAN,parkinsons,1.0,72662,0.025820857600161905,1.406566858291626
0.5,0.7435897435897436,1.0,0.8529411764705882,0.0,0.6310344827586207,0.1812097281217575,0.6521395891904831,0.10107725094526242,0.10107725094526242,0.003942012786865234,2,4,TabKAN,parkinsons,1.0,28118,0.0319842208515514,0.4904329776763916
0.9,0.9354838709677419,1.0,0.9666666666666667,0.8650936924831861,0.9758620689655173,0.03831562027335167,0.33526958525180817,0.11079739301632613,0.11079739301632613,0.004321098327636719,2,5,TabKAN,parkinsons,1.0,28118,0.02594733238220215,1.8581881523132324
0.9111111111111111,0.9655172413793104,0.9333333333333333,0.9491525423728814,0.7933632757799682,0.962962962962963,0.06179021671414375,0.40058792755007744,0.11112139775202826,0.11112139775202826,0.0043337345123291016,3,1,TabKAN,parkinsons,1.0,50390,0.02526236715770903,0.7623260021209717
0.7277777777777779,0.8709677419354839,0.9,0.8852459016393442,0.4753323681541725,0.8703703703703703,0.11003056913614273,0.6079902052879333,0.11109694456442808,0.11109694456442808,0.004332780838012695,3,2,TabKAN,parkinsons,1.0,50390,0.0256198247273763,0.442399263381958
1.0,1.0,1.0,1.0,1.0,1.0,0.0028197173960506916,0.03250898327678442,0.11292482033754006,0.11292482033754006,0.0044040679931640625,3,3,TabKAN,parkinsons,1.0,72662,0.025795716505784255,0.9621827602386475
0.9827586206896552,1.0,0.9655172413793104,0.9824561403508771,0.9368793661451105,1.0,0.011564922519028187,0.04949740879237652,0.1195822006616837,0.1195822006616837,0.004663705825805664,3,4,TabKAN,parkinsons,1.0,72662,0.02584226131439209,0.7409157752990723
0.8655172413793104,0.9310344827586207,0.9310344827586207,0.9310344827586207,0.7310344827586207,0.9689655172413794,0.0650881826877594,0.167381439357996,0.11205061888083433,0.11205061888083433,0.004369974136352539,3,5,TabKAN,parkinsons,1.0,50390,0.02552257478237152,1.172997236251831
0.9444444444444444,0.967741935483871,1.0,0.9836065573770492,0.9274777915203366,0.9444444444444444,0.042861517518758774,0.38161372393369675,0.11581640977125901,0.11581640977125901,0.0045168399810791016,1,1,FastKAN,parkinsons,1.0,45536,0.022689870425633023,0.4717371463775635
0.9277777777777778,0.9666666666666667,0.9666666666666667,0.9666666666666667,0.8555555555555555,0.9592592592592593,0.04597548022866249,0.324324406683445,0.11156155512883112,0.11156155512883112,0.004350900650024414,1,2,FastKAN,parkinsons,1.0,31584,0.02801094055175781,0.6074831485748291
0.9827586206896552,1.0,0.9655172413793104,0.9824561403508771,0.9368793661451105,1.0,0.007180351298302412,0.025692696683108807,0.10297848628117487,0.10297848628117487,0.00401616096496582,1,3,FastKAN,parkinsons,1.0,17632,0.023448352813720704,1.7343580722808838
0.75,0.8529411764705882,1.0,0.9206349206349206,0.6530471562110152,0.9827586206896552,0.07834162563085556,0.3909272849559784,0.1088411380083133,0.1088411380083133,0.004244804382324219,1,4,FastKAN,parkinsons,1.0,31584,0.022877103403994913,0.6465656757354736
0.8482758620689655,0.9285714285714286,0.896551724137931,0.9122807017543859,0.6758915427189726,0.9068965517241379,0.073100246489048,0.48311135917901993,0.09382076752491486,0.09382076752491486,0.0036590099334716797,1,5,FastKAN,parkinsons,1.0,31584,0.023170221419561477,0.7213680744171143
0.9833333333333334,1.0,0.9666666666666667,0.9830508474576272,0.9327379053088816,1.0,0.01660172827541828,0.03853415697813034,0.11097467862642728,0.11097467862642728,0.004328012466430664,2,1,FastKAN,parkinsons,1.0,31584,0.023047118186950682,1.7171127796173096
0.8888888888888888,0.9375,1.0,0.967741935483871,0.8539125638299665,0.9407407407407407,0.043746866285800934,0.43171991780400276,0.10005021706605569,0.10005021706605569,0.003901958465576172,2,2,FastKAN,parkinsons,1.0,31584,0.022928508122762044,0.5100550651550293
0.9482758620689655,1.0,0.896551724137931,0.9454545454545454,0.8304547985373997,0.9517241379310345,0.0715453028678894,0.2247639074921608,0.10577226296449319,0.10577226296449319,0.004125118255615234,2,3,FastKAN,parkinsons,1.0,45536,0.022782649312700545,0.4739100933074951
0.8827586206896552,0.9333333333333333,0.9655172413793104,0.9491525423728814,0.7933632757799682,0.9620689655172414,0.06119941920042038,0.4069170169532299,0.1099537580441206,0.1099537580441206,0.004288196563720703,2,4,FastKAN,parkinsons,1.0,45536,0.023146498203277587,0.686298131942749
0.9,0.9354838709677419,1.0,0.9666666666666667,0.8650936924831861,0.9793103448275863,0.04970879107713699,0.37204886972904205,0.11356671651204427,0.11356671651204427,0.0044291019439697266,2,5,FastKAN,parkinsons,1.0,45536,0.02666447473608929,0.8892512321472168
0.8888888888888888,0.9375,1.0,0.967741935483871,0.8539125638299665,0.9851851851851852,0.042653296142816544,0.3089652080088854,0.13071451431665665,0.13071451431665665,0.005097866058349609,3,1,FastKAN,parkinsons,1.0,31584,0.022893234535499855,0.9174609184265137
0.7777777777777778,0.8823529411764706,1.0,0.9375,0.7001400420140049,0.8592592592592593,0.10714584589004517,0.6188509985804558,0.11063844729692508,0.11063844729692508,0.004314899444580078,3,2,FastKAN,parkinsons,1.0,31584,0.023222108681996662,0.4110279083251953
1.0,1.0,1.0,1.0,1.0,1.0,0.0003793000360019505,0.004964299267157912,0.10163356096316606,0.10163356096316606,0.0039637088775634766,3,3,FastKAN,parkinsons,1.0,45536,0.0233013088052923,0.7604100704193115
0.95,0.9666666666666667,1.0,0.9830508474576272,0.9327379053088816,0.9896551724137932,0.02889551781117916,0.257512379437685,0.10602902143429488,0.10602902143429488,0.0041351318359375,3,4,FastKAN,parkinsons,1.0,45536,0.022887786229451496,0.7141637802124023
0.8155172413793104,0.9,0.9310344827586207,0.9152542372881356,0.6539886462510549,0.9482758620689655,0.07948298007249832,0.3973177820444107,0.13333711868677384,0.13333711868677384,0.00520014762878418,3,5,FastKAN,parkinsons,1.0,45536,0.026316926592872256,0.8064720630645752
0.9444444444444444,0.967741935483871,1.0,0.9836065573770492,0.9274777915203366,0.9925925925925926,0.0319923497736454,0.28473958373069763,0.1001296899257562,0.1001296899257562,0.003905057907104492,1,1,ChebyKAN,parkinsons,1.0,17632,0.022365932879240616,0.768887996673584
0.8944444444444444,0.9642857142857143,0.9,0.9310344827586207,0.7386222109866251,0.9592592592592594,0.06933210790157318,0.2611950784921646,0.124509517963116,0.124509517963116,0.0048558712005615234,1,2,ChebyKAN,parkinsons,1.0,24608,0.023634042058672224,0.4914841651916504
0.9827586206896552,1.0,0.9655172413793104,0.9824561403508771,0.9368793661451105,0.9827586206896552,0.02543824352324009,0.08141694404184818,0.10576614966759315,0.10576614966759315,0.004124879837036133,1,3,ChebyKAN,parkinsons,1.0,17632,0.022348365783691405,1.6713390350341797
0.85,0.90625,1.0,0.9508196721311475,0.7964766161036996,0.9896551724137931,0.07231267541646957,0.35756446421146393,0.11084629939152643,0.11084629939152643,0.004323005676269531,1,4,ChebyKAN,parkinsons,1.0,14144,0.021661825478076935,1.0435409545898438
0.7810344827586206,0.8928571428571429,0.8620689655172413,0.8771929824561403,0.5453976310059035,0.8448275862068967,0.13088934123516083,0.72227443754673,0.10564388372959234,0.10564388372959234,0.0041201114654541016,1,5,ChebyKAN,parkinsons,1.0,24608,0.023718943962684043,0.4557528495788574
1.0,1.0,1.0,1.0,1.0,1.0,0.004843989387154579,0.02459605038166046,0.09374129466521434,0.09374129466521434,0.0036559104919433594,2,1,ChebyKAN,parkinsons,1.0,17632,0.021930597045204857,0.7247729301452637
0.9444444444444444,0.967741935483871,1.0,0.9836065573770492,0.9274777915203366,0.9296296296296296,0.03049490973353386,0.3751200307160616,0.11208118536533453,0.11208118536533453,0.004371166229248047,2,2,ChebyKAN,parkinsons,1.0,14144,0.021718859672546387,0.7186458110809326
0.9310344827586207,1.0,0.8620689655172413,0.9259259259259259,0.7847060257179307,0.9413793103448276,0.09145891666412354,0.21367629058659077,0.09648616497333233,0.09648616497333233,0.003762960433959961,2,3,ChebyKAN,parkinsons,1.0,17632,0.022693951924641926,0.6110961437225342
0.9482758620689655,1.0,0.896551724137931,0.9454545454545454,0.8304547985373997,0.9827586206896552,0.05440044403076172,0.12990259751677513,0.12792073763333833,0.12792073763333833,0.004988908767700195,2,4,ChebyKAN,parkinsons,1.0,14144,0.021711812700544085,1.1423301696777344
0.95,0.9666666666666667,1.0,0.9830508474576272,0.9327379053088816,0.996551724137931,0.02466561086475849,0.22302338853478432,0.11394574091984674,0.11394574091984674,0.0044438838958740234,2,5,ChebyKAN,parkinsons,1.0,24608,0.023115233371132297,0.6526319980621338
0.9277777777777778,0.9666666666666667,0.9666666666666667,0.9666666666666667,0.8555555555555555,0.9925925925925926,0.035291511565446854,0.30128603987395763,0.14690252450796276,0.14690252450796276,0.005729198455810547,3,1,ChebyKAN,parkinsons,1.0,17632,0.022876048088073732,1.7056517601013184
0.5,0.7692307692307693,1.0,0.8695652173913043,0.0,0.7592592592592593,0.18179436028003693,0.6537796258926392,0.09879699120154747,0.09879699120154747,0.0038530826568603516,3,2,ChebyKAN,parkinsons,1.0,14144,0.021483529697765003,0.35567188262939453
0.95,0.9666666666666667,1.0,0.9830508474576272,0.9327379053088816,1.0,0.009131704457104206,0.08555469289422035,0.15288132887620193,0.15288132887620193,0.005962371826171875,3,3,ChebyKAN,parkinsons,1.0,24608,0.022917757431666057,0.8182370662689209
0.9655172413793103,1.0,0.9310344827586207,0.9642857142857143,0.8808303292720552,0.9827586206896552,0.04764384776353836,0.13859042525291443,0.1276089594914363,0.1276089594914363,0.004976749420166016,3,4,ChebyKAN,parkinsons,1.0,17632,0.02262639005978902,0.8093118667602539
0.8482758620689655,0.9285714285714286,0.896551724137931,0.9122807017543859,0.6758915427189726,0.8689655172413793,0.11940740793943405,0.5221268981695175,0.13528726039788663,0.13528726039788663,0.005276203155517578,3,5,ChebyKAN,parkinsons,1.0,24608,0.022895983287266324,0.4780550003051758
0.9444444444444444,0.967741935483871,1.0,0.9836065573770492,0.9274777915203366,0.9555555555555555,0.026823798194527626,0.3601623401045799,0.1386128939115084,0.1386128939115084,0.005405902862548828,1,1,JacobiKAN,parkinsons,1.0,24608,0.029681015014648437,0.8534460067749023
0.95,1.0,0.9,0.9473684210526315,0.8215838362577491,0.9888888888888888,0.06649579107761383,0.19049916416406631,0.11913592998798077,0.11913592998798077,0.00464630126953125,1,2,JacobiKAN,parkinsons,1.0,17632,0.023558225631713867,0.874582052230835
0.8982758620689655,0.9629629629629629,0.896551724137931,0.9285714285714286,0.7535992817105361,0.9689655172413794,0.06682642549276352,0.34788892418146133,0.1507722414456881,0.1507722414456881,0.005880117416381836,1,3,JacobiKAN,parkinsons,1.0,17632,0.023076240832989033,0.8957629203796387
0.75,0.8529411764705882,1.0,0.9206349206349206,0.6530471562110152,0.9758620689655172,0.09580998867750168,0.43288953602313995,0.126802004300631,0.126802004300631,0.004945278167724609,1,4,JacobiKAN,parkinsons,1.0,14144,0.022222674809969388,0.8650040626525879
0.8637931034482759,0.96,0.8275862068965517,0.8888888888888888,0.6622918857059334,0.9448275862068966,0.09801845252513885,0.3188808411359787,0.1467252388978616,0.1467252388978616,0.0057222843170166016,1,5,JacobiKAN,parkinsons,1.0,17632,0.02277797201405401,0.781998872756958
0.9277777777777778,0.9666666666666667,0.9666666666666667,0.9666666666666667,0.8555555555555555,0.9851851851851852,0.04526615887880325,0.2763429917395115,0.12866044655824319,0.12866044655824319,0.005017757415771484,2,1,JacobiKAN,parkinsons,1.0,24608,0.028157015641530354,0.9800319671630859
0.8888888888888888,0.9375,1.0,0.967741935483871,0.8539125638299665,0.9333333333333333,0.09416742622852325,0.47695860266685486,0.10802195622370794,0.10802195622370794,0.004212856292724609,2,2,JacobiKAN,parkinsons,1.0,17632,0.023752246584211077,0.4917941093444824
0.7982758620689655,0.896551724137931,0.896551724137931,0.896551724137931,0.596551724137931,0.9517241379310345,0.09955290704965591,0.38425958156585693,0.11423306587414864,0.11423306587414864,0.004455089569091797,2,3,JacobiKAN,parkinsons,1.0,17632,0.023114465531848725,0.7233881950378418
0.8982758620689655,0.9629629629629629,0.896551724137931,0.9285714285714286,0.7535992817105361,0.9310344827586208,0.07956140488386154,0.38386474549770355,0.14574099809695512,0.14574099809695512,0.00568389892578125,2,4,JacobiKAN,parkinsons,1.0,24608,0.024543330782935732,0.7605838775634766
0.95,0.9666666666666667,1.0,0.9830508474576272,0.9327379053088816,0.9827586206896552,0.04396877437829971,0.3447144329547882,0.12107384510529347,0.12107384510529347,0.004721879959106445,2,5,JacobiKAN,parkinsons,1.0,14144,0.025069101997043774,0.8519651889801025
0.8888888888888888,0.9375,1.0,0.967741935483871,0.8539125638299665,0.9666666666666667,0.06586068868637085,0.44854867458343506,0.11746699993426983,0.11746699993426983,0.0045812129974365234,3,1,JacobiKAN,parkinsons,1.0,24608,0.02424118393345883,0.6810367107391357
0.5,0.7692307692307693,1.0,0.8695652173913043,0.0,0.8555555555555555,0.13714054226875305,0.6094076484441757,0.10782021742600661,0.10782021742600661,0.004204988479614258,3,2,JacobiKAN,parkinsons,1.0,14144,0.02259007367220792,0.3705148696899414
0.8,0.8787878787878788,1.0,0.9354838709677419,0.7261354744623948,0.9724137931034483,0.09692418575286865,0.4835386276245117,0.13991502615121693,0.13991502615121693,0.005456686019897461,3,3,JacobiKAN,parkinsons,1.0,17632,0.022756593567984446,0.4748530387878418
0.8827586206896552,0.9333333333333333,0.9655172413793104,0.9491525423728814,0.7933632757799682,0.9931034482758622,0.04387335479259491,0.28770411014556885,0.10876777844551283,0.10876777844551283,0.004241943359375,3,4,JacobiKAN,parkinsons,1.0,17632,0.023153682549794514,0.8271710872650146
0.7982758620689655,0.896551724137931,0.896551724137931,0.896551724137931,0.596551724137931,0.9482758620689655,0.09186899662017822,0.3702831417322159,0.1201018308981871,0.1201018308981871,0.004683971405029297,3,5,JacobiKAN,parkinsons,1.0,14144,0.02232359250386556,0.5022270679473877
0.9444444444444444,0.967741935483871,1.0,0.9836065573770492,0.9274777915203366,0.9555555555555555,0.03873630240559578,0.33836448192596436,0.13600251613519132,0.13600251613519132,0.005304098129272461,1,1,LegendreKAN,parkinsons,1.0,17632,0.02761539290933048,0.6831696033477783
0.8444444444444444,0.96,0.8,0.8727272727272727,0.6050580452280905,0.9518518518518518,0.11385945975780487,0.38267745077610016,0.12117777115259415,0.12117777115259415,0.004725933074951172,1,2,LegendreKAN,parkinsons,1.0,17632,0.022740681966145832,0.5100011825561523
0.9482758620689655,1.0,0.896551724137931,0.9454545454545454,0.8304547985373997,0.9862068965517241,0.05566846951842308,0.18434447795152664,0.1441026345277444,0.1441026345277444,0.005620002746582031,1,3,LegendreKAN,parkinsons,1.0,24608,0.024444053570429485,0.8659319877624512
0.95,0.9666666666666667,1.0,0.9830508474576272,0.9327379053088816,1.0,0.027000799775123596,0.17366472631692886,0.1095136006673177,0.1095136006673177,0.004271030426025391,1,4,LegendreKAN,parkinsons,1.0,17632,0.023079404830932616,1.7183101177215576
0.8982758620689655,0.9629629629629629,0.896551724137931,0.9285714285714286,0.7535992817105361,0.9310344827586208,0.0943446010351181,0.5004258900880814,0.12190525348369892,0.12190525348369892,0.004754304885864258,1,5,LegendreKAN,parkinsons,1.0,14144,0.02230808652680496,0.9697740077972412
0.9833333333333334,1.0,0.9666666666666667,0.9830508474576272,0.9327379053088816,1.0,0.017196517437696457,0.048621684312820435,0.1324629172300681,0.1324629172300681,0.005166053771972656,2,1,LegendreKAN,parkinsons,1.0,24608,0.024423137787849672,1.1169970035552979
0.8888888888888888,0.9375,1.0,0.967741935483871,0.8539125638299665,0.9851851851851852,0.043560922145843506,0.353179182857275,0.13020711067395332,0.13020711067395332,0.00507807731628418,2,2,LegendreKAN,parkinsons,1.0,17632,0.025605611503124237,1.2039570808410645
0.8482758620689655,0.9285714285714286,0.896551724137931,0.9122807017543859,0.6758915427189726,0.9172413793103449,0.09311836212873459,0.2862471342086792,0.11830452160957533,0.11830452160957533,0.0046138763427734375,2,3,LegendreKAN,parkinsons,1.0,24608,0.023882552981376648,0.5661129951477051
0.9155172413793103,0.9642857142857143,0.9310344827586207,0.9473684210526315,0.8063854544320416,0.9827586206896552,0.04606286808848381,0.2715040594339371,0.13617980174529246,0.13617980174529246,0.005311012268066406,2,4,LegendreKAN,parkinsons,1.0,24608,0.023808886607487995,0.8445942401885986
0.95,0.9666666666666667,1.0,0.9830508474576272,0.9327379053088816,0.9793103448275863,0.031620532274246216,0.2705603614449501,0.09571588956392728,0.09571588956392728,0.003732919692993164,2,5,LegendreKAN,parkinsons,1.0,14144,0.021968235840668548,1.2204687595367432
1.0,1.0,1.0,1.0,1.0,1.0,0.00022692207130603492,0.008794237393885851,0.10189643272986779,0.10189643272986779,0.003973960876464844,3,1,LegendreKAN,parkinsons,1.0,17632,0.023232553686414446,0.9684741497039795
0.6333333333333333,0.8235294117647058,0.9333333333333333,0.875,0.33606722016672236,0.8592592592592594,0.12926986813545227,0.6008941829204559,0.12716268881773338,0.12716268881773338,0.0049593448638916016,3,2,LegendreKAN,parkinsons,1.0,17632,0.02259058952331543,0.507195234298706
1.0,1.0,1.0,1.0,1.0,1.0,0.00787405576556921,0.06065189279615879,0.1392853565705128,0.1392853565705128,0.00543212890625,3,3,LegendreKAN,parkinsons,1.0,24608,0.02447198737751354,0.7950799465179443
0.9655172413793103,1.0,0.9310344827586207,0.9642857142857143,0.8808303292720552,0.993103448275862,0.03762315213680267,0.10177729651331902,0.1208048600416917,0.1208048600416917,0.0047113895416259766,3,4,LegendreKAN,parkinsons,1.0,17632,0.02510872094527535,0.8511800765991211
0.8655172413793104,0.9310344827586207,0.9310344827586207,0.9310344827586207,0.7310344827586207,0.9655172413793104,0.06713904440402985,0.25983184576034546,0.1254142859043219,0.1254142859043219,0.004891157150268555,3,5,LegendreKAN,parkinsons,1.0,17632,0.022708879576789007,0.6093909740447998
0.9444444444444444,0.967741935483871,1.0,0.9836065573770492,0.9274777915203366,0.937037037037037,0.027919745072722435,0.38437838573008776,0.13275024218437,0.13275024218437,0.00517725944519043,1,1,GramKAN,parkinsons,1.0,17632,0.022037341676909347,0.9593410491943359
0.8222222222222222,0.9285714285714286,0.8666666666666667,0.896551724137931,0.6033815244679472,0.9333333333333333,0.10047030448913574,0.43773457407951355,0.12779847169533753,0.12779847169533753,0.004984140396118164,1,2,GramKAN,parkinsons,1.0,17632,0.022377438015407987,0.6027610301971436
0.9655172413793103,1.0,0.9310344827586207,0.9642857142857143,0.8808303292720552,0.993103448275862,0.0478828102350235,0.13784680888056755,0.14048356276292068,0.14048356276292068,0.005478858947753906,1,3,GramKAN,parkinsons,1.0,24608,0.023186008135477703,1.24568510055542
0.9827586206896552,1.0,0.9655172413793104,0.9824561403508771,0.9368793661451105,0.9931034482758622,0.028788205236196518,0.09225029312074184,0.12787183125813803,0.12787183125813803,0.004987001419067383,1,4,GramKAN,parkinsons,1.0,24608,0.02580390554485899,1.2471537590026855
0.8637931034482759,0.96,0.8275862068965517,0.8888888888888888,0.6622918857059334,0.8758620689655172,0.1369665563106537,0.5883806496858597,0.10871275877341245,0.10871275877341245,0.004239797592163086,1,5,GramKAN,parkinsons,1.0,24608,0.025534877410301797,0.9744880199432373
0.9833333333333334,1.0,0.9666666666666667,0.9830508474576272,0.9327379053088816,1.0,0.02282451093196869,0.054907874669879675,0.11522953326885517,0.11522953326885517,0.0044939517974853516,2,1,GramKAN,parkinsons,1.0,24608,0.025247589234382875,1.1524169445037842
0.5,0.7692307692307693,1.0,0.8695652173913043,0.0,0.9185185185185185,0.1418515294790268,0.5766009837388992,0.10810142908340846,0.10810142908340846,0.00421595573425293,2,2,GramKAN,parkinsons,1.0,17632,0.02211963213407076,0.4301137924194336
0.8810344827586207,0.9615384615384616,0.8620689655172413,0.9090909090909091,0.7058865787567897,0.9310344827586208,0.09487500786781311,0.3106837421655655,0.12781681158603767,0.12781681158603767,0.004984855651855469,2,3,GramKAN,parkinsons,1.0,14144,0.021352474506084736,0.8378539085388184
0.8637931034482759,0.96,0.8275862068965517,0.8888888888888888,0.6622918857059334,0.9689655172413794,0.12139131128787994,0.3443557024002075,0.133667236719376,0.133667236719376,0.005213022232055664,2,4,GramKAN,parkinsons,1.0,24608,0.02285992737972375,1.1255831718444824
0.9327586206896552,0.9655172413793104,0.9655172413793104,0.9655172413793104,0.8655172413793103,0.9896551724137932,0.05242230370640755,0.30401764065027237,0.08736512599847256,0.08736512599847256,0.0034072399139404297,2,5,GramKAN,parkinsons,1.0,14144,0.02134683214384934,0.9339942932128906
0.9666666666666667,1.0,0.9333333333333333,0.9655172413793104,0.8738628975053029,0.9962962962962962,0.031949903815984726,0.13573399558663368,0.10579060285519332,0.10579060285519332,0.004125833511352539,3,1,GramKAN,parkinsons,1.0,14144,0.024314522743225098,1.2286148071289062
0.5,0.7692307692307693,1.0,0.8695652173913043,0.0,0.825925925925926,0.1550334244966507,0.6764507591724396,0.13830722906650642,0.13830722906650642,0.00539398193359375,3,2,GramKAN,parkinsons,1.0,17632,0.023523483957563127,0.49166202545166016
1.0,1.0,1.0,1.0,1.0,1.0,0.004509241320192814,0.03651339188218117,0.1370723430926983,0.1370723430926983,0.005345821380615234,3,3,GramKAN,parkinsons,1.0,24608,0.022779776936485654,1.4272480010986328
0.9655172413793103,1.0,0.9310344827586207,0.9642857142857143,0.8808303292720552,0.9689655172413794,0.048560794442892075,0.13042634166777134,0.10903065021221454,0.10903065021221454,0.004252195358276367,3,4,GramKAN,parkinsons,1.0,24608,0.02275543212890625,1.1901021003723145
0.8810344827586207,0.9615384615384616,0.8620689655172413,0.9090909090909091,0.7058865787567897,0.9517241379310345,0.08868804574012756,0.2181059531867504,0.1058639624179938,0.1058639624179938,0.004128694534301758,3,5,GramKAN,parkinsons,1.0,17632,0.021930685043334962,0.8237221240997314
0.8722222222222222,0.9354838709677419,0.9666666666666667,0.9508196721311475,0.776762650398282,0.9555555555555555,0.062059395015239716,0.41637489199638367,0.11423306587414864,0.11423306587414864,0.004455089569091797,1,1,TaylorKAN,parkinsons,1.0,17632,0.021506190299987793,0.5828709602355957
0.8944444444444444,0.9642857142857143,0.9,0.9310344827586207,0.7386222109866251,0.962962962962963,0.0789858028292656,0.1941058486700058,0.10522817954038963,0.10522817954038963,0.004103899002075195,1,2,TaylorKAN,parkinsons,1.0,24608,0.02301759719848633,1.2032661437988281
0.9482758620689655,1.0,0.896551724137931,0.9454545454545454,0.8304547985373997,0.993103448275862,0.0434139184653759,0.12420138344168663,0.12627626076722756,0.12627626076722756,0.004924774169921875,1,3,TaylorKAN,parkinsons,1.0,24608,0.0220454975410744,0.8930480480194092
0.9327586206896552,0.9655172413793104,0.9655172413793104,0.9655172413793104,0.8655172413793103,0.9931034482758622,0.032279275357723236,0.1911616139113903,0.08495037372295673,0.08495037372295673,0.0033130645751953125,1,4,TaylorKAN,parkinsons,1.0,14144,0.02163507487322833,1.2021219730377197
0.8137931034482759,0.9230769230769231,0.8275862068965517,0.8727272727272727,0.5813183589761798,0.9,0.13808701932430267,0.48641377687454224,0.13069617442595652,0.13069617442595652,0.005097150802612305,1,5,TaylorKAN,parkinsons,1.0,24608,0.02488214829388787,0.6261768341064453
0.9833333333333334,1.0,0.9666666666666667,0.9830508474576272,0.9327379053088816,1.0,0.021165452897548676,0.04572944389656186,0.09058683346479367,0.09058683346479367,0.003532886505126953,2,1,TaylorKAN,parkinsons,1.0,17632,0.023062987327575682,1.7237048149108887
0.8722222222222222,0.9354838709677419,0.9666666666666667,0.9508196721311475,0.776762650398282,0.9370370370370371,0.0700613260269165,0.4520019143819809,0.1214895492944962,0.1214895492944962,0.0047380924224853516,2,2,TaylorKAN,parkinsons,1.0,24608,0.02234953244527181,1.0023066997528076
0.9310344827586207,1.0,0.8620689655172413,0.9259259259259259,0.7847060257179307,0.9448275862068966,0.09792016446590424,0.2677633985877037,0.1252308869973207,0.1252308869973207,0.004884004592895508,2,3,TaylorKAN,parkinsons,1.0,17632,0.021688381830851238,0.9805669784545898
0.8482758620689655,0.9285714285714286,0.896551724137931,0.9122807017543859,0.6758915427189726,0.9551724137931035,0.08976761996746063,0.39425569027662277,0.13512831467848557,0.13512831467848557,0.0052700042724609375,2,4,TaylorKAN,parkinsons,1.0,24608,0.021866487734245533,1.0832500457763672
0.95,0.9666666666666667,1.0,0.9830508474576272,0.9327379053088816,0.993103448275862,0.03468020632863045,0.26806703582406044,0.12715657552083334,0.12715657552083334,0.0049591064453125,2,5,TaylorKAN,parkinsons,1.0,24608,0.0236481378475825,1.6840190887451172
0.9111111111111111,0.9655172413793104,0.9333333333333333,0.9491525423728814,0.7933632757799682,0.9888888888888889,0.04600198566913605,0.2863921709358692,0.0979472429324419,0.0979472429324419,0.0038199424743652344,3,1,TaylorKAN,parkinsons,1.0,24608,0.02163134018580119,1.1718251705169678
0.6666666666666666,0.8333333333333334,1.0,0.9090909090909091,0.5270462766947298,0.8777777777777778,0.13491328060626984,0.6144496351480484,0.11715522179236779,0.11715522179236779,0.004569053649902344,3,2,TaylorKAN,parkinsons,1.0,24608,0.022281353290264424,0.4346809387207031
0.9827586206896552,1.0,0.9655172413793104,0.9824561403508771,0.9368793661451105,1.0,0.007656370755285025,0.028414069674909115,0.10212873801206931,0.10212873801206931,0.003983020782470703,3,3,TaylorKAN,parkinsons,1.0,24608,0.022025264542678308,0.9575560092926025
0.9310344827586207,1.0,0.8620689655172413,0.9259259259259259,0.7847060257179307,0.9758620689655173,0.06200355663895607,0.17299530655145645,0.12875214601174378,0.12875214601174378,0.005021333694458008,3,4,TaylorKAN,parkinsons,1.0,14144,0.021534260581521428,1.1024270057678223
0.9155172413793103,0.9642857142857143,0.9310344827586207,0.9473684210526315,0.8063854544320416,0.9724137931034483,0.05494443699717522,0.13793920166790485,0.13156426258576223,0.13156426258576223,0.0051310062408447266,3,5,TaylorKAN,parkinsons,1.0,24608,0.021850936114788055,1.0464403629302979
0.9444444444444444,0.967741935483871,1.0,0.9836065573770492,0.9274777915203366,0.9925925925925926,0.030638298019766808,0.22897781059145927,0.11292482033754006,0.11292482033754006,0.0044040679931640625,1,1,WavKAN,parkinsons,1.0,129248,0.020301997661590576,0.4284780025482178
0.9833333333333334,1.0,0.9666666666666667,0.9830508474576272,0.9327379053088816,0.9814814814814815,0.030209017917513847,0.08843932580202818,0.08164308010003506,0.08164308010003506,0.003184080123901367,1,2,WavKAN,parkinsons,1.0,87392,0.01748190206639907,0.40308523178100586
1.0,1.0,1.0,1.0,1.0,1.0,0.0018234176095575094,0.01931996550410986,0.09220074384640425,0.09220074384640425,0.0035958290100097656,1,3,WavKAN,parkinsons,1.0,45536,0.014662609100341797,1.0299220085144043
0.8327586206896551,0.9032258064516129,0.9655172413793104,0.9333333333333333,0.7196684596950643,0.9827586206896552,0.07335636019706726,0.40881241858005524,0.11763817224747096,0.11763817224747096,0.004587888717651367,1,4,WavKAN,parkinsons,1.0,87392,0.017504351479666575,0.6652929782867432
0.7982758620689655,0.896551724137931,0.896551724137931,0.896551724137931,0.596551724137931,0.9310344827586208,0.09657546877861023,0.5569358021020889,0.11494832161145332,0.11494832161145332,0.00448298454284668,1,5,WavKAN,parkinsons,1.0,87392,0.017278390772202435,0.3984208106994629
0.9833333333333334,1.0,0.9666666666666667,0.9830508474576272,0.9327379053088816,0.9925925925925926,0.024988258257508278,0.09372634813189507,0.08999995696238983,0.08999995696238983,0.003509998321533203,2,1,WavKAN,parkinsons,1.0,129248,0.020716419219970705,1.3665223121643066
0.9444444444444444,0.967741935483871,1.0,0.9836065573770492,0.9274777915203366,0.974074074074074,0.039070360362529755,0.30162180960178375,0.07809736789801182,0.07809736789801182,0.003045797348022461,2,2,WavKAN,parkinsons,1.0,45536,0.014543358484903972,0.30670785903930664
0.9155172413793103,0.9642857142857143,0.9310344827586207,0.9473684210526315,0.8063854544320416,0.9655172413793104,0.05758778378367424,0.20574896782636642,0.133361571874374,0.133361571874374,0.005201101303100586,2,3,WavKAN,parkinsons,1.0,45536,0.015714724858601887,0.3278639316558838
0.85,0.90625,1.0,0.9508196721311475,0.7964766161036996,0.9517241379310346,0.0683700367808342,0.4766331687569618,0.12931456932654747,0.12931456932654747,0.0050432682037353516,2,4,WavKAN,parkinsons,1.0,45536,0.015485090367934284,0.36593031883239746
0.95,0.9666666666666667,1.0,0.9830508474576272,0.9327379053088816,0.9620689655172414,0.042909394949674606,0.3234703466296196,0.10415223928598258,0.10415223928598258,0.00406193733215332,2,5,WavKAN,parkinsons,1.0,129248,0.020670413970947266,0.4363381862640381
0.9277777777777778,0.9666666666666667,0.9666666666666667,0.9666666666666667,0.8555555555555555,0.9851851851851852,0.037317488342523575,0.2638614773750305,0.0820771241799379,0.0820771241799379,0.003201007843017578,3,1,WavKAN,parkinsons,1.0,87392,0.017520946614882526,0.4044501781463623
0.8166666666666667,0.90625,0.9666666666666667,0.9354838709677419,0.6953288019758299,0.9296296296296297,0.0775357335805893,0.48870325088500977,0.11381736168494591,0.11381736168494591,0.004438877105712891,3,2,WavKAN,parkinsons,1.0,45536,0.014772923787434895,0.31079792976379395
0.9655172413793103,1.0,0.9310344827586207,0.9642857142857143,0.8808303292720552,0.9896551724137931,0.03289303183555603,0.11589423939585686,0.1133894309019431,0.1133894309019431,0.004422187805175781,3,3,WavKAN,parkinsons,1.0,129248,0.02071857452392578,0.41059184074401855
0.9655172413793103,1.0,0.9310344827586207,0.9642857142857143,0.8808303292720552,0.9793103448275863,0.040714066475629807,0.1451134905219078,0.15163421630859375,0.15163421630859375,0.005913734436035156,3,4,WavKAN,parkinsons,1.0,87392,0.017716503143310545,0.3610050678253174
0.8655172413793104,0.9310344827586207,0.9310344827586207,0.9310344827586207,0.7310344827586207,0.9655172413793104,0.07067504525184631,0.1576739363372326,0.10610238099709536,0.10610238099709536,0.004137992858886719,3,5,WavKAN,parkinsons,1.0,129248,0.02077511151631673,0.4114408493041992
0.9444444444444444,0.967741935483871,1.0,0.9836065573770492,0.9274777915203366,0.9814814814814814,0.03174019977450371,0.24644075334072113,0.10015414311335638,0.10015414311335638,0.0039060115814208984,1,1,ReLUKAN,parkinsons,1.0,59488,0.023437142372131348,1.3281128406524658
0.8388888888888889,0.9310344827586207,0.9,0.9152542372881356,0.6539886462510549,0.9296296296296296,0.0893942192196846,0.3098428100347519,0.10979481232471955,0.10979481232471955,0.0042819976806640625,1,2,ReLUKAN,parkinsons,1.0,31584,0.023398637771606445,0.5550169944763184
0.9827586206896552,1.0,0.9655172413793104,0.9824561403508771,0.9368793661451105,1.0,0.014150862582027912,0.034584667067974806,0.11689235002566606,0.11689235002566606,0.0045588016510009766,1,3,ReLUKAN,parkinsons,1.0,59488,0.02322044849395752,1.7299399375915527
0.9327586206896552,0.9655172413793104,0.9655172413793104,0.9655172413793104,0.8655172413793103,0.996551724137931,0.024470053613185883,0.08583009615540504,0.1428983150384365,0.1428983150384365,0.0055730342864990234,1,4,ReLUKAN,parkinsons,1.0,59488,0.023166999816894532,1.7251358032226562
0.6637931034482758,0.8275862068965517,0.8275862068965517,0.8275862068965517,0.3275862068965517,0.8724137931034482,0.1297944337129593,0.5364420413970947,0.10346755003317808,0.10346755003317808,0.004035234451293945,1,5,ReLUKAN,parkinsons,1.0,87392,0.023268328772650823,0.6245901584625244
0.9444444444444444,0.967741935483871,1.0,0.9836065573770492,0.9274777915203366,0.9962962962962962,0.0145853441208601,0.02821067813783884,0.10399940686348158,0.10399940686348158,0.004055976867675781,2,1,ReLUKAN,parkinsons,1.0,59488,0.02467677116394043,1.8239271640777588
0.8722222222222222,0.9354838709677419,0.9666666666666667,0.9508196721311475,0.776762650398282,0.937037037037037,0.10478511452674866,0.4887506812810898,0.11536402580065605,0.11536402580065605,0.004499197006225586,2,2,ReLUKAN,parkinsons,1.0,59488,0.023512919743855793,0.5258119106292725
0.8982758620689655,0.9629629629629629,0.896551724137931,0.9285714285714286,0.7535992817105361,0.9517241379310345,0.07391198724508286,0.24712835997343063,0.09638835222293168,0.09638835222293168,0.003759145736694336,2,3,ReLUKAN,parkinsons,1.0,31584,0.023378553597823433,1.5967869758605957
0.6810344827586207,0.8333333333333334,0.8620689655172413,0.847457627118644,0.3752393871932282,0.8827586206896552,0.1257449835538864,0.478083074092865,0.10863939921061198,0.10863939921061198,0.004236936569213867,2,4,ReLUKAN,parkinsons,1.0,87392,0.023412094396703383,1.1856400966644287
0.9827586206896552,1.0,0.9655172413793104,0.9824561403508771,0.9368793661451105,1.0,0.022279497236013412,0.0873803198337555,0.11017995002942207,0.11017995002942207,0.004297018051147461,2,5,ReLUKAN,parkinsons,1.0,31584,0.023280742556549782,1.48655366897583
0.9666666666666667,1.0,0.9333333333333333,0.9655172413793104,0.8738628975053029,0.9925925925925926,0.03938066214323044,0.1965937800705433,0.10797304984850761,0.10797304984850761,0.004210948944091797,3,1,ReLUKAN,parkinsons,1.0,31584,0.023235600169112042,1.4155430793762207
0.5,0.7692307692307693,1.0,0.8695652173913043,0.0,0.7555555555555556,0.1593926101922989,0.6729943454265594,0.11587142944335938,0.11587142944335938,0.004518985748291016,3,2,ReLUKAN,parkinsons,1.0,87392,0.023047327995300293,0.41087985038757324
0.9327586206896552,0.9655172413793104,0.9655172413793104,0.9655172413793104,0.8655172413793103,0.9931034482758622,0.030572546645998955,0.16397351399064064,0.11994899847568609,0.11994899847568609,0.004678010940551758,3,3,ReLUKAN,parkinsons,1.0,87392,0.025553142323213464,1.278130054473877
0.7482758620689656,0.8666666666666667,0.896551724137931,0.8813559322033898,0.5146140167221416,0.9172413793103449,0.0988413617014885,0.3783015087246895,0.10402386005108173,0.10402386005108173,0.0040569305419921875,3,4,ReLUKAN,parkinsons,1.0,87392,0.02325498580932617,0.8633999824523926
0.8982758620689655,0.9629629629629629,0.896551724137931,0.9285714285714286,0.7535992817105361,0.9586206896551724,0.08187903463840485,0.19610703364014626,0.11543738536345653,0.11543738536345653,0.004502058029174805,3,5,ReLUKAN,parkinsons,1.0,87392,0.023430895298085314,1.6409637928009033
0.9444444444444444,0.967741935483871,1.0,0.9836065573770492,0.9274777915203366,0.9629629629629629,0.04741991208412016,0.1909675588189433,0.1192031762538812,0.1192031762538812,0.004648923873901367,1,1,RandomForest,parkinsons,1.0,0,0.0,0.03569316864013672
0.9277777777777778,0.9666666666666667,0.9666666666666667,0.9666666666666667,0.8555555555555555,0.962962962962963,0.06774425269616856,0.23013244770362967,0.18297097621819913,0.18297097621819913,0.007135868072509766,1,2,RandomForest,parkinsons,1.0,0,0.0,0.05954718589782715
0.8982758620689655,0.9629629629629629,0.896551724137931,0.9285714285714286,0.7535992817105361,0.9793103448275863,0.06500699802710917,0.2330743019737421,0.17438790737054288,0.17438790737054288,0.006801128387451172,1,3,RandomForest,parkinsons,1.0,0,0.0,0.05524182319641113
0.7,0.8285714285714286,1.0,0.90625,0.5756983337031395,0.9620689655172413,0.08873789900575615,0.2723861570263277,0.06937980651855469,0.06937980651855469,0.002705812454223633,1,4,RandomForest,parkinsons,1.0,0,0.0,0.021946191787719727
0.7327586206896552,0.8484848484848485,0.9655172413793104,0.9032258064516129,0.5633809715656511,0.9206896551724139,0.10215809269351725,0.31407010261770235,0.2817985339042468,0.2817985339042468,0.010990142822265625,1,5,RandomForest,parkinsons,1.0,0,0.0,0.09587502479553223
0.9833333333333334,1.0,0.9666666666666667,0.9830508474576272,0.9327379053088816,1.0,0.04166378979801831,0.17258791795020423,0.10263614165477264,0.10263614165477264,0.004002809524536133,2,1,RandomForest,parkinsons,1.0,0,0.0,0.031580209732055664
0.8722222222222222,0.9354838709677419,0.9666666666666667,0.9508196721311475,0.776762650398282,0.9148148148148147,0.07998116257921098,0.26728697489829784,0.08738957918607272,0.08738957918607272,0.003408193588256836,2,2,RandomForest,parkinsons,1.0,0,0.0,0.027710914611816406
0.6982758620689655,0.8387096774193549,0.896551724137931,0.8666666666666667,0.4288179941188207,0.9275862068965517,0.1022406201354681,0.30504695160848083,0.33145684462327224,0.33145684462327224,0.012926816940307617,2,3,RandomForest,parkinsons,1.0,0,0.0,0.11334609985351562
0.7827586206896552,0.875,0.9655172413793104,0.9180327868852459,0.6434589410887032,0.9724137931034483,0.07591754650578181,0.2507422522949834,0.0636455340263171,0.0636455340263171,0.002482175827026367,2,4,RandomForest,parkinsons,1.0,0,0.0,0.019832849502563477
0.8,0.8787878787878788,1.0,0.9354838709677419,0.7261354744623948,0.9724137931034483,0.06547184871485154,0.2203723374383483,0.06566903530023037,0.06566903530023037,0.0025610923767089844,2,5,RandomForest,parkinsons,1.0,0,0.0,0.020824193954467773
0.9833333333333334,1.0,0.9666666666666667,0.9830508474576272,0.9327379053088816,1.0,0.04472305832620195,0.1787880748375169,0.3234056326059195,0.3234056326059195,0.01261281967163086,3,1,RandomForest,parkinsons,1.0,0,0.0,0.1107180118560791
0.7777777777777778,0.8823529411764706,1.0,0.9375,0.7001400420140049,0.924074074074074,0.08454495995572711,0.2687244686869388,0.1796881357828776,0.1796881357828776,0.0070078372955322266,3,2,RandomForest,parkinsons,1.0,0,0.0,0.05984902381896973
0.8,0.8787878787878788,1.0,0.9354838709677419,0.7261354744623948,1.0,0.05817103500525399,0.19852660500419558,0.26927850185296476,0.26927850185296476,0.010501861572265625,3,3,RandomForest,parkinsons,1.0,0,0.0,0.08852100372314453
0.7827586206896552,0.875,0.9655172413793104,0.9180327868852459,0.6434589410887032,0.9586206896551726,0.07164569531629206,0.2352694216005951,0.11246020977313702,0.11246020977313702,0.004385948181152344,3,4,RandomForest,parkinsons,1.0,0,0.0,0.036869049072265625
0.7827586206896552,0.875,0.9655172413793104,0.9180327868852459,0.6434589410887032,0.9241379310344827,0.09517555510814207,0.29837515662666764,0.29607919546274036,0.29607919546274036,0.011547088623046875,3,5,RandomForest,parkinsons,1.0,0,0.0,0.10128283500671387
1.0,1.0,1.0,1.0,1.0,1.0,0.007113353814929724,0.03085825778543949,0.053623266387404056,0.053623266387404056,0.0061130523681640625,1,1,StandardMLP,breast_cancer,1.0,4289,0.02783848958856919,1.228240966796875
0.9651162790697674,1.0,0.9302325581395349,0.963855421686747,0.9447329926514414,0.9993449066491975,0.02071618288755417,0.06789662875235081,0.06762512943200898,0.06762512943200898,0.0077092647552490234,1,2,StandardMLP,breast_cancer,1.0,4289,0.027227195103963216,0.5307049751281738
0.9692460317460317,0.975609756097561,0.9523809523809523,0.963855421686747,0.9433397594898876,0.9837962962962963,0.02805635891854763,0.11526014097034931,0.05736894774855229,0.05736894774855229,0.006540060043334961,1,3,StandardMLP,breast_cancer,1.0,4289,0.026942213376363117,0.4208979606628418
1.0,1.0,1.0,1.0,1.0,1.0,0.005420928820967674,0.0328241023235023,0.06049976014254386,0.06049976014254386,0.00689697265625,1,4,StandardMLP,breast_cancer,1.0,1633,0.027446328139886622,1.4647347927093506
0.9880952380952381,1.0,0.9761904761904762,0.9879518072289156,0.9811382548511067,1.0,0.007887216284871101,0.03308974881656468,0.055344758835514034,0.055344758835514034,0.006253957748413086,1,5,StandardMLP,breast_cancer,1.0,4289,0.02828547533820657,0.6267788410186768
0.981329839502129,0.9767441860465116,0.9767441860465116,0.9767441860465116,0.9626596790042581,0.9993449066491975,0.01204736065119505,0.03937890462111682,0.060142132273891515,0.060142132273891515,0.006856203079223633,2,1,StandardMLP,breast_cancer,1.0,4289,0.030627918243408204,0.7851011753082275
1.0,1.0,1.0,1.0,1.0,1.0,0.007245368789881468,0.03964006621390581,0.05546578189782929,0.05546578189782929,0.006323099136352539,2,2,StandardMLP,breast_cancer,1.0,1633,0.029427578282910725,1.6288678646087646
0.9573412698412699,0.975,0.9285714285714286,0.9512195121951219,0.9245181185940877,0.9871031746031746,0.02945234254002571,0.11688345111906528,0.056536574112741565,0.056536574112741565,0.006445169448852539,2,3,StandardMLP,breast_cancer,1.0,1633,0.027390843943545694,0.6749486923217773
0.9880952380952381,1.0,0.9761904761904762,0.9879518072289156,0.9812328999345131,0.9996693121693122,0.0087305698543787,0.0329354228451848,0.06057923300224438,0.06057923300224438,0.006906032562255859,2,4,StandardMLP,breast_cancer,1.0,12673,0.02853924036026001,0.5922012329101562
0.9810529845741114,0.9761904761904762,0.9761904761904762,0.9761904761904762,0.9621059691482227,0.9973172367538565,0.013260819017887115,0.05088755069300532,0.0581319353221792,0.0581319353221792,0.00656890869140625,2,5,StandardMLP,breast_cancer,1.0,12673,0.028121769428253174,0.7271139621734619
0.9697019325253848,0.9761904761904762,0.9534883720930233,0.9647058823529412,0.9438975339262832,0.99737962659679,0.019954949617385864,0.06426174938678741,0.06326248771265934,0.06326248771265934,0.007211923599243164,3,1,StandardMLP,breast_cancer,1.0,12673,0.030473147119794573,0.5481529235839844
0.9651162790697674,1.0,0.9302325581395349,0.963855421686747,0.9447329926514414,0.9996724533245988,0.017473196610808372,0.07562287896871567,0.05562263622618558,0.05562263622618558,0.006340980529785156,3,2,StandardMLP,breast_cancer,1.0,12673,0.02896590721912873,1.4580142498016357
1.0,1.0,1.0,1.0,1.0,1.0,0.011789410375058651,0.055431793443858624,0.05825569755152652,0.05825569755152652,0.0066411495208740234,3,3,StandardMLP,breast_cancer,1.0,12673,0.02671661743750939,0.451984167098999
0.9761904761904762,1.0,0.9523809523809523,0.975609756097561,0.962621902223779,0.9920634920634921,0.019498702138662338,0.08686232287436724,0.05460622017843682,0.05460622017843682,0.006225109100341797,3,4,StandardMLP,breast_cancer,1.0,1633,0.026793929246755745,0.906912088394165
0.9761904761904762,1.0,0.9523809523809523,0.975609756097561,0.9624387375561093,0.9973172367538565,0.020457619801163673,0.0647696009837091,0.060855814840941304,0.060855814840941304,0.006876707077026367,3,5,StandardMLP,breast_cancer,1.0,12673,0.026457854679652622,0.4826509952545166
0.981329839502129,0.9767441860465116,0.9767441860465116,0.9767441860465116,0.9626596790042581,0.9993449066491975,0.011478789150714874,0.030166243901476264,0.07105291935435512,0.07105291935435512,0.008100032806396484,1,1,TabKAN,breast_cancer,1.0,79326,0.05080024401346842,0.9752750396728516
0.9742875859810023,0.9545454545454546,0.9767441860465116,0.9655172413793104,0.9444083040750081,0.9977071732721913,0.021587947383522987,0.0723679686198011,0.060867844966419955,0.060867844966419955,0.006938934326171875,1,2,TabKAN,breast_cancer,1.0,30686,0.04966845512390137,1.2744061946868896
0.9623015873015872,0.9523809523809523,0.9523809523809523,0.9523809523809523,0.9246031746031746,0.9854497354497354,0.02853703498840332,0.11359614692628384,0.06681576109769052,0.06681576109769052,0.007616996765136719,1,3,TabKAN,breast_cancer,1.0,79326,0.04942057927449544,0.9526991844177246
1.0,1.0,1.0,1.0,1.0,1.0,0.001800142927095294,0.013694619061425328,0.06464907997532894,0.06464907997532894,0.0073699951171875,1,4,TabKAN,breast_cancer,1.0,55006,0.04959936936696371,1.147308111190796
0.9810529845741114,0.9761904761904762,0.9761904761904762,0.9761904761904762,0.9621059691482227,0.9976525821596244,0.012927839532494545,0.051674195332452655,0.06713065425906561,0.06713065425906561,0.007585763931274414,1,5,TabKAN,breast_cancer,1.0,79326,0.05049276351928711,1.4233319759368896
0.9626596790042581,0.9534883720930233,0.9534883720930233,0.9534883720930233,0.9253193580085162,0.998689813298395,0.01767524518072605,0.04779983125627041,0.0634758095992239,0.0634758095992239,0.0072362422943115234,2,1,TabKAN,breast_cancer,1.0,30686,0.04925127327442169,2.025568962097168
0.981329839502129,0.9767441860465116,0.9767441860465116,0.9767441860465116,0.9626596790042581,0.9993449066491975,0.011397486552596092,0.03425255697220564,0.0654458999633789,0.0654458999633789,0.007460832595825195,2,2,TabKAN,breast_cancer,1.0,30686,0.04989865091111925,1.7260549068450928
0.9761904761904762,1.0,0.9523809523809523,0.975609756097561,0.962621902223779,0.9880952380952381,0.023196103051304817,0.11314294161275029,0.0652388522499486,0.0652388522499486,0.007437229156494141,2,3,TabKAN,breast_cancer,1.0,30686,0.04944053063025841,2.473944902420044
0.9761904761904762,1.0,0.9523809523809523,0.975609756097561,0.962621902223779,0.996031746031746,0.01641659438610077,0.06069476105039939,0.07121186507375617,0.07121186507375617,0.008118152618408203,2,4,TabKAN,breast_cancer,1.0,30686,0.049753236770629886,1.9173181056976318
0.9691482226693494,0.975609756097561,0.9523809523809523,0.963855421686747,0.9430521597641348,0.993963782696177,0.0205336045473814,0.07605109363794327,0.07082508728567478,0.07082508728567478,0.00800323486328125,2,5,TabKAN,breast_cancer,1.0,79326,0.0505726770921187,1.4256749153137207
0.9883720930232558,1.0,0.9767441860465116,0.9882352941176471,0.9814164735593364,0.9990173599737964,0.0111473323777318,0.03772881580516696,0.06928778531258566,0.06928778531258566,0.007898807525634766,3,1,TabKAN,breast_cancer,1.0,30686,0.04952551977975028,2.2276768684387207
0.981329839502129,0.9767441860465116,0.9767441860465116,0.9767441860465116,0.9626596790042581,0.9983622666229938,0.01499461941421032,0.054732903838157654,0.06368704009474369,0.06368704009474369,0.007260322570800781,3,2,TabKAN,breast_cancer,1.0,30686,0.049776222394860306,1.468451976776123
0.9880952380952381,1.0,0.9761904761904762,0.9879518072289156,0.9812328999345131,1.0,0.004058007150888443,0.014455466996878386,0.07293098851254112,0.07293098851254112,0.008314132690429688,3,3,TabKAN,breast_cancer,1.0,79326,0.0509641450994155,1.1087679862976074
0.9761904761904762,1.0,0.9523809523809523,0.975609756097561,0.962621902223779,0.9864417989417988,0.017925895750522614,0.08266062545590103,0.06821071892453913,0.06821071892453913,0.007776021957397461,3,4,TabKAN,breast_cancer,1.0,55006,0.04928704897562663,0.9510478973388672
0.9550637156270958,0.9302325581395349,0.9523809523809523,0.9411764705882353,0.9058843898178032,0.9922870556673373,0.02741445228457451,0.09027868695557117,0.06927431157204958,0.06927431157204958,0.007827997207641602,3,5,TabKAN,breast_cancer,1.0,30686,0.05006577968597412,1.2855830192565918
0.9697019325253848,0.9761904761904762,0.9534883720930233,0.9647058823529412,0.9438975339262832,0.998689813298395,0.013685363344848156,0.045497309882193804,0.06406139909175404,0.06406139909175404,0.007302999496459961,1,1,FastKAN,breast_cancer,1.0,36192,0.04485539956526323,0.646554708480835
0.9697019325253848,0.9761904761904762,0.9534883720930233,0.9647058823529412,0.9438975339262832,0.9963969865705863,0.022577445954084396,0.0807988028973341,0.06282329559326172,0.06282329559326172,0.007161855697631836,1,2,FastKAN,breast_cancer,1.0,36192,0.04434474309285482,1.0461342334747314
0.9692460317460317,0.975609756097561,0.9523809523809523,0.963855421686747,0.9433397594898876,0.9814814814814814,0.023220647126436234,0.11150235263630748,0.059447790447034334,0.059447790447034334,0.006777048110961914,1,3,FastKAN,breast_cancer,1.0,20192,0.04500934952183774,1.1199662685394287
1.0,1.0,1.0,1.0,1.0,1.0,0.0013907289830967784,0.014274400542490184,0.058517121432120345,0.058517121432120345,0.006670951843261719,1,4,FastKAN,breast_cancer,1.0,20192,0.044391320301936224,1.5127387046813965
0.9691482226693494,0.975609756097561,0.9523809523809523,0.963855421686747,0.9430521597641348,0.9959758551307847,0.018889909610152245,0.07074189092963934,0.06788388817711213,0.06788388817711213,0.007670879364013672,1,5,FastKAN,breast_cancer,1.0,52192,0.04535762468973795,0.8883671760559082
0.9697019325253848,0.9761904761904762,0.9534883720930233,0.9647058823529412,0.9438975339262832,0.998689813298395,0.019967766478657722,0.05513049219734967,0.06377906130071272,0.06377906130071272,0.00727081298828125,2,1,FastKAN,breast_cancer,1.0,20192,0.044195756316185,0.9288637638092041
0.9883720930232558,1.0,0.9767441860465116,0.9882352941176471,0.9814164735593364,1.0,0.006523809861391783,0.02484165132045746,0.06322693406489857,0.06322693406489857,0.0072078704833984375,2,2,FastKAN,breast_cancer,1.0,20192,0.04411595007952522,0.9835798740386963
0.9642857142857143,1.0,0.9285714285714286,0.9629629629629629,0.9441549509633318,0.9808201058201058,0.024286286905407906,0.12084899935871363,0.06533087345591762,0.06533087345591762,0.007447719573974609,2,3,FastKAN,breast_cancer,1.0,20192,0.04462224558780068,1.1116647720336914
0.9692460317460317,0.975609756097561,0.9523809523809523,0.963855421686747,0.9433397594898876,0.998015873015873,0.015448002144694328,0.057278999127447605,0.06103515625,0.06103515625,0.0069580078125,2,4,FastKAN,breast_cancer,1.0,20192,0.04456140200297038,0.8743290901184082
0.9642857142857143,1.0,0.9285714285714286,0.9629629629629629,0.943889104146584,0.9953051643192488,0.02414882741868496,0.09376653004437685,0.06518743734444137,0.06518743734444137,0.007366180419921875,2,5,FastKAN,breast_cancer,1.0,20192,0.04439202149709066,1.7449040412902832
0.9580740255486406,0.975609756097561,0.9302325581395349,0.9523809523809523,0.9252853920667758,0.9921388797903701,0.02863951399922371,0.10247328132390976,0.06612560205292284,0.06612560205292284,0.007538318634033203,3,1,FastKAN,breast_cancer,1.0,52192,0.0454308675683063,1.3666276931762695
0.9510317720275139,0.9523809523809523,0.9302325581395349,0.9411764705882353,0.9063785942932301,0.996069439895185,0.028910258784890175,0.11494768038392067,0.06740344198126542,0.06740344198126542,0.007683992385864258,3,2,FastKAN,breast_cancer,1.0,52192,0.04489985108375549,0.9433059692382812
1.0,1.0,1.0,1.0,1.0,1.0,0.002198672853410244,0.02039600582793355,0.06325621353952508,0.06325621353952508,0.007211208343505859,3,3,FastKAN,breast_cancer,1.0,20192,0.045157801021229134,1.3031768798828125
0.9761904761904762,1.0,0.9523809523809523,0.975609756097561,0.962621902223779,0.9821428571428571,0.018033748492598534,0.08466481417417526,0.06673628823799001,0.06673628823799001,0.007607936859130859,3,4,FastKAN,breast_cancer,1.0,52192,0.04492826121194022,0.8227431774139404
0.9193494299128102,0.925,0.8809523809523809,0.9024390243902439,0.8475560854323343,0.9889336016096579,0.04079560562968254,0.1232742927968502,0.06417679575692235,0.06417679575692235,0.0072519779205322266,3,5,FastKAN,breast_cancer,1.0,36192,0.04481870987836052,0.9986438751220703
1.0,1.0,1.0,1.0,1.0,1.0,0.0012014686362817883,0.022512193769216537,0.06259533396938391,0.06259533396938391,0.007135868072509766,1,1,ChebyKAN,breast_cancer,1.0,16192,0.04521310329437256,1.7907750606536865
0.9510317720275139,0.9523809523809523,0.9302325581395349,0.9411764705882353,0.9063785942932301,0.9934490664919752,0.029476895928382874,0.13778067636303604,0.0762813969662315,0.0762813969662315,0.00869607925415039,1,2,ChebyKAN,breast_cancer,1.0,28192,0.04556342533656529,0.839771032333374
0.9523809523809523,1.0,0.9047619047619048,0.95,0.9258200997725514,0.9808201058201058,0.029239719733595848,0.1338280038908124,0.0737905502319336,0.0737905502319336,0.00841212272644043,1,3,ChebyKAN,breast_cancer,1.0,20192,0.04262379237583706,0.7898681163787842
0.9652777777777778,0.8936170212765957,1.0,0.9438202247191011,0.9118992727752026,0.996031746031746,0.032918237149715424,0.13336889632046223,0.07098181205883361,0.07098181205883361,0.008091926574707031,1,4,ChebyKAN,breast_cancer,1.0,20192,0.042544931173324585,0.9022340774536133
0.9761904761904762,1.0,0.9523809523809523,0.975609756097561,0.9624387375561093,0.9989939637826962,0.015374218113720417,0.048416618548799306,0.06728256698203297,0.06728256698203297,0.0076029300689697266,1,5,ChebyKAN,breast_cancer,1.0,20192,0.042946457862854004,1.2504229545593262
0.9767441860465116,1.0,0.9534883720930233,0.9761904761904762,0.962998132394131,0.9996724533245988,0.011584794148802757,0.05051267193630338,0.06850142227975946,0.06850142227975946,0.007809162139892578,2,1,ChebyKAN,breast_cancer,1.0,20192,0.04244243303934733,0.8439998626708984
0.9580740255486406,0.975609756097561,0.9302325581395349,0.9523809523809523,0.9252853920667758,0.9872256796593515,0.03056548722088337,0.1068650588276796,0.0817963951512387,0.0817963951512387,0.009324789047241211,2,2,ChebyKAN,breast_cancer,1.0,28192,0.04498370488484701,0.8870189189910889
0.9573412698412699,0.975,0.9285714285714286,0.9512195121951219,0.9245181185940877,0.9788359788359788,0.029252881184220314,0.1452435301616788,0.06543962579024465,0.06543962579024465,0.007460117340087891,2,3,ChebyKAN,breast_cancer,1.0,16192,0.04147854604219135,1.0498628616333008
0.9454365079365079,0.9743589743589743,0.9047619047619048,0.9382716049382716,0.9058238738943076,0.9811507936507936,0.04122096672654152,0.13916550995782018,0.07758851636920058,0.07758851636920058,0.008845090866088867,2,4,ChebyKAN,breast_cancer,1.0,28192,0.04572376012802124,1.2008612155914307
0.9642857142857143,1.0,0.9285714285714286,0.9629629629629629,0.943889104146584,0.9909456740442655,0.024829400703310966,0.0997185604646802,0.07375362700065681,0.07375362700065681,0.008334159851074219,2,5,ChebyKAN,breast_cancer,1.0,16192,0.04168988598717584,0.9973220825195312
0.9464461185718964,0.975,0.9069767441860465,0.9397590361445783,0.9068106119605033,0.9908286930887651,0.04198279604315758,0.15233702212572098,0.07485925105580113,0.07485925105580113,0.008533954620361328,3,1,ChebyKAN,breast_cancer,1.0,28192,0.04497776925563812,1.8925120830535889
0.9580740255486406,0.975609756097561,0.9302325581395349,0.9523809523809523,0.9252853920667758,0.9973796265967901,0.027394384145736694,0.11838180664926767,0.07722670571845876,0.07722670571845876,0.008803844451904297,3,2,ChebyKAN,breast_cancer,1.0,20192,0.042917943000793456,1.1358652114868164
0.9811507936507937,0.9761904761904762,0.9761904761904762,0.9761904761904762,0.9623015873015873,0.9983465608465609,0.013325914740562439,0.0617694144602865,0.08473061678702372,0.08473061678702372,0.009659290313720703,3,3,ChebyKAN,breast_cancer,1.0,28192,0.045364602752353836,2.744306802749634
0.9642857142857143,1.0,0.9285714285714286,0.9629629629629629,0.9441549509633318,0.9930555555555556,0.021247347816824913,0.09762587305158377,0.08138648250646759,0.08138648250646759,0.009278059005737305,3,4,ChebyKAN,breast_cancer,1.0,28192,0.045184545516967774,1.487112045288086
0.9123071763916835,0.9024390243902439,0.8809523809523809,0.891566265060241,0.8287938745032193,0.9678068410462778,0.05773085355758667,0.18727030418813229,0.07999048823803927,0.07999048823803927,0.009038925170898438,3,5,ChebyKAN,breast_cancer,1.0,28192,0.0493160088857015,1.5390663146972656
0.981329839502129,0.9767441860465116,0.9767441860465116,0.9767441860465116,0.9626596790042581,0.9983622666229939,0.01718088984489441,0.05876156652811915,0.08656058395118045,0.08656058395118045,0.00986790657043457,1,1,JacobiKAN,breast_cancer,1.0,16192,0.04475503921508789,1.4802649021148682
0.9767441860465116,1.0,0.9534883720930233,0.9761904761904762,0.962998132394131,0.9967245332459875,0.01924544759094715,0.08520046714693308,0.09009921759889837,0.09009921759889837,0.010271310806274414,1,2,JacobiKAN,breast_cancer,1.0,28192,0.04919444281479408,1.8585541248321533
0.933531746031746,0.9736842105263158,0.8809523809523809,0.925,0.8872442622820285,0.984457671957672,0.03763610124588013,0.12949907965958118,0.09555983961674205,0.09555983961674205,0.010893821716308594,1,3,JacobiKAN,breast_cancer,1.0,28192,0.052806586027145386,1.0921061038970947
0.9722222222222222,0.9130434782608695,1.0,0.9545454545454546,0.9286112429750731,0.9993386243386244,0.025397349148988724,0.10400827415287495,0.08389615176016825,0.08389615176016825,0.00956416130065918,1,4,JacobiKAN,breast_cancer,1.0,28192,0.0486250741141183,2.216632843017578
0.9880952380952381,1.0,0.9761904761904762,0.9879518072289156,0.9811382548511067,0.9993293091884642,0.010392393916845322,0.03723651811014861,0.07754089558019048,0.07754089558019048,0.008762121200561523,1,5,JacobiKAN,breast_cancer,1.0,20192,0.0453011230988936,1.3125717639923096
0.9742875859810023,0.9545454545454546,0.9767441860465116,0.9655172413793104,0.9444083040750081,0.9970520799213888,0.023864075541496277,0.08229593536816537,0.06788446192155805,0.06788446192155805,0.007738828659057617,2,1,JacobiKAN,breast_cancer,1.0,28192,0.049880813149844896,1.1016972064971924
0.9626596790042581,0.9534883720930233,0.9534883720930233,0.9534883720930233,0.9253193580085162,0.9970520799213889,0.026737190783023834,0.10764782037585974,0.08124426791542454,0.08124426791542454,0.009261846542358398,2,2,JacobiKAN,breast_cancer,1.0,20192,0.045217947526411575,0.6557760238647461
0.9692460317460317,0.975609756097561,0.9523809523809523,0.963855421686747,0.9433397594898876,0.988425925925926,0.025406235828995705,0.11815058160573244,0.05764919414854886,0.05764919414854886,0.00657200813293457,2,3,JacobiKAN,breast_cancer,1.0,16192,0.04334781720088078,0.7472469806671143
0.9642857142857143,1.0,0.9285714285714286,0.9629629629629629,0.9441549509633318,0.9874338624338623,0.022661736235022545,0.08948857197538018,0.07875342118112665,0.07875342118112665,0.008977890014648438,2,4,JacobiKAN,breast_cancer,1.0,16192,0.044221051534016925,1.750356912612915
0.9642857142857143,1.0,0.9285714285714286,0.9629629629629629,0.943889104146584,0.9785378940308519,0.023110559210181236,0.10028968751430511,0.07664629843382709,0.07664629843382709,0.008661031723022461,2,5,JacobiKAN,breast_cancer,1.0,20192,0.045843337711535,1.1416771411895752
0.9510317720275139,0.9523809523809523,0.9302325581395349,0.9411764705882353,0.9063785942932301,0.9921388797903701,0.03816757723689079,0.14153277594596148,0.07663275066174959,0.07663275066174959,0.008736133575439453,3,1,JacobiKAN,breast_cancer,1.0,20192,0.04591957005587491,1.327627182006836
0.9697019325253848,0.9761904761904762,0.9534883720930233,0.9647058823529412,0.9438975339262832,0.9901735997379626,0.021138964220881462,0.09204923314973712,0.06721103400514837,0.06721103400514837,0.007662057876586914,3,2,JacobiKAN,breast_cancer,1.0,20192,0.04586606759291429,0.7822918891906738
0.9880952380952381,1.0,0.9761904761904762,0.9879518072289156,0.9812328999345131,0.9996693121693122,0.009893471375107765,0.04910806147381663,0.0694299999036287,0.0694299999036287,0.007915019989013672,3,3,JacobiKAN,breast_cancer,1.0,20192,0.04612305289820621,1.1485989093780518
0.9761904761904762,1.0,0.9523809523809523,0.975609756097561,0.962621902223779,0.9788359788359788,0.016936544328927994,0.08184483274817467,0.06914975350363213,0.06914975350363213,0.007883071899414062,3,4,JacobiKAN,breast_cancer,1.0,28192,0.05007017575777494,0.8427278995513916
0.9453386988598256,0.9743589743589743,0.9047619047619048,0.9382716049382716,0.9053699749416133,0.971495640509725,0.041992027312517166,0.14677796512842178,0.05501561460241807,0.05501561460241807,0.006216764450073242,3,5,JacobiKAN,breast_cancer,1.0,16192,0.044432376560411956,1.1120848655700684
0.9929577464788732,0.9772727272727273,1.0,0.9885057471264368,0.9815845978127674,0.9993449066491975,0.010898018255829811,0.04132147668860853,0.0637288679156387,0.0637288679156387,0.0072650909423828125,1,1,LegendreKAN,breast_cancer,1.0,16192,0.04376235761140522,1.0966012477874756
0.9767441860465116,1.0,0.9534883720930233,0.9761904761904762,0.962998132394131,0.998689813298395,0.018291974440217018,0.0649781757965684,0.07050079211854099,0.07050079211854099,0.008037090301513672,1,2,LegendreKAN,breast_cancer,1.0,20192,0.04559124708175659,1.1969568729400635
0.9603174603174602,0.9111111111111111,0.9761904761904762,0.9425287356321839,0.9085472857180888,0.970568783068783,0.03425266221165657,0.12679202109575272,0.06377069573653371,0.06377069573653371,0.007269859313964844,1,3,LegendreKAN,breast_cancer,1.0,28192,0.04955422083536784,0.9672000408172607
0.9861111111111112,0.9545454545454546,1.0,0.9767441860465116,0.9633432944855655,1.0,0.015481097623705864,0.07000454585067928,0.08466578366463644,0.08466578366463644,0.009651899337768555,1,4,LegendreKAN,breast_cancer,1.0,28192,0.048999968029203866,1.3401298522949219
0.9691482226693494,0.975609756097561,0.9523809523809523,0.963855421686747,0.9430521597641348,0.9869215291750504,0.017006153240799904,0.07993119116872549,0.09205278042143425,0.09205278042143425,0.01040196418762207,1,5,LegendreKAN,breast_cancer,1.0,28192,0.0494417953491211,1.6098709106445312
0.981329839502129,0.9767441860465116,0.9767441860465116,0.9767441860465116,0.9626596790042581,0.9986898132983951,0.014712821692228317,0.04279810917796567,0.08646437996312191,0.08646437996312191,0.009856939315795898,2,1,LegendreKAN,breast_cancer,1.0,28192,0.04853391647338867,1.2672021389007568
0.9651162790697674,1.0,0.9302325581395349,0.963855421686747,0.9447329926514414,0.9980347199475926,0.022436579689383507,0.09766327403485775,0.06012330975448876,0.06012330975448876,0.006854057312011719,2,2,LegendreKAN,breast_cancer,1.0,20192,0.04494431813557943,0.8895082473754883
0.9623015873015872,0.9523809523809523,0.9523809523809523,0.9523809523809523,0.9246031746031746,0.9801587301587302,0.02868136577308178,0.13842387590557337,0.07003232052451687,0.07003232052451687,0.007983684539794922,2,3,LegendreKAN,breast_cancer,1.0,20192,0.04452347755432129,0.9417450428009033
0.9573412698412699,0.975,0.9285714285714286,0.9512195121951219,0.9245181185940877,0.9851190476190477,0.03128403425216675,0.12581452820450068,0.07719324346174274,0.07719324346174274,0.008800029754638672,2,4,LegendreKAN,breast_cancer,1.0,28192,0.04871044556299845,0.7640292644500732
0.9572434607645876,0.975,0.9285714285714286,0.9512195121951219,0.9241445201815177,0.9916163648558014,0.030031023547053337,0.11935338191688061,0.07269867753560563,0.07269867753560563,0.008214950561523438,2,5,LegendreKAN,breast_cancer,1.0,20192,0.04516911506652832,0.9534320831298828
0.9439895185063871,0.9302325581395349,0.9302325581395349,0.9302325581395349,0.8879790370127744,0.99475925319358,0.033395521342754364,0.10754826944321394,0.06627199942605537,0.06627199942605537,0.0075550079345703125,3,1,LegendreKAN,breast_cancer,1.0,20192,0.04546477244450496,0.7800538539886475
0.9534883720930232,1.0,0.9069767441860465,0.9512195121951219,0.9266092224680211,0.998689813298395,0.024050163105130196,0.08376106154173613,0.07109474717525013,0.07109474717525013,0.008104801177978516,3,2,LegendreKAN,breast_cancer,1.0,20192,0.04491307860926578,1.1245429515838623
0.9930555555555556,0.9767441860465116,1.0,0.9882352941176471,0.9814164735593364,1.0,0.005896222777664661,0.028434495558030903,0.08141157919900459,0.08141157919900459,0.009280920028686523,3,3,LegendreKAN,breast_cancer,1.0,28192,0.04849495738744736,2.026204824447632
0.9761904761904762,1.0,0.9523809523809523,0.975609756097561,0.962621902223779,0.9927248677248677,0.016194483265280724,0.06555800419300795,0.06905145812452884,0.06905145812452884,0.007871866226196289,3,4,LegendreKAN,breast_cancer,1.0,20192,0.044305578867594404,0.8773159980773926
0.9431589537223339,0.9285714285714286,0.9285714285714286,0.9285714285714286,0.886317907444668,0.9896042924211939,0.036619722843170166,0.13721977453678846,0.06969629135807004,0.06969629135807004,0.007875680923461914,3,5,LegendreKAN,breast_cancer,1.0,20192,0.044563861993642956,1.528428077697754
0.9767441860465116,1.0,0.9534883720930233,0.9761904761904762,0.962998132394131,0.9996724533245988,0.010742469690740108,0.035522758262231946,0.0709985431871916,0.0709985431871916,0.008093833923339844,1,1,GramKAN,breast_cancer,1.0,20192,0.04276283582051595,0.8480968475341797
0.9580740255486406,0.975609756097561,0.9302325581395349,0.9523809523809523,0.9252853920667758,0.9954143465443827,0.027264272794127464,0.1097161266952753,0.07399132377222965,0.07399132377222965,0.00843501091003418,1,2,GramKAN,breast_cancer,1.0,28192,0.045275462998284235,1.0725681781768799
0.9642857142857143,1.0,0.9285714285714286,0.9629629629629629,0.9441549509633318,0.9821428571428572,0.026276513934135437,0.11423261510208249,0.07424647347968923,0.07424647347968923,0.00846409797668457,1,3,GramKAN,breast_cancer,1.0,20192,0.04296777248382568,1.1420490741729736
0.9761904761904762,1.0,0.9523809523809523,0.975609756097561,0.962621902223779,0.9996693121693122,0.009850637055933475,0.03356662217993289,0.07486761661998012,0.07486761661998012,0.008534908294677734,1,4,GramKAN,breast_cancer,1.0,20192,0.04272316052363469,1.471850872039795
0.9880952380952381,1.0,0.9761904761904762,0.9879518072289156,0.9811382548511067,0.9989939637826962,0.009360852651298046,0.03920046705752611,0.08114249305387514,0.08114249305387514,0.00916910171508789,1,5,GramKAN,breast_cancer,1.0,28192,0.0447383721669515,1.236884355545044
0.9697019325253848,0.9761904761904762,0.9534883720930233,0.9647058823529412,0.9438975339262832,0.9977071732721914,0.021858403459191322,0.06565161584876478,0.0694467310319867,0.0694467310319867,0.007916927337646484,2,1,GramKAN,breast_cancer,1.0,28192,0.04464860260486603,0.9414427280426025
0.9883720930232558,1.0,0.9767441860465116,0.9882352941176471,0.9814164735593364,0.9977071732721913,0.011039692908525467,0.04897905152756721,0.057975451151529946,0.057975451151529946,0.006609201431274414,2,2,GramKAN,breast_cancer,1.0,16192,0.041571968480160364,1.0551438331604004
0.9573412698412699,0.975,0.9285714285714286,0.9512195121951219,0.9245181185940877,0.9755291005291005,0.02647428587079048,0.12425476708449423,0.0738616575274551,0.0738616575274551,0.008420228958129883,2,3,GramKAN,breast_cancer,1.0,20192,0.04273698880122258,1.4710171222686768
0.9880952380952381,1.0,0.9761904761904762,0.9879518072289156,0.9812328999345131,0.9990079365079365,0.008286057971417904,0.03105844894889742,0.07385956613641036,0.07385956613641036,0.008419990539550781,2,4,GramKAN,breast_cancer,1.0,20192,0.04264115465098414,1.641873836517334
0.9810529845741114,0.9761904761904762,0.9761904761904762,0.9761904761904762,0.9621059691482227,0.9973172367538565,0.019498970359563828,0.11026331782341003,0.0715741014058611,0.0715741014058611,0.008087873458862305,2,5,GramKAN,breast_cancer,1.0,20192,0.042204856872558594,0.728806734085083
0.9464461185718964,0.975,0.9069767441860465,0.9397590361445783,0.9068106119605033,0.9967245332459875,0.03165048360824585,0.11011630948632956,0.0862196872108861,0.0862196872108861,0.009829044342041016,3,1,GramKAN,breast_cancer,1.0,28192,0.04486197233200073,0.9444808959960938
0.9788732394366197,0.9347826086956522,1.0,0.9662921348314607,0.9461948805559043,0.998689813298395,0.018451282754540443,0.09228857979178429,0.06825463813647889,0.06825463813647889,0.007781028747558594,3,2,GramKAN,breast_cancer,1.0,20192,0.04226599931716919,1.1205003261566162
0.9930555555555556,0.9767441860465116,1.0,0.9882352941176471,0.9814164735593364,1.0,0.004132560454308987,0.028406920609995723,0.06178805702611019,0.06178805702611019,0.0070438385009765625,3,3,GramKAN,breast_cancer,1.0,16192,0.04085640907287598,1.3610308170318604
0.9761904761904762,1.0,0.9523809523809523,0.975609756097561,0.962621902223779,0.9821428571428571,0.017395906150341034,0.0833815319929272,0.07659928840503358,0.07659928840503358,0.008732318878173828,3,4,GramKAN,breast_cancer,1.0,20192,0.04262509196996689,1.8092448711395264
0.9550637156270958,0.9302325581395349,0.9523809523809523,0.9411764705882353,0.9058843898178032,0.9906103286384976,0.03510880097746849,0.12956212740391493,0.08585811716265383,0.08585811716265383,0.009701967239379883,3,5,GramKAN,breast_cancer,1.0,28192,0.044696505864461264,0.883202075958252
1.0,1.0,1.0,1.0,1.0,1.0,0.0010680635459721088,0.005199729712330736,0.06090339861418072,0.06090339861418072,0.0069429874420166016,1,1,TaylorKAN,breast_cancer,1.0,16192,0.04036789191396613,2.053083896636963
0.9767441860465116,1.0,0.9534883720930233,0.9761904761904762,0.962998132394131,0.9990173599737964,0.014289152808487415,0.05290249234531075,0.064824756823088,0.064824756823088,0.007390022277832031,1,2,TaylorKAN,breast_cancer,1.0,16192,0.04023815237957498,1.2378628253936768
0.9761904761904762,1.0,0.9523809523809523,0.975609756097561,0.962621902223779,0.9884259259259259,0.019230566918849945,0.10789743927307427,0.06100796816641824,0.06100796816641824,0.00695490837097168,1,3,TaylorKAN,breast_cancer,1.0,16192,0.040007313092549644,1.2867357730865479
0.9930555555555556,0.9767441860465116,1.0,0.9882352941176471,0.9814164735593364,1.0,0.007200193125754595,0.04512409516610205,0.0679032844409608,0.0679032844409608,0.007740974426269531,1,4,TaylorKAN,breast_cancer,1.0,28192,0.04213082313537598,1.3976800441741943
0.9691482226693494,0.975609756097561,0.9523809523809523,0.963855421686747,0.9430521597641348,0.9989939637826962,0.01245221309363842,0.04686284065246582,0.06529926198773679,0.06529926198773679,0.007378816604614258,1,5,TaylorKAN,breast_cancer,1.0,20192,0.040857492174421035,1.905247688293457
0.9697019325253848,0.9761904761904762,0.9534883720930233,0.9647058823529412,0.9438975339262832,0.99737962659679,0.020705323666334152,0.07338572666049004,0.06171904112163343,0.06171904112163343,0.007035970687866211,2,1,TaylorKAN,breast_cancer,1.0,20192,0.04020130634307861,1.288754940032959
0.981329839502129,0.9767441860465116,0.9767441860465116,0.9767441860465116,0.9626596790042581,0.9986898132983951,0.013364323414862156,0.04292275779880583,0.06877121172453228,0.06877121172453228,0.00783991813659668,2,2,TaylorKAN,breast_cancer,1.0,28192,0.04190450055258615,0.7785060405731201
0.9692460317460317,0.975609756097561,0.9523809523809523,0.963855421686747,0.9433397594898876,0.9821428571428571,0.022132761776447296,0.10661437851376832,0.06686804587380928,0.06686804587380928,0.007622957229614258,2,3,TaylorKAN,breast_cancer,1.0,28192,0.041692593518425435,0.9418489933013916
0.9880952380952381,1.0,0.9761904761904762,0.9879518072289156,0.9812328999345131,0.9993386243386243,0.008757826872169971,0.03739999991375953,0.06061269525896039,0.06061269525896039,0.006909847259521484,2,4,TaylorKAN,breast_cancer,1.0,16192,0.03996556145804269,1.4974300861358643
0.9621059691482227,0.9523809523809523,0.9523809523809523,0.9523809523809523,0.9242119382964453,0.9963112005365526,0.025038588792085648,0.09401946235448122,0.0583112767312379,0.0583112767312379,0.006589174270629883,2,5,TaylorKAN,breast_cancer,1.0,16192,0.039410034815470375,0.6330580711364746
0.9697019325253848,0.9761904761904762,0.9534883720930233,0.9647058823529412,0.9438975339262832,0.9977071732721913,0.022302677854895592,0.07532296888530254,0.0625869684052049,0.0625869684052049,0.007134914398193359,3,1,TaylorKAN,breast_cancer,1.0,16192,0.04015026092529297,0.8047819137573242
0.9697019325253848,0.9761904761904762,0.9534883720930233,0.9647058823529412,0.9438975339262832,0.9983622666229939,0.017569659277796745,0.06520354095846415,0.06436046801115337,0.06436046801115337,0.007337093353271484,3,2,TaylorKAN,breast_cancer,1.0,16192,0.0395633856455485,0.796154260635376
0.9811507936507937,0.9761904761904762,0.9761904761904762,0.9761904761904762,0.9623015873015873,0.9996693121693122,0.009632988832890987,0.032694557099603117,0.06673837962903474,0.06673837962903474,0.007608175277709961,3,3,TaylorKAN,breast_cancer,1.0,16192,0.04027023911476135,1.2942862510681152
0.9761904761904762,1.0,0.9523809523809523,0.975609756097561,0.962621902223779,0.9864417989417988,0.017398349940776825,0.07702014036476612,0.06579097948576275,0.06579097948576275,0.007500171661376953,3,4,TaylorKAN,breast_cancer,1.0,28192,0.04203926599942721,0.7246639728546143
0.9669684775318578,0.9318181818181818,0.9761904761904762,0.9534883720930233,0.9255939267362071,0.98859825620389,0.032080575823783875,0.11545508122071624,0.06320202245121509,0.06320202245121509,0.007141828536987305,3,5,TaylorKAN,breast_cancer,1.0,20192,0.04069247739068393,1.5754311084747314
0.9929577464788732,0.9772727272727273,1.0,0.9885057471264368,0.9815845978127674,0.9996724533245988,0.00823830347508192,0.022014684182067867,0.06622808021411561,0.06622808021411561,0.00755000114440918,1,1,WavKAN,breast_cancer,1.0,52192,0.04391041168799767,1.3771672248840332
0.9626596790042581,0.9534883720930233,0.9534883720930233,0.9534883720930233,0.9253193580085162,0.9849328529315426,0.03370613232254982,0.1279470343142748,0.07816783168859649,0.07816783168859649,0.0089111328125,1,2,WavKAN,breast_cancer,1.0,100192,0.05844516555468241,1.6541929244995117
0.9384920634920635,0.95,0.9047619047619048,0.926829268292683,0.8864143349643965,0.9728835978835978,0.034757159650325775,0.1327964486554265,0.06642885375441165,0.06642885375441165,0.00757288932800293,1,3,WavKAN,breast_cancer,1.0,100192,0.05271321329577216,1.815931797027588
0.9583333333333333,0.875,1.0,0.9333333333333333,0.8955910525085281,1.0,0.033647309988737106,0.1157417893409729,0.08029059359901829,0.08029059359901829,0.009153127670288086,1,4,WavKAN,breast_cancer,1.0,100192,0.053081282253923084,1.8274531364440918
0.9810529845741114,0.9761904761904762,0.9761904761904762,0.9761904761904762,0.9621059691482227,0.9976525821596245,0.017893867567181587,0.06437482574256137,0.068396593617127,0.068396593617127,0.0077288150787353516,1,5,WavKAN,breast_cancer,1.0,100192,0.053759356339772545,0.7663619518280029
0.981329839502129,0.9767441860465116,0.9767441860465116,0.9767441860465116,0.9626596790042581,0.9980347199475925,0.016842065379023552,0.06036492669954896,0.07091279615435683,0.07091279615435683,0.00808405876159668,2,1,WavKAN,breast_cancer,1.0,100192,0.05310881932576497,0.9464390277862549
0.9742875859810023,0.9545454545454546,0.9767441860465116,0.9655172413793104,0.9444083040750081,0.9970520799213888,0.022711805999279022,0.08365487353876233,0.09843759369431881,0.09843759369431881,0.011221885681152344,2,2,WavKAN,breast_cancer,1.0,52192,0.04406951455508962,0.90606689453125
0.9692460317460317,0.975609756097561,0.9523809523809523,0.963855421686747,0.9433397594898876,0.9785052910052909,0.02528715319931507,0.12911131652072072,0.07449744040505928,0.07449744040505928,0.008492708206176758,2,3,WavKAN,breast_cancer,1.0,52192,0.0440009491784232,0.7435421943664551
0.9811507936507937,0.9761904761904762,0.9761904761904762,0.9761904761904762,0.9623015873015873,0.9957010582010581,0.020210839807987213,0.08294663194101304,0.07144610087076823,0.07144610087076823,0.008144855499267578,2,4,WavKAN,breast_cancer,1.0,148192,0.06345566581277286,1.2658100128173828
0.9621059691482227,0.9523809523809523,0.9523809523809523,0.9523809523809523,0.9242119382964453,0.9822266934942991,0.023159125819802284,0.09937526658177376,0.08359419561065404,0.08359419561065404,0.009446144104003906,2,5,WavKAN,breast_cancer,1.0,148192,0.06363958925814242,2.7626659870147705
0.9580740255486406,0.975609756097561,0.9302325581395349,0.9523809523809523,0.9252853920667758,0.986570586308549,0.03128020465373993,0.1226540501229465,0.06405303352757503,0.06405303352757503,0.007302045822143555,3,1,WavKAN,breast_cancer,1.0,52192,0.044266152381896975,1.069930076599121
0.981329839502129,0.9767441860465116,0.9767441860465116,0.9767441860465116,0.9626596790042581,0.9977071732721914,0.021534675732254982,0.09094638004899025,0.059182183784351014,0.059182183784351014,0.006746768951416016,3,2,WavKAN,breast_cancer,1.0,52192,0.04419333934783935,1.6022140979766846
0.9742063492063492,0.9534883720930233,0.9761904761904762,0.9647058823529412,0.9438975339262832,0.9986772486772486,0.016722334548830986,0.07229242939502001,0.05248973244114926,0.05248973244114926,0.005983829498291016,3,3,WavKAN,breast_cancer,1.0,52192,0.043769905964533486,1.2711389064788818
0.9761904761904762,1.0,0.9523809523809523,0.975609756097561,0.962621902223779,0.9940476190476191,0.01769181527197361,0.07752156164497137,0.08246354889451413,0.08246354889451413,0.00940084457397461,3,4,WavKAN,breast_cancer,1.0,148192,0.06324388764121315,1.6334939002990723
0.9669684775318578,0.9318181818181818,0.9761904761904762,0.9534883720930233,0.9255939267362071,0.9872568745808181,0.03523172810673714,0.12851370219141245,0.07381481406962978,0.07381481406962978,0.008341073989868164,3,5,WavKAN,breast_cancer,1.0,52192,0.04396604001522064,0.8509209156036377
0.9859154929577465,0.9555555555555556,1.0,0.9772727272727273,0.9636589114684625,1.0,0.0073687415570020676,0.02428846957627684,0.06969351517526727,0.06969351517526727,0.007945060729980469,1,1,ReLUKAN,breast_cancer,1.0,100192,0.050977410692157166,2.1840548515319824
0.9626596790042581,0.9534883720930233,0.9534883720930233,0.9534883720930233,0.9253193580085162,0.9970520799213888,0.023257456719875336,0.07777676091063768,0.06876284616035329,0.06876284616035329,0.007838964462280273,1,2,ReLUKAN,breast_cancer,1.0,68192,0.04760578099419089,1.05631422996521
0.9692460317460317,0.975609756097561,0.9523809523809523,0.963855421686747,0.9433397594898876,0.9861111111111112,0.024304931983351707,0.10061214491724968,0.0765260897184673,0.0765260897184673,0.008723974227905273,1,3,ReLUKAN,breast_cancer,1.0,68192,0.04578479698726109,0.8439629077911377
1.0,1.0,1.0,1.0,1.0,1.0,0.0027871925849467516,0.025838009547442198,0.07078103851853756,0.07078103851853756,0.008069038391113281,1,4,ReLUKAN,breast_cancer,1.0,68192,0.045803070068359375,1.4476912021636963
0.9880952380952381,1.0,0.9761904761904762,0.9879518072289156,0.9811382548511067,0.999664654594232,0.00667121447622776,0.02051075967028737,0.06943255399180724,0.06943255399180724,0.007845878601074219,1,5,ReLUKAN,breast_cancer,1.0,100192,0.04625254327600652,1.3354289531707764
0.9697019325253848,0.9761904761904762,0.9534883720930233,0.9647058823529412,0.9438975339262832,0.9983622666229938,0.018865561112761497,0.05088349711149931,0.06835920768871642,0.06835920768871642,0.007792949676513672,2,1,ReLUKAN,breast_cancer,1.0,36192,0.04531005809181615,1.1301140785217285
0.9697019325253848,0.9761904761904762,0.9534883720930233,0.9647058823529412,0.9438975339262832,0.9990173599737963,0.016085030511021614,0.04704021895304322,0.07011597616630687,0.07011597616630687,0.007993221282958984,2,2,ReLUKAN,breast_cancer,1.0,100192,0.04551687240600586,1.197911024093628
0.9761904761904762,1.0,0.9523809523809523,0.975609756097561,0.962621902223779,0.9778439153439152,0.018577517941594124,0.10535652545513585,0.0677464301126045,0.0677464301126045,0.007723093032836914,2,3,ReLUKAN,breast_cancer,1.0,68192,0.04521934191385905,2.1367568969726562
0.9692460317460317,0.975609756097561,0.9523809523809523,0.963855421686747,0.9433397594898876,0.9983465608465609,0.018456267192959785,0.05514321103692055,0.07383446944387335,0.07383446944387335,0.008417129516601562,2,4,ReLUKAN,breast_cancer,1.0,68192,0.04531817776816232,0.8385448455810547
0.9642857142857143,1.0,0.9285714285714286,0.9629629629629629,0.943889104146584,0.9963112005365526,0.021290110424160957,0.07274282723665237,0.0752115671613575,0.0752115671613575,0.008498907089233398,2,5,ReLUKAN,breast_cancer,1.0,100192,0.04557665189107259,0.9000613689422607
0.981329839502129,0.9767441860465116,0.9767441860465116,0.9767441860465116,0.9626596790042581,0.9983622666229938,0.015523971058428288,0.05811546044424176,0.06879003424393504,0.06879003424393504,0.007842063903808594,3,1,ReLUKAN,breast_cancer,1.0,36192,0.04405827233285615,1.9155900478363037
0.9742875859810023,0.9545454545454546,0.9767441860465116,0.9655172413793104,0.9444083040750081,0.9888634130363576,0.02095627970993519,0.08518014196306467,0.06030107799329256,0.06030107799329256,0.0068743228912353516,3,2,ReLUKAN,breast_cancer,1.0,100192,0.04560091381981259,1.2597308158874512
0.9761904761904762,1.0,0.9523809523809523,0.975609756097561,0.962621902223779,1.0,0.007591418456286192,0.025314330123364925,0.06691196508574904,0.06691196508574904,0.007627964019775391,3,3,ReLUKAN,breast_cancer,1.0,36192,0.044599084854125975,1.4644920825958252
0.9761904761904762,1.0,0.9523809523809523,0.975609756097561,0.962621902223779,0.9847883597883598,0.0174669548869133,0.08350597671233118,0.07197104002300062,0.07197104002300062,0.00820469856262207,3,4,ReLUKAN,breast_cancer,1.0,100192,0.04520420467152315,1.0115692615509033
0.9621059691482227,0.9523809523809523,0.9523809523809523,0.9523809523809523,0.9242119382964453,0.9946344735077128,0.025858627632260323,0.07933810073882341,0.07286746945001382,0.07286746945001382,0.008234024047851562,3,5,ReLUKAN,breast_cancer,1.0,100192,0.044732824961344404,0.8833332061767578
0.9672453324598755,0.9333333333333333,0.9767441860465116,0.9545454545454546,0.9266325832219493,0.9980347199475925,0.02515155493055594,0.09795710381011093,0.22258674889280083,0.22258674889280083,0.025374889373779297,1,1,RandomForest,breast_cancer,1.0,0,0.0,0.16392183303833008
0.911562397641664,0.972972972972973,0.8372093023255814,0.9,0.8520848856485194,0.9764166393711103,0.04628329052269047,0.4338725293986469,0.04564879233377021,0.04564879233377021,0.005203962326049805,1,2,RandomForest,breast_cancer,1.0,0,0.0,0.030456066131591797
0.9454365079365079,0.9743589743589743,0.9047619047619048,0.9382716049382716,0.9058238738943076,0.988095238095238,0.03278463301109918,0.12937100031675083,0.1329183578491211,0.1329183578491211,0.015152692794799805,1,3,RandomForest,breast_cancer,1.0,0,0.0,0.09285712242126465
0.9533730158730158,0.8913043478260869,0.9761904761904762,0.9318181818181818,0.8915448278143033,0.994047619047619,0.03686383973714451,0.12522789866464765,0.1602716613234135,0.1602716613234135,0.01827096939086914,1,4,RandomForest,breast_cancer,1.0,0,0.0,0.11476516723632812
0.9691482226693494,0.975609756097561,0.9523809523809523,0.963855421686747,0.9430521597641348,0.9919517102615694,0.027882116870800312,0.1042386940393445,0.14781318934617843,0.14781318934617843,0.016702890396118164,1,5,RandomForest,breast_cancer,1.0,0,0.0,0.10393810272216797
0.981329839502129,0.9767441860465116,0.9767441860465116,0.9767441860465116,0.9626596790042581,0.997870946609892,0.020757012121812194,0.08433045531602447,0.05156115481728002,0.05156115481728002,0.005877971649169922,2,1,RandomForest,breast_cancer,1.0,0,0.0,0.03457212448120117
0.9394038650507697,0.9512195121951219,0.9069767441860465,0.9285714285714286,0.8875726517394207,0.9941041598427777,0.034144557504043035,0.10720611622200481,0.04362223441140693,0.04362223441140693,0.004972934722900391,2,2,RandomForest,breast_cancer,1.0,0,0.0,0.02840113639831543
0.9503968253968254,0.9512195121951219,0.9285714285714286,0.9397590361445783,0.9054466190452621,0.9887566137566138,0.034349250618678176,0.13007015038293454,0.18484968888132194,0.18484968888132194,0.021072864532470703,2,3,RandomForest,breast_cancer,1.0,0,0.0,0.13200902938842773
0.9454365079365079,0.9743589743589743,0.9047619047619048,0.9382716049382716,0.9058238738943076,0.9882605820105821,0.033732286883989146,0.12844508721974848,0.09099224157500685,0.09099224157500685,0.010373115539550781,2,4,RandomForest,breast_cancer,1.0,0,0.0,0.06454992294311523
0.9290744466800804,0.8863636363636364,0.9285714285714286,0.9069767441860465,0.850482893543251,0.9773641851106639,0.04453099313108348,0.16286843651897176,0.21010584535851945,0.21010584535851945,0.023741960525512695,2,5,RandomForest,breast_cancer,1.0,0,0.0,0.14035391807556152
0.8928922371437931,0.9459459459459459,0.813953488372093,0.875,0.8134308160249892,0.9737962659679003,0.04911408691240162,0.4392974283302746,0.08290274101391173,0.08290274101391173,0.009450912475585938,3,1,RandomForest,breast_cancer,1.0,0,0.0,0.0553431510925293
0.9929577464788732,0.9772727272727273,1.0,0.9885057471264368,0.9815845978127674,0.9996724533245988,0.02267783822726356,0.09551388852352725,0.12685959799247876,0.12685959799247876,0.014461994171142578,3,2,RandomForest,breast_cancer,1.0,0,0.0,0.0892179012298584
0.9880952380952381,1.0,0.9761904761904762,0.9879518072289156,0.9812328999345131,0.9995039682539683,0.018078119405656998,0.08213462267242538,0.04604197385018332,0.04604197385018332,0.0052487850189208984,3,3,RandomForest,breast_cancer,1.0,0,0.0,0.031826019287109375
0.9523809523809523,1.0,0.9047619047619048,0.95,0.9258200997725514,0.9923941798941799,0.028780338699345966,0.10566161796522534,0.14388561248779297,0.14388561248779297,0.0164029598236084,3,4,RandomForest,breast_cancer,1.0,0,0.0,0.09987378120422363
0.9669684775318578,0.9318181818181818,0.9761904761904762,0.9534883720930233,0.9255939267362071,0.9852448021462106,0.04334252646434849,0.14762206268899392,0.15199289912671116,0.15199289912671116,0.01717519760131836,3,5,RandomForest,breast_cancer,1.0,0,0.0,0.10652589797973633
0.8831168831168831,0.8888888888888888,0.8571428571428571,0.8727272727272727,0.7687337199108693,0.9437229437229437,0.09678046405315399,0.3193967491388321,0.052999277583888324,0.052999277583888324,0.0032329559326171875,1,1,StandardMLP,heart_disease,1.0,12417,0.015266356468200683,1.0536270141601562
0.7992424242424243,0.8076923076923077,0.75,0.7777777777777778,0.6030710063455536,0.8971861471861472,0.13191962242126465,0.42232850193977356,0.052166766807681224,0.052166766807681224,0.0031821727752685547,1,2,StandardMLP,heart_disease,1.0,1569,0.015966877341270447,0.3498251438140869
0.8652597402597402,0.8846153846153846,0.8214285714285714,0.8518518518518519,0.7361174128087679,0.9112554112554113,0.11783421784639359,0.3849274069070816,0.06855902124623783,0.06855902124623783,0.004182100296020508,1,3,StandardMLP,heart_disease,1.0,4161,0.015370979028589585,0.7205910682678223
0.8097643097643097,0.8333333333333334,0.7407407407407407,0.7843137254901961,0.6291342872277006,0.9012345679012346,0.12831448018550873,0.3963320255279541,0.07061560948689778,0.07061560948689778,0.004236936569213867,1,4,StandardMLP,heart_disease,1.0,4161,0.01644951956612723,0.31055307388305664
0.84375,0.9130434782608695,0.75,0.8235294117647058,0.7054429982194027,0.9095982142857143,0.12043808400630951,0.38047558069229126,0.05963246027628581,0.05963246027628581,0.0035779476165771484,1,5,StandardMLP,heart_disease,1.0,12417,0.015754597527640208,0.30030059814453125
0.8858225108225108,0.8620689655172413,0.8928571428571429,0.8771929824561403,0.7699801976524022,0.9783549783549783,0.0761399045586586,0.2627246752381325,0.0533471341992988,0.0533471341992988,0.0032541751861572266,2,1,StandardMLP,heart_disease,1.0,4161,0.014783225059509277,1.023163080215454
0.8295454545454546,0.875,0.75,0.8076923076923077,0.6723181321083574,0.8874458874458874,0.12809666991233826,0.41288481652736664,0.05554371192807057,0.05554371192807057,0.0033881664276123047,2,2,StandardMLP,heart_disease,1.0,4161,0.014601817497840295,0.26331591606140137
0.9161255411255411,0.9259259259259259,0.8928571428571429,0.9090909090909091,0.8349664274173142,0.9469696969696969,0.08224397897720337,0.3186861276626587,0.05572350298772093,0.05572350298772093,0.0033991336822509766,2,3,StandardMLP,heart_disease,1.0,1569,0.014595551150185722,0.5658528804779053
0.7676767676767677,0.7241379310344828,0.7777777777777778,0.75,0.5329662167236046,0.872053872053872,0.14816069602966309,0.4534340500831604,0.060764948527018234,0.060764948527018234,0.0036458969116210938,2,4,StandardMLP,heart_disease,1.0,1569,0.015926974160330638,0.3042731285095215
0.8080357142857143,0.9047619047619048,0.6785714285714286,0.7755102040816326,0.6443815868826047,0.8917410714285714,0.13263089954853058,0.4084915816783905,0.05733569463094075,0.05733569463094075,0.0034401416778564453,2,5,StandardMLP,heart_disease,1.0,12417,0.014637231826782227,0.3249948024749756
0.8955627705627706,0.9583333333333334,0.8214285714285714,0.8846153846153846,0.8070025526620842,0.9632034632034632,0.08246690034866333,0.28068817406892776,0.06363821811363346,0.06363821811363346,0.0038819313049316406,3,1,StandardMLP,heart_disease,1.0,1569,0.01576331604358762,0.9290599822998047
0.8555194805194806,0.8064516129032258,0.8928571428571429,0.847457627118644,0.7087415755146639,0.9502164502164502,0.1027693897485733,0.3147691935300827,0.05410147494957095,0.05410147494957095,0.003300189971923828,3,2,StandardMLP,heart_disease,1.0,1569,0.014715053417064526,0.5499539375305176
0.7153679653679654,0.72,0.6428571428571429,0.6792452830188679,0.4364412909899801,0.8398268398268398,0.16299621760845184,0.489993155002594,0.05516458730228612,0.05516458730228612,0.003365039825439453,3,3,StandardMLP,heart_disease,1.0,12417,0.01481796900431315,0.3073618412017822
0.8316498316498316,0.8148148148148148,0.8148148148148148,0.8148148148148148,0.6632996632996633,0.924803591470258,0.10811932384967804,0.3528250902891159,0.06614923477172852,0.06614923477172852,0.003968954086303711,3,4,StandardMLP,heart_disease,1.0,12417,0.015337839722633362,0.33720922470092773
0.8504464285714286,0.8275862068965517,0.8571428571428571,0.8421052631578947,0.699722425727024,0.8895089285714286,0.1341908574104309,0.42120853066444397,0.058046976725260414,0.058046976725260414,0.003482818603515625,3,5,StandardMLP,heart_disease,1.0,12417,0.014837384223937988,0.2876570224761963
0.8858225108225108,0.8620689655172413,0.8928571428571429,0.8771929824561403,0.7699801976524022,0.9404761904761905,0.09313304722309113,0.3065347671508789,0.06964167610543673,0.06964167610543673,0.004248142242431641,1,1,TabKAN,heart_disease,1.0,77660,0.03403432170550028,1.0905871391296387
0.7992424242424243,0.8076923076923077,0.75,0.7777777777777778,0.6030710063455536,0.8896103896103895,0.13938720524311066,0.43554484844207764,0.06534232467901512,0.06534232467901512,0.003985881805419922,1,2,TabKAN,heart_disease,1.0,30044,0.03330193247113909,0.626215934753418
0.8528138528138528,0.8275862068965517,0.8571428571428571,0.8421052631578947,0.7041053139822809,0.9112554112554112,0.12001651525497437,0.37753239274024963,0.07888137317094646,0.07888137317094646,0.004811763763427734,1,3,TabKAN,heart_disease,1.0,77660,0.03277204586909367,1.1415159702301025
0.797979797979798,0.7777777777777778,0.7777777777777778,0.7777777777777778,0.5959595959595959,0.9113355780022446,0.12181887030601501,0.38171832263469696,0.06526708602905273,0.06526708602905273,0.003916025161743164,1,4,TabKAN,heart_disease,1.0,77660,0.0339747497013637,1.2691590785980225
0.8616071428571428,0.9166666666666666,0.7857142857142857,0.8461538461538461,0.7364853795464743,0.9296875,0.10252328962087631,0.3265223354101181,0.06348292032877603,0.06348292032877603,0.0038089752197265625,1,5,TabKAN,heart_disease,1.0,53852,0.03308413823445638,0.6657412052154541
0.900974025974026,0.8928571428571429,0.8928571428571429,0.8928571428571429,0.801948051948052,0.9761904761904762,0.06510955840349197,0.20705561339855194,0.08329407113497374,0.08329407113497374,0.0050809383392333984,2,1,TabKAN,heart_disease,1.0,30044,0.037058267837915666,1.9118671417236328
0.8170995670995671,0.8148148148148148,0.7857142857142857,0.8,0.6362683048979794,0.8982683982683983,0.12340528517961502,0.3910696357488632,0.07323358879714716,0.07323358879714716,0.0044672489166259766,2,2,TabKAN,heart_disease,1.0,53852,0.032900269826253256,0.6632561683654785
0.8858225108225108,0.8620689655172413,0.8928571428571429,0.8771929824561403,0.7699801976524022,0.9512987012987013,0.08631055057048798,0.3048742413520813,0.06146118289134542,0.06146118289134542,0.0037491321563720703,2,3,TabKAN,heart_disease,1.0,30044,0.033155973141009994,0.5777640342712402
0.7457912457912458,0.7307692307692307,0.7037037037037037,0.7169811320754716,0.4935249645415256,0.8967452300785634,0.15291278064250946,0.4744167625904083,0.07649660110473633,0.07649660110473633,0.00458979606628418,2,4,TabKAN,heart_disease,1.0,77660,0.033439379471998945,0.581474781036377
0.8035714285714286,0.75,0.8571428571428571,0.8,0.6071428571428571,0.8928571428571428,0.1351047307252884,0.4210115671157837,0.07094939549763997,0.07094939549763997,0.0042569637298583984,2,5,TabKAN,heart_disease,1.0,30044,0.03290396578171674,0.7522480487823486
0.8652597402597402,0.8846153846153846,0.8214285714285714,0.8518518518518519,0.7361174128087679,0.9707792207792207,0.07550715655088425,0.24506330117583275,0.08556100188708697,0.08556100188708697,0.005219221115112305,3,1,TabKAN,heart_disease,1.0,77660,0.03605105763389951,2.0059711933135986
0.9161255411255411,0.9259259259259259,0.8928571428571429,0.9090909090909091,0.8349664274173142,0.974025974025974,0.07482697814702988,0.2664790004491806,0.06394698971607646,0.06394698971607646,0.003900766372680664,3,2,TabKAN,heart_disease,1.0,30044,0.03239056468009949,0.6997509002685547
0.7224025974025974,0.8333333333333334,0.5357142857142857,0.6521739130434783,0.48599897792469043,0.8506493506493507,0.16923652589321136,0.5088644325733185,0.06870754429551422,0.06870754429551422,0.004191160202026367,3,3,TabKAN,heart_disease,1.0,77660,0.03923391103744507,1.033397912979126
0.8619528619528619,0.88,0.8148148148148148,0.8461538461538461,0.7304943077272633,0.9248035914702581,0.10580220818519592,0.35169000923633575,0.07218519846598306,0.07218519846598306,0.004331111907958984,3,4,TabKAN,heart_disease,1.0,53852,0.033909177780151366,0.9084508419036865
0.8325892857142857,0.8214285714285714,0.8214285714285714,0.8214285714285714,0.6651785714285714,0.8939732142857142,0.13093172013759613,0.42019976675510406,0.06450017293294272,0.06450017293294272,0.0038700103759765625,3,5,TabKAN,heart_disease,1.0,77660,0.03312838077545166,0.5331768989562988
0.9188311688311688,0.896551724137931,0.9285714285714286,0.9122807017543859,0.8358550813225236,0.9642857142857143,0.07637911289930344,0.26282263547182083,0.0606521231229188,0.0606521231229188,0.003699779510498047,1,1,FastKAN,heart_disease,1.0,50528,0.03230360984802246,2.2049520015716553
0.7689393939393939,0.75,0.75,0.75,0.5378787878787878,0.8636363636363635,0.15566124022006989,0.48262161016464233,0.05911608211329726,0.05911608211329726,0.003606081008911133,1,2,FastKAN,heart_disease,1.0,35040,0.029297700295081504,0.5257010459899902
0.8170995670995671,0.8148148148148148,0.7857142857142857,0.8,0.6362683048979794,0.9101731601731602,0.12185140699148178,0.3954019993543625,0.060132292450451465,0.060132292450451465,0.003668069839477539,1,3,FastKAN,heart_disease,1.0,50528,0.0375828742980957,0.7013251781463623
0.8316498316498316,0.8148148148148148,0.8148148148148148,0.8148148148148148,0.6632996632996633,0.9102132435465768,0.13051451742649078,0.42310386896133423,0.06609757741292319,0.06609757741292319,0.003965854644775391,1,4,FastKAN,heart_disease,1.0,19552,0.032291041480170354,0.7869410514831543
0.8616071428571428,0.9166666666666666,0.7857142857142857,0.8461538461538461,0.7364853795464743,0.9419642857142857,0.1041228324174881,0.35323481261730194,0.06265242894490561,0.06265242894490561,0.003759145736694336,1,5,FastKAN,heart_disease,1.0,35040,0.029395793613634612,0.7681429386138916
0.8679653679653679,0.8571428571428571,0.8571428571428571,0.8571428571428571,0.7359307359307359,0.9264069264069263,0.09905631840229034,0.3369835317134857,0.058428185885069796,0.058428185885069796,0.003564119338989258,2,1,FastKAN,heart_disease,1.0,35040,0.03537940979003906,0.9969441890716553
0.8777056277056277,0.9565217391304348,0.7857142857142857,0.8627450980392157,0.776718627563389,0.8841991341991342,0.11601731926202774,0.4067928194999695,0.06062476361384157,0.06062476361384157,0.003698110580444336,2,2,FastKAN,heart_disease,1.0,19552,0.029874285062154133,0.9874258041381836
0.900974025974026,0.8928571428571429,0.8928571428571429,0.8928571428571429,0.801948051948052,0.922077922077922,0.09430842846632004,0.33534999191761017,0.06234450418441022,0.06234450418441022,0.0038030147552490234,2,3,FastKAN,heart_disease,1.0,35040,0.03198231591118707,1.1833901405334473
0.7912457912457913,0.8260869565217391,0.7037037037037037,0.76,0.5960239698501034,0.8978675645342312,0.14981357753276825,0.473091721534729,0.06655057271321614,0.06655057271321614,0.003993034362792969,2,4,FastKAN,heart_disease,1.0,19552,0.030480403166550856,0.5449850559234619
0.7790178571428572,0.8,0.7142857142857143,0.7547169811320755,0.5646924393157821,0.8816964285714286,0.14463025331497192,0.4550971984863281,0.06746451059977213,0.06746451059977213,0.004047870635986328,2,5,FastKAN,heart_disease,1.0,50528,0.03010418835808249,0.7042801380157471
0.8777056277056277,0.9565217391304348,0.7857142857142857,0.8627450980392157,0.776718627563389,0.9642857142857142,0.07432150095701218,0.27645257860422134,0.07758765924172324,0.07758765924172324,0.004732847213745117,3,1,FastKAN,heart_disease,1.0,19552,0.031390833854675296,1.2890658378601074
0.9036796536796536,0.8666666666666667,0.9285714285714286,0.896551724137931,0.804750708270836,0.9621212121212122,0.07802925258874893,0.28573577105998993,0.05142415156129931,0.05142415156129931,0.003136873245239258,3,2,FastKAN,heart_disease,1.0,19552,0.029599825541178387,1.469693899154663
0.7126623376623377,0.7391304347826086,0.6071428571428571,0.6666666666666666,0.43732151953067605,0.8170995670995671,0.18128810822963715,0.5409185588359833,0.06914920494204663,0.06914920494204663,0.004218101501464844,3,3,FastKAN,heart_disease,1.0,50528,0.03421951742733226,0.7835769653320312
0.8771043771043772,0.9166666666666666,0.8148148148148148,0.8627450980392157,0.7659026105380703,0.9102132435465768,0.10797592997550964,0.36757592856884,0.07083415985107422,0.07083415985107422,0.004250049591064453,3,4,FastKAN,heart_disease,1.0,19552,0.0296001136302948,0.9784979820251465
0.8504464285714286,0.8275862068965517,0.8571428571428571,0.8421052631578947,0.699722425727024,0.8872767857142857,0.13822172582149506,0.44213108718395233,0.06368557612101237,0.06368557612101237,0.003821134567260742,3,5,FastKAN,heart_disease,1.0,35040,0.03515186676612267,0.616736888885498
0.8679653679653679,0.8571428571428571,0.8571428571428571,0.8571428571428571,0.7359307359307359,0.9329004329004329,0.1055518239736557,0.357804074883461,0.07129497215396069,0.07129497215396069,0.0043489933013916016,1,1,ChebyKAN,heart_disease,1.0,15680,0.027800707256092745,1.321321964263916
0.8198051948051948,0.7931034482758621,0.8214285714285714,0.8070175438596491,0.6382304303121595,0.8777056277056277,0.13838428258895874,0.4473249912261963,0.07354626890088692,0.07354626890088692,0.0044863224029541016,1,2,ChebyKAN,heart_disease,1.0,15680,0.02779640974821868,1.0500998497009277
0.7911255411255411,0.9,0.6428571428571429,0.75,0.6180724188477789,0.8744588744588744,0.1533534675836563,0.4836035370826721,0.06694871871197809,0.06694871871197809,0.004083871841430664,1,3,ChebyKAN,heart_disease,1.0,19552,0.028173494338989257,0.7875969409942627
0.8282828282828283,0.84,0.7777777777777778,0.8076923076923077,0.6625413488689132,0.9292929292929293,0.11182954907417297,0.3569301813840866,0.08498430252075195,0.08498430252075195,0.005099058151245117,1,4,ChebyKAN,heart_disease,1.0,15680,0.02779535146859976,0.5039949417114258
0.8482142857142857,0.8518518518518519,0.8214285714285714,0.8363636363636363,0.6983799021553296,0.9363839285714286,0.10243511945009232,0.332754909992218,0.08765061696370442,0.08765061696370442,0.005259037017822266,1,5,ChebyKAN,heart_disease,1.0,27296,0.029653429985046387,0.8183770179748535
0.8652597402597402,0.8846153846153846,0.8214285714285714,0.8518518518518519,0.7361174128087679,0.9318181818181818,0.10066574066877365,0.3366946876049042,0.07929567430840165,0.07929567430840165,0.0048370361328125,2,1,ChebyKAN,heart_disease,1.0,19552,0.03059511661529541,2.1146929264068604
0.8143939393939394,0.84,0.75,0.7924528301886793,0.6371165579527096,0.8766233766233766,0.1384967714548111,0.4376828521490097,0.07152557373046875,0.07152557373046875,0.004363059997558594,2,2,ChebyKAN,heart_disease,1.0,15680,0.027069300413131714,0.610785961151123
0.8831168831168831,0.8888888888888888,0.8571428571428571,0.8727272727272727,0.7687337199108693,0.9177489177489176,0.09145277738571167,0.32960616052150726,0.06516253361936476,0.06516253361936476,0.00397491455078125,2,3,ChebyKAN,heart_disease,1.0,19552,0.02870243787765503,0.6380579471588135
0.7457912457912458,0.7307692307692307,0.7037037037037037,0.7169811320754716,0.4935249645415256,0.8967452300785634,0.15947391092777252,0.4827081710100174,0.0718990961710612,0.0718990961710612,0.004313945770263672,2,4,ChebyKAN,heart_disease,1.0,27296,0.029962267194475447,0.5802361965179443
0.828125,0.875,0.75,0.8076923076923077,0.6682922888477266,0.8984375,0.127435103058815,0.41682447493076324,0.070953369140625,0.070953369140625,0.0042572021484375,2,5,ChebyKAN,heart_disease,1.0,19552,0.029249259403773716,0.8512473106384277
0.8982683982683983,0.9230769230769231,0.8571428571428571,0.8888888888888888,0.8026406160403751,0.9696969696969697,0.07858601212501526,0.2799292579293251,0.078209110947906,0.078209110947906,0.004770755767822266,3,1,ChebyKAN,heart_disease,1.0,27296,0.03133326310377855,1.679170846939087
0.8885281385281385,0.8387096774193549,0.9285714285714286,0.8813559322033898,0.7745455878531639,0.9534632034632036,0.1004709005355835,0.34840942919254303,0.08350513020499807,0.08350513020499807,0.005093812942504883,3,2,ChebyKAN,heart_disease,1.0,19552,0.02849020496491463,1.2308292388916016
0.7554112554112554,0.8888888888888888,0.5714285714285714,0.6956521739130435,0.5581302130911286,0.8582251082251081,0.15566210448741913,0.4851803183555603,0.08267261942879099,0.08267261942879099,0.00504302978515625,3,3,ChebyKAN,heart_disease,1.0,19552,0.03377105712890625,1.151667833328247
0.8282828282828283,0.84,0.7777777777777778,0.8076923076923077,0.6625413488689132,0.9315375982042648,0.10954046994447708,0.35380493104457855,0.07076660792032878,0.07076660792032878,0.0042459964752197266,3,4,ChebyKAN,heart_disease,1.0,27296,0.029823112487792968,0.6185908317565918
0.8191964285714286,0.7741935483870968,0.8571428571428571,0.8135593220338984,0.6373267954074168,0.8694196428571428,0.15460307896137238,0.49104413390159607,0.08406639099121094,0.08406639099121094,0.005043983459472656,3,5,ChebyKAN,heart_disease,1.0,19552,0.028657161272489108,0.5178947448730469
0.8528138528138528,0.8275862068965517,0.8571428571428571,0.8421052631578947,0.7041053139822809,0.8971861471861472,0.11451943218708038,0.3795050382614136,0.09647353750760439,0.09647353750760439,0.005884885787963867,1,1,JacobiKAN,heart_disease,1.0,27296,0.03274239301681518,0.8920457363128662
0.7895021645021645,0.7419354838709677,0.8214285714285714,0.7796610169491526,0.5771335508376638,0.8722943722943722,0.1553209125995636,0.4876033216714859,0.07450776021988666,0.07450776021988666,0.004544973373413086,1,2,JacobiKAN,heart_disease,1.0,19552,0.02951811154683431,0.614199161529541
0.8170995670995671,0.8148148148148148,0.7857142857142857,0.8,0.6362683048979794,0.8971861471861472,0.12399916350841522,0.40990161895751953,0.07858823557369045,0.07858823557369045,0.004793882369995117,1,3,JacobiKAN,heart_disease,1.0,15680,0.02877751263705167,0.8822932243347168
0.8535353535353536,0.8,0.8888888888888888,0.8421052631578947,0.7035264706814485,0.8967452300785633,0.1255045086145401,0.41364850103855133,0.08008082707722981,0.08008082707722981,0.004804849624633789,1,4,JacobiKAN,heart_disease,1.0,27296,0.03219829003016154,0.527414083480835
0.8616071428571428,0.9166666666666666,0.7857142857142857,0.8461538461538461,0.7364853795464743,0.9252232142857143,0.108213871717453,0.37145987153053284,0.06881952285766602,0.06881952285766602,0.004129171371459961,1,5,JacobiKAN,heart_disease,1.0,15680,0.029002556434044473,0.5236003398895264
0.8858225108225108,0.8620689655172413,0.8928571428571429,0.8771929824561403,0.7699801976524022,0.949134199134199,0.10278742760419846,0.3497099429368973,0.07872112461777984,0.07872112461777984,0.00480198860168457,2,1,JacobiKAN,heart_disease,1.0,27296,0.037166500091552736,0.995974063873291
0.7591991341991342,0.696969696969697,0.8214285714285714,0.7540983606557377,0.5183982683982684,0.8852813852813852,0.14498992264270782,0.4587382972240448,0.09119706075699603,0.09119706075699603,0.005563020706176758,2,2,JacobiKAN,heart_disease,1.0,15680,0.028513448578970774,0.5582940578460693
0.9134199134199135,0.96,0.8571428571428571,0.9056603773584906,0.8377918249154391,0.9393939393939394,0.06816142797470093,0.255904458463192,0.07083767750224129,0.07083767750224129,0.004321098327636719,2,3,JacobiKAN,heart_disease,1.0,19552,0.030124704043070476,0.7494552135467529
0.7760942760942762,0.7916666666666666,0.7037037037037037,0.7450980392156863,0.5607501255725158,0.8843995510662177,0.15850912034511566,0.4834146201610565,0.07106463114420573,0.07106463114420573,0.004263877868652344,2,4,JacobiKAN,heart_disease,1.0,19552,0.029689689477284748,0.4936189651489258
0.8169642857142857,0.7931034482758621,0.8214285714285714,0.8070175438596491,0.632869964670302,0.9196428571428571,0.13078592717647552,0.41579025983810425,0.06448030471801758,0.06448030471801758,0.0038688182830810547,2,5,JacobiKAN,heart_disease,1.0,15680,0.02927736135629507,1.057283878326416
0.9161255411255411,0.9259259259259259,0.8928571428571429,0.9090909090909091,0.8349664274173142,0.9826839826839827,0.054865967482328415,0.18608665466308594,0.0721626594418385,0.0721626594418385,0.0044019222259521484,3,1,JacobiKAN,heart_disease,1.0,19552,0.03009425401687622,0.832927942276001
0.8858225108225108,0.8620689655172413,0.8928571428571429,0.8771929824561403,0.7699801976524022,0.9545454545454545,0.08940456807613373,0.3111930638551712,0.08101932338026703,0.08101932338026703,0.004942178726196289,3,2,JacobiKAN,heart_disease,1.0,27296,0.03187486758598915,1.1360912322998047
0.7554112554112554,0.8888888888888888,0.5714285714285714,0.6956521739130435,0.5581302130911286,0.8300865800865802,0.17168958485126495,0.5305347442626953,0.10380588594030161,0.10380588594030161,0.0063321590423583984,3,3,JacobiKAN,heart_disease,1.0,27296,0.03294531036825741,0.7657971382141113
0.8316498316498316,0.8148148148148148,0.8148148148148148,0.8148148148148148,0.6632996632996633,0.8956228956228957,0.1261192113161087,0.4162161648273468,0.0758051872253418,0.0758051872253418,0.004548311233520508,3,4,JacobiKAN,heart_disease,1.0,27296,0.03254064760710064,0.8433337211608887
0.7946428571428572,0.8333333333333334,0.7142857142857143,0.7692307692307693,0.600099198148979,0.8727678571428572,0.14003139734268188,0.45178622007369995,0.07344881693522136,0.07344881693522136,0.004406929016113281,3,5,JacobiKAN,heart_disease,1.0,15680,0.028734842936197918,0.4796741008758545
0.8804112554112554,0.92,0.8214285714285714,0.8679245283018868,0.770900069261196,0.9502164502164502,0.09810097515583038,0.3344629555940628,0.06599895289686859,0.06599895289686859,0.004025936126708984,1,1,LegendreKAN,heart_disease,1.0,19552,0.029657626152038576,2.055654287338257
0.8295454545454546,0.875,0.75,0.8076923076923077,0.6723181321083574,0.908008658008658,0.13435915112495422,0.4359320402145386,0.07532854549220351,0.07532854549220351,0.004595041275024414,1,2,LegendreKAN,heart_disease,1.0,19552,0.03665103912353516,0.7426040172576904
0.8268398268398269,0.9090909090909091,0.7142857142857143,0.8,0.678355435247432,0.9047619047619048,0.11900708824396133,0.37821218371391296,0.0843141899734247,0.0843141899734247,0.005143165588378906,1,3,LegendreKAN,heart_disease,1.0,19552,0.029325283490694486,0.5317420959472656
0.8198653198653199,0.7666666666666667,0.8518518518518519,0.8070175438596491,0.6365239496641676,0.9046015712682379,0.12418738007545471,0.4081816226243973,0.07543166478474934,0.07543166478474934,0.004525899887084961,1,4,LegendreKAN,heart_disease,1.0,19552,0.02957916259765625,0.858726978302002
0.8459821428571428,0.88,0.7857142857142857,0.8301886792452831,0.7002186247515697,0.9196428571428571,0.11422587186098099,0.37649889290332794,0.0955661137898763,0.0955661137898763,0.005733966827392578,1,5,LegendreKAN,heart_disease,1.0,27296,0.03151405774630033,0.5608580112457275
0.900974025974026,0.8928571428571429,0.8928571428571429,0.8928571428571429,0.801948051948052,0.9675324675324675,0.07191932201385498,0.26147589087486267,0.08344259418425014,0.08344259418425014,0.005089998245239258,2,1,LegendreKAN,heart_disease,1.0,19552,0.032940469682216644,1.4405198097229004
0.8474025974025974,0.88,0.7857142857142857,0.8301886792452831,0.7040083136069528,0.8722943722943723,0.12386493384838104,0.4155067950487137,0.06459189243003971,0.06459189243003971,0.003940105438232422,2,2,LegendreKAN,heart_disease,1.0,19552,0.0299051943279448,0.8675799369812012
0.8831168831168831,0.8888888888888888,0.8571428571428571,0.8727272727272727,0.7687337199108693,0.9155844155844156,0.09922453761100769,0.34233178198337555,0.08159387307088883,0.08159387307088883,0.004977226257324219,2,3,LegendreKAN,heart_disease,1.0,15680,0.028411702676252884,0.8731598854064941
0.760942760942761,0.76,0.7037037037037037,0.7307692307692307,0.526635431152213,0.89337822671156,0.14613182842731476,0.4601714760065079,0.08539756139119466,0.08539756139119466,0.00512385368347168,2,4,LegendreKAN,heart_disease,1.0,27296,0.03199772834777832,0.654332160949707
0.8080357142857143,0.9047619047619048,0.6785714285714286,0.7755102040816326,0.6443815868826047,0.9196428571428572,0.12081771343946457,0.37856270372867584,0.07969935735066733,0.07969935735066733,0.004781961441040039,2,5,LegendreKAN,heart_disease,1.0,27296,0.03145806355909868,0.9482686519622803
0.8804112554112554,0.92,0.8214285714285714,0.8679245283018868,0.770900069261196,0.9794372294372294,0.06541871279478073,0.2451999932527542,0.08028843363777537,0.08028843363777537,0.004897594451904297,3,1,LegendreKAN,heart_disease,1.0,15680,0.028418164504201787,0.7560279369354248
0.850108225108225,0.8518518518518519,0.8214285714285714,0.8363636363636363,0.7025010124044243,0.9242424242424243,0.1095321923494339,0.36891408264636993,0.0666399471095351,0.0666399471095351,0.004065036773681641,3,2,LegendreKAN,heart_disease,1.0,15680,0.028582842453666355,0.9160029888153076
0.775974025974026,0.8571428571428571,0.6428571428571429,0.7346938775510204,0.5788880006133953,0.8365800865800865,0.15613514184951782,0.4880642592906952,0.07575457213354891,0.07575457213354891,0.004621028900146484,3,3,LegendreKAN,heart_disease,1.0,19552,0.03059518814086914,1.0542829036712646
0.8771043771043772,0.9166666666666666,0.8148148148148148,0.8627450980392157,0.7659026105380703,0.9225589225589226,0.10222193598747253,0.352827250957489,0.09748538335164388,0.09748538335164388,0.005849123001098633,3,4,LegendreKAN,heart_disease,1.0,27296,0.03171375218559714,0.7380647659301758
0.7790178571428572,0.8,0.7142857142857143,0.7547169811320755,0.5646924393157821,0.8705357142857143,0.1477324664592743,0.46138159930706024,0.06418228149414062,0.06418228149414062,0.0038509368896484375,3,5,LegendreKAN,heart_disease,1.0,15680,0.03544775644938151,0.7200357913970947
0.8652597402597402,0.8846153846153846,0.8214285714285714,0.8518518518518519,0.7361174128087679,0.935064935064935,0.10082802921533585,0.33425526320934296,0.06575271731517354,0.06575271731517354,0.004010915756225586,1,1,GramKAN,heart_disease,1.0,19552,0.02823498172144736,1.220203161239624
0.8322510822510822,0.8461538461538461,0.7857142857142857,0.8148148148148148,0.6695942095771606,0.8906926406926406,0.13780775666236877,0.4476265013217926,0.08260226640544953,0.08260226640544953,0.005038738250732422,1,2,GramKAN,heart_disease,1.0,27296,0.03695538640022278,0.795813798904419
0.8528138528138528,0.8275862068965517,0.8571428571428571,0.8421052631578947,0.7041053139822809,0.9025974025974026,0.12483981996774673,0.41022978723049164,0.08708140889152151,0.08708140889152151,0.0053119659423828125,1,3,GramKAN,heart_disease,1.0,27296,0.029473034540812175,0.6139247417449951
0.7946127946127945,0.8,0.7407407407407407,0.7692307692307693,0.5945883900105631,0.9135802469135802,0.13554677367210388,0.42782557010650635,0.08571545282999674,0.08571545282999674,0.005142927169799805,1,4,GramKAN,heart_disease,1.0,27296,0.029967387517293293,0.7441122531890869
0.8616071428571428,0.9166666666666666,0.7857142857142857,0.8461538461538461,0.7364853795464743,0.9162946428571428,0.10605313628911972,0.3390723317861557,0.0787973403930664,0.0787973403930664,0.004727840423583984,1,5,GramKAN,heart_disease,1.0,15680,0.02743114743913923,0.8071010112762451
0.9036796536796536,0.8666666666666667,0.9285714285714286,0.896551724137931,0.804750708270836,0.9610389610389609,0.07407470047473907,0.2709759771823883,0.07204931290423285,0.07204931290423285,0.004395008087158203,2,1,GramKAN,heart_disease,1.0,19552,0.02856599200855602,1.7511560916900635
0.8392857142857143,1.0,0.6785714285714286,0.8085106382978723,0.7301802964378883,0.8430735930735931,0.12975403666496277,0.45447838306427,0.06891860336553855,0.06891860336553855,0.0042040348052978516,2,2,GramKAN,heart_disease,1.0,19552,0.03120092969191702,1.6340968608856201
0.8912337662337663,0.8181818181818182,0.9642857142857143,0.8852459016393442,0.7824675324675324,0.9188311688311688,0.09692783653736115,0.3266063779592514,0.09336237047539384,0.09336237047539384,0.0056951045989990234,2,3,GramKAN,heart_disease,1.0,27296,0.029747724533081055,0.7010869979858398
0.7794612794612794,0.7692307692307693,0.7407407407407407,0.7547169811320755,0.561131124067762,0.8630751964085297,0.15943540632724762,0.4940515160560608,0.06780227025349934,0.06780227025349934,0.004068136215209961,2,4,GramKAN,heart_disease,1.0,15680,0.027624064021640353,0.6989398002624512
0.7991071428571428,0.7857142857142857,0.7857142857142857,0.7857142857142857,0.5982142857142857,0.8939732142857143,0.14049594104290009,0.45121049880981445,0.07183154424031576,0.07183154424031576,0.004309892654418945,2,5,GramKAN,heart_disease,1.0,15680,0.027516940060783836,0.6522071361541748
0.9312770562770563,0.9615384615384616,0.8928571428571429,0.9259259259259259,0.8691638192719822,0.9783549783549784,0.05220093950629234,0.18600165843963623,0.07657144890456903,0.07657144890456903,0.004670858383178711,3,1,GramKAN,heart_disease,1.0,15680,0.03038432863023546,1.517099142074585
0.8679653679653679,0.8571428571428571,0.8571428571428571,0.8571428571428571,0.7359307359307359,0.9404761904761905,0.10838006436824799,0.36915990710258484,0.07335866083864305,0.07335866083864305,0.0044748783111572266,3,2,GramKAN,heart_disease,1.0,19552,0.028132253222995333,1.415050983428955
0.7705627705627706,0.9411764705882353,0.5714285714285714,0.7111111111111111,0.6014274136647308,0.8560606060606061,0.16763299703598022,0.5204633176326752,0.09344444900262551,0.09344444900262551,0.005700111389160156,3,3,GramKAN,heart_disease,1.0,27296,0.02953758504655626,0.7367069721221924
0.8585858585858586,0.9130434782608695,0.7777777777777778,0.84,0.7338329802200695,0.9292929292929293,0.10254761576652527,0.3535152077674866,0.06978114446004231,0.06978114446004231,0.004186868667602539,3,4,GramKAN,heart_disease,1.0,27296,0.03521838642302014,0.9987869262695312
0.7991071428571428,0.7857142857142857,0.7857142857142857,0.7857142857142857,0.5982142857142857,0.8861607142857143,0.13874608278274536,0.4336795061826706,0.06278355916341145,0.06278355916341145,0.0037670135498046875,3,5,GramKAN,heart_disease,1.0,15680,0.03318196184494916,0.7668678760528564
0.8652597402597402,0.8846153846153846,0.8214285714285714,0.8518518518518519,0.7361174128087679,0.935064935064935,0.1035270243883133,0.3422803282737732,0.07129497215396069,0.07129497215396069,0.0043489933013916016,1,1,TaylorKAN,heart_disease,1.0,15680,0.026663253181859067,0.7124552726745605
0.8170995670995671,0.8148148148148148,0.7857142857142857,0.8,0.6362683048979794,0.8777056277056277,0.14564023911952972,0.46466822922229767,0.07636429833584144,0.07636429833584144,0.004658222198486328,1,2,TaylorKAN,heart_disease,1.0,19552,0.033134081784416645,0.7712419033050537
0.8528138528138528,0.8275862068965517,0.8571428571428571,0.8421052631578947,0.7041053139822809,0.9123376623376623,0.1166275143623352,0.38768433034420013,0.05806469526447233,0.05806469526447233,0.0035419464111328125,1,3,TaylorKAN,heart_disease,1.0,15680,0.02731005962078388,0.49884915351867676
0.7878787878787878,0.8571428571428571,0.6666666666666666,0.75,0.6005325641789633,0.920314253647587,0.13039588928222656,0.40917380154132843,0.07323424021402995,0.07323424021402995,0.004394054412841797,1,4,TaylorKAN,heart_disease,1.0,27296,0.028684888567243303,0.5584487915039062
0.8794642857142857,0.92,0.8214285714285714,0.8679245283018868,0.7679817174694635,0.9319196428571428,0.10036706924438477,0.32839901745319366,0.07561445236206055,0.07561445236206055,0.004536867141723633,1,5,TaylorKAN,heart_disease,1.0,15680,0.027136620353249943,0.6497058868408203
0.9491341991341992,0.9629629629629629,0.9285714285714286,0.9454545454545454,0.9011991349237591,0.9848484848484849,0.051426924765110016,0.1841796562075615,0.07588355267634157,0.07588355267634157,0.004628896713256836,2,1,TaylorKAN,heart_disease,1.0,15680,0.0269662652696882,1.8578448295593262
0.8777056277056277,0.9565217391304348,0.7857142857142857,0.8627450980392157,0.776718627563389,0.8831168831168831,0.1200026199221611,0.40546053647994995,0.06375938165383262,0.06375938165383262,0.003889322280883789,2,2,TaylorKAN,heart_disease,1.0,27296,0.028414215360369,0.8301849365234375
0.9161255411255411,0.9259259259259259,0.8928571428571429,0.9090909090909091,0.8349664274173142,0.9512987012987013,0.08140306174755096,0.3045700043439865,0.07993666852106814,0.07993666852106814,0.004876136779785156,2,3,TaylorKAN,heart_disease,1.0,27296,0.02796992502714458,0.7446627616882324
0.7912457912457913,0.8260869565217391,0.7037037037037037,0.76,0.5960239698501034,0.8754208754208754,0.14986565709114075,0.4695701152086258,0.06423393885294597,0.06423393885294597,0.003854036331176758,2,4,TaylorKAN,heart_disease,1.0,27296,0.027890988758632114,0.5441510677337646
0.84375,0.9130434782608695,0.75,0.8235294117647058,0.7054429982194027,0.9151785714285714,0.12006615847349167,0.39687809348106384,0.07033745447794595,0.07033745447794595,0.004220247268676758,2,5,TaylorKAN,heart_disease,1.0,19552,0.027893251842922635,0.7033371925354004
0.8955627705627706,0.9583333333333334,0.8214285714285714,0.8846153846153846,0.8070025526620842,0.975108225108225,0.06881596893072128,0.24550781026482582,0.07942074634989754,0.07942074634989754,0.00484466552734375,3,1,TaylorKAN,heart_disease,1.0,15680,0.028530149459838866,1.9955790042877197
0.9161255411255411,0.9259259259259259,0.8928571428571429,0.9090909090909091,0.8349664274173142,0.9567099567099568,0.07829774171113968,0.2860807180404663,0.08036269516241355,0.08036269516241355,0.0049021244049072266,3,2,TaylorKAN,heart_disease,1.0,19552,0.027487598932706393,1.0036332607269287
0.7635281385281385,0.7916666666666666,0.6785714285714286,0.7307692307692307,0.5376337115546307,0.8376623376623377,0.17097340524196625,0.5172509849071503,0.06099997973832928,0.06099997973832928,0.003720998764038086,3,3,TaylorKAN,heart_disease,1.0,27296,0.027821946144104003,0.7779109477996826
0.835016835016835,0.7931034482758621,0.8518518518518519,0.8214285714285714,0.667045768100612,0.8978675645342312,0.1196761354804039,0.4001786708831787,0.08531808853149414,0.08531808853149414,0.0051190853118896484,3,4,TaylorKAN,heart_disease,1.0,27296,0.029656479435582316,1.271967887878418
0.8325892857142857,0.8214285714285714,0.8214285714285714,0.8214285714285714,0.6651785714285714,0.8973214285714285,0.12410907447338104,0.3981616944074631,0.06348292032877603,0.06348292032877603,0.0038089752197265625,3,5,TaylorKAN,heart_disease,1.0,19552,0.03095586483295147,0.555809736251831
0.8679653679653679,0.8571428571428571,0.8571428571428571,0.8571428571428571,0.7359307359307359,0.9285714285714285,0.10543591529130936,0.339966744184494,0.07780262681304431,0.07780262681304431,0.004745960235595703,1,1,WavKAN,heart_disease,1.0,96992,0.027582824230194092,0.6817760467529297
0.7840909090909092,0.7777777777777778,0.75,0.7636363636363637,0.5700355973915344,0.8809523809523809,0.14868508279323578,0.46226948499679565,0.08285241048844134,0.08285241048844134,0.005053997039794922,1,2,WavKAN,heart_disease,1.0,143456,0.03342883403484638,0.5284368991851807
0.8528138528138528,0.8275862068965517,0.8571428571428571,0.8421052631578947,0.7041053139822809,0.9274891774891775,0.10687386244535446,0.3565635532140732,0.1178217715904361,0.1178217715904361,0.0071871280670166016,1,3,WavKAN,heart_disease,1.0,143456,0.03873966761997768,1.6288559436798096
0.8316498316498316,0.8148148148148148,0.8148148148148148,0.8148148148148148,0.6632996632996633,0.9023569023569024,0.13182483613491058,0.4214245080947876,0.1324176788330078,0.1324176788330078,0.007945060729980469,1,4,WavKAN,heart_disease,1.0,96992,0.027909278869628906,0.5531940460205078
0.8616071428571428,0.9166666666666666,0.7857142857142857,0.8461538461538461,0.7364853795464743,0.9375,0.10439196228981018,0.3411737084388733,0.08111397425333658,0.08111397425333658,0.004866838455200195,1,5,WavKAN,heart_disease,1.0,96992,0.028279212804941032,0.45542192459106445
0.9036796536796536,0.8666666666666667,0.9285714285714286,0.896551724137931,0.804750708270836,0.9664502164502164,0.07544338703155518,0.2521302103996277,0.06947751905097335,0.06947751905097335,0.004238128662109375,2,1,WavKAN,heart_disease,1.0,143456,0.03346361785099424,1.1799311637878418
0.8295454545454546,0.875,0.75,0.8076923076923077,0.6723181321083574,0.9004329004329005,0.12344873696565628,0.4082111567258835,0.12383695508612962,0.12383695508612962,0.007554054260253906,2,2,WavKAN,heart_disease,1.0,143456,0.048009514808654785,0.7967989444732666
0.8706709956709957,0.8333333333333334,0.8928571428571429,0.8620689655172413,0.738946695932336,0.9253246753246753,0.10127273947000504,0.3442692756652832,0.10168747823746478,0.10168747823746478,0.0062029361724853516,2,3,WavKAN,heart_disease,1.0,96992,0.027887830367455117,0.8989980220794678
0.7861952861952861,0.7333333333333333,0.8148148148148148,0.7719298245614035,0.5695214286468868,0.8888888888888888,0.15112072229385376,0.4589848816394806,0.07781585057576497,0.07781585057576497,0.0046689510345458984,2,4,WavKAN,heart_disease,1.0,96992,0.028070384805852718,0.38247179985046387
0.7767857142857143,0.8260869565217391,0.6785714285714286,0.7450980392156863,0.5680190375273113,0.8973214285714286,0.13621453940868378,0.42478154599666595,0.0955661137898763,0.0955661137898763,0.005733966827392578,2,5,WavKAN,heart_disease,1.0,50528,0.026777275146976594,1.0372252464294434
0.8831168831168831,0.8888888888888888,0.8571428571428571,0.8727272727272727,0.7687337199108693,0.9664502164502164,0.0785369873046875,0.25203710049390793,0.08852364587002112,0.08852364587002112,0.005399942398071289,3,1,WavKAN,heart_disease,1.0,96992,0.028065370188819036,1.25246000289917
0.8403679653679654,0.78125,0.8928571428571429,0.8333333333333334,0.6792672430902679,0.9426406926406927,0.10020026564598083,0.33327630162239075,0.10348929733526512,0.10348929733526512,0.006312847137451172,3,2,WavKAN,heart_disease,1.0,50528,0.025888752937316895,0.9746549129486084
0.7278138528138528,0.7727272727272727,0.6071428571428571,0.68,0.47282721562776303,0.8095238095238095,0.17935524880886078,0.5359840244054794,0.049458175409035604,0.049458175409035604,0.003016948699951172,3,3,WavKAN,heart_disease,1.0,50528,0.023346081376075745,0.47475218772888184
0.835016835016835,0.7931034482758621,0.8518518518518519,0.8214285714285714,0.667045768100612,0.914702581369248,0.11709845066070557,0.3820892572402954,0.10113318761189778,0.10113318761189778,0.006067991256713867,3,4,WavKAN,heart_disease,1.0,143456,0.03340861002604167,0.6107792854309082
0.8325892857142857,0.8214285714285714,0.8214285714285714,0.8214285714285714,0.6651785714285714,0.890625,0.13096417486667633,0.4230151027441025,0.09435017903645834,0.09435017903645834,0.0056610107421875,3,5,WavKAN,heart_disease,1.0,143456,0.03343743937356131,0.5694389343261719
0.8982683982683983,0.9230769230769231,0.8571428571428571,0.8888888888888888,0.8026406160403751,0.948051948051948,0.08439728617668152,0.29314859211444855,0.07254178406762296,0.07254178406762296,0.004425048828125,1,1,ReLUKAN,heart_disease,1.0,66016,0.03512507014804416,1.284775972366333
0.7992424242424243,0.8076923076923077,0.75,0.7777777777777778,0.6030710063455536,0.8971861471861472,0.13891316950321198,0.4453718364238739,0.06857074675012807,0.06857074675012807,0.0041828155517578125,1,2,ReLUKAN,heart_disease,1.0,96992,0.03133760965787447,0.5586988925933838
0.8652597402597402,0.8846153846153846,0.8214285714285714,0.8518518518518519,0.7361174128087679,0.9199134199134199,0.10902176052331924,0.3611118793487549,0.06968857812099769,0.06968857812099769,0.004251003265380859,1,3,ReLUKAN,heart_disease,1.0,35040,0.03331001181351511,0.8640151023864746
0.797979797979798,0.7777777777777778,0.7777777777777778,0.7777777777777778,0.5959595959595959,0.8922558922558923,0.13879355788230896,0.4289999306201935,0.0735163688659668,0.0735163688659668,0.004410982131958008,1,4,ReLUKAN,heart_disease,1.0,96992,0.030528153691973006,0.5862700939178467
0.8638392857142857,0.8846153846153846,0.8214285714285714,0.8518518518518519,0.7326009177709311,0.9296875,0.1014920249581337,0.3329940736293793,0.07736682891845703,0.07736682891845703,0.004642009735107422,1,5,ReLUKAN,heart_disease,1.0,35040,0.03011420965194702,0.8263092041015625
0.9188311688311688,0.896551724137931,0.9285714285714286,0.9122807017543859,0.8358550813225236,0.9783549783549784,0.05786839872598648,0.19367866218090057,0.07226428047555392,0.07226428047555392,0.004408121109008789,2,1,ReLUKAN,heart_disease,1.0,66016,0.031165470679601032,1.0256447792053223
0.8598484848484849,0.9545454545454546,0.75,0.84,0.7468648417873217,0.8831168831168832,0.12879961729049683,0.4231998771429062,0.07140831869156634,0.07140831869156634,0.004355907440185547,2,2,ReLUKAN,heart_disease,1.0,35040,0.029771288235982258,0.9888651371002197
0.8885281385281385,0.8387096774193549,0.9285714285714286,0.8813559322033898,0.7745455878531639,0.9383116883116883,0.08461331576108932,0.30008482933044434,0.06700343773013256,0.06700343773013256,0.004087209701538086,2,3,ReLUKAN,heart_disease,1.0,66016,0.02961960705843839,0.8998019695281982
0.7525252525252526,0.7,0.7777777777777778,0.7368421052631579,0.502518907629606,0.8866442199775533,0.1499556601047516,0.46320028603076935,0.07259845733642578,0.07259845733642578,0.004355907440185547,2,4,ReLUKAN,heart_disease,1.0,35040,0.02971790387080266,0.5320718288421631
0.8325892857142857,0.8214285714285714,0.8214285714285714,0.8214285714285714,0.6651785714285714,0.9196428571428572,0.11825825273990631,0.3754904866218567,0.06370147069295247,0.06370147069295247,0.0038220882415771484,2,5,ReLUKAN,heart_disease,1.0,35040,0.03000821007622613,1.1160681247711182
0.8982683982683983,0.9230769230769231,0.8571428571428571,0.8888888888888888,0.8026406160403751,0.9696969696969697,0.07371501624584198,0.23848581686615944,0.07742741068855662,0.07742741068855662,0.004723072052001953,3,1,ReLUKAN,heart_disease,1.0,96992,0.033605010168892994,1.6007640361785889
0.9161255411255411,0.9259259259259259,0.8928571428571429,0.9090909090909091,0.8349664274173142,0.9707792207792209,0.07013919949531555,0.25320401042699814,0.0786429545918449,0.0786429545918449,0.004797220230102539,3,2,ReLUKAN,heart_disease,1.0,96992,0.03023505210876465,0.7932507991790771
0.7180735930735931,0.7037037037037037,0.6785714285714286,0.6909090909090909,0.4375701823786445,0.8484848484848484,0.16562634706497192,0.4955774247646332,0.06970421212618468,0.06970421212618468,0.004251956939697266,3,3,ReLUKAN,heart_disease,1.0,66016,0.030593906130109514,0.5879731178283691
0.8771043771043772,0.9166666666666666,0.8148148148148148,0.8627450980392157,0.7659026105380703,0.9326599326599326,0.10183271020650864,0.34267354011535645,0.06316900253295898,0.06316900253295898,0.003790140151977539,3,4,ReLUKAN,heart_disease,1.0,35040,0.029923121134440105,0.7418608665466309
0.8504464285714286,0.8275862068965517,0.8571428571428571,0.8421052631578947,0.699722425727024,0.8939732142857143,0.12632639706134796,0.4154071509838104,0.06655057271321614,0.06655057271321614,0.003993034362792969,3,5,ReLUKAN,heart_disease,1.0,66016,0.029993800555958468,0.7003490924835205
0.8858225108225108,0.8620689655172413,0.8928571428571429,0.8771929824561403,0.7699801976524022,0.9458874458874459,0.10581742968582154,0.3520320951308145,0.2134041708023822,0.2134041708023822,0.013017654418945312,1,1,RandomForest,heart_disease,1.0,0,0.0,0.10763382911682129
0.8046536796536796,0.7666666666666667,0.8214285714285714,0.7931034482758621,0.607338671255336,0.8798701298701299,0.14010144877079478,0.42866143784363403,0.1868029109767226,0.1868029109767226,0.011394977569580078,1,2,RandomForest,heart_disease,1.0,0,0.0,0.09650421142578125
0.8349567099567099,0.8214285714285714,0.8214285714285714,0.8214285714285714,0.6699134199134199,0.9025974025974026,0.12260033653048134,0.4024529991126415,0.1883428604876409,0.1883428604876409,0.011488914489746094,1,3,RandomForest,heart_disease,1.0,0,0.0,0.09936308860778809
0.8619528619528619,0.88,0.8148148148148148,0.8461538461538461,0.7304943077272633,0.9090909090909091,0.12463106175185942,0.38640694325597846,0.2013365427652995,0.2013365427652995,0.012080192565917969,1,4,RandomForest,heart_disease,1.0,0,0.0,0.09956097602844238
0.84375,0.9130434782608695,0.75,0.8235294117647058,0.7054429982194027,0.9363839285714286,0.1139543782536505,0.36709361242217686,0.08844534556070963,0.08844534556070963,0.005306720733642578,1,5,RandomForest,heart_disease,1.0,0,0.0,0.044074058532714844
0.900974025974026,0.8928571428571429,0.8928571428571429,0.8928571428571429,0.801948051948052,0.9458874458874459,0.11289754592509417,0.37903696462911035,0.040077772296842985,0.040077772296842985,0.002444744110107422,2,1,RandomForest,heart_disease,1.0,0,0.0,0.01866006851196289
0.8446969696969697,0.9130434782608695,0.75,0.8235294117647058,0.7088392059568465,0.9107142857142857,0.1202405564634244,0.38774159278480785,0.04855531160948707,0.04855531160948707,0.002961874008178711,2,2,RandomForest,heart_disease,1.0,0,0.0,0.022938966751098633
0.8858225108225108,0.8620689655172413,0.8928571428571429,0.8771929824561403,0.7699801976524022,0.9361471861471862,0.10430314830821098,0.3442740702502701,0.15672308499695825,0.15672308499695825,0.009560108184814453,2,3,RandomForest,heart_disease,1.0,0,0.0,0.0811929702758789
0.7491582491582491,0.7142857142857143,0.7407407407407407,0.7272727272727273,0.4969241611489845,0.8877665544332211,0.13997015460267068,0.42540080682408976,0.09545087814331055,0.09545087814331055,0.005727052688598633,2,4,RandomForest,heart_disease,1.0,0,0.0,0.0476841926574707
0.8258928571428572,0.9090909090909091,0.7142857142857143,0.8,0.6747699033149638,0.9095982142857143,0.126794807063926,0.3946225243575201,0.14243523279825845,0.14243523279825845,0.008546113967895508,2,5,RandomForest,heart_disease,1.0,0,0.0,0.07087302207946777
0.8419913419913421,0.9523809523809523,0.7142857142857143,0.8163265306122449,0.7173670909562075,0.9642857142857142,0.09421648340715294,0.31944445680500133,0.05699767441046042,0.05699767441046042,0.003476858139038086,3,1,RandomForest,heart_disease,1.0,0,0.0,0.028615951538085938
0.8885281385281385,0.8387096774193549,0.9285714285714286,0.8813559322033898,0.7745455878531639,0.9534632034632033,0.10915331300271959,0.36821853183083647,0.15732499419665727,0.15732499419665727,0.009596824645996094,3,2,RandomForest,heart_disease,1.0,0,0.0,0.08086895942687988
0.7278138528138528,0.7727272727272727,0.6071428571428571,0.68,0.47282721562776303,0.8300865800865801,0.1736985025437205,0.5192080658179531,0.0438025740326428,0.0438025740326428,0.002671957015991211,3,3,RandomForest,heart_disease,1.0,0,0.0,0.020105838775634766
0.8653198653198653,0.8518518518518519,0.8518518518518519,0.8518518518518519,0.7306397306397306,0.9236812570145903,0.11031566638281659,0.3588671169153414,0.22344986597696942,0.22344986597696942,0.013406991958618164,3,4,RandomForest,heart_disease,1.0,0,0.0,0.11379313468933105
0.8169642857142857,0.7931034482758621,0.8214285714285714,0.8070175438596491,0.632869964670302,0.8727678571428571,0.14365782851056885,0.458713650171988,0.14872948328653973,0.14872948328653973,0.008923768997192383,3,5,RandomForest,heart_disease,1.0,0,0.0,0.0745401382446289
0.7405555555555556,0.717391304347826,0.6111111111111112,0.66,0.5015930071484076,0.8337037037037036,0.15936052799224854,0.47583554983139037,0.05210994125960709,0.05210994125960709,0.008024930953979492,1,1,StandardMLP,pima_diabetes,1.0,2881,0.036495712068345815,1.2461419105529785
0.7462962962962962,0.7619047619047619,0.5925925925925926,0.6666666666666666,0.5277777777777778,0.8657407407407407,0.14196769893169403,0.44094136357307434,0.048578559578239144,0.048578559578239144,0.007481098175048828,1,2,StandardMLP,pima_diabetes,1.0,929,0.0408872127532959,1.531167984008789
0.7533333333333333,0.6923076923076923,0.6666666666666666,0.6792452830188679,0.5112313234371975,0.8337037037037036,0.15993405878543854,0.48940509557724,0.05042862582516361,0.05042862582516361,0.007766008377075195,1,3,StandardMLP,pima_diabetes,1.0,9857,0.04093904848451967,1.3783009052276611
0.6841509433962264,0.6363636363636364,0.5283018867924528,0.5773195876288659,0.3871705285065625,0.8152830188679245,0.16478213667869568,0.49620175957679746,0.05466486114302492,0.05466486114302492,0.008363723754882812,1,4,StandardMLP,pima_diabetes,1.0,2881,0.03559848395260898,0.994966983795166
0.7163207547169812,0.6346153846153846,0.6226415094339622,0.6285714285714286,0.43461404933974157,0.8152830188679245,0.1648579090833664,0.4986307382583618,0.04963469661139196,0.04963469661139196,0.007594108581542969,1,5,StandardMLP,pima_diabetes,1.0,9857,0.03590589099460178,0.8175778388977051
0.6735185185185186,0.6041666666666666,0.5370370370370371,0.5686274509803921,0.35751902338867114,0.7785185185185186,0.18126191198825836,0.538735282421112,0.050577250393954186,0.050577250393954186,0.007788896560668945,2,1,StandardMLP,pima_diabetes,1.0,2881,0.0355403640053489,0.9876501560211182
0.7548148148148148,0.7391304347826086,0.6296296296296297,0.68,0.5313256180417312,0.8424074074074074,0.14537233114242554,0.4567671000957489,0.049233436584472656,0.049233436584472656,0.007581949234008789,2,2,StandardMLP,pima_diabetes,1.0,9857,0.03539721171061198,1.0723447799682617
0.7640740740740741,0.7446808510638298,0.6481481481481481,0.693069306930693,0.5472828303760697,0.8814814814814815,0.1352200210094452,0.4158905684947968,0.051018479582551235,0.051018479582551235,0.00785684585571289,2,3,StandardMLP,pima_diabetes,1.0,2881,0.04058952684755678,1.3635740280151367
0.725754716981132,0.6415094339622641,0.6415094339622641,0.6415094339622641,0.4515094339622642,0.8118867924528302,0.16564024984836578,0.4992834985256195,0.051280252294602736,0.051280252294602736,0.007845878601074219,2,4,StandardMLP,pima_diabetes,1.0,9857,0.035245755823647106,1.826192855834961
0.7746226415094339,0.7346938775510204,0.6792452830188679,0.7058823529411765,0.5601309380428227,0.869056603773585,0.14265546202659607,0.4378903269767761,0.052928924560546875,0.052928924560546875,0.008098125457763672,2,5,StandardMLP,pima_diabetes,1.0,929,0.03584615389506022,0.9537899494171143
0.7640740740740741,0.7446808510638298,0.6481481481481481,0.693069306930693,0.5472828303760697,0.8664814814814815,0.1395164281129837,0.4345045804977417,0.049928566078086954,0.049928566078086954,0.007688999176025391,3,1,StandardMLP,pima_diabetes,1.0,929,0.03539656003316243,0.6704518795013428
0.7333333333333334,0.6428571428571429,0.6666666666666666,0.6545454545454545,0.4629100498862757,0.795,0.1756436675786972,0.5251457154750824,0.04894238013725777,0.04894238013725777,0.007537126541137695,3,2,StandardMLP,pima_diabetes,1.0,9857,0.035278249669958045,1.2045409679412842
0.7583333333333333,0.7058823529411765,0.6666666666666666,0.6857142857142857,0.523845989024464,0.8692592592592592,0.14052730798721313,0.433410120010376,0.05200002100560572,0.05200002100560572,0.008008003234863281,3,3,StandardMLP,pima_diabetes,1.0,9857,0.03560717582702637,2.2482330799102783
0.790754716981132,0.85,0.6415094339622641,0.7311827956989247,0.629688094490674,0.8618867924528302,0.1336202472448349,0.43480117321014405,0.05094677794213388,0.05094677794213388,0.007794857025146484,3,4,StandardMLP,pima_diabetes,1.0,929,0.03531462213267451,1.0267038345336914
0.6647169811320754,0.6,0.5094339622641509,0.5510204081632653,0.34402354753397574,0.7818867924528301,0.17858350276947021,0.5331565320491791,0.04977650112575955,0.04977650112575955,0.007615804672241211,3,5,StandardMLP,pima_diabetes,1.0,9857,0.0360565746531767,0.7737770080566406
0.7255555555555555,0.673469387755102,0.6111111111111112,0.6407766990291263,0.4621550622759656,0.8272222222222223,0.1617467999458313,0.4738638877868652,0.060999548280393924,0.060999548280393924,0.009393930435180664,1,1,TabKAN,pima_diabetes,1.0,23624,0.06438574620655604,2.246079921722412
0.7798148148148148,0.8292682926829268,0.6296296296296297,0.7157894736842105,0.6041801184480466,0.8761111111111112,0.13426968455314636,0.41866586804389955,0.06548615245075969,0.06548615245075969,0.010084867477416992,1,2,TabKAN,pima_diabetes,1.0,61000,0.06110240221023559,1.5338590145111084
0.6950000000000001,0.7105263157894737,0.5,0.5869565217391305,0.4316588943702298,0.8203703703703703,0.1662517637014389,0.4941678047180176,0.058773276093718296,0.058773276093718296,0.009051084518432617,1,3,TabKAN,pima_diabetes,1.0,61000,0.06101446681552463,1.3765809535980225
0.6941509433962264,0.6666666666666666,0.5283018867924528,0.5894736842105263,0.4140199809430601,0.8226415094339623,0.1642197221517563,0.4961470663547516,0.05669063991970486,0.05669063991970486,0.008673667907714844,1,4,TabKAN,pima_diabetes,1.0,23624,0.059193303187688194,1.7938809394836426
0.7646226415094339,0.7058823529411765,0.6792452830188679,0.6923076923076923,0.5342072242964954,0.8113207547169812,0.16567908227443695,0.5042738080024719,0.056974248948440054,0.056974248948440054,0.008717060089111328,1,5,TabKAN,pima_diabetes,1.0,61000,0.061195194721221924,1.2263457775115967
0.6564814814814814,0.625,0.46296296296296297,0.5319148936170213,0.34057079519053324,0.7927777777777778,0.17800848186016083,0.5315440654754638,0.05626678466796875,0.05626678466796875,0.008665084838867188,2,1,TabKAN,pima_diabetes,1.0,23624,0.05947628388038048,0.9728810787200928
0.7548148148148148,0.7391304347826086,0.6296296296296297,0.68,0.5313256180417312,0.8500000000000001,0.14570970833301544,0.4528093457221985,0.054486386187664874,0.054486386187664874,0.00839090347290039,2,2,TabKAN,pima_diabetes,1.0,23624,0.05936612023247613,2.0187251567840576
0.7698148148148148,0.7906976744186046,0.6296296296296297,0.7010309278350515,0.5739802516622767,0.88,0.13282817602157593,0.4117222368717194,0.05710279786741579,0.05710279786741579,0.008793830871582031,2,3,TabKAN,pima_diabetes,1.0,42312,0.05859390232298109,2.668365955352783
0.7463207547169811,0.717391304347826,0.6226415094339622,0.6666666666666666,0.5112085776871009,0.8239622641509434,0.16071049869060516,0.4852864146232605,0.0585481232287837,0.0585481232287837,0.008957862854003906,2,4,TabKAN,pima_diabetes,1.0,23624,0.059078559279441833,1.1911630630493164
0.7463207547169811,0.717391304347826,0.6226415094339622,0.6666666666666666,0.5112085776871009,0.8749056603773585,0.13900575041770935,0.42439147233963015,0.06932059144662096,0.06932059144662096,0.010606050491333008,2,5,TabKAN,pima_diabetes,1.0,23624,0.05941268874377739,3.0674970149993896
0.7455555555555555,0.7333333333333333,0.6111111111111112,0.6666666666666666,0.5152964303632328,0.8698148148148148,0.14115925133228302,0.4298747181892395,0.06045304335557021,0.06045304335557021,0.009309768676757812,3,1,TabKAN,pima_diabetes,1.0,42312,0.05854508706501552,2.069330930709839
0.7148148148148148,0.6296296296296297,0.6296296296296297,0.6296296296296297,0.42962962962962964,0.7961111111111112,0.17303311824798584,0.5187464416027069,0.05922069797268162,0.05922069797268162,0.009119987487792969,3,2,TabKAN,pima_diabetes,1.0,61000,0.06112041192896226,1.3032231330871582
0.7555555555555555,0.7674418604651163,0.6111111111111112,0.6804123711340206,0.5436463605311886,0.8542592592592593,0.14674197137355804,0.44938987493515015,0.06233716939950919,0.06233716939950919,0.009599924087524414,3,3,TabKAN,pima_diabetes,1.0,23624,0.05981693665186564,2.712435245513916
0.7940566037735849,0.7708333333333334,0.6981132075471698,0.7326732673267327,0.603092043951078,0.8822641509433962,0.131283700466156,0.40530008673667905,0.057365380081475945,0.057365380081475945,0.00877690315246582,3,4,TabKAN,pima_diabetes,1.0,23624,0.05930176377296448,1.1964678764343262
0.7035849056603773,0.6744186046511628,0.5471698113207547,0.6041666666666666,0.4310056220797015,0.8135849056603774,0.1743348091840744,0.5203810036182404,0.05605174045936734,0.05605174045936734,0.008575916290283203,3,5,TabKAN,pima_diabetes,1.0,23624,0.05889365889809348,0.8160419464111328
0.7255555555555555,0.673469387755102,0.6111111111111112,0.6407766990291263,0.4621550622759656,0.8266666666666667,0.16506879031658173,0.4871434450149536,0.07448567972554788,0.07448567972554788,0.011470794677734375,1,1,FastKAN,pima_diabetes,1.0,13152,0.05911874771118164,3.596496820449829
0.7675925925925926,0.7115384615384616,0.6851851851851852,0.6981132075471698,0.5400067707359286,0.8588888888888889,0.141766756772995,0.44214072823524475,0.062434704272778,0.062434704272778,0.009614944458007812,1,2,FastKAN,pima_diabetes,1.0,23520,0.05470341444015503,1.6748957633972168
0.7412962962962963,0.7441860465116279,0.5925925925925926,0.6597938144329897,0.5133124694001006,0.8344444444444444,0.15655946731567383,0.4751319050788879,0.05603301060664189,0.05603301060664189,0.008629083633422852,1,3,FastKAN,pima_diabetes,1.0,23520,0.05507362683614095,1.059419870376587
0.6885849056603773,0.6304347826086957,0.5471698113207547,0.5858585858585859,0.3913848896195001,0.8124528301886792,0.16859641671180725,0.5064069509506226,0.05960776135812398,0.05960776135812398,0.009119987487792969,1,4,FastKAN,pima_diabetes,1.0,23520,0.05445633994208442,1.2499408721923828
0.7063207547169812,0.6111111111111112,0.6226415094339622,0.616822429906542,0.41086237382240853,0.8081132075471698,0.17091591656208038,0.5090971052646637,0.0763204362657335,0.0763204362657335,0.011677026748657227,1,5,FastKAN,pima_diabetes,1.0,13152,0.05550114631652832,1.697930097579956
0.6464814814814814,0.5952380952380952,0.46296296296296297,0.5208333333333334,0.3138888888888889,0.758888888888889,0.18828116357326508,0.5558323919773102,0.055882837865259744,0.055882837865259744,0.00860595703125,2,1,FastKAN,pima_diabetes,1.0,23520,0.054113967078072686,0.9681541919708252
0.759074074074074,0.7291666666666666,0.6481481481481481,0.6862745098039216,0.5337984137894888,0.8472222222222222,0.14676304161548615,0.45512723326683047,0.06222724914550781,0.06222724914550781,0.009582996368408203,2,2,FastKAN,pima_diabetes,1.0,23520,0.05508340729607476,1.9037392139434814
0.7285185185185186,0.7837837837837838,0.5370370370370371,0.6373626373626373,0.5104514978642366,0.8511111111111112,0.15121658146381378,0.4580728471279144,0.06263751488227348,0.06263751488227348,0.009646177291870117,2,3,FastKAN,pima_diabetes,1.0,33888,0.054582029581069946,1.1190481185913086
0.7118867924528302,0.64,0.6037735849056604,0.6213592233009708,0.42990074982333165,0.7966037735849056,0.1718146950006485,0.517533004283905,0.07711828144547207,0.07711828144547207,0.011799097061157227,2,4,FastKAN,pima_diabetes,1.0,13152,0.055832240316602916,1.2272930145263672
0.7418867924528302,0.7272727272727273,0.6037735849056604,0.6597938144329897,0.5085580097801363,0.8524528301886792,0.14926613867282867,0.45552837252616885,0.0808441561031965,0.0808441561031965,0.012369155883789062,2,5,FastKAN,pima_diabetes,1.0,13152,0.05569847673177719,2.179401159286499
0.7548148148148148,0.7391304347826086,0.6296296296296297,0.68,0.5313256180417312,0.8701851851851852,0.13899439573287964,0.4297082841396332,0.07658500175971489,0.07658500175971489,0.011794090270996094,3,1,FastKAN,pima_diabetes,1.0,13152,0.05601714752815865,2.533468723297119
0.7248148148148148,0.6538461538461539,0.6296296296296297,0.6415094339622641,0.4536804288397352,0.8081481481481482,0.1670423001050949,0.5026878297328949,0.08063037674148361,0.08063037674148361,0.012417078018188477,3,2,FastKAN,pima_diabetes,1.0,13152,0.055788480318509616,0.886509895324707
0.749074074074074,0.7,0.6481481481481481,0.6730769230769231,0.507637536974827,0.8535185185185187,0.1482924371957779,0.4517262399196625,0.07768110795454546,0.07768110795454546,0.011962890625,3,3,FastKAN,pima_diabetes,1.0,13152,0.05597761825278953,1.8472037315368652
0.7368867924528302,0.7111111111111111,0.6037735849056604,0.6530612244897959,0.4947555142370063,0.8639622641509435,0.14257749915122986,0.4466735005378723,0.05297255671881383,0.05297255671881383,0.008104801177978516,3,4,FastKAN,pima_diabetes,1.0,23520,0.054319369792938235,1.3892621994018555
0.6697169811320755,0.6136363636363636,0.5094339622641509,0.5567010309278351,0.35682365818816897,0.7954716981132075,0.1767251044511795,0.5218418300151825,0.057555491628210526,0.057555491628210526,0.008805990219116211,3,5,FastKAN,pima_diabetes,1.0,23520,0.05413370662265354,1.2456188201904297
0.7027777777777777,0.6666666666666666,0.5555555555555556,0.6060606060606061,0.42552759520945693,0.7666666666666666,0.17888537049293518,0.5369520306587219,0.06987057723008194,0.06987057723008194,0.010760068893432617,1,1,ChebyKAN,pima_diabetes,1.0,18336,0.054768975575764975,1.0567049980163574
0.6742592592592592,0.6222222222222222,0.5185185185185185,0.5656565656565656,0.3656817051069397,0.8209259259259261,0.1732519567012787,0.5209955155849457,0.06280471752216289,0.06280471752216289,0.009671926498413086,1,2,ChebyKAN,pima_diabetes,1.0,13152,0.05246479511260986,1.3517248630523682
0.7050000000000001,0.75,0.5,0.6,0.4622623072217398,0.786111111111111,0.18060317635536194,0.5390146493911743,0.07100693591229326,0.07100693591229326,0.010935068130493164,1,3,ChebyKAN,pima_diabetes,1.0,13152,0.051903989579942494,1.2053649425506592
0.6885849056603773,0.6304347826086957,0.5471698113207547,0.5858585858585859,0.3913848896195001,0.7786792452830189,0.18066705763339996,0.5432648301124573,0.06609804490033318,0.06609804490033318,0.010113000869750977,1,4,ChebyKAN,pima_diabetes,1.0,13152,0.05189328534262521,0.9368960857391357
0.6858490566037736,0.7142857142857143,0.4716981132075472,0.5681818181818182,0.4210689967268648,0.7930188679245282,0.1752297580242157,0.5325251817703247,0.06471272387535743,0.06471272387535743,0.009901046752929688,1,5,ChebyKAN,pima_diabetes,1.0,13152,0.05233490467071533,0.8091850280761719
0.6187037037037036,0.5641025641025641,0.4074074074074074,0.4731182795698925,0.26050131598333925,0.7531481481481481,0.19167566299438477,0.5675706624984741,0.07222070322408304,0.07222070322408304,0.011121988296508789,2,1,ChebyKAN,pima_diabetes,1.0,18336,0.05495437553950718,0.9846899509429932
0.732037037037037,0.7380952380952381,0.5740740740740741,0.6458333333333334,0.49722222222222223,0.8196296296296297,0.16522154211997986,0.5087013363838195,0.0627799467606978,0.0627799467606978,0.009668111801147461,2,2,ChebyKAN,pima_diabetes,1.0,13152,0.05205599069595337,1.3445770740509033
0.7655555555555555,0.8048780487804879,0.6111111111111112,0.6947368421052632,0.5733913235304428,0.8764814814814815,0.14522042870521545,0.45042929649353025,0.06496132194221793,0.06496132194221793,0.010004043579101562,2,3,ChebyKAN,pima_diabetes,1.0,13152,0.052045890263148716,0.9407060146331787
0.5870754716981132,0.6086956521739131,0.2641509433962264,0.3684210526315789,0.23186124956188847,0.7135849056603775,0.20134089887142181,0.5863581776618958,0.06877051459418403,0.06877051459418403,0.010521888732910156,2,4,ChebyKAN,pima_diabetes,1.0,18336,0.05525596141815185,1.4123249053955078
0.7446226415094339,0.6545454545454545,0.6792452830188679,0.6666666666666666,0.485143480272022,0.8416981132075472,0.15308065712451935,0.46393526792526246,0.0596872342178245,0.0596872342178245,0.009132146835327148,2,5,ChebyKAN,pima_diabetes,1.0,13152,0.05184006690979004,0.8029530048370361
0.6301851851851852,0.6451612903225806,0.37037037037037035,0.47058823529411764,0.3098525239677153,0.7738888888888888,0.1869838833808899,0.5576829433441162,0.07076542098800857,0.07076542098800857,0.01089787483215332,3,1,ChebyKAN,pima_diabetes,1.0,18336,0.05571157137552897,1.0681722164154053
0.6664814814814815,0.6578947368421053,0.46296296296296297,0.5434782608695652,0.3685292934841753,0.7518518518518519,0.1872807890176773,0.5570010066032409,0.08230549948556083,0.08230549948556083,0.012675046920776367,3,2,ChebyKAN,pima_diabetes,1.0,10560,0.052153984705607094,0.9666838645935059
0.6031481481481482,0.64,0.2962962962962963,0.4050632911392405,0.26694602077473417,0.8170370370370371,0.18159283697605133,0.5378742337226867,0.06774029174408355,0.06774029174408355,0.010432004928588867,3,3,ChebyKAN,pima_diabetes,1.0,18336,0.05509038532481474,1.199774980545044
0.7030188679245283,0.6521739130434783,0.5660377358490566,0.6060606060606061,0.42134081163640025,0.8245283018867924,0.16739028692245483,0.5067438542842865,0.06304691040437985,0.06304691040437985,0.009646177291870117,3,4,ChebyKAN,pima_diabetes,1.0,13152,0.052572589171560186,1.285642147064209
0.7346226415094339,0.631578947368421,0.6792452830188679,0.6545454545454545,0.4618115665926189,0.7949056603773585,0.17341408133506775,0.5208185017108917,0.0650181489832261,0.0650181489832261,0.009947776794433594,3,5,ChebyKAN,pima_diabetes,1.0,18336,0.055210808912913,0.8498620986938477
0.6985185185185185,0.6744186046511628,0.5370370370370371,0.5979381443298969,0.4223107960068364,0.8300000000000001,0.16370706260204315,0.4948833644390106,0.06713031174300553,0.06713031174300553,0.010338068008422852,1,1,JacobiKAN,pima_diabetes,1.0,13152,0.056119077345904184,1.2228941917419434
0.7348148148148148,0.68,0.6296296296296297,0.6538461538461539,0.4785757597651158,0.847037037037037,0.1559167057275772,0.47324220538139344,0.07603849683489118,0.07603849683489118,0.011709928512573242,1,2,JacobiKAN,pima_diabetes,1.0,18336,0.06059847559247698,1.075429916381836
0.7348148148148148,0.68,0.6296296296296297,0.6538461538461539,0.4785757597651158,0.7992592592592592,0.17056211829185486,0.5157632410526276,0.06768610570337866,0.06768610570337866,0.010423660278320312,1,3,JacobiKAN,pima_diabetes,1.0,13152,0.05591260592142741,1.075556993484497
0.6614150943396226,0.6486486486486487,0.4528301886792453,0.5333333333333333,0.35874199427996917,0.8081132075471699,0.17414656281471252,0.52558713555336,0.07227667016920701,0.07227667016920701,0.011058330535888672,1,4,JacobiKAN,pima_diabetes,1.0,13152,0.05537330187284029,0.9213330745697021
0.6947169811320755,0.6923076923076923,0.5094339622641509,0.5869565217391305,0.4251939035616604,0.7888679245283019,0.17071056365966797,0.5224375307559967,0.06832640155468112,0.06832640155468112,0.010453939437866211,1,5,JacobiKAN,pima_diabetes,1.0,13152,0.054658549172537665,0.9839837551116943
0.7031481481481481,0.524390243902439,0.7962962962962963,0.6323529411764706,0.3885675856836011,0.767037037037037,0.19015289843082428,0.5528136610984802,0.08222654268339083,0.08222654268339083,0.012662887573242188,2,1,JacobiKAN,pima_diabetes,1.0,10560,0.05473305962302468,0.7427489757537842
0.769074074074074,0.7608695652173914,0.6481481481481481,0.7,0.5610582289350549,0.8335185185185183,0.15622356534004211,0.49163455963134767,0.08386296111267882,0.08386296111267882,0.012914896011352539,2,2,JacobiKAN,pima_diabetes,1.0,10560,0.05482141673564911,1.0824449062347412
0.7953703703703703,0.7272727272727273,0.7407407407407407,0.7339449541284404,0.5882945988018451,0.8733333333333333,0.13678984344005585,0.4261591136455536,0.08196954603319044,0.08196954603319044,0.012623310089111328,2,3,JacobiKAN,pima_diabetes,1.0,10560,0.055501197513781096,1.3002738952636719
0.7434905660377358,0.6229508196721312,0.7169811320754716,0.6666666666666666,0.47325067117784064,0.7971698113207547,0.17102618515491486,0.5117006540298462,0.08175263996996911,0.08175263996996911,0.012508153915405273,2,4,JacobiKAN,pima_diabetes,1.0,10560,0.055357472101847334,1.0242109298706055
0.7667924528301887,0.6307692307692307,0.7735849056603774,0.6949152542372882,0.5136218087745806,0.8564150943396227,0.15227261185646057,0.46511579155921934,0.08909686718111724,0.08909686718111724,0.013631820678710938,2,5,JacobiKAN,pima_diabetes,1.0,10560,0.05569577217102051,0.9572150707244873
0.7931481481481482,0.671875,0.7962962962962963,0.7288135593220338,0.5676789478746612,0.875,0.14591319859027863,0.4495279908180237,0.08278698116153865,0.08278698116153865,0.012749195098876953,3,1,JacobiKAN,pima_diabetes,1.0,10560,0.05401180340693547,0.8654911518096924
0.7105555555555556,0.6346153846153846,0.6111111111111112,0.6226415094339622,0.42490498154100403,0.7916666666666667,0.17370420694351196,0.523848932981491,0.07585116795131139,0.07585116795131139,0.011681079864501953,3,2,JacobiKAN,pima_diabetes,1.0,18336,0.06054089619563176,1.000797986984253
0.7398148148148148,0.6938775510204082,0.6296296296296297,0.6601941747572816,0.49137176161525076,0.8294444444444444,0.15823955833911896,0.48124358654022215,0.07772755313229252,0.07772755313229252,0.011970043182373047,3,3,JacobiKAN,pima_diabetes,1.0,10560,0.054820384298052104,0.9467511177062988
0.7546226415094339,0.6792452830188679,0.6792452830188679,0.6792452830188679,0.509245283018868,0.8586792452830189,0.14536841213703156,0.4551787436008453,0.08277799568924249,0.08277799568924249,0.012665033340454102,3,4,JacobiKAN,pima_diabetes,1.0,10560,0.055075570156699734,1.2883257865905762
0.6980188679245283,0.6382978723404256,0.5660377358490566,0.6,0.4084817350749448,0.7984905660377359,0.1726975291967392,0.525629460811615,0.08199261684043734,0.08199261684043734,0.012544870376586914,3,5,JacobiKAN,pima_diabetes,1.0,10560,0.05422006050745646,0.8029940128326416
0.7340740740740741,0.660377358490566,0.6481481481481481,0.6542056074766355,0.470198855849646,0.8251851851851851,0.15970315039157867,0.4844630002975464,0.08765598396202186,0.08765598396202186,0.013499021530151367,1,1,LegendreKAN,pima_diabetes,1.0,10560,0.054590066274007164,1.2135210037231445
0.7433333333333333,0.6666666666666666,0.6666666666666666,0.6666666666666666,0.4866666666666667,0.8437037037037036,0.15213000774383545,0.47627289295196534,0.07797526074694348,0.07797526074694348,0.012008190155029297,1,2,LegendreKAN,pima_diabetes,1.0,18336,0.05930310137131635,1.2823638916015625
0.7575925925925926,0.6851851851851852,0.6851851851851852,0.6851851851851852,0.5151851851851852,0.8164814814814815,0.17502126097679138,0.5283896863460541,0.07239719489952186,0.07239719489952186,0.011149168014526367,1,3,LegendreKAN,pima_diabetes,1.0,18336,0.05935127394539969,1.0547738075256348
0.735754716981132,0.6666666666666666,0.6415094339622641,0.6538461538461539,0.4759300725550595,0.8090566037735849,0.17021167278289795,0.5242920160293579,0.061698988372204354,0.061698988372204354,0.009439945220947266,1,4,LegendreKAN,pima_diabetes,1.0,13152,0.05407964482026942,1.183229923248291
0.7035849056603773,0.6744186046511628,0.5471698113207547,0.6041666666666666,0.4310056220797015,0.7886792452830189,0.17362390458583832,0.5299525916576385,0.07698738497067122,0.07698738497067122,0.011779069900512695,1,5,LegendreKAN,pima_diabetes,1.0,18336,0.05889211760626899,1.3465619087219238
0.632962962962963,0.5897435897435898,0.42592592592592593,0.4946236559139785,0.29179398576604926,0.7685185185185185,0.1908373236656189,0.5719132900238038,0.06397513600138875,0.06397513600138875,0.009852170944213867,2,1,LegendreKAN,pima_diabetes,1.0,13152,0.05455749829610189,1.0505728721618652
0.7540740740740741,0.7142857142857143,0.6481481481481481,0.6796116504854369,0.5205884609545359,0.8251851851851852,0.15604370832443237,0.48769534230232237,0.08422058898133117,0.08422058898133117,0.012969970703125,2,2,LegendreKAN,pima_diabetes,1.0,10560,0.05351649920145671,0.9897792339324951
0.7498148148148148,0.723404255319149,0.6296296296296297,0.6732673267326733,0.5177310926909664,0.8483333333333334,0.15154588222503662,0.46810535788536073,0.06833014550147119,0.06833014550147119,0.010522842407226562,2,3,LegendreKAN,pima_diabetes,1.0,13152,0.056915264129638675,1.8189880847930908
0.6918867924528302,0.5925925925925926,0.6037735849056604,0.5981308411214953,0.3821189155714581,0.7771698113207547,0.1812390387058258,0.5385027050971984,0.0857901729010289,0.0857901729010289,0.013125896453857422,2,4,LegendreKAN,pima_diabetes,1.0,10560,0.05366313457489014,1.3255589008331299
0.6974528301886793,0.62,0.5849056603773585,0.6019417475728155,0.400615436055313,0.8269811320754716,0.1696290224790573,0.5150072693824768,0.08546293171402676,0.08546293171402676,0.013075828552246094,2,5,LegendreKAN,pima_diabetes,1.0,10560,0.0531472365061442,1.1806600093841553
0.7405555555555556,0.717391304347826,0.6111111111111112,0.66,0.5015930071484076,0.8524074074074074,0.16161592304706573,0.4952353239059448,0.06226750163288859,0.06226750163288859,0.009589195251464844,3,1,LegendreKAN,pima_diabetes,1.0,13152,0.05424623489379883,1.0462219715118408
0.7333333333333334,0.6428571428571429,0.6666666666666666,0.6545454545454545,0.4629100498862757,0.7894444444444445,0.17474448680877686,0.526974231004715,0.08536468852650037,0.08536468852650037,0.013146162033081055,3,2,LegendreKAN,pima_diabetes,1.0,10560,0.053325471878051756,1.6440362930297852
0.7475925925925926,0.6607142857142857,0.6851851851851852,0.6727272727272727,0.49119899737932593,0.7962962962962963,0.1630367636680603,0.49655336141586304,0.07900789186551974,0.07900789186551974,0.012167215347290039,3,3,LegendreKAN,pima_diabetes,1.0,10560,0.05353653430938721,1.3213908672332764
0.7241509433962264,0.7777777777777778,0.5283018867924528,0.6292134831460674,0.5028799497212432,0.7939622641509434,0.17617899179458618,0.5352449357509613,0.07036620495366115,0.07036620495366115,0.010766029357910156,3,4,LegendreKAN,pima_diabetes,1.0,18336,0.0590361754099528,1.1270170211791992
0.6469811320754717,0.6216216216216216,0.4339622641509434,0.5111111111111111,0.3266627861415499,0.7622641509433962,0.1892225295305252,0.5633842587471009,0.06523475148319419,0.06523475148319419,0.009980916976928711,3,5,LegendreKAN,pima_diabetes,1.0,18336,0.05863925388881138,1.0444459915161133
0.7568518518518519,0.6666666666666666,0.7037037037037037,0.6846846846846847,0.5076755895881876,0.8346296296296296,0.16435641050338745,0.4998898386955261,0.07150544748677835,0.07150544748677835,0.011011838912963867,1,1,GramKAN,pima_diabetes,1.0,10560,0.05671021342277527,1.6693930625915527
0.7953703703703703,0.7272727272727273,0.7407407407407407,0.7339449541284404,0.5882945988018451,0.8746296296296296,0.13619500398635864,0.4293420612812042,0.0836616986757749,0.0836616986757749,0.012883901596069336,1,2,GramKAN,pima_diabetes,1.0,10560,0.05214922768729074,0.9044997692108154
0.7355555555555555,0.7021276595744681,0.6111111111111112,0.6534653465346535,0.488179355005863,0.8324074074074074,0.16582855582237244,0.5028484702110291,0.07961013100363992,0.07961013100363992,0.012259960174560547,1,3,GramKAN,pima_diabetes,1.0,10560,0.051925222078959145,1.5429320335388184
0.7146226415094339,0.5901639344262295,0.6792452830188679,0.631578947368421,0.41714268769065765,0.8158490566037736,0.17746485769748688,0.540191513299942,0.07021660898246017,0.07021660898246017,0.010743141174316406,1,4,GramKAN,pima_diabetes,1.0,18336,0.054907572269439694,1.4072811603546143
0.7318867924528302,0.6956521739130435,0.6037735849056604,0.6464646464646465,0.4812526556702007,0.8216981132075472,0.16103315353393555,0.48400548100471497,0.08043744205649382,0.08043744205649382,0.012306928634643555,1,5,GramKAN,pima_diabetes,1.0,10560,0.05214648246765137,1.2919859886169434
0.6855555555555556,0.5789473684210527,0.6111111111111112,0.5945945945945946,0.36675626587409077,0.7733333333333333,0.18530774116516113,0.5449220478534699,0.060812219396814124,0.060812219396814124,0.009365081787109375,2,1,GramKAN,pima_diabetes,1.0,13152,0.052553617037259616,0.8812060356140137
0.7455555555555555,0.7333333333333333,0.6111111111111112,0.6666666666666666,0.5152964303632328,0.8335185185185185,0.1560027003288269,0.48204061985015867,0.07485104845715808,0.07485104845715808,0.011527061462402344,2,2,GramKAN,pima_diabetes,1.0,10560,0.05224684306553432,0.9043798446655273
0.8181481481481481,0.7288135593220338,0.7962962962962963,0.7610619469026548,0.624551803481321,0.8833333333333333,0.13302239775657654,0.4086617648601532,0.07166026474593522,0.07166026474593522,0.011035680770874023,2,3,GramKAN,pima_diabetes,1.0,18336,0.055057462056477866,1.0592010021209717
0.7213207547169811,0.6470588235294118,0.6226415094339622,0.6346153846153846,0.44679149668434154,0.809622641509434,0.16813074052333832,0.5033091008663177,0.06904789045745252,0.06904789045745252,0.010564327239990234,2,4,GramKAN,pima_diabetes,1.0,18336,0.054890292031424384,0.9861729145050049
0.7923584905660377,0.7017543859649122,0.7547169811320755,0.7272727272727273,0.5754539786371234,0.8733962264150943,0.13805919885635376,0.4243402600288391,0.0652612424364277,0.0652612424364277,0.009984970092773438,2,5,GramKAN,pima_diabetes,1.0,13152,0.051564186811447144,1.0660419464111328
0.7462962962962962,0.7619047619047619,0.5925925925925926,0.6666666666666666,0.5277777777777778,0.8792592592592593,0.13664211332798004,0.41230488419532774,0.06375374732079443,0.06375374732079443,0.009818077087402344,3,1,GramKAN,pima_diabetes,1.0,18336,0.05489981174468994,1.407257080078125
0.7375925925925926,0.6379310344827587,0.6851851851851852,0.6607142857142857,0.46796153710840016,0.7968518518518518,0.17493662238121033,0.5279358744621276,0.0704681718504274,0.0704681718504274,0.01085209846496582,3,2,GramKAN,pima_diabetes,1.0,18336,0.05511032907586349,1.3425390720367432
0.7483333333333333,0.6792452830188679,0.6666666666666666,0.6728971962616822,0.4988422988088412,0.8442592592592593,0.1582392156124115,0.4856054067611694,0.06162346183479606,0.06162346183479606,0.009490013122558594,3,3,GramKAN,pima_diabetes,1.0,13152,0.05237763375043869,2.1685690879821777
0.7579245283018867,0.639344262295082,0.7358490566037735,0.6842105263157895,0.501304662921432,0.8769811320754717,0.14421367645263672,0.44759838581085204,0.07004519693212571,0.07004519693212571,0.010716915130615234,3,4,GramKAN,pima_diabetes,1.0,18336,0.054636546543666294,0.980226993560791
0.7107547169811321,0.6071428571428571,0.6415094339622641,0.6238532110091743,0.4163565040790149,0.7884905660377359,0.17742353677749634,0.5330002248287201,0.06813005684247983,0.06813005684247983,0.010423898696899414,3,5,GramKAN,pima_diabetes,1.0,18336,0.0543809313523142,1.3291699886322021
0.7611111111111111,0.6610169491525424,0.7222222222222222,0.6902654867256637,0.5125832612972425,0.8614814814814815,0.14488358795642853,0.43874948024749755,0.05789701040689048,0.05789701040689048,0.008916139602661133,1,1,TaylorKAN,pima_diabetes,1.0,13152,0.054269811686347515,2.3656020164489746
0.8053703703703703,0.7547169811320755,0.7407407407407407,0.7476635514018691,0.613416070645622,0.8792592592592592,0.13120834529399872,0.41479002237319945,0.07475351358388925,0.07475351358388925,0.011512041091918945,1,2,TaylorKAN,pima_diabetes,1.0,10560,0.04999658039637974,0.8675432205200195
0.7540740740740741,0.7142857142857143,0.6481481481481481,0.6796116504854369,0.5205884609545359,0.8455555555555555,0.1543693095445633,0.4739183962345123,0.07880508125602426,0.07880508125602426,0.012135982513427734,1,3,TaylorKAN,pima_diabetes,1.0,10560,0.050126850605010986,0.7452001571655273
0.7024528301886792,0.6326530612244898,0.5849056603773585,0.6078431372549019,0.41293060564750855,0.8083018867924529,0.1712375283241272,0.5198357462882995,0.08001202851339104,0.08001202851339104,0.012241840362548828,1,4,TaylorKAN,pima_diabetes,1.0,10560,0.050203431736339225,1.3686957359313965
0.7168867924528302,0.6530612244897959,0.6037735849056604,0.6274509803921569,0.4423706721265714,0.8141509433962264,0.16694848239421844,0.4995148181915283,0.07909263660705167,0.07909263660705167,0.012101173400878906,1,5,TaylorKAN,pima_diabetes,1.0,10560,0.0505828857421875,1.002608060836792
0.6812962962962963,0.5818181818181818,0.5925925925925926,0.5871559633027523,0.36109116754044285,0.7677777777777778,0.18874584138393402,0.5550123453140259,0.07276101545854048,0.07276101545854048,0.011205196380615234,2,1,TaylorKAN,pima_diabetes,1.0,10560,0.0497410637991769,0.8639440536499023
0.722037037037037,0.7045454545454546,0.5740740740740741,0.6326530612244898,0.4690613163740094,0.8401851851851851,0.15659980475902557,0.4838014006614685,0.0733121649011389,0.0733121649011389,0.01129007339477539,2,2,TaylorKAN,pima_diabetes,1.0,10560,0.049811727860394645,1.0513660907745361
0.769074074074074,0.7608695652173914,0.6481481481481481,0.7,0.5610582289350549,0.882962962962963,0.1361875683069229,0.4147363185882568,0.06497370732295049,0.06497370732295049,0.010005950927734375,2,3,TaylorKAN,pima_diabetes,1.0,18336,0.05135113000869751,2.388025999069214
0.7263207547169811,0.66,0.6226415094339622,0.6407766990291263,0.4591860635913502,0.810188679245283,0.16747024655342102,0.5053002595901489,0.07520158306445951,0.07520158306445951,0.011505842208862305,2,4,TaylorKAN,pima_diabetes,1.0,10560,0.050198646692129284,1.6194391250610352
0.760188679245283,0.7142857142857143,0.660377358490566,0.6862745098039216,0.5306908715637598,0.8622641509433961,0.14406445622444153,0.44347198605537413,0.07706062466490501,0.07706062466490501,0.011790275573730469,2,5,TaylorKAN,pima_diabetes,1.0,10560,0.05029502147581519,2.5547587871551514
0.7683333333333333,0.7346938775510204,0.6666666666666666,0.6990291262135923,0.5498051602938211,0.8811111111111112,0.1343112736940384,0.42067486643791197,0.054294412786310364,0.054294412786310364,0.008361339569091797,3,1,TaylorKAN,pima_diabetes,1.0,18336,0.05857511929103306,3.1608760356903076
0.702037037037037,0.6458333333333334,0.5740740740740741,0.6078431372549019,0.4162788201889437,0.7864814814814814,0.1753958910703659,0.5271708190441131,0.058720638225604964,0.058720638225604964,0.009042978286743164,3,2,TaylorKAN,pima_diabetes,1.0,13152,0.051805195055509866,1.2757189273834229
0.7483333333333333,0.6792452830188679,0.6666666666666666,0.6728971962616822,0.4988422988088412,0.861111111111111,0.14438104629516602,0.44331042766571044,0.07910233039360542,0.07910233039360542,0.012181758880615234,3,3,TaylorKAN,pima_diabetes,1.0,13152,0.055791015625,1.808655023574829
0.7518867924528302,0.7619047619047619,0.6037735849056604,0.6736842105263158,0.5371396254217543,0.8715094339622642,0.14128932356834412,0.4385000646114349,0.05845618403814977,0.05845618403814977,0.008943796157836914,3,4,TaylorKAN,pima_diabetes,1.0,13152,0.04946032166481018,1.5404407978057861
0.6647169811320754,0.6,0.5094339622641509,0.5510204081632653,0.34402354753397574,0.7975471698113208,0.1771765947341919,0.5310893177986145,0.06412992290422029,0.06412992290422029,0.009811878204345703,3,5,TaylorKAN,pima_diabetes,1.0,18336,0.05196201100068934,1.139646053314209
0.739074074074074,0.6730769230769231,0.6481481481481481,0.660377358490566,0.4824558761384663,0.8175925925925926,0.16492895781993866,0.49259469509124754,0.08942244888900162,0.08942244888900162,0.01377105712890625,1,1,WavKAN,pima_diabetes,1.0,33888,0.057589122227260044,1.4332690238952637
0.7505555555555556,0.75,0.6111111111111112,0.673469387755102,0.5293077239816804,0.8577777777777778,0.14596877992153168,0.45170008540153506,0.06569980026839616,0.06569980026839616,0.010117769241333008,1,2,WavKAN,pima_diabetes,1.0,64992,0.06200418472290039,1.094019889831543
0.7483333333333333,0.6792452830188679,0.6666666666666666,0.6728971962616822,0.4988422988088412,0.822037037037037,0.15969204902648926,0.48124929070472716,0.08305791136506316,0.08305791136506316,0.012790918350219727,1,3,WavKAN,pima_diabetes,1.0,33888,0.05366381009419759,1.5328612327575684
0.6785849056603774,0.6041666666666666,0.5471698113207547,0.5742574257425742,0.3662666792426662,0.8211320754716981,0.1654861867427826,0.4987788021564484,0.06884998745388454,0.06884998745388454,0.010534048080444336,1,4,WavKAN,pima_diabetes,1.0,64992,0.06231725215911865,1.028019905090332
0.7263207547169811,0.66,0.6226415094339622,0.6407766990291263,0.4591860635913502,0.7979245283018869,0.1721976101398468,0.5196775615215301,0.06722313126707388,0.06722313126707388,0.010285139083862305,1,5,WavKAN,pima_diabetes,1.0,33888,0.053920904795328774,0.960695743560791
0.6685185185185185,0.5918367346938775,0.5370370370370371,0.5631067961165048,0.34528826491882486,0.7712962962962961,0.18772263824939728,0.5544869542121887,0.07318211840344714,0.07318211840344714,0.01127004623413086,2,1,WavKAN,pima_diabetes,1.0,64992,0.0623014767964681,0.8793849945068359
0.7177777777777778,0.7142857142857143,0.5555555555555556,0.625,0.4666666666666667,0.827037037037037,0.1577976793050766,0.4830336570739746,0.07884378557081347,0.07884378557081347,0.012141942977905273,2,2,WavKAN,pima_diabetes,1.0,64992,0.06266197791466346,0.9586760997772217
0.732037037037037,0.7380952380952381,0.5740740740740741,0.6458333333333334,0.49722222222222223,0.8485185185185186,0.14763695001602173,0.45370028018951414,0.08292786486737139,0.08292786486737139,0.012770891189575195,2,3,WavKAN,pima_diabetes,1.0,33888,0.054248487949371337,1.2903380393981934
0.7151886792452831,0.603448275862069,0.660377358490566,0.6306306306306306,0.42209630564268347,0.8003773584905661,0.17381277680397034,0.513101214170456,0.08495960360259013,0.08495960360259013,0.012998819351196289,2,4,WavKAN,pima_diabetes,1.0,33888,0.054137655666896274,0.900813102722168
0.7185849056603774,0.725,0.5471698113207547,0.6236559139784946,0.47338978420989347,0.8296226415094339,0.15853992104530334,0.48231539130210876,0.06220699135774101,0.06220699135774101,0.009517669677734375,2,5,WavKAN,pima_diabetes,1.0,33888,0.05400169812715971,1.6691420078277588
0.7498148148148148,0.723404255319149,0.6296296296296297,0.6732673267326733,0.5177310926909664,0.8418518518518519,0.1531420797109604,0.4574975550174713,0.05700681116673853,0.05700681116673853,0.008779048919677734,3,1,WavKAN,pima_diabetes,1.0,33888,0.05443951913288662,1.813796043395996
0.6927777777777777,0.6382978723404256,0.5555555555555556,0.594059405940594,0.399524141950553,0.7703703703703704,0.18293766677379608,0.5415607273578644,0.08031145318762048,0.08031145318762048,0.012367963790893555,3,2,WavKAN,pima_diabetes,1.0,96096,0.07136738300323486,0.9987208843231201
0.7648148148148148,0.7727272727272727,0.6296296296296297,0.6938775510204082,0.5594309277855158,0.8557407407407408,0.14489255845546722,0.4427247405052185,0.08382425679788962,0.08382425679788962,0.012908935546875,3,3,WavKAN,pima_diabetes,1.0,33888,0.05830683878489903,1.933588981628418
0.7524528301886793,0.7948717948717948,0.5849056603773585,0.6739130434782609,0.5512688400828505,0.8745283018867924,0.1359119564294815,0.4213658273220062,0.08360856498768128,0.08360856498768128,0.012792110443115234,3,4,WavKAN,pima_diabetes,1.0,33888,0.05420182432447161,0.9028630256652832
0.6608490566037736,0.625,0.4716981132075472,0.5376344086021505,0.34835113598526907,0.7866037735849056,0.17925506830215454,0.532095068693161,0.06582378561979806,0.06582378561979806,0.010071039199829102,3,5,WavKAN,pima_diabetes,1.0,64992,0.0634013484506046,1.2663979530334473
0.7177777777777778,0.7142857142857143,0.5555555555555556,0.625,0.4666666666666667,0.8235185185185185,0.1655612736940384,0.4901405036449432,0.058297987108106734,0.058297987108106734,0.008977890014648438,1,1,ReLUKAN,pima_diabetes,1.0,23520,0.05745525921092314,1.2469439506530762
0.8053703703703703,0.7547169811320755,0.7407407407407407,0.7476635514018691,0.613416070645622,0.8722222222222222,0.13571809232234955,0.43408176898956297,0.06185723589612292,0.06185723589612292,0.00952601432800293,1,2,ReLUKAN,pima_diabetes,1.0,44256,0.05671621405560037,1.6683049201965332
0.6637037037037037,0.7333333333333333,0.4074074074074074,0.5238095238095238,0.39446993708322725,0.8312962962962963,0.16396911442279816,0.4883971929550171,0.05936467802369749,0.05936467802369749,0.009142160415649414,1,3,ReLUKAN,pima_diabetes,1.0,44256,0.056655974223695955,2.1033248901367188
0.7207547169811321,0.6296296296296297,0.6415094339622641,0.6355140186915887,0.4396058320733589,0.8216981132075472,0.16717128455638885,0.5007341802120209,0.06343804153741574,0.06343804153741574,0.00970602035522461,1,4,ReLUKAN,pima_diabetes,1.0,44256,0.05509757995605469,1.0609989166259766
0.7235849056603774,0.7435897435897436,0.5471698113207547,0.6304347826086957,0.48823137182225546,0.8115094339622642,0.16372279822826385,0.49741063117980955,0.055816438462999135,0.055816438462999135,0.008539915084838867,1,5,ReLUKAN,pima_diabetes,1.0,23520,0.05568100424373851,1.214548110961914
0.6607407407407407,0.6190476190476191,0.48148148148148145,0.5416666666666666,0.34444444444444444,0.7814814814814814,0.18829675018787384,0.5562279284000397,0.06514400630802303,0.06514400630802303,0.010032176971435547,2,1,ReLUKAN,pima_diabetes,1.0,44256,0.054853384311382584,0.9119348526000977
0.7398148148148148,0.6938775510204082,0.6296296296296297,0.6601941747572816,0.49137176161525076,0.8414814814814815,0.1504369080066681,0.46467623114585876,0.06581900955794694,0.06581900955794694,0.010136127471923828,2,2,ReLUKAN,pima_diabetes,1.0,64992,0.05565782955714634,0.9981660842895508
0.7455555555555555,0.7333333333333333,0.6111111111111112,0.6666666666666666,0.5152964303632328,0.8757407407407407,0.1377120316028595,0.42281089425086976,0.05998085071514179,0.05998085071514179,0.009237051010131836,2,3,ReLUKAN,pima_diabetes,1.0,23520,0.05430118790988264,2.021419048309326
0.7280188679245283,0.7317073170731707,0.5660377358490566,0.6382978723404256,0.48993422182292373,0.8235849056603773,0.15957623720169067,0.49308242797851565,0.06267915364184411,0.06267915364184411,0.009589910507202148,2,4,ReLUKAN,pima_diabetes,1.0,64992,0.05546806653340657,1.0679092407226562
0.7363207547169811,0.6875,0.6226415094339622,0.6534653465346535,0.4846793615968721,0.8592452830188679,0.146846741437912,0.4472711503505707,0.060790504505431726,0.060790504505431726,0.009300947189331055,2,5,ReLUKAN,pima_diabetes,1.0,23520,0.05428190414722149,1.8071160316467285
0.7988888888888889,0.7,0.7777777777777778,0.7368421052631579,0.5849208388379199,0.8642592592592593,0.14410322904586792,0.4405557096004486,0.06151663792597783,0.06151663792597783,0.009473562240600586,3,1,ReLUKAN,pima_diabetes,1.0,23520,0.05403538754111842,1.3208482265472412
0.7212962962962963,0.6808510638297872,0.5925925925925926,0.6336633663366337,0.4586276173207597,0.798148148148148,0.1702895611524582,0.5139052629470825,0.05981055173006925,0.05981055173006925,0.009210824966430664,3,2,ReLUKAN,pima_diabetes,1.0,23520,0.05453067667344037,1.1927926540374756
0.7911111111111111,0.7358490566037735,0.7222222222222222,0.7289719626168224,0.5847726276864268,0.8822222222222222,0.1302805095911026,0.4096141517162323,0.06492261762742872,0.06492261762742872,0.009998083114624023,3,3,ReLUKAN,pima_diabetes,1.0,64992,0.05502772331237793,1.905672311782837
0.779622641509434,0.75,0.6792452830188679,0.7128712871287128,0.5734888733625265,0.8647169811320755,0.13920322060585022,0.43549572825431826,0.059090408624387254,0.059090408624387254,0.00904083251953125,3,4,ReLUKAN,pima_diabetes,1.0,23520,0.053747216860453285,1.2402899265289307
0.6381132075471698,0.6363636363636364,0.39622641509433965,0.4883720930232558,0.3195623078691144,0.7958490566037736,0.17902499437332153,0.5304948568344117,0.06051157035079657,0.06051157035079657,0.009258270263671875,3,5,ReLUKAN,pima_diabetes,1.0,44256,0.05446883042653402,0.8360650539398193
0.7327777777777778,0.7692307692307693,0.5555555555555556,0.6451612903225806,0.5108426742450194,0.862037037037037,0.15364052866394307,0.46960115018121107,0.18377737565474078,0.18377737565474078,0.028301715850830078,1,1,RandomForest,pima_diabetes,1.0,0,0.0,0.11677789688110352
0.7455555555555555,0.7333333333333333,0.6111111111111112,0.6666666666666666,0.5152964303632328,0.8501851851851852,0.15019473302895836,0.4608890991410191,0.07389737414075183,0.07389737414075183,0.011380195617675781,1,2,RandomForest,pima_diabetes,1.0,0,0.0,0.04937005043029785
0.7227777777777777,0.7317073170731707,0.5555555555555556,0.631578947368421,0.4810249387776308,0.8307407407407408,0.1593972399842809,0.48213589958233244,0.16973235390403052,0.16973235390403052,0.026138782501220703,1,3,RandomForest,pima_diabetes,1.0,0,0.0,0.11307096481323242
0.6985849056603773,0.6590909090909091,0.5471698113207547,0.5979381443298969,0.4175173988249559,0.8126415094339623,0.1656036156980173,0.4959796016172341,0.15434564328661152,0.15434564328661152,0.023614883422851562,1,4,RandomForest,pima_diabetes,1.0,0,0.0,0.10344195365905762
0.6974528301886793,0.62,0.5849056603773585,0.6019417475728155,0.400615436055313,0.7979245283018868,0.17052024406682265,0.5062243645405158,0.09918992036308338,0.09918992036308338,0.015176057815551758,1,5,RandomForest,pima_diabetes,1.0,0,0.0,0.06927299499511719
0.6564814814814814,0.625,0.46296296296296297,0.5319148936170213,0.34057079519053324,0.7781481481481481,0.18219107598084394,0.5340610700891757,0.08338922029965884,0.08338922029965884,0.012841939926147461,2,1,RandomForest,pima_diabetes,1.0,0,0.0,0.051770925521850586
0.7255555555555555,0.673469387755102,0.6111111111111112,0.6407766990291263,0.4621550622759656,0.842962962962963,0.15111839650586387,0.46779958763699975,0.16605854034423828,0.16605854034423828,0.025573015213012695,2,2,RandomForest,pima_diabetes,1.0,0,0.0,0.1132659912109375
0.7142592592592593,0.7567567567567568,0.5185185185185185,0.6153846153846154,0.4785999862471003,0.8712962962962962,0.14191831762570692,0.4361328671576877,0.08387689466600294,0.08387689466600294,0.012917041778564453,2,3,RandomForest,pima_diabetes,1.0,0,0.0,0.053562164306640625
0.7690566037735849,0.6981132075471698,0.6981132075471698,0.6981132075471698,0.5381132075471698,0.8262264150943397,0.16096274257970597,0.4893459543870746,0.17283632864359935,0.17283632864359935,0.026443958282470703,2,4,RandomForest,pima_diabetes,1.0,0,0.0,0.11344504356384277
0.7180188679245283,0.6976744186046512,0.5660377358490566,0.625,0.4615634812910983,0.8537735849056604,0.15207088352990938,0.4647652471310858,0.181123322131587,0.181123322131587,0.027711868286132812,2,5,RandomForest,pima_diabetes,1.0,0,0.0,0.11930704116821289
0.717037037037037,0.6888888888888889,0.5740740740740741,0.6262626262626263,0.4554505402607156,0.8696296296296295,0.1447106573489359,0.44334300487905687,0.1613505474932782,0.1613505474932782,0.024847984313964844,3,1,RandomForest,pima_diabetes,1.0,0,0.0,0.10672998428344727
0.7375925925925926,0.6379310344827587,0.6851851851851852,0.6607142857142857,0.46796153710840016,0.7894444444444445,0.17745261377472057,0.5329523870923712,0.043901530179110436,0.043901530179110436,0.006760835647583008,3,2,RandomForest,pima_diabetes,1.0,0,0.0,0.02621006965637207
0.732037037037037,0.7380952380952381,0.5740740740740741,0.6458333333333334,0.49722222222222223,0.8477777777777779,0.15200295631304128,0.4709138412618269,0.11426597446590275,0.11426597446590275,0.017596960067749023,3,3,RandomForest,pima_diabetes,1.0,0,0.0,0.0763099193572998
0.7330188679245283,0.75,0.5660377358490566,0.6451612903225806,0.5046494462660496,0.8481132075471698,0.14675225900322167,0.4468090391897981,0.06504619822782629,0.06504619822782629,0.009952068328857422,3,4,RandomForest,pima_diabetes,1.0,0,0.0,0.04035782814025879
0.6552830188679245,0.5909090909090909,0.49056603773584906,0.5360824742268041,0.3264767878697755,0.7720754716981132,0.18231894442372057,0.5371246433472792,0.08814475115607766,0.08814475115607766,0.013486146926879883,3,5,RandomForest,pima_diabetes,1.0,0,0.0,0.05988192558288574
