prob_A_better,prob_B_better,prob_ROPE,mean_diff,dataset,Model A (Baseline),Model B (Best KAN)
0.18806262902103166,0.3299971198136499,0.48194025116531847,-0.0035427913367325425,breast_cancer,StandardMLP,ReLUKAN
0.05838429548543622,0.8238577984227791,0.11775790609178471,-0.03229493171458124,cardiotocography,StandardMLP,JacobiKAN
0.5359235434760737,0.36960915050647064,0.09446730601745562,0.01735783164431417,cervical_cancer,StandardMLP,WavKAN
0.0490602189911723,0.5104700954069259,0.4404696856019018,-0.010263340389897202,chronic_kidney_disease,StandardMLP,TaylorKAN
0.244809421325337,0.6508692230442155,0.10432135563044753,-0.03428583003176318,heart_disease,StandardMLP,TaylorKAN
0.24173183412759425,0.6814998135664542,0.07676835230595158,-0.04897355851875766,parkinsons,StandardMLP,WavKAN
0.8549547786236704,0.07775294446623705,0.06729227691009253,0.05604651246496013,pima_diabetes,StandardMLP,WavKAN
