{
    "train_loss": [
        0.5685267686843872,
        0.36569385131200155,
        0.23013798793156942,
        0.1432532419761022,
        0.13942380100488663,
        0.10283921932180723,
        0.07081016128261884,
        0.0682106301188469,
        0.05162239062289397,
        0.04148580096662045,
        0.03863745021323363,
        0.02948941911260287,
        0.026359866932034494,
        0.0236776369313399,
        0.021896806173026563,
        0.020768856753905614,
        0.019243857202430565,
        0.018300746691723664,
        0.016648389026522638,
        0.014854362544914087,
        0.012928419994811218,
        0.010164806464066109,
        0.010258262883871794,
        0.011696418654173613,
        0.051761941021929186,
        0.052878218392531075,
        0.04599183692286412,
        0.016957085051884254,
        0.023315398239841065,
        0.08828157077853878,
        0.02420080319667856,
        0.012407541616509359,
        0.006451409558455149,
        0.005089108413085341,
        0.004339966938520471,
        0.004106717913721998,
        0.003707887465134263,
        0.0034165832834939162,
        0.0032236883571992317,
        0.003038000191251437,
        0.0028771214963247377,
        0.002743954413260023,
        0.0026126852569480735,
        0.002492793013031284,
        0.0023807188495993613,
        0.002279093465767801,
        0.0022059840538228553,
        0.002133239146011571,
        0.0020224016159772875,
        0.001965705662344893
    ],
    "val_loss": [
        0.43866464495658875,
        0.2991509288549423,
        0.19456976652145386,
        0.15351874567568302,
        0.13564070127904415,
        0.12714852672070265,
        0.09012102149426937,
        0.1112486282363534,
        0.08828913513571024,
        0.08581585809588432,
        0.09703398495912552,
        0.12449339684098959,
        0.09845567215234041,
        0.10268388851545751,
        0.10781097318977118,
        0.11046459060162306,
        0.11232778895646334,
        0.11582267470657825,
        0.12160067213699222,
        0.1292211040854454,
        0.14090754627250135,
        0.1339597824262455,
        0.14591575134545565,
        0.13295704266056418,
        0.11761030717752874,
        0.09789430350065231,
        0.10060238069854677,
        0.09956779575441033,
        0.11858592345379293,
        0.09729207586497068,
        0.09066872182302177,
        0.08938838576432317,
        0.09777369257062674,
        0.1025149667984806,
        0.11030718899564818,
        0.10978740022983402,
        0.10908933071186766,
        0.10859919514041394,
        0.10866111668292433,
        0.10867994243744761,
        0.10876002552686259,
        0.10949946631444618,
        0.11025577422697097,
        0.1101875783642754,
        0.11140160879585892,
        0.11171608799486421,
        0.112148270214675,
        0.1129838117340114,
        0.11447876572492532,
        0.11465119564672932
    ],
    "val_mcc": [
        0.8552939954562563,
        0.8729691484629669,
        0.9447329926514414,
        0.9266325832219493,
        0.9438975339262832,
        0.9252853920667758,
        0.9444083040750081,
        0.9253193580085162,
        0.9438975339262832,
        0.9444083040750081,
        0.9438975339262832,
        0.9253193580085162,
        0.9438975339262832,
        0.9438975339262832,
        0.9438975339262832,
        0.9438975339262832,
        0.9438975339262832,
        0.9438975339262832,
        0.9438975339262832,
        0.9253193580085162,
        0.9253193580085162,
        0.9253193580085162,
        0.9253193580085162,
        0.9253193580085162,
        0.9291664622950404,
        0.9093049296723977,
        0.9266092224680211,
        0.9266092224680211,
        0.9266092224680211,
        0.9266325832219493,
        0.9438975339262832,
        0.9438975339262832,
        0.9438975339262832,
        0.9438975339262832,
        0.9438975339262832,
        0.9438975339262832,
        0.9438975339262832,
        0.9438975339262832,
        0.9438975339262832,
        0.9438975339262832,
        0.9438975339262832,
        0.9438975339262832,
        0.9438975339262832,
        0.9438975339262832,
        0.9438975339262832,
        0.9438975339262832,
        0.9438975339262832,
        0.9438975339262832,
        0.9438975339262832,
        0.9438975339262832
    ],
    "val_auroc": [
        0.989190959711759,
        0.9957418932197838,
        0.9983622666229939,
        0.9963969865705864,
        0.9967245332459876,
        0.9973796265967901,
        0.9983622666229939,
        0.9980347199475926,
        0.99737962659679,
        0.9980347199475926,
        0.9921388797903701,
        0.9970520799213888,
        0.9967245332459875,
        0.9918113331149689,
        0.9855879462823451,
        0.9914837864395676,
        0.9832951195545365,
        0.9963969865705863,
        0.9849328529315428,
        0.9944317065181788,
        0.9963969865705863,
        0.9918113331149688,
        0.983950212905339,
        0.9941041598427776,
        0.9970520799213888,
        0.99737962659679,
        0.996069439895185,
        0.9970520799213888,
        0.9954143465443825,
        0.9963969865705863,
        0.9963969865705864,
        0.9977071732721913,
        0.9977071732721913,
        0.9970520799213888,
        0.99737962659679,
        0.9970520799213888,
        0.9970520799213888,
        0.9967245332459875,
        0.9967245332459875,
        0.9967245332459875,
        0.9967245332459875,
        0.9967245332459875,
        0.9967245332459875,
        0.9967245332459875,
        0.9967245332459875,
        0.9967245332459875,
        0.9967245332459875,
        0.9967245332459875,
        0.9967245332459875,
        0.9967245332459875
    ]
}