{
    "train_loss": [
        0.5768526077270508,
        0.36248056093851727,
        0.2307265132665634,
        0.17970425089200337,
        0.11431454966465632,
        0.08592807004849116,
        0.061973405381043754,
        0.04893963187932968,
        0.06631585073967775,
        0.02877699981133143,
        0.021908423428734145,
        0.01805659042050441,
        0.015515976461271445,
        0.013735972469051679,
        0.012205877838035424,
        0.01095031127333641,
        0.010011142616470655,
        0.009069030173122883,
        0.008238249830901623,
        0.007568022174139818,
        0.006982215649137894,
        0.00640026917681098,
        0.006057728361338377,
        0.005571527406573296,
        0.0052264229084054625,
        0.004884636712570985,
        0.004622731388856967,
        0.004311031863714258,
        0.004083760020633539,
        0.0038919946954896053,
        0.0036487914621829987,
        0.003473219973966479,
        0.003317010961472988,
        0.0031444304467489323,
        0.00303249373100698,
        0.0028828632241735858,
        0.0027341094799339773,
        0.002625455800443888,
        0.002514962557082375,
        0.0024122551704446474,
        0.002324323806290825,
        0.002214994840323925,
        0.002146311725179354,
        0.002049868631487091,
        0.0019663877009103697,
        0.0019184030204390486,
        0.0018356317499031622,
        0.0017660768159354727,
        0.0017053188911328712,
        0.0016615659541760882
    ],
    "val_loss": [
        0.45370618999004364,
        0.3280348628759384,
        0.19110769964754581,
        0.1615370623767376,
        0.14298165775835514,
        0.13657567463815212,
        0.11637031473219395,
        0.21060747653245926,
        0.11437241453677416,
        0.11168432701379061,
        0.11836695251986384,
        0.11535082338377833,
        0.11737510142847896,
        0.11780046252533793,
        0.11724457563832402,
        0.11924531357362866,
        0.12000642390921712,
        0.12028283718973398,
        0.12059696624055505,
        0.12128208973444998,
        0.12256931187584996,
        0.12382962997071445,
        0.12417994858697057,
        0.1243515012320131,
        0.12574904039502144,
        0.12638456816785038,
        0.12596096703782678,
        0.12737330701202154,
        0.1273353835567832,
        0.12884112889878452,
        0.12972021661698818,
        0.12953294138424098,
        0.1309167523868382,
        0.13098170515149832,
        0.13203906477428973,
        0.13274012343026698,
        0.13317149854265153,
        0.13389368308708072,
        0.1342580853961408,
        0.13495881692506373,
        0.1353588008787483,
        0.13572759926319122,
        0.1365426064003259,
        0.1369292438030243,
        0.13737529155332595,
        0.13787211081944406,
        0.13824226520955563,
        0.13872326910495758,
        0.13907860801555216,
        0.13958115375135094
    ],
    "val_mcc": [
        0.8535639569308375,
        0.8713438408287706,
        0.9441549509633318,
        0.9245181185940877,
        0.9058238738943076,
        0.9246031746031746,
        0.9433397594898876,
        0.8714893406611902,
        0.9433397594898876,
        0.9441549509633318,
        0.9054466190452621,
        0.9245181185940877,
        0.9054466190452621,
        0.9054466190452621,
        0.9054466190452621,
        0.9054466190452621,
        0.9054466190452621,
        0.9054466190452621,
        0.9054466190452621,
        0.9054466190452621,
        0.9054466190452621,
        0.9054466190452621,
        0.9054466190452621,
        0.9054466190452621,
        0.9054466190452621,
        0.9054466190452621,
        0.9054466190452621,
        0.9054466190452621,
        0.9054466190452621,
        0.9054466190452621,
        0.9054466190452621,
        0.9054466190452621,
        0.9054466190452621,
        0.9054466190452621,
        0.9054466190452621,
        0.9054466190452621,
        0.9054466190452621,
        0.9054466190452621,
        0.9054466190452621,
        0.9054466190452621,
        0.9054466190452621,
        0.9245181185940877,
        0.9054466190452621,
        0.9245181185940877,
        0.9245181185940877,
        0.9245181185940877,
        0.9245181185940877,
        0.9245181185940877,
        0.9245181185940877,
        0.9245181185940877
    ],
    "val_auroc": [
        0.9761904761904762,
        0.9841269841269842,
        0.9877645502645502,
        0.9761904761904762,
        0.9841269841269841,
        0.9821428571428571,
        0.970568783068783,
        0.9556878306878307,
        0.9732142857142857,
        0.9712301587301587,
        0.9828042328042328,
        0.9831349206349206,
        0.9771825396825397,
        0.9808201058201058,
        0.9808201058201058,
        0.9751984126984127,
        0.9798280423280423,
        0.976521164021164,
        0.9748677248677249,
        0.9755291005291006,
        0.974537037037037,
        0.9738756613756614,
        0.9738756613756614,
        0.9742063492063492,
        0.9708994708994709,
        0.9725529100529101,
        0.9742063492063492,
        0.970899470899471,
        0.9718915343915344,
        0.9712301587301586,
        0.970899470899471,
        0.9718915343915344,
        0.9692460317460317,
        0.9708994708994708,
        0.9695767195767195,
        0.9695767195767195,
        0.9699074074074073,
        0.9692460317460317,
        0.9702380952380952,
        0.9692460317460317,
        0.9702380952380952,
        0.9702380952380952,
        0.9692460317460317,
        0.9702380952380952,
        0.9702380952380952,
        0.9702380952380952,
        0.9702380952380952,
        0.9695767195767195,
        0.9702380952380952,
        0.9702380952380952
    ]
}