{
    "train_loss": [
        0.5727153976758321,
        0.3651734352111816,
        0.21305422186851503,
        0.13451961775620777,
        0.10211888253688813,
        0.09294535095492999,
        0.07343599026401838,
        0.0594987337787946,
        0.07026440016925335,
        0.04765155054628849,
        0.07546184038122496,
        0.04756993701060613,
        0.03883611969649792,
        0.03772138115018606,
        0.03996334591259559,
        0.03347007824728886,
        0.030750174634158613,
        0.023637617441515126,
        0.02020115281144778,
        0.018359737346569698,
        0.015112360753118993,
        0.008179529352734487,
        0.007041734736412763,
        0.00625505285958449,
        0.0056444931464890635,
        0.005169217629979054,
        0.004796996681640546,
        0.0044927391844491165,
        0.004238511652996143,
        0.00392819014377892,
        0.003704519911358754,
        0.0034783209518839914,
        0.003281366297354301,
        0.003120599982018272,
        0.002954720131432017,
        0.0027951066382229327,
        0.00270018942343692,
        0.0025408018690844377,
        0.002450546839584907,
        0.00234091777044038,
        0.002226821146905422,
        0.0021476094455768666,
        0.002053146056520442,
        0.001978758233599365,
        0.0018835150636732577,
        0.0018122442299500108,
        0.0017565210505078237,
        0.001699521423627933,
        0.0016384428677459558,
        0.0015650852272907892
    ],
    "val_loss": [
        0.4485221356153488,
        0.27809493243694305,
        0.21007707342505455,
        0.12350706197321415,
        0.08988071978092194,
        0.08058195654302835,
        0.06107224244624376,
        0.05165440496057272,
        0.11561227403581142,
        0.04069581534713507,
        0.10846395138651133,
        0.08479016833007336,
        0.044894734397530556,
        0.03140795789659023,
        0.05510137672536075,
        0.11031660763546824,
        0.06611558888107538,
        0.07154689054004848,
        0.07315702876076102,
        0.10629836888983846,
        0.06543371407315135,
        0.10944421391468495,
        0.11097976355813444,
        0.1101341845933348,
        0.10595854697749019,
        0.1060907052597031,
        0.10647621611133218,
        0.10807664506137371,
        0.1092849086271599,
        0.10917708021588624,
        0.11021284514572471,
        0.11174431082326919,
        0.11230015713954344,
        0.11420996172819287,
        0.11482250178232789,
        0.11533128755399957,
        0.11645673878956586,
        0.1168478416511789,
        0.11782423697877675,
        0.11852518108207732,
        0.11946027248632163,
        0.11985992666450329,
        0.1204963625932578,
        0.12093575662584044,
        0.12212517790612765,
        0.12234781822189689,
        0.12243154659518041,
        0.12319026145269163,
        0.1243829247832764,
        0.12462781192152761
    ],
    "val_mcc": [
        0.8350577396632095,
        0.9071907117407407,
        0.9071907117407407,
        0.9624387375561093,
        0.9624387375561093,
        0.9624387375561093,
        0.9811382548511067,
        0.9811382548511067,
        0.943889104146584,
        0.9811382548511067,
        0.943889104146584,
        0.9624387375561093,
        0.9811382548511067,
        0.9811382548511067,
        0.9811382548511067,
        0.943889104146584,
        0.9624387375561093,
        0.9624387375561093,
        0.9624387375561093,
        0.943889104146584,
        0.9624387375561093,
        0.9624387375561093,
        0.9624387375561093,
        0.9624387375561093,
        0.9624387375561093,
        0.9624387375561093,
        0.9624387375561093,
        0.9624387375561093,
        0.9624387375561093,
        0.9624387375561093,
        0.9624387375561093,
        0.9624387375561093,
        0.9624387375561093,
        0.9624387375561093,
        0.9624387375561093,
        0.9624387375561093,
        0.9624387375561093,
        0.9624387375561093,
        0.9624387375561093,
        0.9624387375561093,
        0.9624387375561093,
        0.9624387375561093,
        0.9624387375561093,
        0.9624387375561093,
        0.9624387375561093,
        0.9624387375561093,
        0.9624387375561093,
        0.9624387375561093,
        0.9624387375561093,
        0.9624387375561093
    ],
    "val_auroc": [
        0.9979879275653923,
        0.9761904761904762,
        0.9761904761904762,
        0.9959758551307847,
        0.999664654594232,
        0.999664654594232,
        0.999664654594232,
        0.999664654594232,
        0.9976525821596244,
        0.999664654594232,
        1.0,
        0.9986586183769283,
        1.0,
        1.0,
        0.9986586183769282,
        0.9989939637826962,
        0.999664654594232,
        0.9993293091884642,
        0.999664654594232,
        0.9969818913480885,
        0.9989939637826962,
        0.9949698189134809,
        0.9969818913480886,
        0.9966465459423206,
        0.9963112005365526,
        0.9963112005365526,
        0.9956405097250168,
        0.9959758551307847,
        0.9959758551307847,
        0.9956405097250168,
        0.9963112005365526,
        0.9956405097250168,
        0.994299128101945,
        0.9956405097250168,
        0.9949698189134809,
        0.994299128101945,
        0.994299128101945,
        0.994299128101945,
        0.994634473507713,
        0.994634473507713,
        0.993963782696177,
        0.993963782696177,
        0.993963782696177,
        0.993963782696177,
        0.993963782696177,
        0.993963782696177,
        0.9936284372904092,
        0.9936284372904092,
        0.993963782696177,
        0.993963782696177
    ]
}