{
    "train_loss": [
        0.5628340244293213,
        0.3587718685468038,
        0.21961832145849863,
        0.1424050678809484,
        0.12292146732409795,
        0.10376290008425712,
        0.0749748152991136,
        0.07113718117276828,
        0.059540135661760966,
        0.042596826578179994,
        0.03431807532906532,
        0.02769284931321939,
        0.02528073967744907,
        0.02329009541620811,
        0.02180922074864308,
        0.020432554682095847,
        0.019353977466622988,
        0.018292649649083614,
        0.017302881243328253,
        0.016352121035257974,
        0.015325988798091808,
        0.014584038561830917,
        0.01249819357569019,
        0.010269962033877771,
        0.009013229701668023,
        0.00813513733446598,
        0.00786223281174898,
        0.0065004167767862475,
        0.007895587074259917,
        0.008759885809073846,
        0.00883167035256823,
        0.05884690505142013,
        0.042151837858060995,
        0.046152604681750135,
        0.04129870090012749,
        0.018606798257678747,
        0.020463245455175638,
        0.01197360058625539,
        0.007150754906858007,
        0.004096726716185609,
        0.003470958738277356,
        0.0029737332680573065,
        0.0025995134996871154,
        0.002344533094825844,
        0.0022063383056471746,
        0.0020790143559376397,
        0.0019852423031503958,
        0.001913966859380404,
        0.0018217250471934676,
        0.0017463725913936894
    ],
    "val_loss": [
        0.43265915662050247,
        0.32583337277173996,
        0.16283957660198212,
        0.11769137345254421,
        0.10121519677340984,
        0.06546197179704905,
        0.08849372249096632,
        0.11154111940413713,
        0.06482528243213892,
        0.037499092519283295,
        0.04822495253756642,
        0.060650963336229324,
        0.05315301800146699,
        0.05168284522369504,
        0.05202746111899614,
        0.05049673654139042,
        0.048311964608728886,
        0.047273344825953245,
        0.046233278000727296,
        0.045792450895532966,
        0.04597476148046553,
        0.046152126509696245,
        0.045802197069860995,
        0.03805308078881353,
        0.05124717066064477,
        0.032611341681331396,
        0.031582260271534324,
        0.043696128530427814,
        0.035254972288385034,
        0.06744566699489951,
        0.03207993134856224,
        0.05249137757346034,
        0.059883666690438986,
        0.06981953326612711,
        0.058680344140157104,
        0.07185664342250675,
        0.07540804031305015,
        0.08495832188054919,
        0.06670515955192968,
        0.05710439244285226,
        0.06635235104477033,
        0.0716821210226044,
        0.06648191780550405,
        0.06764543254394084,
        0.06978659593733028,
        0.07042134858784266,
        0.06976547490921803,
        0.07149749164818786,
        0.07193361246027052,
        0.07279338469379582
    ],
    "val_mcc": [
        0.9447329926514414,
        0.8497657570296367,
        0.962998132394131,
        0.9438975339262832,
        0.9461948805559043,
        0.9814164735593364,
        0.9461948805559043,
        0.9461948805559043,
        0.9636589114684625,
        0.9814164735593364,
        0.9444083040750081,
        0.9444083040750081,
        0.9444083040750081,
        0.9444083040750081,
        0.9444083040750081,
        0.9636589114684625,
        0.9636589114684625,
        0.9636589114684625,
        0.9636589114684625,
        0.9636589114684625,
        0.9636589114684625,
        0.9636589114684625,
        0.9636589114684625,
        0.9815845978127674,
        0.9636589114684625,
        0.9815845978127674,
        0.9815845978127674,
        0.9636589114684625,
        0.9815845978127674,
        0.9636589114684625,
        0.9815845978127674,
        0.9636589114684625,
        0.9626596790042581,
        0.9626596790042581,
        0.9438975339262832,
        0.9626596790042581,
        0.9626596790042581,
        0.9444083040750081,
        0.9444083040750081,
        0.9626596790042581,
        0.9626596790042581,
        0.9626596790042581,
        0.9626596790042581,
        0.9626596790042581,
        0.9626596790042581,
        0.9626596790042581,
        0.9626596790042581,
        0.9626596790042581,
        0.9626596790042581,
        0.9626596790042581
    ],
    "val_auroc": [
        0.9980347199475925,
        0.9957418932197838,
        0.9941041598427776,
        0.9993449066491975,
        1.0,
        1.0,
        0.9993449066491975,
        0.9993449066491975,
        1.0,
        0.9996724533245988,
        0.9993449066491975,
        0.9993449066491975,
        0.9993449066491975,
        0.9993449066491975,
        0.9993449066491975,
        0.9993449066491975,
        0.9993449066491975,
        0.9993449066491975,
        0.9993449066491975,
        0.9993449066491975,
        0.9993449066491975,
        0.9996724533245988,
        0.9996724533245988,
        0.9996724533245988,
        0.9996724533245988,
        0.9996724533245988,
        0.9996724533245988,
        0.9996724533245988,
        0.9996724533245988,
        0.9993449066491975,
        0.9996724533245988,
        0.9996724533245988,
        0.9773992793973141,
        0.9957418932197838,
        0.9980347199475925,
        0.9970520799213889,
        0.9977071732721913,
        0.9980347199475925,
        0.998689813298395,
        0.998689813298395,
        0.9990173599737964,
        0.9990173599737964,
        0.9993449066491975,
        0.9993449066491975,
        0.9993449066491975,
        0.9993449066491975,
        0.9993449066491975,
        0.9993449066491975,
        0.9993449066491975,
        0.9993449066491975
    ]
}