{
    "train_loss": [
        0.5579803248246511,
        0.3463659048080444,
        0.24518084327379863,
        0.1821687882145246,
        0.12510925481716792,
        0.08983326355616252,
        0.06335737506548564,
        0.058918706327676776,
        0.0660945317397515,
        0.06882944193979104,
        0.040365853781501454,
        0.04476763817171256,
        0.030952454234162968,
        0.032578179923196636,
        0.02468275564412276,
        0.02218309628466765,
        0.020968231558799743,
        0.019964901419977348,
        0.019184822464982668,
        0.01838066757967075,
        0.017649973556399346,
        0.0170846588909626,
        0.016723305297394592,
        0.016002831204483908,
        0.015667853225022555,
        0.014934591172883907,
        0.04534920820345481,
        0.016669706131021183,
        0.011875874021401008,
        0.010794292545566957,
        0.008675504568964243,
        0.007414053659886122,
        0.006804599985480308,
        0.013300229453792174,
        0.0067373895707229774,
        0.005680886997530858,
        0.004780047076443831,
        0.0044083417703708015,
        0.004233308167507251,
        0.003985279860595862,
        0.003585543918112914,
        0.0033804170787334444,
        0.0032278980283687512,
        0.003085216771190365,
        0.0029519478635241588,
        0.0028259741763273873,
        0.002718466054648161,
        0.0026130723611762128,
        0.0025297363909582296,
        0.0024459833900133767
    ],
    "val_loss": [
        0.4538979008793831,
        0.2669490575790405,
        0.24348566681146622,
        0.1993044726550579,
        0.13284404017031193,
        0.14962678961455822,
        0.13853714056313038,
        0.1311438363045454,
        0.17615771293640137,
        0.12861502915620804,
        0.08029301464557648,
        0.12216870486736298,
        0.21375486999750137,
        0.1146185826510191,
        0.18846901133656502,
        0.138675507158041,
        0.1736997328698635,
        0.16634901612997055,
        0.16726021468639374,
        0.17192437127232552,
        0.1837076172232628,
        0.17644548043608665,
        0.17611775174736977,
        0.17678910121321678,
        0.18004804849624634,
        0.17910824343562126,
        0.17834634333848953,
        0.1882266141474247,
        0.16937829554080963,
        0.19090521335601807,
        0.18594228848814964,
        0.18488040566444397,
        0.17842715978622437,
        0.18125025182962418,
        0.18203870579600334,
        0.16510938853025436,
        0.1697097960859537,
        0.15617655590176582,
        0.17776506952941418,
        0.1669097449630499,
        0.16790703870356083,
        0.16469139233231544,
        0.16697435453534126,
        0.166734516620636,
        0.1700174231082201,
        0.1706783901900053,
        0.1708713211119175,
        0.17119522392749786,
        0.1726877074688673,
        0.1724934447556734
    ],
    "val_mcc": [
        0.879664438186246,
        0.9457507306074072,
        0.8955910525085281,
        0.9118992727752026,
        0.9286112429750731,
        0.9118992727752026,
        0.9286112429750731,
        0.9457507306074072,
        0.879664438186246,
        0.9118992727752026,
        0.9438975339262832,
        0.9085472857180888,
        0.8955910525085281,
        0.9118992727752026,
        0.8955910525085281,
        0.9118992727752026,
        0.8955910525085281,
        0.9118992727752026,
        0.9118992727752026,
        0.8955910525085281,
        0.8955910525085281,
        0.8955910525085281,
        0.8955910525085281,
        0.8955910525085281,
        0.8955910525085281,
        0.8955910525085281,
        0.8955910525085281,
        0.8955910525085281,
        0.8955910525085281,
        0.8955910525085281,
        0.8955910525085281,
        0.8955910525085281,
        0.8955910525085281,
        0.8955910525085281,
        0.8955910525085281,
        0.8955910525085281,
        0.8955910525085281,
        0.9286112429750731,
        0.8955910525085281,
        0.9118992727752026,
        0.9118992727752026,
        0.9118992727752026,
        0.9118992727752026,
        0.9118992727752026,
        0.9118992727752026,
        0.9118992727752026,
        0.9118992727752026,
        0.9118992727752026,
        0.9118992727752026,
        0.9118992727752026
    ],
    "val_auroc": [
        0.9712301587301587,
        0.9970238095238095,
        0.9920634920634921,
        0.9556878306878307,
        1.0,
        0.9966931216931216,
        0.9953703703703703,
        0.998015873015873,
        0.9887566137566137,
        0.9851190476190476,
        0.9973544973544973,
        0.9950396825396826,
        0.9950396825396826,
        0.9851190476190476,
        0.9877645502645502,
        0.9897486772486772,
        0.9900793650793651,
        0.9920634920634921,
        0.9933862433862434,
        0.9943783068783069,
        0.9953703703703703,
        0.9947089947089948,
        0.9957010582010583,
        0.9947089947089948,
        0.996362433862434,
        0.9950396825396826,
        0.9957010582010583,
        0.9973544973544974,
        0.9907407407407408,
        0.9953703703703705,
        0.9953703703703705,
        0.996031746031746,
        0.9947089947089948,
        0.9953703703703705,
        0.9970238095238095,
        0.9940476190476191,
        0.9953703703703705,
        0.9937169312169313,
        0.9976851851851852,
        0.9957010582010583,
        0.9957010582010583,
        0.9950396825396826,
        0.9976851851851852,
        0.9971891534391535,
        0.9976851851851852,
        0.9976851851851852,
        0.9976851851851852,
        0.9976851851851852,
        0.9976851851851852,
        0.9976851851851852
    ]
}