{
    "train_loss": [
        0.32425618958142066,
        0.12543781341432972,
        0.08661737023956245,
        0.06829306428079251,
        0.05204392500497677,
        0.0434466605419638,
        0.04019959088570128,
        0.02671105017523385,
        0.02916689164703712,
        0.02531450479000341,
        0.016612909604898758,
        0.02023332947067468,
        0.026631486080414442,
        0.0186740550723496,
        0.016746642867844826,
        0.012881135957151721,
        0.008220935821925566,
        0.010121448456495138,
        0.008372673560020135,
        0.007915984990109724,
        0.004998976972947949,
        0.00549901293804093,
        0.00893724627099733,
        0.0074544011780138435,
        0.02482226262347669,
        0.04790288195902206,
        0.01318158612021189,
        0.016179361773538403,
        0.01245002763311344,
        0.021248434679970767,
        0.02669400469447417,
        0.010190872712108237,
        0.004737187003936722,
        0.0038760480362085487,
        0.005523988944130704,
        0.00519385593940603,
        0.009187292992902696,
        0.0064209298026846095,
        0.006416969297721085,
        0.004915473859539445,
        0.0032115960720552218,
        0.003923285308701452,
        0.00413610242375634,
        0.004355352218260156,
        0.006747214029962412,
        0.0052216458314231,
        0.003265418178165823,
        0.004883773454114109,
        0.008681876884616536,
        0.010696335892539032
    ],
    "val_loss": [
        0.14186444309806184,
        0.08661573872502361,
        0.08959006928905312,
        0.06731018513008687,
        0.06189069472020492,
        0.09295636833745188,
        0.09644763405542887,
        0.0677610660807529,
        0.04762428524346823,
        0.07104983877590192,
        0.07130029972592768,
        0.07136542992832672,
        0.07520291644323152,
        0.06586252721276001,
        0.04961011149654431,
        0.0740491401395827,
        0.05874701579679303,
        0.07595172188926622,
        0.07819834687480968,
        0.06486913435427206,
        0.058084662244904654,
        0.0784125961402294,
        0.07346295798327317,
        0.06562430673927468,
        0.09232218902083592,
        0.0485583480403875,
        0.058393209345272874,
        0.0549037153881987,
        0.0711100072465862,
        0.05372946606387684,
        0.12239689238257208,
        0.08294365451937276,
        0.08000761771147934,
        0.06714481311493208,
        0.08389144469193914,
        0.06901229371591658,
        0.07372431428023317,
        0.08268670035418577,
        0.08244834642781436,
        0.07917824454333251,
        0.06855206188746317,
        0.0728001430207509,
        0.0700022599307236,
        0.08049407376542408,
        0.08149901529343749,
        0.06324114987806492,
        0.1058148021161287,
        0.08967361280857793,
        0.08117532696347293,
        0.05821991359607637
    ],
    "val_mcc": [
        0.8142656141822515,
        0.910786414137696,
        0.9125199158869565,
        0.9298861879402808,
        0.9360444151671204,
        0.8980074965044648,
        0.8900508423856909,
        0.9225051555341773,
        0.9352338546032666,
        0.936332497092986,
        0.9227713888798806,
        0.9300635170265665,
        0.9350216088639978,
        0.9428107328706332,
        0.955249140452974,
        0.9355061254616999,
        0.9353191538625153,
        0.9365379011308785,
        0.9292621921945169,
        0.955249140452974,
        0.9422380004133831,
        0.9485705205253964,
        0.9422119891182867,
        0.9416136040372739,
        0.9283728821210009,
        0.9426117175883454,
        0.9489190266772967,
        0.9421709709526289,
        0.9284172265287981,
        0.948406234747157,
        0.9090668169756875,
        0.9416688138244602,
        0.935177307036789,
        0.9416688138244602,
        0.9350337658307976,
        0.9416688138244602,
        0.9416812419694863,
        0.9350337658307976,
        0.948406234747157,
        0.9486797465756237,
        0.9614873771975372,
        0.9547146874907866,
        0.9612732464605994,
        0.9614873771975372,
        0.9549521998902197,
        0.9678231884965902,
        0.9283565609621773,
        0.954813873726734,
        0.954813873726734,
        0.9614873771975372
    ],
    "val_auroc": [
        0.989865023256706,
        0.9956239177715528,
        0.9971583598914235,
        0.9980578136074297,
        0.9986684447095334,
        0.9967307995353557,
        0.9976182399280232,
        0.9982393431975988,
        0.9990946766505453,
        0.9971923499790073,
        0.9987190177214743,
        0.9987353725956307,
        0.9971555364933522,
        0.998817404806267,
        0.9988919319789521,
        0.9977412684675137,
        0.9990680677292332,
        0.9989086321550659,
        0.9983167728742117,
        0.9987114151249251,
        0.9991161032323627,
        0.9985414033713752,
        0.9985988949958733,
        0.9986832004221536,
        0.9983350821417466,
        0.9990886930753016,
        0.99831551239471,
        0.998837821961904,
        0.9988292646348822,
        0.9992589558821727,
        0.9976521160738118,
        0.9979760324501147,
        0.9980497550770893,
        0.9987175391216564,
        0.9987080863102494,
        0.9989245410253155,
        0.9989481598139868,
        0.9988460919926377,
        0.9983848406780923,
        0.9982996002144987,
        0.9987543987801629,
        0.9988040400647518,
        0.9988949320414777,
        0.9985897742465778,
        0.9986039501537266,
        0.9988109553673473,
        0.9985549895431681,
        0.9986133996551718,
        0.9987372294304114,
        0.9986150054366313
    ]
}