{
    "train_loss": [
        0.3371559745735592,
        0.12699277229883052,
        0.08023331664433633,
        0.07093563320598116,
        0.05779996876932542,
        0.04461810174743058,
        0.03989553191112699,
        0.027430135170342745,
        0.030318857196511492,
        0.025143826234313934,
        0.019981728657579946,
        0.013252819248009473,
        0.018428659006194385,
        0.019459741273614647,
        0.013876205079685422,
        0.012886955089116883,
        0.011234427779628377,
        0.016045156746123987,
        0.014885725097782496,
        0.012564815187404208,
        0.01016804850412343,
        0.008562753695716512,
        0.006685115730053642,
        0.006561571221094777,
        0.006188479021889011,
        0.0039121088907618454,
        0.004198021066528141,
        0.014531705385875452,
        0.01724076249660424,
        0.009490005741503814,
        0.010930306030112897,
        0.03422858470649873,
        0.011571366825524752,
        0.01112283924454392,
        0.006345850933737691,
        0.009542087506377828,
        0.008842833078907224,
        0.004938536432005263,
        0.005404066645159792,
        0.004819390560644226,
        0.0043222463409620104,
        0.004042639921627361,
        0.0048350903277794175,
        0.0035860575957216228,
        0.0057023203332425545,
        0.006981900397173983,
        0.005837290728609164,
        0.0034362447579581014,
        0.003822241179646139,
        0.00488376536897569
    ],
    "val_loss": [
        0.1442089400121144,
        0.09291532650656466,
        0.07101881387643516,
        0.06459660673031717,
        0.07302686918826241,
        0.07536011791255857,
        0.07187391708638254,
        0.08559608956940272,
        0.08998187262997297,
        0.08862338055457387,
        0.11044418139499612,
        0.08607747127098264,
        0.09139835379859765,
        0.09165591452723934,
        0.10843669996549059,
        0.08788761235025179,
        0.09541652553499651,
        0.09702578588309864,
        0.0971582359943568,
        0.09954536945588188,
        0.1026280975409983,
        0.09795810545256245,
        0.09418792986239818,
        0.09947850747344741,
        0.10312371525118838,
        0.10546775186919279,
        0.1114986628551508,
        0.10488892941287174,
        0.0880118784469752,
        0.0948126692904095,
        0.09802270988257078,
        0.08092498715918087,
        0.11412765333833315,
        0.09911286555286226,
        0.0949373214851091,
        0.11650069930809488,
        0.10551105269093698,
        0.09723124326241564,
        0.10901278073781993,
        0.10166621685246875,
        0.1051932164005588,
        0.1074308943352662,
        0.10737612825856299,
        0.11010013810011644,
        0.1103714085858363,
        0.10648290765532563,
        0.1169777785662518,
        0.11671015323122447,
        0.11996832727553348,
        0.12068147034382751
    ],
    "val_mcc": [
        0.8667767795904308,
        0.9160826515122009,
        0.936393991397048,
        0.9489940267854878,
        0.9234781637034848,
        0.9373683623946019,
        0.9432840794678768,
        0.9495809403092013,
        0.9311277690307697,
        0.9107556233569014,
        0.9246999053841773,
        0.9299392693118453,
        0.9432494040631183,
        0.936261101738997,
        0.9102473682234254,
        0.943631046741099,
        0.9426561528320156,
        0.9356901152072211,
        0.943631046741099,
        0.9495809403092013,
        0.943631046741099,
        0.9432494040631183,
        0.9556202389962412,
        0.9492740025862861,
        0.9492740025862861,
        0.9556202389962412,
        0.9556202389962412,
        0.937009801191593,
        0.9499163107367199,
        0.9556202389962412,
        0.943119105417619,
        0.942913914545746,
        0.9373683623946019,
        0.9490027121751123,
        0.9489940267854878,
        0.9319467920991482,
        0.9492740025862861,
        0.9423581180867416,
        0.9556202389962412,
        0.9556202389962412,
        0.9556202389962412,
        0.9556202389962412,
        0.9556202389962412,
        0.9556202389962412,
        0.9490027121751123,
        0.9556202389962412,
        0.9492884505527156,
        0.9556202389962412,
        0.9556202389962412,
        0.9490027121751123
    ],
    "val_auroc": [
        0.9904680106356937,
        0.9952736651233515,
        0.9974004041717368,
        0.9975821881251887,
        0.9971141586195738,
        0.9971848844939841,
        0.9972705842013307,
        0.9964785855266381,
        0.9970022860649372,
        0.9957613006189697,
        0.9953880453971454,
        0.9961006533819234,
        0.996608663170289,
        0.9957342092841738,
        0.996547262925644,
        0.9972528251162234,
        0.9963788437137073,
        0.9962983296558172,
        0.9954381393055641,
        0.9965831842368754,
        0.9968243943484346,
        0.996662102443191,
        0.9971546824648287,
        0.9971576792173931,
        0.9968605799528336,
        0.9969999766063267,
        0.9964629376395945,
        0.996103982196599,
        0.99663236296775,
        0.9970029700489293,
        0.9968205963601217,
        0.9962480853960263,
        0.9953204169772484,
        0.9966660143732993,
        0.9970697707533852,
        0.9960675652320377,
        0.9965305428897607,
        0.9969673642500014,
        0.9965258131740958,
        0.9967409974797755,
        0.9969086088360402,
        0.9969952402707385,
        0.9968362771801704,
        0.9969879862861085,
        0.9961215876203725,
        0.9967756682413897,
        0.9966089886124773,
        0.9961901312178139,
        0.9960006340359789,
        0.9960392233476246
    ]
}