{
    "train_loss": [
        0.3342892357872592,
        0.13351176023759223,
        0.08919854744130538,
        0.061798366157476,
        0.05035678743108831,
        0.05083699561914222,
        0.048839586347134575,
        0.03532100524063463,
        0.03386622838162886,
        0.03196377454097038,
        0.02521136842767225,
        0.019053163262638177,
        0.02632208611423805,
        0.021310403863295774,
        0.016534861332965427,
        0.016751652589846344,
        0.019867278934624564,
        0.021687278585482597,
        0.01822851125918398,
        0.017108168195759558,
        0.010032637069310079,
        0.013283382195502916,
        0.01051139412555602,
        0.012436652769489834,
        0.01763690244701542,
        0.013307544577670612,
        0.008214516730664333,
        0.008172386241009614,
        0.017449065306950447,
        0.015234866630635224,
        0.010530939426610497,
        0.010276168317819544,
        0.005083625698952582,
        0.0052389375690566975,
        0.0077669456557621875,
        0.003156595673351182,
        0.006532771203570452,
        0.007256855172238796,
        0.005848247953475005,
        0.006911782887106744,
        0.0060731618717976815,
        0.009521033220759515,
        0.016618569980184676,
        0.009257876344505618,
        0.00633901095002161,
        0.004253608911110657,
        0.005215334049454314,
        0.005457097438988125,
        0.0038659680907315946,
        0.006407533908949753
    ],
    "val_loss": [
        0.16836956861828054,
        0.09023926039558969,
        0.08342108595284767,
        0.0913285410372607,
        0.06270720852314428,
        0.05530724134171448,
        0.07253067714503102,
        0.06893444713828753,
        0.05564526532231996,
        0.052989762630854136,
        0.07189949714769941,
        0.05571265910163804,
        0.058947348054581586,
        0.05049242570696931,
        0.06728182446594085,
        0.06435985702669964,
        0.06930868393179221,
        0.0825003784936728,
        0.08447168018340433,
        0.07343586605254261,
        0.08297332721115579,
        0.06527849677877384,
        0.0648065818926885,
        0.07161068294980007,
        0.06309498510323205,
        0.06892407302750923,
        0.06767074656688367,
        0.07142871215156836,
        0.06417496326542148,
        0.08497625004214829,
        0.06732595861382963,
        0.07272143620431441,
        0.0734425980355614,
        0.06961470389848858,
        0.07567806581560685,
        0.06326689205317441,
        0.07974476238525442,
        0.06897776803222248,
        0.07074515813337712,
        0.07973372147068858,
        0.06545594201127512,
        0.062518576331578,
        0.08210987148517493,
        0.07570304841325586,
        0.06273223594143928,
        0.06380520734959257,
        0.06538698123901147,
        0.07468381765503247,
        0.07536566598636389,
        0.11393283414516223
    ],
    "val_mcc": [
        0.8440853083217932,
        0.9232852600546939,
        0.9249603797620126,
        0.9188605208610949,
        0.943396125138192,
        0.9489714142702098,
        0.9441734124286627,
        0.955846338048912,
        0.9682743006940928,
        0.9552410900305868,
        0.949484051176358,
        0.9616656669859551,
        0.9680897842109364,
        0.9744829067177765,
        0.9682779174997788,
        0.9554521365977126,
        0.9616272140684341,
        0.9432151831644985,
        0.9310496183407648,
        0.9428052090773305,
        0.9617335470192494,
        0.9490582409335285,
        0.9681583254290215,
        0.9552837892191205,
        0.9617335470192494,
        0.9621190791553008,
        0.9621190791553008,
        0.9500343957453454,
        0.9616656669859551,
        0.9425163017266724,
        0.9744829067177765,
        0.9616656669859551,
        0.9617335470192494,
        0.9746194405552742,
        0.9487603716999756,
        0.9745036404753553,
        0.9552172521715827,
        0.9616172688088963,
        0.9616172688088963,
        0.9616172688088963,
        0.9744829067177765,
        0.9552172521715827,
        0.9375008183788172,
        0.9552410900305868,
        0.9744829067177765,
        0.9680538521807469,
        0.9680538521807469,
        0.9552172521715827,
        0.9680538521807469,
        0.9358502974519433
    ],
    "val_auroc": [
        0.9838479907701313,
        0.9945386218966185,
        0.9946447173510132,
        0.9954180774004816,
        0.9958742508213554,
        0.9974487642903741,
        0.9953967693332416,
        0.9958326510781532,
        0.9955550851992557,
        0.9964037520518159,
        0.994758906106212,
        0.9956392709211833,
        0.9941032583182802,
        0.9960778570696841,
        0.9943446366418972,
        0.9966262125434436,
        0.9957388475880192,
        0.9945396515200596,
        0.9958234278352244,
        0.9949148016847827,
        0.9958530664989724,
        0.9957179976347476,
        0.9950122789939998,
        0.9955221503698923,
        0.9961647639634496,
        0.9939202513917941,
        0.9948303752346273,
        0.9946855047529528,
        0.9960242059868879,
        0.9966934629111909,
        0.9945050853502467,
        0.9958484866977436,
        0.9950392951301744,
        0.994344910803061,
        0.9959539770543872,
        0.9952463011399839,
        0.9964335662324632,
        0.9961831970100209,
        0.9963804950950449,
        0.9966152510352377,
        0.9954930398794802,
        0.9967521050369621,
        0.9964278281113356,
        0.9975259030514069,
        0.9978973024208506,
        0.9974577033653768,
        0.9973483551850647,
        0.997639379784027,
        0.9969393475441454,
        0.9961337179192312
    ]
}