{
    "train_loss": [
        0.2745413277298212,
        0.12840639037528523,
        0.07460859212679444,
        0.052553728188353556,
        0.041962880830935856,
        0.03308472878955029,
        0.029291233056466335,
        0.02323821925178722,
        0.015267847241139625,
        0.014830407157272997,
        0.010076196663754268,
        0.015951496301568113,
        0.027212683284974278,
        0.016459131646991376,
        0.015324013389612513,
        0.00998803719832924,
        0.008251705002664865,
        0.018286405469687586,
        0.0060235250216296495,
        0.019171107156445807,
        0.021916645164175727,
        0.01875647403896976,
        0.013791707728227333,
        0.012051684721545488,
        0.007072789057188116,
        0.004130242873711891,
        0.004834376769361336,
        0.00115790638725836,
        0.00297853799747827,
        0.003220545245009513,
        0.0034009059700784512,
        0.0018650071524461964,
        0.00188107440591786,
        0.002050873587668994,
        0.001161376263822873,
        0.002219079909326427,
        0.0037273582305109207,
        0.0017585322432380592,
        0.0033717624559425597,
        0.001831928766073866,
        0.0014682640752046912,
        0.002319709513998263,
        0.002350780651340756,
        0.0010251226185573614,
        0.0004657577071695953,
        0.0007221433343821209,
        0.0007320221777465324,
        0.0030560469645192993,
        0.0016454859802016236,
        0.0011022173003867567
    ],
    "val_loss": [
        0.17575233509497984,
        0.14588128472678363,
        0.13583699560591153,
        0.13224671286297962,
        0.16849414562083048,
        0.1359678174319145,
        0.14555759541482466,
        0.13274426413201063,
        0.1544024759017962,
        0.15021911768521282,
        0.1430495597835813,
        0.18918982116779912,
        0.14222511046630512,
        0.19628318562458194,
        0.1994567672029786,
        0.17092143350704905,
        0.2110138556030766,
        0.17372565441239982,
        0.19436341768674278,
        0.24321795881457678,
        0.19633890590752603,
        0.19147008637602475,
        0.1835635045759513,
        0.17608775803091703,
        0.183928344535421,
        0.19222432556307467,
        0.20450604617846174,
        0.22330972072956815,
        0.20791546081558668,
        0.21282393878573203,
        0.2034792392935612,
        0.21401538720939633,
        0.2168464913902426,
        0.23032269831842964,
        0.2197510385665607,
        0.24902375689602455,
        0.24130649085152203,
        0.23235267947503807,
        0.2509121686403627,
        0.2329436004437022,
        0.23133857967877702,
        0.2401687916390074,
        0.22962461321035985,
        0.22781227847852797,
        0.23508710728629012,
        0.23644285939060086,
        0.2555107991486563,
        0.24410112174869678,
        0.25193674019315687,
        0.24794207537524926
    ],
    "val_mcc": [
        0.8395689459797948,
        0.878276745819975,
        0.9362720897040102,
        0.9159012475925973,
        0.9161252774077753,
        0.9025470013061173,
        0.9230979904495401,
        0.9096323952180726,
        0.9158464214095017,
        0.9289520198391132,
        0.9355770616615029,
        0.928735218850504,
        0.9290551552595843,
        0.9221479289048422,
        0.9352883436503429,
        0.9353398066412953,
        0.9221479289048422,
        0.9355770616615029,
        0.9221479289048422,
        0.8847972843267883,
        0.9152079258583651,
        0.9156069611189381,
        0.9155347951924446,
        0.9289520198391132,
        0.9223870437874563,
        0.9355770616615029,
        0.9419196048165853,
        0.9287494216589048,
        0.9289520198391132,
        0.9289520198391132,
        0.9287494216589048,
        0.9289520198391132,
        0.9287494216589048,
        0.9287494216589048,
        0.9289520198391132,
        0.9287494216589048,
        0.9287494216589048,
        0.9289520198391132,
        0.9155347951924446,
        0.9287494216589048,
        0.9289520198391132,
        0.9287494216589048,
        0.9287494216589048,
        0.9289520198391132,
        0.9289520198391132,
        0.9289520198391132,
        0.9287494216589048,
        0.9289520198391132,
        0.9287494216589048,
        0.9289520198391132
    ],
    "val_auroc": [
        0.9868798332744814,
        0.9905233562261895,
        0.9899991138617094,
        0.9918725716361375,
        0.9916872921334403,
        0.9908173498426742,
        0.9915230325949719,
        0.9917714528768046,
        0.990110246329618,
        0.9906491355112076,
        0.9912610635023901,
        0.9888434771526744,
        0.9938013800473463,
        0.9897823884001627,
        0.9906374906595573,
        0.9908112159160583,
        0.9904387784797907,
        0.9916438525444112,
        0.9924774174235442,
        0.9907464870233481,
        0.9907029835935829,
        0.9894659406522343,
        0.9904031824441373,
        0.9902963948370078,
        0.9916303199502492,
        0.9896267002134187,
        0.9885600341873468,
        0.9891522015757251,
        0.9889009017930851,
        0.9867622731264305,
        0.9869115719051987,
        0.9873095190160003,
        0.9895286113062655,
        0.9890556109615488,
        0.9881798866660474,
        0.9896879263187142,
        0.9878760530247751,
        0.9881425040896622,
        0.9884492709759831,
        0.9879478212583711,
        0.9883605141519082,
        0.9880814491469749,
        0.9883791182871208,
        0.9886508120556673,
        0.9881145710147224,
        0.9884050969686822,
        0.9877427102405747,
        0.9876015970071782,
        0.9875427911589373,
        0.9871099989805617
    ]
}