{
    "train_loss": [
        0.34590406619288305,
        0.13284451003979753,
        0.08863070503705078,
        0.06548961077782291,
        0.05188296091984267,
        0.03895629293509518,
        0.03322113525657052,
        0.029645152596963778,
        0.03135120870838701,
        0.03626406696060224,
        0.022625777407989114,
        0.028484238270687422,
        0.01801180410310971,
        0.020464703091420233,
        0.03777316053553174,
        0.021340833649177243,
        0.023744877841737535,
        0.01768689044790032,
        0.010468923214055528,
        0.006764593650586903,
        0.00818548398227129,
        0.0061005950002355445,
        0.007233888159842334,
        0.005496795221848448,
        0.010886300690496379,
        0.010033282518162634,
        0.010813269005599,
        0.0055057128303343675,
        0.0048403306063846685,
        0.007966628475885416,
        0.005716996511317255,
        0.00529537456340121,
        0.0032239645971222437,
        0.0053399049529616605,
        0.004263966782201789,
        0.005902991800448271,
        0.0031131904715611773,
        0.004560155683874554,
        0.007195105945558882,
        0.004676121784903579,
        0.0051130877149666455,
        0.008177382188747558,
        0.021721221860692214,
        0.01302060279111309,
        0.014662669411336537,
        0.015465829592021354,
        0.01884637369167413,
        0.008616959648187967,
        0.026998240941827168,
        0.06252135472971497
    ],
    "val_loss": [
        0.18368660099804401,
        0.13232505531050265,
        0.09756666049361229,
        0.08540955431193911,
        0.0880492796298183,
        0.0807420797521315,
        0.10731300448034224,
        0.08470383233257703,
        0.12687819212442264,
        0.07502902962992916,
        0.12879807985882508,
        0.0890964402102067,
        0.08594744649391421,
        0.14603316902191313,
        0.0998443642791764,
        0.11547143593946073,
        0.14882389519334538,
        0.09492236769853792,
        0.09841641533629238,
        0.10914215065089852,
        0.1179106037119969,
        0.10101268817275663,
        0.11223733081299413,
        0.11911012422881738,
        0.13728461068941605,
        0.11015096025650044,
        0.11512748208250352,
        0.11027292621162944,
        0.1200477999371807,
        0.12487455396850626,
        0.11291447057426142,
        0.12746506921290088,
        0.13396925598928128,
        0.14843253675306706,
        0.12750803632401844,
        0.12951008013416349,
        0.11450309579816219,
        0.13097907080301802,
        0.1293907842403184,
        0.11749459354996361,
        0.12122344788518344,
        0.10578645498435435,
        0.09400493677614057,
        0.08736312378979554,
        0.11188959229743237,
        0.16017948373753046,
        0.11442345118640722,
        0.11524849607875305,
        0.0923544103659099,
        0.11285170263311427
    ],
    "val_mcc": [
        0.8885142035071403,
        0.8899399070857756,
        0.9019153733237553,
        0.9225636826132987,
        0.9285654541224903,
        0.948191723536967,
        0.9217477742169099,
        0.9292808354695664,
        0.905338003298023,
        0.9417027637911725,
        0.9308780070196194,
        0.9358412991429773,
        0.9357624139604004,
        0.9175199608475357,
        0.9287181362775925,
        0.9236492451489297,
        0.8929080845948951,
        0.9419196048165853,
        0.9354358123278493,
        0.9235649940435916,
        0.9290599198446747,
        0.9355770616615029,
        0.9235649940435916,
        0.9229871671497071,
        0.9173904113120894,
        0.9291209297655794,
        0.9291209297655794,
        0.9353586361771743,
        0.9289520198391132,
        0.9423932112356775,
        0.9353586361771743,
        0.9353586361771743,
        0.928735006125283,
        0.9224682273503773,
        0.9295883416039764,
        0.9357624139604004,
        0.9417628921753943,
        0.9287494216589048,
        0.9419715732901481,
        0.9417414568085118,
        0.9419715732901481,
        0.9416316189675041,
        0.922760943992538,
        0.9292808354695664,
        0.9351694773805285,
        0.9230379654404941,
        0.9419196048165853,
        0.9351872938944555,
        0.9549454573492735,
        0.9175199608475357
    ],
    "val_auroc": [
        0.9865433434625274,
        0.9928481994328547,
        0.9944203552397554,
        0.9971162269547476,
        0.996360929230943,
        0.9950589334415015,
        0.9967466754726003,
        0.9974427881617342,
        0.9950604219712041,
        0.997460550556803,
        0.9980079542025247,
        0.9956010209461638,
        0.9966600241781324,
        0.996914866634336,
        0.996390817484118,
        0.9972678022591211,
        0.9969567980005035,
        0.9975229602276282,
        0.9972934794530813,
        0.9970267970280319,
        0.9965286893649415,
        0.9970787543911545,
        0.9967498605558266,
        0.9964300808498711,
        0.997392429960148,
        0.9976329660175995,
        0.9963326221824688,
        0.9969890155720581,
        0.996965054791391,
        0.996955028794436,
        0.9969250778186018,
        0.9974288369948244,
        0.9973992313209482,
        0.9970142401421885,
        0.996706088904686,
        0.9963904458690781,
        0.9974631657644428,
        0.9977221283411861,
        0.9975796176833723,
        0.9976852653727182,
        0.9977010404414033,
        0.9973733326967102,
        0.9979014986575067,
        0.9962381470277842,
        0.9966725679907399,
        0.9955997242236952,
        0.9980085076949138,
        0.9956938540764222,
        0.9975502663727788,
        0.9968412316360746
    ]
}