{
    "train_loss": [
        0.5083127200603486,
        0.2754867121577263,
        0.17046049609780312,
        0.13015176430344583,
        0.09659432284533978,
        0.06611059159040451,
        0.04739899933338165,
        0.04214813560247421,
        0.05913463905453682,
        0.06708562206476927,
        0.030225290544331075,
        0.031518475525081156,
        0.035255792923271655,
        0.025700649432837962,
        0.03211782407015562,
        0.013168987352401018,
        0.019798542466014625,
        0.012211815360933543,
        0.011109060887247325,
        0.015151032386347652,
        0.008791302097961307,
        0.00860516312532127,
        0.008316478598862887,
        0.007822163589298724,
        0.042435985524207354,
        0.012534376187250017,
        0.037911570118740204,
        0.01025252784602344,
        0.015758249349892138,
        0.005772053729742765,
        0.004663429409265518,
        0.004154139314778149,
        0.003656346583738923,
        0.0034408639185130596,
        0.003251147735863924,
        0.003089903318323195,
        0.002944896719418466,
        0.002810785546898842,
        0.0026871835114434363,
        0.002572845574468374,
        0.00246858021710068,
        0.002369018387980759,
        0.0022767353802919388,
        0.0021900941617786886,
        0.0021077421260997653,
        0.002031377691309899,
        0.0019584133639000355,
        0.0018904356751590968,
        0.0018260954995639623,
        0.0017641849466599525
    ],
    "val_loss": [
        0.3658357659975688,
        0.21872203052043915,
        0.13734138011932373,
        0.09924855828285217,
        0.07668325801690419,
        0.05071242650349935,
        0.04085739764074484,
        0.03634201114376386,
        0.13593210962911448,
        0.034155734504262604,
        0.022126710042357445,
        0.033591464161872864,
        0.029151603889962036,
        0.07799936830997467,
        0.016015317291021347,
        0.012544157293935617,
        0.011321372197320064,
        0.010152944674094519,
        0.008924676105380058,
        0.01450572038690249,
        0.007772742460171382,
        0.0074525328042606516,
        0.027893714606761932,
        0.006434253882616758,
        0.0111543545499444,
        0.008294233276198307,
        0.025762024025122326,
        0.008912023932983478,
        0.007509725944449504,
        0.005558443954214454,
        0.005239171131203572,
        0.005531410065790017,
        0.004270815989002585,
        0.003726928417260448,
        0.0035034747949490943,
        0.003356617409735918,
        0.003227165744950374,
        0.0031005289250363908,
        0.0029775904646764197,
        0.0028550189454108477,
        0.0027303533473362527,
        0.0026223698320488134,
        0.002533119715129336,
        0.002442349990208944,
        0.002337305573746562,
        0.0022510132597138486,
        0.002168112046395739,
        0.00208670385958006,
        0.0020199711434543133,
        0.0019510946003720164
    ],
    "val_mcc": [
        0.8563488385776753,
        0.9738516810963534,
        1.0,
        1.0,
        1.0,
        1.0,
        1.0,
        1.0,
        0.9473309334313418,
        1.0,
        1.0,
        0.9738516810963534,
        1.0,
        0.9244162777371754,
        1.0,
        1.0,
        1.0,
        1.0,
        1.0,
        1.0,
        1.0,
        1.0,
        0.9486832980505139,
        1.0,
        1.0,
        1.0,
        0.9738516810963534,
        1.0,
        1.0,
        1.0,
        1.0,
        1.0,
        1.0,
        1.0,
        1.0,
        1.0,
        1.0,
        1.0,
        1.0,
        1.0,
        1.0,
        1.0,
        1.0,
        1.0,
        1.0,
        1.0,
        1.0,
        1.0,
        1.0,
        1.0
    ],
    "val_auroc": [
        1.0,
        1.0,
        1.0,
        1.0,
        1.0,
        1.0,
        1.0,
        1.0,
        1.0,
        1.0,
        1.0,
        1.0,
        1.0,
        1.0,
        1.0,
        1.0,
        1.0,
        1.0,
        1.0,
        1.0,
        1.0,
        1.0,
        1.0,
        1.0,
        1.0,
        1.0,
        1.0,
        1.0,
        1.0,
        1.0,
        1.0,
        1.0,
        1.0,
        1.0,
        1.0,
        1.0,
        1.0,
        1.0,
        1.0,
        1.0,
        1.0,
        1.0,
        1.0,
        1.0,
        1.0,
        1.0,
        1.0,
        1.0,
        1.0,
        1.0
    ]
}