{
    "train_loss": [
        0.5752708077430725,
        0.3166482478380203,
        0.19462648034095764,
        0.13270309641957284,
        0.08689373582601548,
        0.06621970236301422,
        0.05605124570429325,
        0.06365500800311566,
        0.04226555153727531,
        0.032270905934274195,
        0.026367912255227565,
        0.027038652449846268,
        0.03536792080849409,
        0.027118568029254674,
        0.019764040037989615,
        0.01160232201218605,
        0.01124152410775423,
        0.009342941641807555,
        0.00812381668947637,
        0.007445360440760851,
        0.006840748339891433,
        0.006334604090079665,
        0.005896388273686171,
        0.005509083718061447,
        0.005163626465946436,
        0.004851110791787505,
        0.004568813368678093,
        0.004311108076944947,
        0.004078791453503072,
        0.0038616339210420848,
        0.003662885748781264,
        0.003482023626565933,
        0.0033130199415609242,
        0.0031583809060975907,
        0.0030133504420518874,
        0.002879731962457299,
        0.002753865486010909,
        0.002637571236118674,
        0.002528837672434747,
        0.002426291722804308,
        0.002330977702513337,
        0.002242010086774826,
        0.0021562837762758138,
        0.002076561003923416,
        0.0020014209439978004,
        0.0019312360207550227,
        0.001863205654080957,
        0.0017998608178459107,
        0.0017398640397004784,
        0.0016825053258799016
    ],
    "val_loss": [
        0.41970162590344745,
        0.2233744611342748,
        0.14819621543089548,
        0.10437916591763496,
        0.0736112892627716,
        0.05929216369986534,
        0.06468550612529118,
        0.042966931437452636,
        0.03745738851527373,
        0.03486196200052897,
        0.11131730924050014,
        0.05673996483286222,
        0.030503703902165096,
        0.02460532635450363,
        0.016379340862234432,
        0.02587638112405936,
        0.023143650963902473,
        0.014748162124305964,
        0.009820355723301569,
        0.00897296005859971,
        0.008425003848969936,
        0.00800271270175775,
        0.0075414540867010755,
        0.0071043954230844975,
        0.006764444367339213,
        0.006406878586858511,
        0.00610534908870856,
        0.005781285930424929,
        0.005495821358636022,
        0.005234840636452039,
        0.0050163669511675835,
        0.004797908167044322,
        0.00457612075842917,
        0.004404559653873245,
        0.00424131207788984,
        0.004065679774309198,
        0.003913958789780736,
        0.0037720276353259883,
        0.0036280209120983877,
        0.003516757938389977,
        0.0034150766441598535,
        0.0032720091209436455,
        0.003165010867329935,
        0.003075416937159995,
        0.0029751965388034782,
        0.002891750152533253,
        0.002807613229379058,
        0.002724538712451855,
        0.002648585165540377,
        0.002584309123146037
    ],
    "val_mcc": [
        0.9486832980505139,
        1.0,
        0.9738516810963534,
        0.973505222533836,
        1.0,
        0.973505222533836,
        0.9738516810963534,
        0.9738516810963534,
        1.0,
        0.9738516810963534,
        0.8958064164776166,
        0.9738516810963534,
        0.973505222533836,
        0.9738516810963534,
        1.0,
        0.9738516810963534,
        0.973505222533836,
        1.0,
        1.0,
        1.0,
        1.0,
        1.0,
        1.0,
        1.0,
        1.0,
        1.0,
        1.0,
        1.0,
        1.0,
        1.0,
        1.0,
        1.0,
        1.0,
        1.0,
        1.0,
        1.0,
        1.0,
        1.0,
        1.0,
        1.0,
        1.0,
        1.0,
        1.0,
        1.0,
        1.0,
        1.0,
        1.0,
        1.0,
        1.0,
        1.0
    ],
    "val_auroc": [
        1.0,
        1.0,
        1.0,
        1.0,
        1.0,
        1.0,
        1.0,
        1.0,
        1.0,
        1.0,
        1.0,
        0.9993333333333333,
        1.0,
        1.0,
        1.0,
        1.0,
        1.0,
        1.0,
        1.0,
        1.0,
        1.0,
        1.0,
        1.0,
        1.0,
        1.0,
        1.0,
        1.0,
        1.0,
        1.0,
        1.0,
        1.0,
        1.0,
        1.0,
        1.0,
        1.0,
        1.0,
        1.0,
        1.0,
        1.0,
        1.0,
        1.0,
        1.0,
        1.0,
        1.0,
        1.0,
        1.0,
        1.0,
        1.0,
        1.0,
        1.0
    ]
}