{
    "train_loss": [
        0.47954423129558565,
        0.23014757931232452,
        0.1368102177977562,
        0.09250092953443527,
        0.06503532603383064,
        0.0482971016317606,
        0.035530222952365874,
        0.028590451925992966,
        0.023354460299015046,
        0.01955678630620241,
        0.01684488682076335,
        0.01467516114935279,
        0.012952001858502626,
        0.01153663219884038,
        0.010376326460391282,
        0.009365964028984309,
        0.008511224947869777,
        0.007778096431866288,
        0.007140410738065839,
        0.006576705165207386,
        0.0060864833649247885,
        0.005651157954707742,
        0.005262287380173802,
        0.004914959473535418,
        0.004601474758237601,
        0.00432019722647965,
        0.004064679052680731,
        0.003830791590735316,
        0.0036188889062032104,
        0.0034236407140269876,
        0.0032473075669258835,
        0.0030818721046671272,
        0.0029305519768968225,
        0.002789875864982605,
        0.002660558931529522,
        0.0025396346813067795,
        0.002427424490451813,
        0.002323416667059064,
        0.00222502292599529,
        0.002133653778582811,
        0.002047752612270415,
        0.001967735937796533,
        0.0018916766159236432,
        0.0018208648776635527,
        0.0017536991508677602,
        0.0016904188552871347,
        0.0016306668636389076,
        0.001574209926184267,
        0.001520606130361557,
        0.0014698469662107528
    ],
    "val_loss": [
        0.33383913338184357,
        0.18603143095970154,
        0.12617270896832147,
        0.09105343619982402,
        0.06823732207218806,
        0.054722788433233895,
        0.047613351295391716,
        0.0467071228971084,
        0.03883368646105131,
        0.038974899177749954,
        0.037289024951557316,
        0.03791627256820599,
        0.03454087798794111,
        0.03421515412628651,
        0.03754393787433704,
        0.033582170493900776,
        0.03570537998651465,
        0.03287237572173277,
        0.03477739728987217,
        0.03439128383373221,
        0.03488794853910804,
        0.03429274447262287,
        0.03478302185734113,
        0.035029367388536535,
        0.03430045822945734,
        0.03452523394177357,
        0.0353343115032961,
        0.03522599573868016,
        0.03471254285735389,
        0.034539082165186606,
        0.03583235130645335,
        0.035392928713311754,
        0.035725190537050366,
        0.03518412828755876,
        0.03613541112281382,
        0.037106875252599515,
        0.03560003048429886,
        0.035613063451213144,
        0.03691990223402778,
        0.03702674604331454,
        0.03678360926763465,
        0.03645434769957016,
        0.03691909594150881,
        0.036454558527717985,
        0.03708233789075166,
        0.03741724781381587,
        0.03801981025996307,
        0.038394000148400664,
        0.03832506477677574,
        0.03806402064704647
    ],
    "val_mcc": [
        0.9197945895664519,
        0.9738516810963534,
        0.9738516810963534,
        0.9738516810963534,
        0.9738516810963534,
        0.9738516810963534,
        0.9738516810963534,
        0.9738516810963534,
        0.9738516810963534,
        0.9738516810963534,
        0.9738516810963534,
        0.9738516810963534,
        0.9738516810963534,
        0.9738516810963534,
        0.9738516810963534,
        0.9738516810963534,
        0.9738516810963534,
        0.9738516810963534,
        0.9738516810963534,
        0.9738516810963534,
        0.9738516810963534,
        0.9738516810963534,
        0.9738516810963534,
        0.9738516810963534,
        0.9738516810963534,
        0.9738516810963534,
        0.9738516810963534,
        0.9738516810963534,
        0.9738516810963534,
        0.9738516810963534,
        0.9738516810963534,
        0.9738516810963534,
        0.9738516810963534,
        0.9738516810963534,
        0.9738516810963534,
        0.9738516810963534,
        0.9738516810963534,
        0.9738516810963534,
        0.9738516810963534,
        0.9738516810963534,
        0.9738516810963534,
        0.9738516810963534,
        0.9738516810963534,
        0.9738516810963534,
        0.9738516810963534,
        0.9738516810963534,
        0.9738516810963534,
        0.9738516810963534,
        0.9738516810963534,
        0.9738516810963534
    ],
    "val_auroc": [
        0.9973333333333334,
        0.9993333333333333,
        0.9993333333333333,
        1.0,
        1.0,
        1.0,
        1.0,
        1.0,
        1.0,
        1.0,
        1.0,
        1.0,
        1.0,
        1.0,
        1.0,
        1.0,
        1.0,
        1.0,
        1.0,
        1.0,
        1.0,
        1.0,
        1.0,
        1.0,
        1.0,
        1.0,
        1.0,
        1.0,
        1.0,
        1.0,
        1.0,
        1.0,
        1.0,
        1.0,
        1.0,
        1.0,
        1.0,
        1.0,
        1.0,
        1.0,
        1.0,
        1.0,
        1.0,
        1.0,
        1.0,
        1.0,
        1.0,
        1.0,
        1.0,
        1.0
    ]
}