{
    "train_loss": [
        0.546745565533638,
        0.27658061534166334,
        0.17098404616117477,
        0.14257577806711197,
        0.09333640784025192,
        0.07512614354491234,
        0.054152175039052966,
        0.05237234644591808,
        0.04131430964916945,
        0.0354012280702591,
        0.026050706394016743,
        0.021795817650854588,
        0.019747848715633155,
        0.01557139391079545,
        0.012685108743607999,
        0.011218617670238018,
        0.00989671153947711,
        0.0089233192615211,
        0.008159544505178928,
        0.00751186148263514,
        0.00694678477011621,
        0.0064540069550275804,
        0.0060113046783953905,
        0.00561817497946322,
        0.005261726956814527,
        0.004943320574238896,
        0.004655898036435247,
        0.004392176400870085,
        0.004150935029610991,
        0.003928184066899121,
        0.0037269543623551725,
        0.0035409643547609448,
        0.003369000321254134,
        0.0032103970646858216,
        0.0030632468638941645,
        0.0029244378907606005,
        0.00279817299451679,
        0.0026778123574331403,
        0.0025660182815045117,
        0.0024624230805784463,
        0.0023648944683372975,
        0.00227289660833776,
        0.0021863065659999846,
        0.00210583588341251,
        0.0020284845260903238,
        0.0019563217763789,
        0.0018883358337916435,
        0.0018232208560220898,
        0.0017619519494473934,
        0.0017035946366377175
    ],
    "val_loss": [
        0.3960669934749603,
        0.22537031769752502,
        0.1568226913611094,
        0.12068529178698857,
        0.10870523378252983,
        0.0662870022157828,
        0.052807899191975594,
        0.1271339108546575,
        0.03142761252820492,
        0.03783050552010536,
        0.042850012270112835,
        0.03328274376690388,
        0.06931165512651205,
        0.01702917677660783,
        0.014664070991178354,
        0.012070853263139725,
        0.012496829188118378,
        0.012263702228665352,
        0.012293900984028975,
        0.011317507363855839,
        0.01077953881273667,
        0.00967823388054967,
        0.009603235249718031,
        0.009477720130234957,
        0.008763124079753956,
        0.008311004067460695,
        0.007810495172937711,
        0.00792865346496304,
        0.007870872039347887,
        0.007464721022794644,
        0.007248010563974579,
        0.006922534589345257,
        0.006827112520113587,
        0.00661965071534117,
        0.006673671460400025,
        0.006546555086970329,
        0.006234710570424795,
        0.006194013248508175,
        0.006061632690640788,
        0.006066083015563588,
        0.006011398936000963,
        0.005759154601643483,
        0.0058425553143024445,
        0.0059277368709445,
        0.005850849362711112,
        0.0054579211088518305,
        0.005456365838957329,
        0.005595959722995758,
        0.005474789844204982,
        0.005308757885359228
    ],
    "val_mcc": [
        0.9738516810963534,
        0.9738516810963534,
        1.0,
        0.9738516810963534,
        0.9486832980505139,
        1.0,
        0.9738516810963534,
        0.9009798587550961,
        1.0,
        1.0,
        0.9738516810963534,
        1.0,
        0.9486832980505139,
        1.0,
        1.0,
        1.0,
        1.0,
        1.0,
        1.0,
        1.0,
        1.0,
        1.0,
        1.0,
        1.0,
        1.0,
        1.0,
        1.0,
        1.0,
        1.0,
        1.0,
        1.0,
        1.0,
        1.0,
        1.0,
        1.0,
        1.0,
        1.0,
        1.0,
        1.0,
        1.0,
        1.0,
        1.0,
        1.0,
        1.0,
        1.0,
        1.0,
        1.0,
        1.0,
        1.0,
        1.0
    ],
    "val_auroc": [
        1.0,
        1.0,
        1.0,
        1.0,
        1.0,
        1.0,
        1.0,
        1.0,
        1.0,
        1.0,
        1.0,
        1.0,
        1.0,
        1.0,
        1.0,
        1.0,
        1.0,
        1.0,
        1.0,
        1.0,
        1.0,
        1.0,
        1.0,
        1.0,
        1.0,
        1.0,
        1.0,
        1.0,
        1.0,
        1.0,
        1.0,
        1.0,
        1.0,
        1.0,
        1.0,
        1.0,
        1.0,
        1.0,
        1.0,
        1.0,
        1.0,
        1.0,
        1.0,
        1.0,
        1.0,
        1.0,
        1.0,
        1.0,
        1.0,
        1.0
    ]
}