{
    "train_loss": [
        0.480832901597023,
        0.22409468293190002,
        0.12824243009090425,
        0.09432666078209877,
        0.07357265688478946,
        0.04696822129189968,
        0.035108964145183566,
        0.028017492964863777,
        0.02302987277507782,
        0.019480345770716667,
        0.016759292967617512,
        0.014652176573872567,
        0.012939998786896468,
        0.01153135895729065,
        0.01034376686438918,
        0.0093564473092556,
        0.008494915999472141,
        0.0077599551994353535,
        0.0071204562671482565,
        0.006560272956266999,
        0.006065063877031207,
        0.005626772763207555,
        0.0052346778102219105,
        0.00488686696626246,
        0.004571514762938022,
        0.004286880185827613,
        0.004030849388800562,
        0.0037965697003528474,
        0.0035846691112965345,
        0.003387662023305893,
        0.0032085700193420054,
        0.003044091537594795,
        0.00289241352584213,
        0.0027519273571670055,
        0.0026219326071441175,
        0.002501083421520889,
        0.002388839516788721,
        0.002283881069160998,
        0.0021863732719793914,
        0.002095300261862576,
        0.0020090989070013165,
        0.001929515867959708,
        0.001853585080243647,
        0.0017829355783760548,
        0.0017162357340566813,
        0.0016530160908587277,
        0.0015936472569592296,
        0.001537737192120403,
        0.0014841906260699034,
        0.0014338226523250342
    ],
    "val_loss": [
        0.2998575170834859,
        0.16730302075544992,
        0.1304180547595024,
        0.09594971686601639,
        0.08934983983635902,
        0.0697755366563797,
        0.06517399350802104,
        0.059850700199604034,
        0.05813654512166977,
        0.0560994620124499,
        0.054320635894934334,
        0.05404009763151407,
        0.05348171480000019,
        0.05304115420828263,
        0.05267384989808003,
        0.0525572228555878,
        0.05288048212726911,
        0.05306161381304264,
        0.05294754651064674,
        0.053243723387519516,
        0.05358841456472874,
        0.05381632332379619,
        0.05411760105441014,
        0.05431856152911981,
        0.05478431656956673,
        0.055142675526440144,
        0.055432153865695,
        0.055737529105196394,
        0.05620400460126499,
        0.056518708976606526,
        0.05693095208456119,
        0.05713118783508738,
        0.057610168509806194,
        0.05799968998568753,
        0.05825862792941431,
        0.0584358264071246,
        0.05893047984379033,
        0.059213506833960615,
        0.05960623756982386,
        0.059948674868792295,
        0.06022467355554303,
        0.06056357446747521,
        0.06087688993041714,
        0.061146120385577284,
        0.061495216408123575,
        0.06184050215718647,
        0.062043822137638927,
        0.06235084061821302,
        0.06269697045596938,
        0.063025300973095
    ],
    "val_mcc": [
        0.9486832980505139,
        0.9738516810963534,
        0.9738516810963534,
        0.9738516810963534,
        0.9486832980505139,
        0.9738516810963534,
        0.9738516810963534,
        0.9738516810963534,
        0.9738516810963534,
        0.9738516810963534,
        0.9738516810963534,
        0.9738516810963534,
        0.9738516810963534,
        0.9738516810963534,
        0.9738516810963534,
        0.9738516810963534,
        0.9738516810963534,
        0.9738516810963534,
        0.9738516810963534,
        0.9738516810963534,
        0.9738516810963534,
        0.9738516810963534,
        0.9738516810963534,
        0.9738516810963534,
        0.9738516810963534,
        0.9738516810963534,
        0.9738516810963534,
        0.9738516810963534,
        0.9738516810963534,
        0.9738516810963534,
        0.9738516810963534,
        0.9738516810963534,
        0.9738516810963534,
        0.9738516810963534,
        0.9738516810963534,
        0.9738516810963534,
        0.9738516810963534,
        0.9738516810963534,
        0.9738516810963534,
        0.9738516810963534,
        0.9738516810963534,
        0.9738516810963534,
        0.9738516810963534,
        0.9738516810963534,
        0.9738516810963534,
        0.9738516810963534,
        0.9738516810963534,
        0.9738516810963534,
        0.9738516810963534,
        0.9738516810963534
    ],
    "val_auroc": [
        1.0,
        1.0,
        0.9993333333333333,
        0.998,
        0.998,
        0.998,
        0.9986666666666667,
        0.9986666666666667,
        0.9986666666666667,
        0.9986666666666667,
        0.9986666666666667,
        0.9986666666666667,
        0.9986666666666667,
        0.9986666666666667,
        0.9986666666666667,
        0.9986666666666667,
        0.9986666666666667,
        0.9986666666666667,
        0.9986666666666667,
        0.9986666666666667,
        0.9986666666666667,
        0.9986666666666667,
        0.9986666666666667,
        0.9986666666666667,
        0.9986666666666667,
        0.9993333333333333,
        0.9986666666666667,
        0.9986666666666667,
        0.9993333333333333,
        0.9993333333333333,
        0.9993333333333333,
        0.9993333333333333,
        0.9993333333333333,
        0.9993333333333333,
        0.9993333333333333,
        0.9993333333333333,
        0.9993333333333333,
        0.9993333333333333,
        0.9993333333333333,
        0.9993333333333333,
        0.9993333333333333,
        0.9993333333333333,
        0.9993333333333333,
        0.9993333333333333,
        0.9993333333333333,
        0.9993333333333333,
        0.9993333333333333,
        0.9993333333333333,
        0.9993333333333333,
        0.9993333333333333
    ]
}