{
    "train_loss": [
        0.5961877226829528,
        0.5049452543258667,
        0.4609567165374756,
        0.4239379823207855,
        0.39695615172386167,
        0.3571071535348892,
        0.32596015334129336,
        0.28576738834381105,
        0.24713046252727508,
        0.20686150789260865,
        0.1597174346446991,
        0.12645720690488815,
        0.09707199037075043,
        0.07777691334486007,
        0.06350267454981803,
        0.05513009950518608,
        0.0841363437473774,
        0.08514768183231354,
        0.06973011940717697,
        0.05357596203684807,
        0.0421402346342802,
        0.035525331273674965,
        0.027789689600467682,
        0.022075873613357545,
        0.01682045552879572,
        0.01585798542946577,
        0.013832548260688781,
        0.012293202430009842,
        0.011271242052316666,
        0.010603285953402519,
        0.009930276311933994,
        0.009362563863396645,
        0.00886381957679987,
        0.008468626439571381,
        0.008042244333773851,
        0.007685480546206236,
        0.007329829782247543,
        0.006995340716093779,
        0.006716420315206051,
        0.006489075254648924,
        0.0062773354351520535,
        0.006000758055597544,
        0.005784962326288223,
        0.005592523794621229,
        0.005395494773983956,
        0.00518769295886159,
        0.005034802574664354,
        0.004905972769483924,
        0.004730881843715906,
        0.004567097406834364
    ],
    "val_loss": [
        0.6039321571588516,
        0.5481827259063721,
        0.5103689432144165,
        0.4915919899940491,
        0.45741240680217743,
        0.43729157000780106,
        0.4004288390278816,
        0.3673580512404442,
        0.34639210999011993,
        0.31907451152801514,
        0.2968454733490944,
        0.2950967326760292,
        0.315072450786829,
        0.30659458599984646,
        0.30942656844854355,
        0.351262841373682,
        0.3807528614997864,
        0.43600719049572945,
        0.34617891907691956,
        0.3470727391541004,
        0.3398791830986738,
        0.3390552531927824,
        0.35234014317393303,
        0.35720311757177114,
        0.36127885058522224,
        0.3655277341604233,
        0.37052229698747396,
        0.37422687793150544,
        0.3770989030599594,
        0.3796570929698646,
        0.3820434692315757,
        0.38478135131299496,
        0.3876585913822055,
        0.39063354721292853,
        0.3935834765434265,
        0.39625486452132463,
        0.39910143287852407,
        0.4016540343873203,
        0.4042560369707644,
        0.4067409266717732,
        0.4091806106735021,
        0.41154712601564825,
        0.413805311312899,
        0.4161510895937681,
        0.4183698440901935,
        0.42049313010647893,
        0.42264861636795104,
        0.4248600087594241,
        0.42699273279868066,
        0.4289497716818005
    ],
    "val_mcc": [
        0.0,
        0.0,
        0.0,
        0.6172133998483676,
        0.5181036310903636,
        0.7001400420140049,
        0.8539125638299665,
        0.8539125638299665,
        0.8539125638299665,
        0.9274777915203366,
        0.9274777915203366,
        0.9274777915203366,
        0.9274777915203366,
        0.9274777915203366,
        0.9274777915203366,
        0.9274777915203366,
        0.7933632757799682,
        0.8539125638299665,
        0.9274777915203366,
        0.9274777915203366,
        0.9274777915203366,
        0.9274777915203366,
        0.9274777915203366,
        0.9274777915203366,
        0.9274777915203366,
        0.9274777915203366,
        0.9274777915203366,
        0.9274777915203366,
        0.9274777915203366,
        0.9274777915203366,
        0.9274777915203366,
        0.9274777915203366,
        0.9274777915203366,
        0.9274777915203366,
        0.9274777915203366,
        0.9274777915203366,
        0.9274777915203366,
        0.9274777915203366,
        0.9274777915203366,
        0.9274777915203366,
        0.9274777915203366,
        0.9274777915203366,
        0.9274777915203366,
        0.9274777915203366,
        0.9274777915203366,
        0.9274777915203366,
        0.9274777915203366,
        0.9274777915203366,
        0.9274777915203366,
        0.9274777915203366
    ],
    "val_auroc": [
        0.8925925925925926,
        0.8814814814814815,
        0.8925925925925926,
        0.9,
        0.9222222222222223,
        0.9592592592592593,
        0.962962962962963,
        0.9629629629629629,
        0.974074074074074,
        0.974074074074074,
        0.9777777777777777,
        0.974074074074074,
        0.9703703703703703,
        0.9592592592592593,
        0.9629629629629629,
        0.9703703703703703,
        0.9518518518518518,
        0.9629629629629629,
        0.9592592592592593,
        0.9592592592592593,
        0.9592592592592593,
        0.9703703703703703,
        0.9629629629629629,
        0.9592592592592593,
        0.9592592592592593,
        0.9555555555555555,
        0.9555555555555555,
        0.9555555555555555,
        0.9555555555555555,
        0.9518518518518518,
        0.9518518518518518,
        0.9518518518518518,
        0.9518518518518518,
        0.9518518518518518,
        0.9518518518518518,
        0.9518518518518518,
        0.9518518518518518,
        0.9518518518518518,
        0.9518518518518518,
        0.9518518518518518,
        0.9518518518518518,
        0.9518518518518518,
        0.9518518518518518,
        0.9518518518518518,
        0.9518518518518518,
        0.9518518518518518,
        0.9518518518518518,
        0.9518518518518518,
        0.9518518518518518,
        0.9518518518518518
    ]
}