{
    "train_loss": [
        0.5120846629142761,
        0.42674883604049685,
        0.38039785623550415,
        0.33629351258277895,
        0.3013623088598251,
        0.25668054521083833,
        0.2263418108224869,
        0.2018740564584732,
        0.18329398334026337,
        0.16136909276247025,
        0.1671375185251236,
        0.12901116162538528,
        0.09469346255064011,
        0.09218960255384445,
        0.07538900226354599,
        0.06012882739305496,
        0.04944443926215172,
        0.04100066386163235,
        0.035623326525092126,
        0.030076778307557107,
        0.026245011016726494,
        0.02303508259356022,
        0.020608510449528696,
        0.01847736891359091,
        0.016807522252202035,
        0.015369337610900402,
        0.01422866601496935,
        0.013222148269414901,
        0.012231791764497757,
        0.011384510621428489,
        0.010664390586316585,
        0.010049323737621307,
        0.009468682296574115,
        0.00903034135699272,
        0.008502721134573222,
        0.008070503547787666,
        0.007658038288354874,
        0.007336089387536049,
        0.006997209507972002,
        0.006687533482909203,
        0.006398625206202269,
        0.006118385307490826,
        0.0058746935799717905,
        0.0056616212241351604,
        0.005469636805355549,
        0.005229635071009398,
        0.00506084281951189,
        0.004859519097954035,
        0.004694436583667994,
        0.00454367958009243
    ],
    "val_loss": [
        0.7809580117464066,
        0.6978352814912796,
        0.6959522515535355,
        0.7052093744277954,
        0.7541426420211792,
        0.7599937617778778,
        0.6628440916538239,
        0.7465731501579285,
        0.6787927597761154,
        0.6390255838632584,
        0.6120151728391647,
        0.6685860753059387,
        0.5306248292326927,
        0.5912884622812271,
        0.6155786067247391,
        0.5525476783514023,
        0.49404048919677734,
        0.4771130681037903,
        0.4533024951815605,
        0.45823030918836594,
        0.44760964065790176,
        0.4468149244785309,
        0.4520139694213867,
        0.4571496546268463,
        0.4630606472492218,
        0.46958786249160767,
        0.4769276827573776,
        0.482650950551033,
        0.48620593547821045,
        0.4916122853755951,
        0.4983917474746704,
        0.5043150782585144,
        0.509324461221695,
        0.5139038264751434,
        0.5194818675518036,
        0.5250732749700546,
        0.5311940014362335,
        0.5354451090097427,
        0.5404663980007172,
        0.5466647744178772,
        0.5513703227043152,
        0.5559018552303314,
        0.5605600327253342,
        0.564984992146492,
        0.569124698638916,
        0.5733762234449387,
        0.5781264156103134,
        0.5831753015518188,
        0.5870175063610077,
        0.5914148986339569
    ],
    "val_mcc": [
        0.0,
        0.47739999005770767,
        0.33742359105871017,
        0.47739999005770767,
        0.47739999005770767,
        0.5756983337031395,
        0.596551724137931,
        0.5742432269069425,
        0.596551724137931,
        0.596551724137931,
        0.596551724137931,
        0.6539886462510549,
        0.5453976310059035,
        0.7196684596950643,
        0.6539886462510549,
        0.596551724137931,
        0.626368234149017,
        0.626368234149017,
        0.7058865787567897,
        0.7058865787567897,
        0.7058865787567897,
        0.7058865787567897,
        0.7058865787567897,
        0.7058865787567897,
        0.7058865787567897,
        0.7058865787567897,
        0.7058865787567897,
        0.7058865787567897,
        0.7058865787567897,
        0.7058865787567897,
        0.7058865787567897,
        0.7058865787567897,
        0.7058865787567897,
        0.7058865787567897,
        0.7058865787567897,
        0.7058865787567897,
        0.7058865787567897,
        0.7058865787567897,
        0.7058865787567897,
        0.7058865787567897,
        0.7058865787567897,
        0.7058865787567897,
        0.7058865787567897,
        0.7058865787567897,
        0.7058865787567897,
        0.7058865787567897,
        0.7058865787567897,
        0.7058865787567897,
        0.7058865787567897,
        0.7058865787567897
    ],
    "val_auroc": [
        0.8241379310344827,
        0.8551724137931034,
        0.8620689655172413,
        0.8793103448275863,
        0.8793103448275862,
        0.8862068965517241,
        0.9103448275862068,
        0.9,
        0.9103448275862068,
        0.9137931034482758,
        0.9137931034482758,
        0.9275862068965517,
        0.9241379310344827,
        0.9344827586206896,
        0.9379310344827585,
        0.9413793103448276,
        0.9448275862068966,
        0.9482758620689655,
        0.9482758620689655,
        0.9482758620689655,
        0.9655172413793103,
        0.9655172413793103,
        0.9620689655172413,
        0.9620689655172413,
        0.9620689655172413,
        0.9620689655172413,
        0.9620689655172413,
        0.9620689655172413,
        0.9620689655172413,
        0.9620689655172413,
        0.9620689655172413,
        0.9620689655172413,
        0.9620689655172413,
        0.9620689655172413,
        0.9620689655172413,
        0.9620689655172413,
        0.9620689655172413,
        0.9620689655172413,
        0.9620689655172413,
        0.9620689655172413,
        0.9620689655172413,
        0.9620689655172413,
        0.9620689655172413,
        0.9620689655172413,
        0.9620689655172413,
        0.9620689655172413,
        0.9620689655172413,
        0.9620689655172413,
        0.9655172413793103,
        0.9655172413793103
    ]
}