{
    "train_loss": [
        0.6082993626594544,
        0.5031360030174256,
        0.46041918992996217,
        0.41537768244743345,
        0.3778666317462921,
        0.34027144908905027,
        0.2987933665513992,
        0.24829333126544953,
        0.20580184757709502,
        0.18933662474155427,
        0.1583423286676407,
        0.1367050126194954,
        0.10027327984571457,
        0.08776681274175643,
        0.07700195834040642,
        0.062252923101186755,
        0.05449396371841431,
        0.043317975103855134,
        0.03462635427713394,
        0.030289162695407868,
        0.026621505618095398,
        0.023237844556570054,
        0.020462995395064354,
        0.01875304989516735,
        0.017280999198555948,
        0.01591542102396488,
        0.014742743037641049,
        0.013754025474190712,
        0.0128735126927495,
        0.01207795161753893,
        0.011417179368436337,
        0.010822438262403011,
        0.010224575735628605,
        0.009747961536049843,
        0.009244055021554232,
        0.008837691135704517,
        0.008447973430156708,
        0.008038557786494493,
        0.007714906521141529,
        0.007404896151274443,
        0.00710824467241764,
        0.006872722879052162,
        0.0065521269105374815,
        0.006310685072094202,
        0.006073396001011133,
        0.005854348093271256,
        0.005652603413909674,
        0.005472690332680941,
        0.005274934694170952,
        0.005105077475309372
    ],
    "val_loss": [
        0.5533573627471924,
        0.5071452409029007,
        0.465199276804924,
        0.4222753494977951,
        0.39564721286296844,
        0.3877968490123749,
        0.3660532683134079,
        0.35773660242557526,
        0.35395677387714386,
        0.35527417063713074,
        0.34548043459653854,
        0.37132032215595245,
        0.3087351322174072,
        0.37166745960712433,
        0.24712387472391129,
        0.34442003071308136,
        0.31614552438259125,
        0.284448005259037,
        0.3480975478887558,
        0.34116216003894806,
        0.35141272097826004,
        0.35486290603876114,
        0.34116143733263016,
        0.32554519921541214,
        0.32649537920951843,
        0.3353907912969589,
        0.3406216949224472,
        0.35107848793268204,
        0.36173630505800247,
        0.3710150495171547,
        0.376672126352787,
        0.38102979958057404,
        0.38460908085107803,
        0.38502994924783707,
        0.38859225809574127,
        0.39398375898599625,
        0.39604005962610245,
        0.39950765669345856,
        0.4003980755805969,
        0.40295732021331787,
        0.4057488366961479,
        0.40893179923295975,
        0.41250158101320267,
        0.4150053933262825,
        0.415201298892498,
        0.41769959032535553,
        0.4199436530470848,
        0.4239703193306923,
        0.4258324056863785,
        0.4289524406194687
    ],
    "val_mcc": [
        0.0,
        0.0,
        0.0,
        0.6260475092762272,
        0.7111111111111111,
        0.7111111111111111,
        0.6033815244679472,
        0.6033815244679472,
        0.6953288019758299,
        0.6539886462510549,
        0.6539886462510549,
        0.6953288019758299,
        0.7386222109866251,
        0.6953288019758299,
        0.7386222109866251,
        0.6539886462510549,
        0.6539886462510549,
        0.6539886462510549,
        0.6260475092762272,
        0.7386222109866251,
        0.7933632757799682,
        0.7111111111111111,
        0.7111111111111111,
        0.7386222109866251,
        0.7111111111111111,
        0.7111111111111111,
        0.7111111111111111,
        0.7111111111111111,
        0.7111111111111111,
        0.7111111111111111,
        0.7111111111111111,
        0.7111111111111111,
        0.7111111111111111,
        0.7111111111111111,
        0.7111111111111111,
        0.7111111111111111,
        0.7111111111111111,
        0.7111111111111111,
        0.7111111111111111,
        0.7111111111111111,
        0.7111111111111111,
        0.7111111111111111,
        0.7111111111111111,
        0.7111111111111111,
        0.7111111111111111,
        0.7111111111111111,
        0.7111111111111111,
        0.7111111111111111,
        0.7111111111111111,
        0.7111111111111111
    ],
    "val_auroc": [
        0.9148148148148149,
        0.9222222222222223,
        0.925925925925926,
        0.9333333333333333,
        0.9370370370370371,
        0.9444444444444444,
        0.9592592592592593,
        0.9481481481481482,
        0.951851851851852,
        0.9407407407407408,
        0.9555555555555556,
        0.9481481481481481,
        0.9666666666666667,
        0.9666666666666667,
        0.9666666666666667,
        0.9703703703703703,
        0.9592592592592593,
        0.9481481481481481,
        0.9666666666666667,
        0.9777777777777777,
        0.9666666666666667,
        0.9666666666666667,
        0.9666666666666667,
        0.9703703703703703,
        0.9666666666666667,
        0.962962962962963,
        0.9666666666666667,
        0.9703703703703703,
        0.9703703703703703,
        0.9666666666666667,
        0.9666666666666667,
        0.9666666666666667,
        0.9703703703703703,
        0.9703703703703703,
        0.9703703703703703,
        0.9703703703703703,
        0.9703703703703703,
        0.9703703703703703,
        0.9703703703703703,
        0.9703703703703703,
        0.9703703703703703,
        0.9703703703703703,
        0.9703703703703703,
        0.9703703703703703,
        0.9703703703703703,
        0.9703703703703703,
        0.9703703703703703,
        0.9703703703703703,
        0.9703703703703703,
        0.9703703703703703
    ]
}