{
    "train_loss": [
        0.5729953050613403,
        0.4713577151298523,
        0.41252790093421937,
        0.37112184166908263,
        0.3253898501396179,
        0.28853718638420106,
        0.25520611107349395,
        0.22047495543956758,
        0.2129530519247055,
        0.19161786139011383,
        0.15548288375139235,
        0.13295287787914276,
        0.10676582157611847,
        0.10268452316522599,
        0.10802210122346878,
        0.10864402577280999,
        0.11570865213871002,
        0.07182535119354724,
        0.05614554509520531,
        0.045913797616958615,
        0.03587403744459152,
        0.03052905686199665,
        0.025598911568522453,
        0.02188088744878769,
        0.01811600886285305,
        0.01611614041030407,
        0.014414220862090588,
        0.01326033379882574,
        0.012279120087623597,
        0.011331456527113915,
        0.010594207793474197,
        0.009908894449472428,
        0.009329951554536819,
        0.008757052104920149,
        0.008318136353045702,
        0.00787993697449565,
        0.0074762111529707905,
        0.007140095997601748,
        0.006811497826129198,
        0.00650987345725298,
        0.006195039581507444,
        0.005958466045558453,
        0.005719081033021212,
        0.005506931524723768,
        0.005328894592821598,
        0.005103777255862951,
        0.004923339653760195,
        0.0047468717209994795,
        0.004574463050812483,
        0.004431621823459864
    ],
    "val_loss": [
        0.6608848720788956,
        0.6075674146413803,
        0.5804943144321442,
        0.54564069211483,
        0.5144578814506531,
        0.46352116763591766,
        0.4436529874801636,
        0.38755282759666443,
        0.40852729976177216,
        0.4789287894964218,
        0.3812110722064972,
        0.37512868642807007,
        0.2992957979440689,
        0.3298286125063896,
        0.39462635666131973,
        0.26163823902606964,
        0.4004877880215645,
        0.4834688752889633,
        0.16703195869922638,
        0.25822773575782776,
        0.39442911744117737,
        0.40740467607975006,
        0.22834531217813492,
        0.3440873622894287,
        0.45763202756643295,
        0.4990840032696724,
        0.4592079296708107,
        0.43488432466983795,
        0.46328943967819214,
        0.5117383524775505,
        0.5332719832658768,
        0.5183270201086998,
        0.49695441871881485,
        0.49673136323690414,
        0.5060973912477493,
        0.5101337879896164,
        0.5169669315218925,
        0.5363795459270477,
        0.5368859320878983,
        0.5487154051661491,
        0.5604018047451973,
        0.5660775452852249,
        0.570458248257637,
        0.5782118588685989,
        0.5949288159608841,
        0.5977978110313416,
        0.6064280048012733,
        0.6087933853268623,
        0.6161327958106995,
        0.6193239614367485
    ],
    "val_mcc": [
        0.0,
        0.3959251908590267,
        0.3959251908590267,
        0.38214458357880815,
        0.38214458357880815,
        0.47739999005770767,
        0.5633809715656511,
        0.5633809715656511,
        0.5633809715656511,
        0.6530471562110152,
        0.5633809715656511,
        0.6434589410887032,
        0.7933632757799682,
        0.7933632757799682,
        0.7261354744623948,
        0.7933632757799682,
        0.7196684596950643,
        0.7261354744623948,
        0.7933632757799682,
        0.7196684596950643,
        0.7964766161036996,
        0.7196684596950643,
        0.7933632757799682,
        0.7196684596950643,
        0.7196684596950643,
        0.7196684596950643,
        0.7196684596950643,
        0.7196684596950643,
        0.7196684596950643,
        0.7196684596950643,
        0.7196684596950643,
        0.7196684596950643,
        0.7196684596950643,
        0.7196684596950643,
        0.7196684596950643,
        0.7196684596950643,
        0.7196684596950643,
        0.7196684596950643,
        0.7196684596950643,
        0.7196684596950643,
        0.7196684596950643,
        0.7196684596950643,
        0.7196684596950643,
        0.7196684596950643,
        0.7196684596950643,
        0.7196684596950643,
        0.7196684596950643,
        0.7196684596950643,
        0.7196684596950643,
        0.7196684596950643
    ],
    "val_auroc": [
        0.8241379310344827,
        0.8758620689655172,
        0.8724137931034482,
        0.8758620689655172,
        0.903448275862069,
        0.9206896551724137,
        0.9517241379310344,
        0.9586206896551724,
        0.9586206896551724,
        0.9758620689655173,
        0.9758620689655173,
        0.9724137931034483,
        0.9689655172413794,
        0.9724137931034483,
        0.9827586206896552,
        0.9827586206896552,
        0.9724137931034483,
        0.9827586206896551,
        0.9862068965517241,
        0.9862068965517241,
        0.9862068965517241,
        0.9862068965517241,
        0.9896551724137931,
        0.9896551724137931,
        0.9896551724137931,
        0.9827586206896552,
        0.9827586206896552,
        0.9827586206896552,
        0.9827586206896552,
        0.9827586206896552,
        0.9827586206896552,
        0.9862068965517241,
        0.9862068965517241,
        0.9862068965517241,
        0.9862068965517241,
        0.9862068965517241,
        0.9862068965517241,
        0.9862068965517241,
        0.9862068965517241,
        0.9862068965517241,
        0.9862068965517241,
        0.9862068965517241,
        0.9862068965517241,
        0.9862068965517241,
        0.9862068965517241,
        0.9862068965517241,
        0.9862068965517241,
        0.9862068965517241,
        0.9862068965517241,
        0.9862068965517241
    ]
}