{
    "train_loss": [
        0.5609442353248596,
        0.4630515992641449,
        0.4249171018600464,
        0.38657310605049133,
        0.3553417146205902,
        0.34179226160049436,
        0.2936055690050125,
        0.27421402037143705,
        0.2428470402956009,
        0.21880564391613005,
        0.18315830528736116,
        0.164885076880455,
        0.13272904455661774,
        0.1202786237001419,
        0.14792081266641616,
        0.1136833056807518,
        0.08811905235052109,
        0.07416732311248779,
        0.05777052491903305,
        0.05169375091791153,
        0.03768044076859951,
        0.031682702526450154,
        0.02663876861333847,
        0.023564014211297037,
        0.020368146523833276,
        0.017923085391521452,
        0.01607160810381174,
        0.014761314541101456,
        0.01364916581660509,
        0.012623171135783196,
        0.011741302534937858,
        0.010948329791426658,
        0.010280707105994224,
        0.00969435963779688,
        0.009193314146250487,
        0.00871429666876793,
        0.008242146763950586,
        0.00787690719589591,
        0.007490440923720598,
        0.007185357250273227,
        0.00690881609916687,
        0.006590088177472353,
        0.006329371221363544,
        0.006062071304768324,
        0.005866539757698774,
        0.005611165426671505,
        0.005437630508095026,
        0.0052108228206634525,
        0.005057316180318594,
        0.004873735178261995
    ],
    "val_loss": [
        0.755085289478302,
        0.5865824073553085,
        0.5509343147277832,
        0.5030820220708847,
        0.44853878021240234,
        0.43174660205841064,
        0.3868318349123001,
        0.40636730939149857,
        0.32362085580825806,
        0.35395830124616623,
        0.315351277589798,
        0.29872560501098633,
        0.2672290802001953,
        0.3129626028239727,
        0.1579570472240448,
        0.18738647550344467,
        0.13783082365989685,
        0.2739432118833065,
        0.1218787357211113,
        0.17919200472533703,
        0.2585643883794546,
        0.17123795859515667,
        0.1474115289747715,
        0.1898841569200158,
        0.1441429667174816,
        0.14832676947116852,
        0.20184714905917645,
        0.22340542264282703,
        0.22533508203923702,
        0.22319717332720757,
        0.22268076799809933,
        0.2201702632009983,
        0.21116579044610262,
        0.21255596447736025,
        0.21030295826494694,
        0.2133318930864334,
        0.22182547580450773,
        0.23401660472154617,
        0.23733890894800425,
        0.22908477298915386,
        0.23336478136479855,
        0.2311184611171484,
        0.23442011885344982,
        0.23383551463484764,
        0.24252822808921337,
        0.23595122154802084,
        0.23980608209967613,
        0.2401861697435379,
        0.24194553308188915,
        0.24609094485640526
    ],
    "val_mcc": [
        0.0,
        0.49044126607370664,
        0.5742432269069425,
        0.596551724137931,
        0.6758915427189726,
        0.8650936924831861,
        0.7058865787567897,
        0.8650936924831861,
        0.7535992817105361,
        0.9327379053088816,
        0.8655172413793103,
        0.8655172413793103,
        0.8655172413793103,
        0.8655172413793103,
        0.8808303292720552,
        0.9327379053088816,
        0.9368793661451105,
        0.8655172413793103,
        0.8655172413793103,
        0.8655172413793103,
        0.9327379053088816,
        0.8655172413793103,
        0.8655172413793103,
        0.9327379053088816,
        0.8655172413793103,
        0.8655172413793103,
        0.8655172413793103,
        0.8655172413793103,
        0.8655172413793103,
        0.8655172413793103,
        0.9327379053088816,
        0.9327379053088816,
        0.9327379053088816,
        0.9327379053088816,
        0.8655172413793103,
        0.8655172413793103,
        0.8655172413793103,
        0.9327379053088816,
        0.9327379053088816,
        0.8655172413793103,
        0.8655172413793103,
        0.8655172413793103,
        0.8655172413793103,
        0.8655172413793103,
        0.9327379053088816,
        0.8655172413793103,
        0.8655172413793103,
        0.8655172413793103,
        0.8655172413793103,
        0.9327379053088816
    ],
    "val_auroc": [
        0.8862068965517241,
        0.896551724137931,
        0.9137931034482758,
        0.9448275862068964,
        0.9586206896551723,
        0.9689655172413794,
        0.9724137931034483,
        0.9689655172413794,
        0.9793103448275863,
        0.9793103448275863,
        0.9827586206896552,
        0.9827586206896552,
        0.9896551724137932,
        0.9793103448275863,
        0.996551724137931,
        0.993103448275862,
        0.996551724137931,
        0.993103448275862,
        0.996551724137931,
        0.996551724137931,
        0.993103448275862,
        0.996551724137931,
        0.996551724137931,
        0.996551724137931,
        0.996551724137931,
        0.996551724137931,
        0.996551724137931,
        0.996551724137931,
        0.996551724137931,
        0.996551724137931,
        0.996551724137931,
        0.996551724137931,
        0.996551724137931,
        0.996551724137931,
        0.996551724137931,
        0.996551724137931,
        0.996551724137931,
        0.996551724137931,
        0.996551724137931,
        0.996551724137931,
        0.996551724137931,
        0.996551724137931,
        0.996551724137931,
        0.996551724137931,
        0.996551724137931,
        0.996551724137931,
        0.996551724137931,
        0.996551724137931,
        0.996551724137931,
        0.996551724137931
    ]
}