{
    "train_loss": [
        0.34872419834136964,
        0.11106878779828548,
        0.06163618266582489,
        0.04390615168958902,
        0.031714620906859635,
        0.01831607213243842,
        0.010663400311022997,
        0.009090309357270598,
        0.0058073581662029024,
        0.004999898630194366,
        0.004306249413639307,
        0.003929274773690849,
        0.0032173377694562078,
        0.0027489571482874455,
        0.0025651985313743355,
        0.001893650263082236,
        0.001999877789057791,
        0.0015154732041992246,
        0.0014236104325391352,
        0.001337067794520408,
        0.0011886267922818661,
        0.001183598575880751,
        0.0010346726689022035,
        0.0009755784063600004,
        0.0009533897682558745,
        0.0009087958140298724,
        0.0007795196899678559,
        0.0008083836932200938,
        0.0007253404939547182,
        0.000729433516971767,
        0.0006680989055894316,
        0.0006536545668495819,
        0.0006463628844358027,
        0.0005905652767978608,
        0.0005279280478134752,
        0.0005836838856339455,
        0.0004841925052460283,
        0.00048367796989623457,
        0.0004438820469658822,
        0.0004694698378443718,
        0.0003969468962168321,
        0.0003884219215251505,
        0.000384629363543354,
        0.0003961001755669713,
        0.00033228613610845057,
        0.0003434041209402494,
        0.0003781726845772937,
        0.00034313682408537716,
        0.0003013088600710034,
        0.0002926117347669788
    ],
    "val_loss": [
        0.14482578386863074,
        0.06107462321718534,
        0.040310546134908996,
        0.026726402807980776,
        0.023065615134934585,
        0.02248192283635338,
        0.029475507869695623,
        0.015633778180927038,
        0.0223120569717139,
        0.019763035466894507,
        0.03413837243958066,
        0.0035808857452745237,
        0.02594159070091943,
        0.02658669165490816,
        0.022984695931275684,
        0.014917929540388286,
        0.009883445086112866,
        0.013802456553094089,
        0.018098904363190133,
        0.01959136958854894,
        0.02018640178721398,
        0.01841499316894139,
        0.014565765469645461,
        0.013367268984438851,
        0.015655925788450986,
        0.015410707681439817,
        0.011531831599616757,
        0.014126811574290818,
        0.020750032970681787,
        0.017380957608111203,
        0.014004832667221004,
        0.014714982477016747,
        0.01035808563271227,
        0.008316889691438215,
        0.008532201230991632,
        0.01687116633790235,
        0.01938324994019543,
        0.02170769288689674,
        0.02017301015924507,
        0.019081085939736415,
        0.017649462703654233,
        0.017129610147094354,
        0.013981532688679485,
        0.014355968460828686,
        0.011331145544924462,
        0.011661971967744952,
        0.006302698030291746,
        0.004274109475469838,
        0.005154633152415045,
        0.0076032833361144485
    ],
    "val_mcc": [
        0.9738516810963534,
        0.9738516810963534,
        1.0,
        1.0,
        0.9738516810963534,
        0.9738516810963534,
        0.9738516810963534,
        0.9738516810963534,
        0.9738516810963534,
        0.9738516810963534,
        0.9738516810963534,
        1.0,
        0.9738516810963534,
        0.9738516810963534,
        0.9738516810963534,
        0.9738516810963534,
        0.9738516810963534,
        0.9738516810963534,
        0.9738516810963534,
        0.9738516810963534,
        0.9738516810963534,
        0.9738516810963534,
        0.9738516810963534,
        0.9738516810963534,
        0.9738516810963534,
        0.9738516810963534,
        0.9738516810963534,
        0.9738516810963534,
        0.9738516810963534,
        0.9738516810963534,
        0.9738516810963534,
        0.9738516810963534,
        0.9738516810963534,
        0.9738516810963534,
        0.9738516810963534,
        0.9738516810963534,
        0.9738516810963534,
        0.9738516810963534,
        0.9738516810963534,
        0.9738516810963534,
        0.9738516810963534,
        0.9738516810963534,
        0.9738516810963534,
        0.9738516810963534,
        0.9738516810963534,
        0.9738516810963534,
        1.0,
        1.0,
        1.0,
        0.9738516810963534
    ],
    "val_auroc": [
        1.0,
        1.0,
        1.0,
        1.0,
        1.0,
        1.0,
        1.0,
        1.0,
        1.0,
        1.0,
        1.0,
        1.0,
        1.0,
        1.0,
        1.0,
        1.0,
        1.0,
        1.0,
        1.0,
        1.0,
        1.0,
        1.0,
        1.0,
        1.0,
        1.0,
        1.0,
        1.0,
        1.0,
        1.0,
        1.0,
        1.0,
        1.0,
        1.0,
        1.0,
        1.0,
        1.0,
        1.0,
        1.0,
        1.0,
        1.0,
        1.0,
        1.0,
        1.0,
        1.0,
        1.0,
        1.0,
        1.0,
        1.0,
        1.0,
        1.0
    ]
}