{
    "train_loss": [
        0.3837814435362816,
        0.1252352513372898,
        0.05874827019870281,
        0.03222259823232889,
        0.024902369268238543,
        0.01404086989350617,
        0.00830417089164257,
        0.008268709061667323,
        0.007924669259227812,
        0.007501971675083041,
        0.007138602575287223,
        0.004274105560034514,
        0.003342901635915041,
        0.0022559011238627137,
        0.0023105133324861525,
        0.0017944673541933297,
        0.001749243587255478,
        0.0013963343866635115,
        0.001248388335807249,
        0.001278392766835168,
        0.001125356467673555,
        0.001129801373463124,
        0.0010186572733800858,
        0.0009203548717778177,
        0.0008822703675832599,
        0.0009289257519412786,
        0.0009876174852252006,
        0.0007934004766866565,
        0.0007581110345199704,
        0.0006400391866918653,
        0.0006094736920204014,
        0.0005589464039076119,
        0.0006391204951796681,
        0.000584348340635188,
        0.0005061372270574793,
        0.0004826124175451696,
        0.00045762666850350796,
        0.0004688990069553256,
        0.0004184927034657449,
        0.00041400158079341054,
        0.0005932653235504404,
        0.000425492090289481,
        0.0004450668318895623,
        0.00036254450387787076,
        0.00033578539150767026,
        0.00030185345240170137,
        0.0003193934462615289,
        0.00031127466936595736,
        0.0002934561314759776,
        0.0002873574107070453
    ],
    "val_loss": [
        0.14775004982948303,
        0.07380358998974164,
        0.02725244127213955,
        0.016734693199396133,
        0.025563879404217005,
        0.0113183599896729,
        0.018964438699185848,
        0.006284524143363039,
        0.005981592461466789,
        0.005606951347241799,
        0.0075943012877057,
        0.005404713524815937,
        0.009065725995848576,
        0.0034241245205824575,
        0.003318801308826854,
        0.0047882772438849015,
        0.004179088554034631,
        0.004235211662792911,
        0.0031442862042846778,
        0.0023881520610302687,
        0.0031037902808748186,
        0.003141110918174187,
        0.003036941731503854,
        0.0035699309955816716,
        0.003662304913935562,
        0.002139699053562557,
        0.0014231219344461958,
        0.0009132115228567272,
        0.0010119305031063657,
        0.0015781072240012388,
        0.002491673280019313,
        0.0027369000017642975,
        0.0023341925310281417,
        0.002276345641197016,
        0.001957314224758496,
        0.0012579281562163185,
        0.0013055965585711722,
        0.0015286143898265436,
        0.0016668504055511828,
        0.0018558678372452657,
        0.0005901188997086138,
        0.0006460205089145651,
        0.001056344461782525,
        0.0014818836158762376,
        0.0019853830211407817,
        0.0021026150449567163,
        0.0018689606028298538,
        0.0016715186648070812,
        0.0015338803107927863,
        0.0015314748452510685
    ],
    "val_mcc": [
        0.9244162777371754,
        0.973505222533836,
        1.0,
        1.0,
        0.973505222533836,
        1.0,
        0.973505222533836,
        1.0,
        1.0,
        1.0,
        1.0,
        1.0,
        1.0,
        1.0,
        1.0,
        1.0,
        1.0,
        1.0,
        1.0,
        1.0,
        1.0,
        1.0,
        1.0,
        1.0,
        1.0,
        1.0,
        1.0,
        1.0,
        1.0,
        1.0,
        1.0,
        1.0,
        1.0,
        1.0,
        1.0,
        1.0,
        1.0,
        1.0,
        1.0,
        1.0,
        1.0,
        1.0,
        1.0,
        1.0,
        1.0,
        1.0,
        1.0,
        1.0,
        1.0,
        1.0
    ],
    "val_auroc": [
        1.0,
        1.0,
        1.0,
        1.0,
        1.0,
        1.0,
        1.0,
        1.0,
        1.0,
        1.0,
        1.0,
        1.0,
        1.0,
        1.0,
        1.0,
        1.0,
        1.0,
        1.0,
        1.0,
        1.0,
        1.0,
        1.0,
        1.0,
        1.0,
        1.0,
        1.0,
        1.0,
        1.0,
        1.0,
        1.0,
        1.0,
        1.0,
        1.0,
        1.0,
        1.0,
        1.0,
        1.0,
        1.0,
        1.0,
        1.0,
        1.0,
        1.0,
        1.0,
        1.0,
        1.0,
        1.0,
        1.0,
        1.0,
        1.0,
        1.0
    ]
}