{
    "train_loss": [
        0.3378791600465775,
        0.08919826671481132,
        0.03376493453979492,
        0.020918607898056506,
        0.011591531708836556,
        0.00836565881036222,
        0.005135698080994189,
        0.003660233621485531,
        0.0029567902674898505,
        0.0023698423872701825,
        0.002051818708423525,
        0.002109711046796292,
        0.0017247712705284358,
        0.0014703236869536341,
        0.0013334224466234445,
        0.0012173405790235846,
        0.0013215417915489525,
        0.0011531860393006355,
        0.0009317390795331448,
        0.000983303674729541,
        0.0009086558304261417,
        0.0007392342202365398,
        0.0007232325559016317,
        0.0005804855842143297,
        0.0007378879468888045,
        0.0006008768890751526,
        0.0005390625359723344,
        0.0005468889110488817,
        0.0005403570597991347,
        0.00044483278470579534,
        0.0004524076357483864,
        0.00044531722960527986,
        0.0004215230030240491,
        0.0004519477253779769,
        0.0003726505674421787,
        0.00035391798592172564,
        0.0003197973856003955,
        0.0003601728152716532,
        0.00030502199078910055,
        0.0003146066563203931,
        0.00029684379696846006,
        0.00026867293927352877,
        0.0002659192614373751,
        0.0002987698928336613,
        0.0002462367090629414,
        0.0002366038053878583,
        0.0002546825839090161,
        0.00022568314452655613,
        0.00020307330269133672,
        0.00022204748674994334
    ],
    "val_loss": [
        0.14411736031373343,
        0.04962151497602463,
        0.05111943371593952,
        0.04681583773344755,
        0.042406346493711077,
        0.05185538980488976,
        0.04662054575358828,
        0.04858823927740256,
        0.050252156564965844,
        0.049288791293899216,
        0.04944662881704668,
        0.04778275169276943,
        0.046946640592068434,
        0.05174992668131987,
        0.05286394703822831,
        0.0486618992096434,
        0.053396061450863876,
        0.05272698652697727,
        0.05235420060732091,
        0.05689303285907954,
        0.055835800051378705,
        0.05528566340217367,
        0.05561240630534788,
        0.05624717221750567,
        0.05532715232887616,
        0.05355844646692276,
        0.05499520379817113,
        0.05870152004839232,
        0.059014475787989795,
        0.05919868514562646,
        0.05911186352993051,
        0.05767643317813054,
        0.060200417724748455,
        0.06553646852262318,
        0.06536791568699603,
        0.064476701557093,
        0.06297745094828618,
        0.062087423575576395,
        0.062047329352935776,
        0.060935168129314356,
        0.060851742387361206,
        0.06106291837447012,
        0.061889048403827474,
        0.06454673475430657,
        0.06643530193832703,
        0.06565161763379972,
        0.06252989582814432,
        0.06250605151096049,
        0.06565640337551788,
        0.06540778873022646
    ],
    "val_mcc": [
        0.9009798587550961,
        0.9738516810963534,
        0.9738516810963534,
        0.9738516810963534,
        0.9738516810963534,
        0.9738516810963534,
        0.9738516810963534,
        0.9738516810963534,
        0.9738516810963534,
        0.9738516810963534,
        0.9738516810963534,
        0.9738516810963534,
        0.9738516810963534,
        0.9738516810963534,
        0.9738516810963534,
        0.9738516810963534,
        0.9738516810963534,
        0.9738516810963534,
        0.9738516810963534,
        0.9738516810963534,
        0.9738516810963534,
        0.9738516810963534,
        0.9738516810963534,
        0.9738516810963534,
        0.9738516810963534,
        0.9738516810963534,
        0.9738516810963534,
        0.9738516810963534,
        0.9738516810963534,
        0.9738516810963534,
        0.9738516810963534,
        0.9738516810963534,
        0.9738516810963534,
        0.9738516810963534,
        0.9738516810963534,
        0.9738516810963534,
        0.9738516810963534,
        0.9738516810963534,
        0.9738516810963534,
        0.9738516810963534,
        0.9738516810963534,
        0.9738516810963534,
        0.9738516810963534,
        0.9738516810963534,
        0.9738516810963534,
        0.9738516810963534,
        0.9738516810963534,
        0.9738516810963534,
        0.9738516810963534,
        0.9738516810963534
    ],
    "val_auroc": [
        1.0,
        1.0,
        1.0,
        1.0,
        1.0,
        1.0,
        1.0,
        1.0,
        1.0,
        1.0,
        1.0,
        1.0,
        1.0,
        1.0,
        1.0,
        1.0,
        1.0,
        1.0,
        1.0,
        1.0,
        1.0,
        1.0,
        1.0,
        1.0,
        1.0,
        1.0,
        1.0,
        1.0,
        1.0,
        1.0,
        1.0,
        1.0,
        1.0,
        1.0,
        1.0,
        1.0,
        1.0,
        1.0,
        1.0,
        1.0,
        1.0,
        1.0,
        1.0,
        1.0,
        1.0,
        1.0,
        1.0,
        1.0,
        1.0,
        1.0
    ]
}