{
    "train_loss": [
        0.32750222384929656,
        0.09254090674221516,
        0.052535825222730634,
        0.032744376175105575,
        0.022888178611174224,
        0.0259287488181144,
        0.037708255695179105,
        0.02128377417102456,
        0.018728902097791433,
        0.009146311273798346,
        0.01969972560182214,
        0.029270221944898367,
        0.04768236521631479,
        0.009366988833062351,
        0.014558156905695795,
        0.012289767852053046,
        0.00978463152423501,
        0.004941640142351389,
        0.001778972230385989,
        0.0016865665791556239,
        0.0012818282353691756,
        0.0011727422417607159,
        0.0010112418851349503,
        0.00098070798558183,
        0.0007799887011060491,
        0.0007288620341569185,
        0.0006578473869012669,
        0.0008495478716213257,
        0.0007409994053887203,
        0.0006027416238794103,
        0.0005976085754809901,
        0.00058078674483113,
        0.0005192717915633693,
        0.0005294795279041864,
        0.0004634730808902532,
        0.0004356591438408941,
        0.00042959993588738145,
        0.00040362827421631665,
        0.0004245215270202607,
        0.0004007792100310326,
        0.00035691796656465156,
        0.00044446617539506406,
        0.0003499475191347301,
        0.00033321756345685574,
        0.0003326077145175077,
        0.00031742362771183255,
        0.0003376563254278153,
        0.0002552668083808385,
        0.00030118268041405826,
        0.0002838229265762493
    ],
    "val_loss": [
        0.12149297694365184,
        0.0322661946217219,
        0.015570716777195534,
        0.013281204892943302,
        0.007024481892585754,
        0.05537145088116328,
        0.013733500459541878,
        0.009202441355834404,
        0.015233232329289118,
        0.005610077719514568,
        0.004464040665576856,
        0.08026937892039616,
        0.018272373902921874,
        0.023942921310663223,
        0.006730521718660991,
        0.02662268467247486,
        0.005937888287007809,
        0.0018224822512517373,
        0.005083980970084667,
        0.00568348029628396,
        0.0028356655966490507,
        0.0016077643958851695,
        0.0011139984708279371,
        0.0008537485846318305,
        0.0007442847903197011,
        0.0007290687450828651,
        0.0007499534791956345,
        0.0010573392501100898,
        0.0011137049878016114,
        0.0009867035550996661,
        0.0008583411496753494,
        0.0008075139679325124,
        0.0007560212106909603,
        0.000662737370779117,
        0.0006062141134558866,
        0.0005888043572970977,
        0.0005975890574821582,
        0.0005772505440594008,
        0.0005780776555184275,
        0.0005899915025414278,
        0.0005406810281177362,
        0.0004339497148369749,
        0.0004037332837469876,
        0.00038698301068507135,
        0.0003835371947692086,
        0.00038050370252070326,
        0.00034093445477386314,
        0.0003178883926011622,
        0.00029906671261414886,
        0.0002946347716109206
    ],
    "val_mcc": [
        1.0,
        1.0,
        1.0,
        1.0,
        1.0,
        0.9486832980505139,
        1.0,
        1.0,
        1.0,
        1.0,
        1.0,
        0.9244162777371754,
        1.0,
        0.9486832980505139,
        1.0,
        0.9486832980505139,
        1.0,
        1.0,
        1.0,
        1.0,
        1.0,
        1.0,
        1.0,
        1.0,
        1.0,
        1.0,
        1.0,
        1.0,
        1.0,
        1.0,
        1.0,
        1.0,
        1.0,
        1.0,
        1.0,
        1.0,
        1.0,
        1.0,
        1.0,
        1.0,
        1.0,
        1.0,
        1.0,
        1.0,
        1.0,
        1.0,
        1.0,
        1.0,
        1.0,
        1.0
    ],
    "val_auroc": [
        1.0,
        1.0,
        1.0,
        1.0,
        1.0,
        1.0,
        1.0,
        1.0,
        1.0,
        1.0,
        1.0,
        1.0,
        1.0,
        1.0,
        1.0,
        1.0,
        1.0,
        1.0,
        1.0,
        1.0,
        1.0,
        1.0,
        1.0,
        1.0,
        1.0,
        1.0,
        1.0,
        1.0,
        1.0,
        1.0,
        1.0,
        1.0,
        1.0,
        1.0,
        1.0,
        1.0,
        1.0,
        1.0,
        1.0,
        1.0,
        1.0,
        1.0,
        1.0,
        1.0,
        1.0,
        1.0,
        1.0,
        1.0,
        1.0,
        1.0
    ]
}