{
    "train_loss": [
        0.33235935866832733,
        0.10040079988539219,
        0.045157128013670444,
        0.0262211324647069,
        0.017463671509176493,
        0.010148093523457646,
        0.00715457946062088,
        0.005503992200829089,
        0.004048954485915602,
        0.003767172293737531,
        0.0027094123186543586,
        0.002541622624266893,
        0.0018145258887670933,
        0.0016613151296041907,
        0.0016131595824845136,
        0.001502513507148251,
        0.0013211078476160765,
        0.0011218211671803146,
        0.001448396290652454,
        0.0009736140433233232,
        0.0009562025836203248,
        0.0008358504972420632,
        0.0008329459524247795,
        0.0007302561134565622,
        0.0007428168930346147,
        0.0007008406508248299,
        0.0007571514404844492,
        0.0007558247016277164,
        0.000625750407925807,
        0.0005606393737252801,
        0.0005238230602117256,
        0.00055586094094906,
        0.0004825328825972974,
        0.0004705870640464127,
        0.0005715133185731248,
        0.0004505450138822198,
        0.0004015515121864155,
        0.0003754038130864501,
        0.00035978297964902597,
        0.0004013552432297729,
        0.00034863141336245463,
        0.00034660681412788106,
        0.00030270133720478043,
        0.0003183968656230718,
        0.0002752155327470973,
        0.00031433901021955536,
        0.00024907148181227965,
        0.0002280060260090977,
        0.00022282333666225895,
        0.00021809465397382155
    ],
    "val_loss": [
        0.13057124614715576,
        0.06266562392314275,
        0.045427027779320873,
        0.04608198348432779,
        0.03531695529818535,
        0.0444255651285251,
        0.04733584068405131,
        0.04476170366009077,
        0.052996788561965026,
        0.051863762472445764,
        0.04951085712915907,
        0.056639445829205215,
        0.059042463855197035,
        0.05771704875708868,
        0.06083908894409736,
        0.062473866622895,
        0.05938803544268012,
        0.05985575924084211,
        0.06151635836188992,
        0.06521544962500532,
        0.06618001102469862,
        0.06549877946963534,
        0.06525012241521229,
        0.06549740590465565,
        0.06524012949860965,
        0.06735634299305578,
        0.06356322528639187,
        0.06510797516481641,
        0.06746841392790277,
        0.07018830761080608,
        0.07130372368070918,
        0.07183972665613207,
        0.07221354491775855,
        0.07152728914904098,
        0.06660841468449992,
        0.06802496218976255,
        0.07136549942273025,
        0.07346628206626822,
        0.07375883836842452,
        0.07242133784651135,
        0.07197704229232234,
        0.07294296138570644,
        0.07386675861198455,
        0.07442307830206119,
        0.0753144146632015,
        0.07567915198645399,
        0.0763086182026503,
        0.07692278671796278,
        0.07753709231231672,
        0.07819496589460566
    ],
    "val_mcc": [
        0.9738516810963534,
        0.9738516810963534,
        0.9738516810963534,
        0.9738516810963534,
        0.9738516810963534,
        0.9738516810963534,
        0.9738516810963534,
        0.9738516810963534,
        0.9738516810963534,
        0.9738516810963534,
        0.9738516810963534,
        0.9738516810963534,
        0.9738516810963534,
        0.9738516810963534,
        0.9738516810963534,
        0.9738516810963534,
        0.9738516810963534,
        0.9738516810963534,
        0.9738516810963534,
        0.9738516810963534,
        0.9738516810963534,
        0.9738516810963534,
        0.9738516810963534,
        0.9738516810963534,
        0.9738516810963534,
        0.9738516810963534,
        0.9738516810963534,
        0.9738516810963534,
        0.9738516810963534,
        0.9738516810963534,
        0.9738516810963534,
        0.9738516810963534,
        0.9738516810963534,
        0.9738516810963534,
        0.9738516810963534,
        0.9738516810963534,
        0.9738516810963534,
        0.9738516810963534,
        0.9738516810963534,
        0.9738516810963534,
        0.9738516810963534,
        0.9738516810963534,
        0.9738516810963534,
        0.9738516810963534,
        0.9738516810963534,
        0.9738516810963534,
        0.9738516810963534,
        0.9738516810963534,
        0.9738516810963534,
        0.9738516810963534
    ],
    "val_auroc": [
        0.984,
        0.9993333333333333,
        0.9993333333333333,
        1.0,
        1.0,
        1.0,
        0.9993333333333333,
        1.0,
        1.0,
        1.0,
        1.0,
        1.0,
        1.0,
        1.0,
        1.0,
        1.0,
        1.0,
        1.0,
        1.0,
        1.0,
        1.0,
        1.0,
        1.0,
        1.0,
        1.0,
        1.0,
        1.0,
        1.0,
        1.0,
        1.0,
        1.0,
        1.0,
        1.0,
        1.0,
        1.0,
        1.0,
        1.0,
        1.0,
        1.0,
        1.0,
        1.0,
        1.0,
        1.0,
        1.0,
        1.0,
        1.0,
        1.0,
        1.0,
        1.0,
        1.0
    ]
}