{
    "train_loss": [
        0.6528562426567077,
        0.5616629749536515,
        0.5181261360645294,
        0.5006576538085937,
        0.4916481003165245,
        0.481238029897213,
        0.48462969362735747,
        0.4639585494995117,
        0.4610284462571144,
        0.4411745756864548,
        0.4314520739018917,
        0.44861576706171036,
        0.4313672944903374,
        0.42508215382695197,
        0.4332815945148468,
        0.4345573917031288,
        0.4130531206727028,
        0.41276916712522504,
        0.424989278614521,
        0.41607318371534346,
        0.43088858276605607,
        0.4058980822563171,
        0.42121944651007653,
        0.40820539444684983,
        0.41190022602677345,
        0.420016373693943,
        0.4132486328482628,
        0.4181297942996025,
        0.4182024493813515,
        0.39351714178919794,
        0.4047743409872055,
        0.4075053080916405,
        0.4519592523574829,
        0.4102513790130615,
        0.40236191600561144,
        0.3864670477807522,
        0.4077244073152542,
        0.40696110427379606,
        0.3862457349896431,
        0.4203533589839935,
        0.3838754765689373,
        0.410532958060503,
        0.39281071424484254,
        0.4377464115619659,
        0.3980806164443493,
        0.3943972557783127,
        0.4047805815935135,
        0.3759450539946556,
        0.3718787759542465,
        0.4121322683990002
    ],
    "val_loss": [
        0.605399227142334,
        0.5214102625846863,
        0.5040024399757386,
        0.49718605875968935,
        0.49202187061309816,
        0.4894329845905304,
        0.47727751135826113,
        0.4841013789176941,
        0.4887452006340027,
        0.4847031235694885,
        0.4896401107311249,
        0.4948528528213501,
        0.4992957472801208,
        0.5139525055885314,
        0.5032745480537415,
        0.5040837347507476,
        0.4986713945865631,
        0.49164466857910155,
        0.5088578999042511,
        0.5088723301887512,
        0.521963107585907,
        0.5194417536258698,
        0.5261069297790527,
        0.5122443914413453,
        0.5125876188278198,
        0.5307723402976989,
        0.5320353031158447,
        0.5250138401985168,
        0.5267711639404297,
        0.5210409939289093,
        0.537444818019867,
        0.529071593284607,
        0.5380437552928925,
        0.5359041929244995,
        0.5290298819541931,
        0.5360039710998535,
        0.5449341118335724,
        0.5418757319450378,
        0.521777617931366,
        0.5312902390956878,
        0.5370425939559936,
        0.5375528931617737,
        0.5391400337219239,
        0.5465925812721253,
        0.5449854850769043,
        0.5621631443500519,
        0.5407460451126098,
        0.5470152258872986,
        0.5389771819114685,
        0.543790078163147
    ],
    "val_mcc": [
        0.4569299776953924,
        0.4565989902052032,
        0.4453951121014892,
        0.4415554128904508,
        0.44629245426346864,
        0.470198855849646,
        0.523845989024464,
        0.488179355005863,
        0.4482573346795994,
        0.49137176161525076,
        0.4629100498862757,
        0.44951398255540453,
        0.4621550622759656,
        0.4361111111111111,
        0.5076755895881876,
        0.5076755895881876,
        0.5044185153893525,
        0.4586276173207597,
        0.5044185153893525,
        0.49137176161525076,
        0.43293836293668037,
        0.42860685465918363,
        0.44565871858907996,
        0.5112313234371975,
        0.4829785782690125,
        0.44212778536176034,
        0.5030933120788192,
        0.48537348531197416,
        0.42907587963565635,
        0.488179355005863,
        0.4795500044623094,
        0.46601639597086725,
        0.378691704962503,
        0.399524141950553,
        0.47503861698921623,
        0.4037216635973952,
        0.507637536974827,
        0.47186039625508397,
        0.43893811257017395,
        0.46601639597086725,
        0.46601639597086725,
        0.44565871858907996,
        0.43293836293668037,
        0.44565871858907996,
        0.4785757597651158,
        0.4123951744684367,
        0.46601639597086725,
        0.4371015994440689,
        0.44565871858907996,
        0.4204522053456932
    ],
    "val_auroc": [
        0.8146296296296296,
        0.827962962962963,
        0.8329629629629629,
        0.8290740740740741,
        0.824814814814815,
        0.8246296296296296,
        0.8342592592592593,
        0.8316666666666667,
        0.8207407407407408,
        0.8283333333333335,
        0.8246296296296296,
        0.8201851851851852,
        0.8187037037037037,
        0.8016666666666667,
        0.8218518518518518,
        0.8216666666666667,
        0.8203703703703705,
        0.8294444444444445,
        0.8146296296296297,
        0.812962962962963,
        0.805925925925926,
        0.8057407407407408,
        0.8027777777777777,
        0.8144444444444444,
        0.8168518518518518,
        0.8018518518518519,
        0.8038888888888889,
        0.801111111111111,
        0.795925925925926,
        0.805,
        0.8007407407407408,
        0.8018518518518519,
        0.7942592592592593,
        0.7907407407407406,
        0.8035185185185185,
        0.7916666666666666,
        0.7957407407407407,
        0.7918518518518519,
        0.8111111111111111,
        0.7953703703703704,
        0.7905555555555556,
        0.8025925925925925,
        0.7937037037037037,
        0.792962962962963,
        0.7899999999999999,
        0.7775925925925926,
        0.7924074074074074,
        0.7894444444444445,
        0.7890740740740741,
        0.791111111111111
    ]
}