{
    "train_loss": [
        0.6874262511730194,
        0.5942602694034577,
        0.5497255757451057,
        0.5274968013167382,
        0.5070329800248146,
        0.46797277927398684,
        0.48867697864770887,
        0.474137282371521,
        0.45496696382761004,
        0.4988324210047722,
        0.44388089030981065,
        0.46291723400354384,
        0.45659237504005434,
        0.4595289319753647,
        0.4418571725487709,
        0.4954333961009979,
        0.4334919601678848,
        0.40963844656944276,
        0.4157855749130249,
        0.4364436104893684,
        0.43086030781269075,
        0.41743517592549323,
        0.42009959667921065,
        0.4289820156991482,
        0.441881300508976,
        0.4265646353363991,
        0.4393607199192047,
        0.4242230445146561,
        0.40558452904224396,
        0.4248936504125595,
        0.41074776500463483,
        0.43865120559930804,
        0.3938876509666443,
        0.4162848122417927,
        0.4070441722869873,
        0.4307997301220894,
        0.409192156791687,
        0.4059931240975857,
        0.4162412077188492,
        0.41549867689609526,
        0.4216622725129128,
        0.4192353129386902,
        0.3944083794951439,
        0.4018364079296589,
        0.3940272144973278,
        0.37770476937294006,
        0.38958179801702497,
        0.3920956805348396,
        0.36958713456988335,
        0.43774848282337187
    ],
    "val_loss": [
        0.6491082310676575,
        0.5841670751571655,
        0.5484895288944245,
        0.5161933064460754,
        0.5154418885707855,
        0.5046170830726624,
        0.5007264792919159,
        0.49253422021865845,
        0.4844011962413788,
        0.49358721971511843,
        0.496148020029068,
        0.49175251722335817,
        0.48428928256034853,
        0.48629223704338076,
        0.4791197836399078,
        0.4755511224269867,
        0.48706992864608767,
        0.48927624225616456,
        0.4889865219593048,
        0.488018661737442,
        0.48776026964187624,
        0.48960086703300476,
        0.4975744903087616,
        0.4965855121612549,
        0.5016954720020295,
        0.4968979895114899,
        0.5081521511077881,
        0.4962486386299133,
        0.4998231649398804,
        0.5085804343223572,
        0.5225230515003204,
        0.5203250110149383,
        0.5132183194160461,
        0.5081613183021545,
        0.5021309316158294,
        0.4904745936393738,
        0.49633811712265014,
        0.4962662398815155,
        0.498349004983902,
        0.5159103274345398,
        0.5125724017620087,
        0.5232477307319641,
        0.5398411095142365,
        0.5351778090000152,
        0.5199815034866333,
        0.5201300740242004,
        0.5183357715606689,
        0.5199114680290222,
        0.5252892255783081,
        0.5086317420005798
    ],
    "val_mcc": [
        0.42792451323234065,
        0.4890082279140345,
        0.5091566618724672,
        0.4848401374141137,
        0.46800784077976626,
        0.4453951121014892,
        0.4536804288397352,
        0.47503861698921623,
        0.4554505402607156,
        0.4621550622759656,
        0.4621550622759656,
        0.4949311924976656,
        0.4621550622759656,
        0.4415554128904508,
        0.43293836293668037,
        0.45264468713792444,
        0.4162788201889437,
        0.44565871858907996,
        0.4204522053456932,
        0.47503861698921623,
        0.44212778536176034,
        0.44951398255540453,
        0.44951398255540453,
        0.4415554128904508,
        0.47503861698921623,
        0.42962962962962964,
        0.4231239953597295,
        0.46601639597086725,
        0.4415554128904508,
        0.470198855849646,
        0.41291196993125556,
        0.45814814814814814,
        0.42490498154100403,
        0.4586276173207597,
        0.4123951744684367,
        0.40881490876633847,
        0.42490498154100403,
        0.4081868029172705,
        0.4081868029172705,
        0.399524141950553,
        0.3868989217888074,
        0.4204522053456932,
        0.42490498154100403,
        0.399524141950553,
        0.4536804288397352,
        0.44951398255540453,
        0.4081868029172705,
        0.2883220935509966,
        0.3868989217888074,
        0.4371015994440689
    ],
    "val_auroc": [
        0.8264814814814815,
        0.82,
        0.8312962962962963,
        0.8388888888888889,
        0.835,
        0.8322222222222222,
        0.8264814814814815,
        0.8362962962962963,
        0.8333333333333334,
        0.8290740740740741,
        0.83,
        0.8311111111111111,
        0.8325925925925926,
        0.8311111111111111,
        0.8342592592592593,
        0.8372222222222223,
        0.8344444444444444,
        0.8316666666666667,
        0.8331481481481482,
        0.8314814814814815,
        0.8329629629629629,
        0.8307407407407408,
        0.8303703703703704,
        0.827962962962963,
        0.8338888888888889,
        0.8303703703703704,
        0.8248148148148148,
        0.8255555555555556,
        0.8255555555555555,
        0.8192592592592594,
        0.8168518518518518,
        0.8237037037037036,
        0.8237037037037037,
        0.825925925925926,
        0.835,
        0.8281481481481482,
        0.8307407407407408,
        0.8225925925925925,
        0.8325925925925926,
        0.8277777777777777,
        0.8396296296296296,
        0.8296296296296296,
        0.8275925925925927,
        0.8229629629629629,
        0.830925925925926,
        0.8290740740740741,
        0.8277777777777777,
        0.8233333333333334,
        0.8292592592592594,
        0.8281481481481481
    ]
}