{
    "train_loss": [
        0.6263515919446945,
        0.5466407150030136,
        0.51746935993433,
        0.5021579608321189,
        0.49743271470069883,
        0.4610646441578865,
        0.4842266544699669,
        0.45732044130563737,
        0.4531470574438572,
        0.4616035893559456,
        0.47133692651987075,
        0.44778641909360883,
        0.42081308811903,
        0.4536862462759018,
        0.47239747643470764,
        0.435245606303215,
        0.4435800969600677,
        0.43409558236598966,
        0.44462820440530776,
        0.43960623145103456,
        0.4547709867358208,
        0.4346386671066284,
        0.40982435941696166,
        0.42243373543024065,
        0.42343913316726683,
        0.4384537234902382,
        0.41560747027397155,
        0.4090383678674698,
        0.39808528423309325,
        0.4381909005343914,
        0.4091089129447937,
        0.4285255238413811,
        0.41120059713721274,
        0.40724100470542907,
        0.43063890635967256,
        0.4094770163297653,
        0.39851498901844024,
        0.4025588437914848,
        0.387894880771637,
        0.398945626616478,
        0.4305329844355583,
        0.37019775360822677,
        0.3932553231716156,
        0.4108077809214592,
        0.403382308781147,
        0.42967161536216736,
        0.3849131420254707,
        0.3949273765087128,
        0.4029751345515251,
        0.39377585873007775
    ],
    "val_loss": [
        0.5567069888114929,
        0.47600569725036623,
        0.4611605703830719,
        0.4557078957557678,
        0.44630438685417173,
        0.44626969695091245,
        0.4438539445400238,
        0.444825679063797,
        0.44780160784721373,
        0.4431935131549835,
        0.43508249521255493,
        0.43821402788162234,
        0.4510111153125763,
        0.4723361611366272,
        0.45509180426597595,
        0.46845901012420654,
        0.442287403345108,
        0.4534185826778412,
        0.45814523100852966,
        0.45504454970359803,
        0.4643520891666412,
        0.4725611209869385,
        0.45874195694923403,
        0.4589097499847412,
        0.44701021909713745,
        0.4531277120113373,
        0.460110080242157,
        0.4596834182739258,
        0.4564711093902588,
        0.4663989543914795,
        0.469370973110199,
        0.4678929388523102,
        0.46553351283073424,
        0.481550520658493,
        0.4772590219974518,
        0.4781936049461365,
        0.47684167623519896,
        0.476881331205368,
        0.48464312553405764,
        0.4654277920722961,
        0.48084713220596315,
        0.4926458656787872,
        0.4949953734874725,
        0.4930465579032898,
        0.49124057292938234,
        0.4837077260017395,
        0.4995740056037903,
        0.5036184012889862,
        0.49833054542541505,
        0.5134702146053314
    ],
    "val_mcc": [
        0.5275014756628025,
        0.5739802516622767,
        0.5583333333333333,
        0.5293077239816804,
        0.57514232046575,
        0.5426025286128388,
        0.5277777777777778,
        0.5583333333333333,
        0.5583333333333333,
        0.5426025286128388,
        0.5293077239816804,
        0.5583333333333333,
        0.5578106278623646,
        0.49478849525628427,
        0.5426025286128388,
        0.4946924178065539,
        0.5436463605311886,
        0.5277777777777778,
        0.5452193754144914,
        0.5452193754144914,
        0.5436463605311886,
        0.5133124694001006,
        0.5594309277855158,
        0.5436463605311886,
        0.57514232046575,
        0.5895541315893512,
        0.5267763660521029,
        0.4944160539751941,
        0.5733913235304428,
        0.5436463605311886,
        0.49722222222222223,
        0.5436463605311886,
        0.5610582289350549,
        0.5337984137894888,
        0.5133124694001006,
        0.5578106278623646,
        0.5768345680611731,
        0.5277777777777778,
        0.5426025286128388,
        0.5313256180417312,
        0.5177310926909664,
        0.5293077239816804,
        0.5177310926909664,
        0.5594309277855158,
        0.5452193754144914,
        0.5452193754144914,
        0.5044185153893525,
        0.5177310926909664,
        0.5177310926909664,
        0.4690613163740094
    ],
    "val_auroc": [
        0.8529629629629629,
        0.8681481481481481,
        0.8575925925925926,
        0.857037037037037,
        0.8642592592592593,
        0.8607407407407407,
        0.8594444444444443,
        0.865925925925926,
        0.8637037037037036,
        0.8659259259259259,
        0.8690740740740741,
        0.8688888888888889,
        0.8622222222222221,
        0.8555555555555555,
        0.8587037037037037,
        0.8542592592592592,
        0.8646296296296296,
        0.8625925925925926,
        0.8529629629629629,
        0.8585185185185186,
        0.8551851851851852,
        0.8446296296296296,
        0.8555555555555555,
        0.8572222222222222,
        0.8592592592592593,
        0.8585185185185186,
        0.857037037037037,
        0.8574074074074074,
        0.8603703703703703,
        0.8555555555555555,
        0.8516666666666667,
        0.8518518518518519,
        0.8520370370370369,
        0.8435185185185184,
        0.845925925925926,
        0.8431481481481481,
        0.8435185185185186,
        0.8444444444444444,
        0.8412962962962963,
        0.8496296296296296,
        0.8427777777777778,
        0.8407407407407408,
        0.8377777777777778,
        0.8377777777777777,
        0.840925925925926,
        0.8435185185185186,
        0.8355555555555556,
        0.8337037037037037,
        0.837037037037037,
        0.8222222222222222
    ]
}