{
    "train_loss": [
        0.6380411565303803,
        0.5494547039270401,
        0.5071442857384681,
        0.4861700490117073,
        0.48593215495347974,
        0.4783590793609619,
        0.47135408222675323,
        0.4623691216111183,
        0.4453263610601425,
        0.43372842669487,
        0.44031854569911955,
        0.44846731424331665,
        0.45559233129024507,
        0.4322089463472366,
        0.43470802903175354,
        0.42832200080156324,
        0.4012698523700237,
        0.4227125808596611,
        0.43364893943071364,
        0.4347021013498306,
        0.4200374364852905,
        0.4237291894853115,
        0.4182381197810173,
        0.4047058328986168,
        0.39651650562882423,
        0.38988904356956483,
        0.411191762983799,
        0.39454507306218145,
        0.3934095583856106,
        0.4074477210640907,
        0.38651515543460846,
        0.4055959478020668,
        0.40799926966428757,
        0.3750902533531189,
        0.4140559658408165,
        0.3655190788209438,
        0.387689034640789,
        0.3968890652060509,
        0.38263347148895266,
        0.37644847184419633,
        0.3785679258406162,
        0.3726892814040184,
        0.37708248719573023,
        0.3999878458678722,
        0.39051701724529264,
        0.35361423939466474,
        0.3708756312727928,
        0.39826432466506956,
        0.36367062479257584,
        0.37832769975066183
    ],
    "val_loss": [
        0.6272971034049988,
        0.573610270023346,
        0.5455496907234192,
        0.533536148071289,
        0.514336907863617,
        0.5164891242980957,
        0.5146260440349579,
        0.5111202418804168,
        0.5062564432621002,
        0.5092167913913727,
        0.5120093047618866,
        0.503182303905487,
        0.5058331251144409,
        0.5126745283603669,
        0.5168038725852966,
        0.5056855142116546,
        0.5077845096588135,
        0.5183414578437805,
        0.5186115205287933,
        0.5221223413944245,
        0.5207072257995605,
        0.5313939392566681,
        0.5302404582500457,
        0.5348184883594513,
        0.5457937777042389,
        0.5355035066604614,
        0.5293242931365967,
        0.5333700597286224,
        0.538382065296173,
        0.5387597918510437,
        0.5368836700916291,
        0.5367916047573089,
        0.527398818731308,
        0.5335959017276763,
        0.5309554219245911,
        0.5442136466503144,
        0.5534215629100799,
        0.5543360471725464,
        0.5484022378921509,
        0.556086254119873,
        0.5641364216804504,
        0.5773643553256989,
        0.5733622670173645,
        0.5619581758975982,
        0.5782844126224518,
        0.5829232454299926,
        0.5666525185108184,
        0.5778543293476105,
        0.5973850071430207,
        0.5714053690433503
    ],
    "val_mcc": [
        0.3967688373141299,
        0.3948756445225109,
        0.3716485456845405,
        0.39566723474012894,
        0.43340096358149277,
        0.4451966794342491,
        0.40499036057036664,
        0.43340096358149277,
        0.4163565040790149,
        0.41982570521563306,
        0.40950573866272966,
        0.4451966794342491,
        0.42209630564268347,
        0.37468238737693066,
        0.406340002462896,
        0.40247027165646065,
        0.4109484238358727,
        0.406340002462896,
        0.4280829607710349,
        0.4451966794342491,
        0.4109484238358727,
        0.4280829607710349,
        0.45040877156260045,
        0.42209630564268347,
        0.44080977217727263,
        0.4562172790691313,
        0.41714268769065765,
        0.4109484238358727,
        0.4451966794342491,
        0.4565175826701634,
        0.40499036057036664,
        0.4733865355240367,
        0.4565175826701634,
        0.45040877156260045,
        0.4280829607710349,
        0.45040877156260045,
        0.4280829607710349,
        0.3818193144402826,
        0.40499036057036664,
        0.40499036057036664,
        0.40499036057036664,
        0.3999486424729386,
        0.4109484238358727,
        0.4280829607710349,
        0.42693510619959607,
        0.3572706782757994,
        0.4278916850683048,
        0.36775709784974636,
        0.34689450309740066,
        0.4109484238358727
    ],
    "val_auroc": [
        0.800188679245283,
        0.8073584905660377,
        0.809811320754717,
        0.8064150943396227,
        0.8101886792452829,
        0.8092452830188679,
        0.8090566037735849,
        0.8088679245283019,
        0.8067924528301886,
        0.810377358490566,
        0.8107547169811321,
        0.8166037735849057,
        0.8113207547169812,
        0.8066037735849056,
        0.8030188679245283,
        0.8130188679245284,
        0.810188679245283,
        0.8058490566037736,
        0.8043396226415095,
        0.8033962264150942,
        0.801320754716981,
        0.7952830188679245,
        0.7962264150943396,
        0.7956603773584905,
        0.79,
        0.7969811320754716,
        0.8043396226415094,
        0.799811320754717,
        0.7875471698113208,
        0.8020754716981131,
        0.8016981132075471,
        0.7943396226415094,
        0.7960377358490567,
        0.7954716981132075,
        0.7966037735849056,
        0.7907547169811321,
        0.7839622641509434,
        0.7881132075471697,
        0.7966037735849057,
        0.7881132075471697,
        0.7839622641509434,
        0.7709433962264151,
        0.7786792452830188,
        0.7822641509433963,
        0.7732075471698113,
        0.7562264150943396,
        0.781132075471698,
        0.7675471698113208,
        0.7569811320754716,
        0.7816981132075471
    ]
}