{
    "train_loss": [
        0.5934030324220657,
        0.5328173160552978,
        0.479751917719841,
        0.4766595155000687,
        0.46000267565250397,
        0.46217384934425354,
        0.46312796920537946,
        0.4604572653770447,
        0.44645919352769853,
        0.447259883582592,
        0.43915058523416517,
        0.43781564086675645,
        0.4397870659828186,
        0.43806092739105223,
        0.4295459032058716,
        0.4269074499607086,
        0.421714498847723,
        0.4291360452771187,
        0.44129808992147446,
        0.42891367375850675,
        0.47913914918899536,
        0.424662446975708,
        0.4209570214152336,
        0.4044262066483498,
        0.4112263426184654,
        0.4109419614076614,
        0.4170504003763199,
        0.40728930085897447,
        0.40040072947740557,
        0.4535949259996414,
        0.41567977517843246,
        0.41540326178073883,
        0.4252316281199455,
        0.39588995203375815,
        0.3929998382925987,
        0.40518013536930086,
        0.39939684644341467,
        0.3940890714526176,
        0.38943418562412263,
        0.3973881736397743,
        0.3777822479605675,
        0.3928966000676155,
        0.396009624004364,
        0.38283117264509203,
        0.3819744221866131,
        0.405302657186985,
        0.37674720883369445,
        0.39727879464626314,
        0.4097889892756939,
        0.37269334495067596
    ],
    "val_loss": [
        0.5781981825828553,
        0.5264599919319153,
        0.5166550517082215,
        0.5131642162799835,
        0.5206261456012726,
        0.5022053778171539,
        0.4925990402698517,
        0.5006181180477143,
        0.5041336059570313,
        0.5080541551113129,
        0.5139357149600983,
        0.5112083852291107,
        0.5156302869319915,
        0.5124484837055207,
        0.5242050468921662,
        0.5310552656650543,
        0.529903793334961,
        0.5319727957248688,
        0.5347463667392731,
        0.5299537181854248,
        0.5163004636764527,
        0.5230060458183289,
        0.5190864026546478,
        0.5248225033283234,
        0.5226224541664124,
        0.5193017601966858,
        0.5240933418273925,
        0.5190688669681549,
        0.512570583820343,
        0.5023395538330078,
        0.5137328684329987,
        0.5305031776428223,
        0.5061344504356384,
        0.5098381996154785,
        0.5249544501304626,
        0.5201769053936005,
        0.5243713319301605,
        0.530240398645401,
        0.5230851590633392,
        0.5293177306652069,
        0.5184118807315826,
        0.5307088971138001,
        0.5188538312911988,
        0.5363653540611267,
        0.52921062707901,
        0.5381985962390899,
        0.5267703711986542,
        0.5258753597736359,
        0.5481305181980133,
        0.538414579629898
    ],
    "val_mcc": [
        0.4537713096706264,
        0.404316334215188,
        0.404316334215188,
        0.37416994087458183,
        0.3913848896195001,
        0.3871705285065625,
        0.396893341468467,
        0.396893341468467,
        0.4175173988249559,
        0.4175173988249559,
        0.4084817350749448,
        0.4310056220797015,
        0.37870674438105884,
        0.4447998920627336,
        0.4140199809430601,
        0.4310056220797015,
        0.4279069682532859,
        0.45892059503810484,
        0.4310056220797015,
        0.44786426914334937,
        0.4646091208964002,
        0.4251939035616604,
        0.47557980318240717,
        0.4512967336533005,
        0.4615634812910983,
        0.42134081163640025,
        0.4175173988249559,
        0.4310056220797015,
        0.43446272755579407,
        0.4615634812910983,
        0.47557980318240717,
        0.43446272755579407,
        0.44786426914334937,
        0.4646091208964002,
        0.4310056220797015,
        0.4782111394617429,
        0.44786426914334937,
        0.47557980318240717,
        0.5085580097801363,
        0.45892059503810484,
        0.44213012215373737,
        0.44786426914334937,
        0.5359091083222057,
        0.4782111394617429,
        0.4550761910083206,
        0.4278916850683048,
        0.42134081163640025,
        0.47557980318240717,
        0.47557980318240717,
        0.5177566911273874
    ],
    "val_auroc": [
        0.7979245283018868,
        0.7949056603773584,
        0.7986792452830189,
        0.7984905660377358,
        0.7928301886792453,
        0.8077358490566038,
        0.8183018867924529,
        0.8060377358490567,
        0.8041509433962264,
        0.8047169811320755,
        0.8015094339622643,
        0.8045283018867924,
        0.7992452830188679,
        0.8024528301886793,
        0.8005660377358491,
        0.7924528301886792,
        0.7967924528301886,
        0.7956603773584906,
        0.7920754716981132,
        0.7994339622641511,
        0.8094339622641509,
        0.8058490566037736,
        0.8141509433962264,
        0.8041509433962264,
        0.8060377358490567,
        0.8052830188679244,
        0.8056603773584905,
        0.8109433962264151,
        0.8122641509433962,
        0.8247169811320755,
        0.8079245283018868,
        0.7988679245283019,
        0.8183018867924529,
        0.8164150943396226,
        0.8056603773584905,
        0.8116981132075471,
        0.8081132075471699,
        0.8130188679245283,
        0.8218867924528301,
        0.8130188679245284,
        0.808867924528302,
        0.8071698113207547,
        0.8116981132075471,
        0.8056603773584905,
        0.8026415094339622,
        0.8056603773584905,
        0.8088679245283019,
        0.8154716981132075,
        0.8143396226415094,
        0.8118867924528302
    ]
}