{
    "train_loss": [
        0.33345955170013686,
        0.22639429874040864,
        0.19210018183697353,
        0.12868152287873355,
        0.10592122680761597,
        0.10101004664532164,
        0.09161608141254295,
        0.09380818894979628,
        0.09600029792636633,
        0.08034799501977184,
        0.08242475440387022,
        0.07306789327412844,
        0.0642075612294403,
        0.0684057994407009,
        0.055483562469651755,
        0.056093879382718696,
        0.06453604467043822,
        0.06104007418352095,
        0.05517560302872549,
        0.05134648745032874,
        0.07361366752196442,
        0.05006316435438665,
        0.04160996947691522,
        0.03789049403911287,
        0.03558044133453884,
        0.028643175165846267,
        0.04974228526804258,
        0.03688820091668855,
        0.037513782693581146,
        0.033498111329126085,
        0.03361411784267561,
        0.03831221827898513,
        0.029957600332140413,
        0.033157920951701024,
        0.022276341388615863,
        0.026821422890696504,
        0.02631412004120648,
        0.019244355710477314,
        0.02459126429378309,
        0.024341458893931387,
        0.0202791298083453,
        0.021705657884012908,
        0.015544958190399815,
        0.019986644286704672,
        0.020611981977708638,
        0.03357361899477176,
        0.03603125110649588,
        0.018359214914115993,
        0.015055787791921333,
        0.024605332302268256
    ],
    "val_loss": [
        0.22044115761915842,
        0.19746613750855127,
        0.11229308135807514,
        0.07211963925510645,
        0.06822991867860158,
        0.06854085189600785,
        0.0580512712088724,
        0.10641174266735713,
        0.06941888015717268,
        0.07616644461328785,
        0.07149747479707003,
        0.07460189618480702,
        0.07430506350162129,
        0.08318916506444414,
        0.08264657730857532,
        0.08243348309770226,
        0.0878301034681499,
        0.10040279182915886,
        0.073668116160358,
        0.0746510960161686,
        0.0633230481762439,
        0.08762051731658478,
        0.08230604328370343,
        0.08917805890087038,
        0.08948265939640503,
        0.10712863002360488,
        0.08131968303738783,
        0.09523577394429594,
        0.08846773084951565,
        0.10729478970946123,
        0.08756674994947389,
        0.09144611097872257,
        0.0921140807622578,
        0.12055306858383119,
        0.10133962779461096,
        0.09906336743733846,
        0.110730450542178,
        0.10392479005774173,
        0.12221855455815482,
        0.13511177767456198,
        0.1388179703305165,
        0.1172155970998574,
        0.14953180588781834,
        0.14502091779043744,
        0.12936475410242565,
        0.12364448166529958,
        0.10518061505475391,
        0.14905279970844276,
        0.13701348768275542,
        0.1240225083650633
    ],
    "val_mcc": [
        0.0,
        0.0,
        0.0,
        0.91409896787871,
        0.8056818181818182,
        0.6854365268376295,
        0.7911146277286897,
        0.547333863896855,
        0.8241617276558911,
        0.8241617276558911,
        0.8241617276558911,
        0.7911146277286897,
        0.8241617276558911,
        0.6113636363636363,
        0.6744860186581717,
        0.7911146277286897,
        0.5062910315390183,
        0.4325419935812174,
        0.8455767262643882,
        0.8160978035750373,
        0.7911146277286897,
        0.6744860186581717,
        0.5786882152809495,
        0.7342244874330721,
        0.7342244874330721,
        0.547333863896855,
        0.645743840298938,
        0.7085227272727272,
        0.6113636363636363,
        0.5062910315390183,
        0.761314709835944,
        0.645743840298938,
        0.7085227272727272,
        0.4681818181818182,
        0.645743840298938,
        0.6854365268376295,
        0.4681818181818182,
        0.6744860186581717,
        0.5142045454545454,
        0.6113636363636363,
        0.5142045454545454,
        0.7041733672263722,
        0.47193990372426947,
        0.47193990372426947,
        0.47193990372426947,
        0.5811712053972111,
        0.761314709835944,
        0.47193990372426947,
        0.6172321067240548,
        0.6744860186581717
    ],
    "val_auroc": [
        0.9744318181818182,
        0.9909090909090909,
        0.9926136363636364,
        0.9931818181818182,
        0.9874999999999999,
        0.9892045454545454,
        0.9886363636363636,
        0.977840909090909,
        0.9892045454545455,
        0.9613636363636364,
        0.9829545454545454,
        0.9840909090909091,
        0.9721590909090909,
        0.9488636363636364,
        0.9727272727272728,
        0.9795454545454545,
        0.9829545454545454,
        0.9636363636363636,
        0.9818181818181818,
        0.9818181818181818,
        0.9846590909090909,
        0.9772727272727273,
        0.9761363636363637,
        0.975,
        0.9761363636363637,
        0.9750000000000001,
        0.9772727272727273,
        0.9744318181818181,
        0.9795454545454545,
        0.9698863636363636,
        0.9818181818181819,
        0.9761363636363636,
        0.975,
        0.9414772727272727,
        0.9755681818181818,
        0.977840909090909,
        0.9681818181818181,
        0.9772727272727273,
        0.9636363636363638,
        0.9653409090909091,
        0.9573863636363636,
        0.9744318181818182,
        0.9676136363636363,
        0.9653409090909091,
        0.96875,
        0.9630681818181819,
        0.9767045454545454,
        0.9636363636363636,
        0.9681818181818183,
        0.975
    ]
}