{
    "train_loss": [
        0.25296624580567534,
        0.19225083071399818,
        0.12117306515574455,
        0.09644820524210279,
        0.08522539873692123,
        0.07210426811467517,
        0.06585033612579784,
        0.06911117786710913,
        0.06100176816636866,
        0.05452895647084171,
        0.06304739136248827,
        0.057573225984180514,
        0.06800975362685593,
        0.0480049733411182,
        0.0439428877170113,
        0.05358885114335201,
        0.04254490966823968,
        0.03734205674845725,
        0.036107465751807795,
        0.03470500537448309,
        0.04010649016973647,
        0.031334039120172914,
        0.027108090961436657,
        0.03350053668360819,
        0.03336664324160665,
        0.02534490729555149,
        0.026408794113773514,
        0.030927500962703067,
        0.03225058560598303,
        0.02771566736257889,
        0.025527389857664028,
        0.034032707356593826,
        0.022824716944755477,
        0.02379800264977596,
        0.0245818928392096,
        0.020926463237794287,
        0.02552555832715536,
        0.0206897138427435,
        0.02902015445711599,
        0.0185559751460625,
        0.01777378605699844,
        0.016851852063237773,
        0.012614111667393114,
        0.013357355135006153,
        0.0114161905009744,
        0.010661529080772942,
        0.006859832493567162,
        0.01573120075309734,
        0.013267514573685317,
        0.013080487093909389
    ],
    "val_loss": [
        0.20807573944330215,
        0.15166391308108965,
        0.14393843710422516,
        0.1463760957121849,
        0.14040470588952303,
        0.15664944083740315,
        0.14020111287633577,
        0.17004130904873213,
        0.18996833047519127,
        0.20365007516617575,
        0.19539100055893263,
        0.18115157230446735,
        0.1768085266618679,
        0.1969754632251958,
        0.21214259508997202,
        0.21946690250964215,
        0.2144501774261395,
        0.22108219191432,
        0.22724871500395238,
        0.2314240204092736,
        0.2223943107916663,
        0.23388309745738903,
        0.24539950160154453,
        0.2482140880698959,
        0.26096953441932175,
        0.25441926036728546,
        0.23284602809386948,
        0.2720855158404447,
        0.23650006589014083,
        0.2373933937245359,
        0.24236135409834483,
        0.2757018650881946,
        0.2641545225245257,
        0.28025043026233715,
        0.25687956045536947,
        0.32065587407366064,
        0.28894584166118875,
        0.30162778644201654,
        0.2791665842135747,
        0.3238096730783582,
        0.3153334520563173,
        0.31068243641251075,
        0.33085264624484506,
        0.33849744650069624,
        0.33199720654132153,
        0.3483338379301131,
        0.3387629838543944,
        0.3415555891697295,
        0.3469824206258636,
        0.35709547344595194
    ],
    "val_mcc": [
        0.0,
        0.0,
        0.3388235309124364,
        0.5064552788726858,
        0.44278660624354294,
        0.48807056260589954,
        0.48807056260589954,
        0.5064552788726858,
        0.47212861075418316,
        0.44278660624354294,
        0.5064552788726858,
        0.47212861075418316,
        0.47212861075418316,
        0.44278660624354294,
        0.44278660624354294,
        0.44278660624354294,
        0.44278660624354294,
        0.47212861075418316,
        0.47212861075418316,
        0.39361809238809775,
        0.44278660624354294,
        0.39361809238809775,
        0.4272095352695313,
        0.3388235309124364,
        0.30694760390069437,
        0.39361809238809775,
        0.394794855085661,
        0.30694760390069437,
        0.3654188590462732,
        0.48894672727443467,
        0.4646460420168239,
        0.20931764798590516,
        0.39361809238809775,
        0.39361809238809775,
        0.3654188590462732,
        0.09621290848090852,
        0.1866856725318574,
        0.3388235309124364,
        0.16794371941892172,
        0.25870910733836316,
        0.39361809238809775,
        0.3412408778783571,
        0.30694760390069437,
        0.3201581027667984,
        0.39361809238809775,
        0.30694760390069437,
        0.39361809238809775,
        0.39361809238809775,
        0.39361809238809775,
        0.28078090590350974
    ],
    "val_auroc": [
        0.8797289666854884,
        0.9169960474308301,
        0.9282891022021457,
        0.8170525127046866,
        0.8091473743647658,
        0.8644833427442123,
        0.8955392433653303,
        0.9136081309994353,
        0.841897233201581,
        0.8650479954827781,
        0.8170525127046866,
        0.8119706380575946,
        0.8712591756070017,
        0.8464144551101073,
        0.8475437605872389,
        0.8407679277244495,
        0.8526256352343309,
        0.8560135516657256,
        0.8458498023715415,
        0.8452851496329757,
        0.8870694522868436,
        0.8322981366459627,
        0.8181818181818181,
        0.8594014680971203,
        0.8289102202145681,
        0.8441558441558441,
        0.8904573687182382,
        0.8735177865612648,
        0.922077922077922,
        0.898927159796725,
        0.8949745906267645,
        0.9203839638622247,
        0.9215132693393563,
        0.9192546583850932,
        0.9136081309994352,
        0.8853754940711462,
        0.8780350084697911,
        0.8966685488424619,
        0.9102202145680407,
        0.898927159796725,
        0.914737436476567,
        0.9254658385093169,
        0.9215132693393563,
        0.9147374364765669,
        0.9153020892151327,
        0.9011857707509882,
        0.8865047995482778,
        0.8859401468097121,
        0.878035008469791,
        0.8921513269339356
    ]
}