{
    "train_loss": [
        0.31237578188831155,
        0.22735091569748792,
        0.17609609155492348,
        0.11199919362975792,
        0.09314771555364132,
        0.0923322309655222,
        0.10264907785775987,
        0.08909606201235544,
        0.07994309190491383,
        0.08185270001095804,
        0.07419496685774489,
        0.07010938091711565,
        0.07050506186417559,
        0.06407749212600967,
        0.06811461259018291,
        0.06913527588106015,
        0.0616300859996541,
        0.06009207854301415,
        0.0707892103290016,
        0.05891420789570971,
        0.053930876099250534,
        0.054190985837273976,
        0.0467047366652299,
        0.043451900530437175,
        0.043144994182512164,
        0.05006880243308842,
        0.04939106180840595,
        0.061377755853093484,
        0.06077932354740121,
        0.04334555591710589,
        0.04325724181465127,
        0.03212792290882631,
        0.03101817456031726,
        0.035451715579256415,
        0.029723587779285895,
        0.02517978056990118,
        0.03200757395560769,
        0.02720741151874377,
        0.028803525545465,
        0.026598887285217643,
        0.022619238080964846,
        0.02196385491300713,
        0.021412245839283885,
        0.01897684228606522,
        0.02091419866668399,
        0.02681938570458442,
        0.038757964651185,
        0.02603927286426452,
        0.028934024366952308,
        0.035697646211536434
    ],
    "val_loss": [
        0.21957659224669138,
        0.19429991766810417,
        0.13089063204824924,
        0.11099873607357343,
        0.11748692579567432,
        0.10840548388659954,
        0.1081191945510606,
        0.11065665104736884,
        0.12032229251538713,
        0.11136641081733008,
        0.11188558512367308,
        0.116118071678405,
        0.12030191936840613,
        0.11494927325596412,
        0.12233453337103128,
        0.13734024010288218,
        0.1139100290214022,
        0.1401849426329136,
        0.12480475388777752,
        0.13455555386220416,
        0.129642196232453,
        0.13585413518982628,
        0.13685538441253206,
        0.12715975125320256,
        0.13373570408051214,
        0.12957365663411716,
        0.1661953506215165,
        0.1283169079106301,
        0.13773486165640256,
        0.14447346554758647,
        0.14188700371111432,
        0.14516397433665892,
        0.16061094007454813,
        0.15744797978550196,
        0.17035293059113124,
        0.16615203046239913,
        0.16612088059385618,
        0.17175685614347458,
        0.17326740734279156,
        0.1721308131236583,
        0.1707959289972981,
        0.1689895379046599,
        0.17249673046171665,
        0.16649306879844517,
        0.1754074333778893,
        0.18120608540872732,
        0.18236822658218443,
        0.18136340736721954,
        0.1830917043844238,
        0.14709080992421755
    ],
    "val_mcc": [
        0.0,
        0.0,
        0.0,
        0.6770526934074996,
        0.5811712053972111,
        0.6113636363636363,
        0.6770526934074996,
        0.6770526934074996,
        0.5062910315390183,
        0.7041733672263722,
        0.6113636363636363,
        0.645743840298938,
        0.5441594827174123,
        0.7041733672263722,
        0.6113636363636363,
        0.5441594827174123,
        0.6442872472102531,
        0.4681818181818182,
        0.6113636363636363,
        0.5786882152809495,
        0.5811712053972111,
        0.6442872472102531,
        0.6442872472102531,
        0.6744860186581717,
        0.6442872472102531,
        0.5811712053972111,
        0.5062910315390183,
        0.6744860186581717,
        0.6442872472102531,
        0.6113636363636363,
        0.6113636363636363,
        0.6113636363636363,
        0.6113636363636363,
        0.6113636363636363,
        0.6113636363636363,
        0.645743840298938,
        0.5811712053972111,
        0.6113636363636363,
        0.5811712053972111,
        0.645743840298938,
        0.645743840298938,
        0.645743840298938,
        0.5811712053972111,
        0.645743840298938,
        0.6191668677752271,
        0.6113636363636363,
        0.6191668677752271,
        0.6191668677752271,
        0.5786882152809495,
        0.6676347517199427
    ],
    "val_auroc": [
        0.9500000000000001,
        0.9534090909090909,
        0.9647727272727273,
        0.971590909090909,
        0.9534090909090909,
        0.9494318181818182,
        0.9534090909090909,
        0.9482954545454545,
        0.9676136363636364,
        0.952840909090909,
        0.9556818181818182,
        0.9624999999999999,
        0.9534090909090909,
        0.9727272727272727,
        0.9193181818181818,
        0.9181818181818182,
        0.9329545454545455,
        0.89375,
        0.9448863636363636,
        0.9102272727272728,
        0.9147727272727273,
        0.9232954545454546,
        0.9113636363636364,
        0.9125,
        0.9102272727272728,
        0.9102272727272727,
        0.8642045454545454,
        0.9215909090909091,
        0.8971590909090909,
        0.9500000000000001,
        0.9295454545454546,
        0.9488636363636364,
        0.913068181818182,
        0.9142045454545455,
        0.9215909090909091,
        0.9039772727272728,
        0.9227272727272727,
        0.9125,
        0.9267045454545454,
        0.8744318181818181,
        0.9295454545454545,
        0.8897727272727273,
        0.9477272727272728,
        0.9170454545454546,
        0.8647727272727272,
        0.9318181818181819,
        0.8897727272727273,
        0.8448863636363636,
        0.9403409090909091,
        0.9232954545454546
    ]
}