{
    "train_loss": [
        0.3572877259417014,
        0.23373340713706883,
        0.1831275224685669,
        0.11531352793628519,
        0.10891858437521891,
        0.09221380678090182,
        0.08806878294457089,
        0.08510601859201085,
        0.08588215073739941,
        0.07311563898639922,
        0.07779501717198979,
        0.06706254480575974,
        0.06184374867007136,
        0.05344040160575374,
        0.05527012401514433,
        0.05586810958233069,
        0.05575697703964331,
        0.0496666479263116,
        0.049982948398048226,
        0.052167894911359654,
        0.041937035085125404,
        0.041818244128742,
        0.03781862518834797,
        0.03439598913643171,
        0.033049272881312805,
        0.03201126108284701,
        0.037466050400822,
        0.03927154231562533,
        0.041095192565328696,
        0.043300034647638146,
        0.04754320121454922,
        0.04582427073778077,
        0.05997474182566458,
        0.040400943041525104,
        0.025513332612304526,
        0.02318581572564488,
        0.021513778102499517,
        0.018921931231902403,
        0.024530283778651872,
        0.02033401057335802,
        0.017022968539756468,
        0.017690940204457464,
        0.014211008367551998,
        0.016241028148215264,
        0.03102694594682279,
        0.03172255283094604,
        0.020277939398180355,
        0.01590805957940492,
        0.016382055441764267,
        0.01286177738273347
    ],
    "val_loss": [
        0.2515677933891614,
        0.22910642003019652,
        0.15360009173552194,
        0.13858353967467943,
        0.1407246378560861,
        0.1429955307394266,
        0.14467868333061537,
        0.15031880512833595,
        0.14493168704211712,
        0.14639693032950163,
        0.15170254558324814,
        0.15110904350876808,
        0.13965166360139847,
        0.1714209628601869,
        0.13942135373751322,
        0.1481945582975944,
        0.1431278089682261,
        0.17372465009490648,
        0.1491731096369525,
        0.1837847630182902,
        0.1465603600566586,
        0.16465068546434244,
        0.16495691860715547,
        0.17021237686276436,
        0.16131269931793213,
        0.16040582209825516,
        0.15133357886224985,
        0.19019322469830513,
        0.17206857105096182,
        0.23950302228331566,
        0.1840036946038405,
        0.16262771530697742,
        0.14996065571904182,
        0.2090273549159368,
        0.21236197898785272,
        0.17285882557431856,
        0.20820423712333044,
        0.18411837642391524,
        0.19230809807777405,
        0.18148340781529745,
        0.22702029595772424,
        0.2140839844942093,
        0.20424440751473108,
        0.197250222787261,
        0.19075747905299067,
        0.18319469317793846,
        0.2499753956993421,
        0.21845316141843796,
        0.22105404237906137,
        0.24043925354878107
    ],
    "val_mcc": [
        0.0,
        0.0,
        0.0,
        0.7086391869000565,
        0.7043052599705966,
        0.7043052599705966,
        0.6444415858343575,
        0.5788383624620932,
        0.7043052599705966,
        0.7043052599705966,
        0.6746219776463768,
        0.6746219776463768,
        0.6746219776463768,
        0.39361809238809775,
        0.7343713491359213,
        0.7043052599705966,
        0.7614224140655513,
        0.4272095352695313,
        0.7614224140655513,
        0.4272095352695313,
        0.6746219776463768,
        0.5788383624620932,
        0.5788383624620932,
        0.5788383624620932,
        0.6458780629739146,
        0.6458780629739146,
        0.7614224140655513,
        0.47212861075418316,
        0.5788383624620932,
        0.23765410727335523,
        0.6458780629739146,
        0.7614224140655513,
        0.7086391869000565,
        0.4272095352695313,
        0.4272095352695313,
        0.5788383624620932,
        0.4272095352695313,
        0.5788383624620932,
        0.5064552788726858,
        0.5788383624620932,
        0.4272095352695313,
        0.4272095352695313,
        0.4272095352695313,
        0.7614224140655513,
        0.6746219776463768,
        0.6458780629739146,
        0.4272095352695313,
        0.5788383624620932,
        0.4272095352695313,
        0.4272095352695313
    ],
    "val_auroc": [
        0.9666854884246189,
        0.9051383399209486,
        0.927159796725014,
        0.89158667419537,
        0.9073969508752117,
        0.9209486166007905,
        0.9096555618294748,
        0.9158667419536985,
        0.9186900056465275,
        0.8961038961038961,
        0.9085262563523433,
        0.9023150762281198,
        0.9299830604178431,
        0.9282891022021457,
        0.9412761151891585,
        0.898927159796725,
        0.9407114624505929,
        0.948051948051948,
        0.9107848673066065,
        0.9474872953133823,
        0.9440993788819876,
        0.9486166007905138,
        0.9531338226990401,
        0.9565217391304347,
        0.955957086391869,
        0.9582156973461321,
        0.9587803500846979,
        0.9497459062676454,
        0.9649915302089216,
        0.9599096555618295,
        0.9412761151891587,
        0.9469226425748165,
        0.932806324110672,
        0.9655561829474872,
        0.9683794466403162,
        0.9672501411631846,
        0.9678147939017504,
        0.9672501411631846,
        0.9712027103331451,
        0.9666854884246189,
        0.9695087521174477,
        0.9695087521174479,
        0.9717673630717109,
        0.9232072275550537,
        0.9322416713721062,
        0.9632975719932242,
        0.9683794466403162,
        0.9723320158102766,
        0.9649915302089215,
        0.9712027103331451
    ]
}