{
    "train_loss": [
        0.2953246533870697,
        0.22297849065878175,
        0.17016724073751407,
        0.11383795010095293,
        0.1053234792568467,
        0.0956658340821212,
        0.08963575518944046,
        0.09379846848208796,
        0.09496082238514315,
        0.09121891229667446,
        0.08542574916712263,
        0.07676645270972089,
        0.06991345909508792,
        0.07599597068672831,
        0.06966888722540303,
        0.06494244065305049,
        0.06075255331498655,
        0.057489033111117104,
        0.05746915212578394,
        0.047453390773047104,
        0.04478318976577033,
        0.04392258653586561,
        0.04776652038774707,
        0.05505515956743197,
        0.059146380771628836,
        0.07519366312772036,
        0.05432887256822803,
        0.04569073051044887,
        0.05023321066983044,
        0.03043452650308609,
        0.029959939917634158,
        0.02794646391306411,
        0.023948497604578733,
        0.02212893447457728,
        0.03252419632520865,
        0.023136760155797343,
        0.020641048809259453,
        0.019832351345526564,
        0.021595492837315596,
        0.027532043321777812,
        0.0329201259248128,
        0.02602887301261283,
        0.023938804568553514,
        0.017898839273998005,
        0.01762427577473731,
        0.012729510625252839,
        0.014918643764262511,
        0.012681764095428993,
        0.016354312425722706,
        0.012049813675482503
    ],
    "val_loss": [
        0.2192338121434053,
        0.19622870162129402,
        0.13156703735391298,
        0.1025745989754796,
        0.09517462737858295,
        0.10751261158535878,
        0.1055961853514115,
        0.08810630952939391,
        0.12118814202646415,
        0.08956167753785849,
        0.08972435561008751,
        0.09748148421446483,
        0.09049984657516082,
        0.11812216431523363,
        0.1056455047801137,
        0.1166741765725116,
        0.11913761729374528,
        0.169188276049681,
        0.110762024919192,
        0.12637688654164472,
        0.1298665296441565,
        0.12545230720813075,
        0.11242220100636284,
        0.12389503015826146,
        0.12635819086184105,
        0.08720979032417138,
        0.1233673666914304,
        0.13249665537538627,
        0.1252399074534575,
        0.15352160091667125,
        0.15968416351825,
        0.1481355313056459,
        0.1796899220595757,
        0.1403021627726654,
        0.17953700944781303,
        0.18739465676480904,
        0.15398633747827262,
        0.165703132544877,
        0.18393065532048544,
        0.12171091449757417,
        0.139189584646374,
        0.17644205417794487,
        0.21334217013403153,
        0.18075902356455723,
        0.21943729205910736,
        0.22638581258555254,
        0.19743267136315504,
        0.19727007544133812,
        0.18762087220481286,
        0.20136959090208015
    ],
    "val_mcc": [
        0.0,
        0.0,
        0.0,
        0.5813462701261382,
        0.5813462701261382,
        0.47212861075418316,
        0.7343713491359213,
        0.6458780629739146,
        0.5064552788726858,
        0.5813462701261382,
        0.5064552788726858,
        0.5443323346087288,
        0.611518915866742,
        0.5474714666383683,
        0.5064552788726858,
        0.5788383624620932,
        0.5788383624620932,
        0.5474714666383683,
        0.6458780629739146,
        0.5788383624620932,
        0.5788383624620932,
        0.611518915866742,
        0.611518915866742,
        0.5305025272375369,
        0.611518915866742,
        0.8242371296518912,
        0.5788383624620932,
        0.5443323346087288,
        0.6746219776463768,
        0.6458780629739146,
        0.5813462701261382,
        0.611518915866742,
        0.4272095352695313,
        0.6746219776463768,
        0.5788383624620932,
        0.5788383624620932,
        0.5545438139255907,
        0.6458780629739146,
        0.4272095352695313,
        0.7086391869000565,
        0.6746219776463768,
        0.39361809238809775,
        0.4272095352695313,
        0.5813462701261382,
        0.4272095352695313,
        0.5064552788726858,
        0.44278660624354294,
        0.5788383624620932,
        0.5788383624620932,
        0.5064552788726858
    ],
    "val_auroc": [
        0.9480519480519481,
        0.950875211744777,
        0.9666854884246189,
        0.9712027103331451,
        0.9745906267645398,
        0.9728966685488425,
        0.9717673630717109,
        0.9779785431959345,
        0.974025974025974,
        0.9774138904573687,
        0.9819311123658949,
        0.9757199322416714,
        0.9785431959345002,
        0.9621682665160926,
        0.9604743083003953,
        0.9616036137775269,
        0.9632975719932241,
        0.9616036137775269,
        0.9700734048560136,
        0.9531338226990401,
        0.9649915302089215,
        0.9661208356860531,
        0.9649915302089214,
        0.9632975719932241,
        0.9491812535290796,
        0.9785431959345003,
        0.966120835686053,
        0.9486166007905138,
        0.9570863918690006,
        0.9548277809147374,
        0.9384528514963297,
        0.9553924336533032,
        0.9463579898362506,
        0.95313382269904,
        0.9655561829474872,
        0.9209486166007905,
        0.950875211744777,
        0.9621682665160927,
        0.9356295878035008,
        0.9655561829474874,
        0.9695087521174478,
        0.9463579898362506,
        0.9361942405420667,
        0.9616036137775268,
        0.9570863918690006,
        0.9644268774703557,
        0.9395821569734614,
        0.9649915302089216,
        0.9542631281761716,
        0.9683794466403162
    ]
}