{
    "train_loss": [
        0.3927669137716293,
        0.1799174522360166,
        0.11930711468060812,
        0.09577144607901573,
        0.07121991142630577,
        0.04568905619283517,
        0.036469471330444016,
        0.040261041435102625,
        0.02570304988572995,
        0.05167729531725248,
        0.05085669159889221,
        0.023593482933938502,
        0.022043453653653462,
        0.016679522829751173,
        0.008934062129507462,
        0.0070044835718969505,
        0.005623037212838729,
        0.0049849820012847585,
        0.004521682392805815,
        0.0041990873869508505,
        0.0038172841692964234,
        0.0034888134027520816,
        0.0032779260383298,
        0.0029943803790956737,
        0.002801827760413289,
        0.0026810112098852794,
        0.0025065447669476272,
        0.0022845557425171135,
        0.0021404484674955406,
        0.002049827358374993,
        0.001937216380611062,
        0.0018434811383485795,
        0.0017202820240830381,
        0.0016278464657564957,
        0.0015737417774895827,
        0.0014853603749846419,
        0.0014367838855832815,
        0.0013606027389566103,
        0.0013201857218518853,
        0.001253288829078277,
        0.0012094996481512984,
        0.0011556322531153759,
        0.0011012825183570386,
        0.0010639286289612453,
        0.001012997697883596,
        0.000980438101881494,
        0.0009463832868884007,
        0.0009112795814871788,
        0.0008831736476471026,
        0.0008516907265099387
    ],
    "val_loss": [
        0.26106157526373863,
        0.16933411546051502,
        0.13561247289180756,
        0.116627661511302,
        0.11729126423597336,
        0.10947097837924957,
        0.1339674238115549,
        0.1066510328091681,
        0.12035422399640083,
        0.10912555921822786,
        0.15292971767485142,
        0.15299365390092134,
        0.13506023329682648,
        0.1253241221420467,
        0.10172773338854313,
        0.11420026002451777,
        0.10521369485650212,
        0.10630656394641846,
        0.10767328273504972,
        0.10980216664029285,
        0.11463066516444087,
        0.11328844982199371,
        0.11326549155637622,
        0.11359443393303081,
        0.11366624844959006,
        0.11454232095275074,
        0.11591820092871785,
        0.11750066763488576,
        0.11759561236249283,
        0.11815750104142353,
        0.11840251265675761,
        0.11873668307089247,
        0.11905741936061531,
        0.11971159931272268,
        0.12012730873539113,
        0.12061602855101228,
        0.12095309302094392,
        0.12140466811251827,
        0.1219543385959696,
        0.12249649706063792,
        0.12288370169699192,
        0.1230560849653557,
        0.12335949085536413,
        0.12382864789105952,
        0.12424268870381638,
        0.12465461298415903,
        0.12518126510258298,
        0.12546008318895474,
        0.12589615274919197,
        0.12623643504048232
    ],
    "val_mcc": [
        0.8503776882806522,
        0.9258200997725514,
        0.9245181185940877,
        0.9245181185940877,
        0.9441549509633318,
        0.962621902223779,
        0.9063785942932301,
        0.9433397594898876,
        0.9246031746031746,
        0.9245181185940877,
        0.907605465436683,
        0.8886350389948482,
        0.907605465436683,
        0.9246031746031746,
        0.962621902223779,
        0.9246031746031746,
        0.962621902223779,
        0.962621902223779,
        0.962621902223779,
        0.962621902223779,
        0.9433397594898876,
        0.962621902223779,
        0.962621902223779,
        0.962621902223779,
        0.962621902223779,
        0.962621902223779,
        0.962621902223779,
        0.962621902223779,
        0.962621902223779,
        0.962621902223779,
        0.962621902223779,
        0.962621902223779,
        0.962621902223779,
        0.962621902223779,
        0.962621902223779,
        0.962621902223779,
        0.962621902223779,
        0.962621902223779,
        0.962621902223779,
        0.962621902223779,
        0.962621902223779,
        0.962621902223779,
        0.962621902223779,
        0.962621902223779,
        0.962621902223779,
        0.962621902223779,
        0.962621902223779,
        0.962621902223779,
        0.962621902223779,
        0.962621902223779
    ],
    "val_auroc": [
        0.9907407407407407,
        0.9768518518518519,
        0.986111111111111,
        0.9818121693121692,
        0.9814814814814814,
        0.9814814814814815,
        0.9821428571428571,
        0.9857804232804233,
        0.9837962962962963,
        0.9927248677248677,
        0.9841269841269842,
        0.9834656084656085,
        0.9884259259259259,
        0.986111111111111,
        0.9884259259259258,
        0.9900793650793651,
        0.9904100529100529,
        0.990079365079365,
        0.9897486772486772,
        0.9897486772486772,
        0.9894179894179894,
        0.9894179894179894,
        0.9894179894179894,
        0.9894179894179894,
        0.9894179894179894,
        0.9894179894179894,
        0.9900793650793651,
        0.9894179894179894,
        0.9894179894179894,
        0.9894179894179894,
        0.9897486772486772,
        0.9897486772486772,
        0.9897486772486772,
        0.9897486772486772,
        0.9894179894179893,
        0.9894179894179893,
        0.9894179894179894,
        0.9894179894179893,
        0.9894179894179893,
        0.9894179894179893,
        0.9894179894179893,
        0.9890873015873016,
        0.9894179894179893,
        0.9894179894179893,
        0.9894179894179893,
        0.9894179894179893,
        0.9894179894179893,
        0.9894179894179893,
        0.9894179894179893,
        0.9890873015873016
    ]
}