{
    "train_loss": [
        0.42834497094154356,
        0.2062113657593727,
        0.1291038398941358,
        0.1100619152188301,
        0.09411271040638287,
        0.07714561522006988,
        0.05463569425046444,
        0.04265518933534622,
        0.03893434392909209,
        0.03614458423107862,
        0.04479424984504779,
        0.053874513631065685,
        0.0598949970677495,
        0.05708770776788394,
        0.04340805808703105,
        0.030620056204497814,
        0.028360078390687705,
        0.026660776479790607,
        0.020920569884280364,
        0.01887147923310598,
        0.016334661655128,
        0.015601453216125568,
        0.01500335829332471,
        0.014152884514381488,
        0.01361097547536095,
        0.01270185960456729,
        0.011293851491063833,
        0.010663163149729371,
        0.01850513581496974,
        0.03064941495346526,
        0.01479250577588876,
        0.009964768433322509,
        0.005621778080239892,
        0.004175376379862428,
        0.0030712134670466185,
        0.0027243332316478092,
        0.0023999471217393876,
        0.002213769173249602,
        0.0019339014077559113,
        0.0017987792612984776,
        0.0016730517925073703,
        0.0015768838037426272,
        0.0014940820479144652,
        0.0014030942150081197,
        0.0013399334779630105,
        0.0012723237120856842,
        0.0012147790053859352,
        0.0011581654738013942,
        0.0011138362965236108,
        0.0010767967673018576
    ],
    "val_loss": [
        0.28462450578808784,
        0.17083114199340343,
        0.24698319658637047,
        0.19838282093405724,
        0.09569374099373817,
        0.13608462503179908,
        0.08326709177345037,
        0.11341534368693829,
        0.09715933911502361,
        0.1153017426840961,
        0.11415483197197318,
        0.11172186792828143,
        0.132929079933092,
        0.15588028193451464,
        0.07571157487109303,
        0.08683201018720865,
        0.08875814522616565,
        0.09447672544047236,
        0.09650210151448846,
        0.10089546581730247,
        0.10353621712420136,
        0.10693211026955396,
        0.11483042384497821,
        0.12035827641375363,
        0.12910932709928602,
        0.13277204427868128,
        0.14238844672217965,
        0.12799699953757226,
        0.15744783426634967,
        0.1496281959116459,
        0.16085873811971396,
        0.16662491660099477,
        0.17851234355475754,
        0.17723235383164138,
        0.17788130283588544,
        0.18100976644200273,
        0.18344228656496853,
        0.18493242491967976,
        0.18823594917193986,
        0.18982510722707957,
        0.19111892391811125,
        0.19256210868479684,
        0.19424179976340383,
        0.19554430193966255,
        0.19691954471636564,
        0.1980795552372001,
        0.1997336407075636,
        0.2008639220148325,
        0.20179253508104011,
        0.20244487676245626
    ],
    "val_mcc": [
        0.8552939954562563,
        0.8907389552720495,
        0.8201804385412512,
        0.8552939954562563,
        0.9444083040750081,
        0.8729691484629669,
        0.9438975339262832,
        0.9086150974691304,
        0.9266092224680211,
        0.9086150974691304,
        0.9086150974691304,
        0.9072320103372488,
        0.9072320103372488,
        0.8907389552720495,
        0.9253193580085162,
        0.962998132394131,
        0.9438975339262832,
        0.9438975339262832,
        0.962998132394131,
        0.9438975339262832,
        0.9438975339262832,
        0.9253193580085162,
        0.9253193580085162,
        0.9253193580085162,
        0.9253193580085162,
        0.9253193580085162,
        0.9253193580085162,
        0.9438975339262832,
        0.9072320103372488,
        0.9068106119605033,
        0.9068106119605033,
        0.868859654660177,
        0.9068106119605033,
        0.9068106119605033,
        0.9068106119605033,
        0.9068106119605033,
        0.9068106119605033,
        0.9068106119605033,
        0.8875726517394207,
        0.8875726517394207,
        0.8875726517394207,
        0.9068106119605033,
        0.8875726517394207,
        0.8875726517394207,
        0.8875726517394207,
        0.8875726517394207,
        0.8875726517394207,
        0.8875726517394207,
        0.8875726517394207,
        0.8875726517394207
    ],
    "val_auroc": [
        0.9715034392400917,
        0.9967245332459875,
        0.9744513593187029,
        0.9760890926957092,
        0.9977071732721913,
        0.996069439895185,
        0.9970520799213888,
        0.986570586308549,
        0.9944317065181789,
        0.9918113331149688,
        0.9954143465443825,
        0.99475925319358,
        0.9954143465443825,
        0.9944317065181788,
        0.9963969865705864,
        0.9963969865705864,
        0.9960694398951851,
        0.9960694398951851,
        0.9963969865705863,
        0.9957418932197838,
        0.9832951195545365,
        0.9810022928267278,
        0.9790370127743203,
        0.9773992793973141,
        0.9777268260727153,
        0.9777268260727153,
        0.9773992793973141,
        0.980019652800524,
        0.9918113331149689,
        0.9846053062561415,
        0.9931215198165739,
        0.9924664264657713,
        0.9908286930887652,
        0.9927939731411726,
        0.9934490664919752,
        0.9934490664919752,
        0.9937766131673763,
        0.9931215198165739,
        0.9927939731411727,
        0.9924664264657713,
        0.9921388797903701,
        0.9918113331149688,
        0.9921388797903701,
        0.9918113331149688,
        0.9918113331149688,
        0.9921388797903701,
        0.9921388797903701,
        0.9927939731411726,
        0.9924664264657714,
        0.9924664264657714
    ]
}