{
    "train_loss": [
        0.39490947624047595,
        0.1966526448726654,
        0.13994410534699758,
        0.09958779339989027,
        0.07989672496914864,
        0.06882402040064335,
        0.07617704210182032,
        0.08193246039251487,
        0.057569576799869536,
        0.04620441080381473,
        0.03352733260641495,
        0.030166913755238056,
        0.029916248843073846,
        0.025345666520297527,
        0.02056485917419195,
        0.01888576727360487,
        0.017408081454535325,
        0.016560528675715128,
        0.015255071595311165,
        0.014144513104110957,
        0.012670704567184051,
        0.01208479975660642,
        0.010768364214648803,
        0.016170724139859278,
        0.012432509226103623,
        0.012951018381863832,
        0.011234190625449022,
        0.10190426086386045,
        0.026682457452019057,
        0.013974717135230701,
        0.008885115555798014,
        0.00773645113222301,
        0.0054013592967142665,
        0.004082878942911824,
        0.00369915715418756,
        0.0030214576128249366,
        0.0025827256496995686,
        0.0023291730787605045,
        0.0020367775578051805,
        0.0018112134809295337,
        0.0016488601996873817,
        0.001550493420412143,
        0.001424484831901888,
        0.0013547860784456135,
        0.0013004794095953305,
        0.0012030062110473712,
        0.0011289617939231297,
        0.0010700495176327726,
        0.0010239943085859219,
        0.0009826205670833588
    ],
    "val_loss": [
        0.22044236585497856,
        0.12552515044808388,
        0.09942871890962124,
        0.07556525617837906,
        0.06875424133613706,
        0.0816008378751576,
        0.09019829425960779,
        0.09132654266431928,
        0.05988545133732259,
        0.06517959269694984,
        0.07419634074904025,
        0.0781350249890238,
        0.07423224486410618,
        0.08565964759327471,
        0.09576659253798425,
        0.0802719114581123,
        0.11573908443097025,
        0.08315316424705088,
        0.09961943968664855,
        0.0909559775609523,
        0.0901449715020135,
        0.08183456328697503,
        0.08265870378818363,
        0.09130542422644794,
        0.10371224686969072,
        0.08926313527626917,
        0.1084016035310924,
        0.08512362884357572,
        0.04118492407724261,
        0.046406636538449675,
        0.08003301522694528,
        0.08565453346818686,
        0.07927235247916542,
        0.07830483844736591,
        0.07910358245135285,
        0.08070640789810568,
        0.08147055303561501,
        0.08458876123768277,
        0.08734566773637198,
        0.0890337462478783,
        0.09173024972551502,
        0.09366496987058781,
        0.09509861582773738,
        0.09633414124255069,
        0.09886698823538609,
        0.09905576925666537,
        0.10003209258138668,
        0.10126494987343904,
        0.10253432708850596,
        0.10379631358955521
    ],
    "val_mcc": [
        0.943889104146584,
        0.9811382548511067,
        0.9624387375561093,
        0.9621059691482227,
        0.9624387375561093,
        0.9624387375561093,
        0.9624387375561093,
        0.943889104146584,
        0.9430521597641348,
        0.9430521597641348,
        0.9624387375561093,
        0.9430521597641348,
        0.9430521597641348,
        0.9242119382964453,
        0.9242119382964453,
        0.9624387375561093,
        0.9242119382964453,
        0.9624387375561093,
        0.9242119382964453,
        0.9430521597641348,
        0.9430521597641348,
        0.9624387375561093,
        0.9430521597641348,
        0.9430521597641348,
        0.9430521597641348,
        0.9624387375561093,
        0.943889104146584,
        0.943889104146584,
        0.9624387375561093,
        0.9624387375561093,
        0.9624387375561093,
        0.9624387375561093,
        0.9624387375561093,
        0.9624387375561093,
        0.9624387375561093,
        0.9624387375561093,
        0.9624387375561093,
        0.9624387375561093,
        0.9624387375561093,
        0.9624387375561093,
        0.9624387375561093,
        0.9624387375561093,
        0.9624387375561093,
        0.9624387375561093,
        0.9624387375561093,
        0.9624387375561093,
        0.9624387375561093,
        0.9624387375561093,
        0.9624387375561093,
        0.9624387375561093
    ],
    "val_auroc": [
        0.9956405097250167,
        0.9989939637826962,
        0.9976525821596244,
        0.9986586183769282,
        0.9983232729711603,
        0.9909456740442657,
        0.994634473507713,
        0.9979879275653923,
        0.9989939637826962,
        0.9986586183769283,
        0.9986586183769283,
        0.9989939637826962,
        0.9983232729711603,
        0.9986586183769283,
        0.9983232729711603,
        0.9906103286384977,
        0.9986586183769283,
        0.9849094567404427,
        0.9953051643192488,
        0.9963112005365526,
        0.9956405097250167,
        0.9973172367538564,
        0.9973172367538564,
        0.9959758551307847,
        0.9946344735077128,
        0.9966465459423206,
        0.9929577464788732,
        0.9986586183769283,
        0.9993293091884642,
        0.9986586183769283,
        0.9973172367538564,
        0.9969818913480886,
        0.9976525821596244,
        0.9976525821596244,
        0.9979879275653925,
        0.9979879275653925,
        0.9979879275653925,
        0.9979879275653925,
        0.9979879275653925,
        0.9976525821596244,
        0.9976525821596244,
        0.9976525821596244,
        0.9976525821596244,
        0.9976525821596244,
        0.9976525821596244,
        0.9976525821596244,
        0.9976525821596244,
        0.9976525821596244,
        0.9976525821596244,
        0.9976525821596244
    ]
}