{
    "train_loss": [
        0.42161489923795065,
        0.2256212944785754,
        0.1447109565138817,
        0.11025673871239026,
        0.08728663176298142,
        0.08901648074388505,
        0.06584564757843812,
        0.04767143949866295,
        0.03945303286115329,
        0.030572682805359363,
        0.028769793858130773,
        0.032692395399014154,
        0.025548658706247805,
        0.0634964036444823,
        0.09078896778325239,
        0.03874728276083867,
        0.027627675235271452,
        0.016919242652753987,
        0.015248818043619394,
        0.011836835897217195,
        0.009565027585874,
        0.007809435452024142,
        0.007598579519738754,
        0.005626498985414704,
        0.004924170952290296,
        0.004130680890132983,
        0.0036489104541639486,
        0.003290530884017547,
        0.0028234764312704405,
        0.0026310266616443793,
        0.0029820602542410296,
        0.002352839110729595,
        0.002895594434812665,
        0.002573084877803922,
        0.0078006698129077755,
        0.015313177773108085,
        0.014312924537807702,
        0.010596471869697173,
        0.008239296924633285,
        0.013047593490531048,
        0.030445455790807804,
        0.020098901617651186,
        0.014326819738683601,
        0.008113300583014885,
        0.0043120638079320395,
        0.00276167969374607,
        0.0018706383416429162,
        0.001506583602167666,
        0.0012862292972082893,
        0.0011947030395579835
    ],
    "val_loss": [
        0.27222730219364166,
        0.17958268150687218,
        0.09090891852974892,
        0.09450926072895527,
        0.2756124399602413,
        0.10580995678901672,
        0.05612652050331235,
        0.1580457165837288,
        0.09363381750881672,
        0.1083589605987072,
        0.06267169862985611,
        0.13452092837542295,
        0.16964371129870415,
        0.04116897820495069,
        0.10538515262305737,
        0.09679959481582046,
        0.10883060283958912,
        0.11819491256028414,
        0.0954186450690031,
        0.11822185153141618,
        0.12696295650675893,
        0.13343756087124348,
        0.12549752835184336,
        0.1521199829876423,
        0.13400327740237117,
        0.13310220511630177,
        0.12273436156101525,
        0.13722326792776585,
        0.12162440293468535,
        0.1309016968589276,
        0.12997459480538964,
        0.16901911795139313,
        0.10382994479732588,
        0.20006422512233257,
        0.09846058208495378,
        0.1821445282548666,
        0.10211354523198679,
        0.13072956586256623,
        0.09226011188002303,
        0.4013741686940193,
        0.12543139746412635,
        0.08625463183852844,
        0.14759662747383118,
        0.14409050095127895,
        0.12403129829908721,
        0.13167505347519182,
        0.13725412520579994,
        0.13699643465224653,
        0.14065829661558382,
        0.14282359083881602
    ],
    "val_mcc": [
        0.8675534786006366,
        0.8955910525085281,
        0.9812328999345131,
        0.9457507306074072,
        0.8193800386870199,
        0.9457507306074072,
        0.9814164735593364,
        0.8955910525085281,
        0.9457507306074072,
        0.9286112429750731,
        0.9814164735593364,
        0.9286112429750731,
        0.8955910525085281,
        0.962621902223779,
        0.9457507306074072,
        0.9633432944855655,
        0.9633432944855655,
        0.9457507306074072,
        0.9633432944855655,
        0.9457507306074072,
        0.9457507306074072,
        0.9457507306074072,
        0.9457507306074072,
        0.9286112429750731,
        0.9457507306074072,
        0.9457507306074072,
        0.9457507306074072,
        0.9457507306074072,
        0.9457507306074072,
        0.9457507306074072,
        0.9457507306074072,
        0.9286112429750731,
        0.9633432944855655,
        0.9286112429750731,
        0.9633432944855655,
        0.9118992727752026,
        0.9633432944855655,
        0.9457507306074072,
        0.9814164735593364,
        0.7910484029170249,
        0.9457507306074072,
        0.9633432944855655,
        0.9118992727752026,
        0.9286112429750731,
        0.9633432944855655,
        0.9633432944855655,
        0.9633432944855655,
        0.9633432944855655,
        0.9633432944855655,
        0.9633432944855655
    ],
    "val_auroc": [
        0.9923941798941799,
        0.9996693121693122,
        0.9996693121693122,
        1.0,
        1.0,
        1.0,
        0.9996693121693122,
        1.0,
        1.0,
        0.9990079365079365,
        0.9990079365079365,
        0.9996693121693122,
        0.9996693121693122,
        0.9996693121693122,
        0.9996693121693122,
        1.0,
        0.9993386243386244,
        0.9993386243386244,
        0.9993386243386244,
        0.9993386243386244,
        0.9993386243386244,
        0.9993386243386244,
        0.9993386243386244,
        0.9993386243386244,
        0.9993386243386244,
        0.9993386243386244,
        0.9993386243386244,
        0.9996693121693122,
        0.9996693121693122,
        0.9996693121693122,
        0.9996693121693122,
        1.0,
        0.9996693121693122,
        1.0,
        0.9993386243386244,
        1.0,
        1.0,
        1.0,
        1.0,
        1.0,
        1.0,
        0.9993386243386244,
        1.0,
        0.9996693121693122,
        0.9986772486772486,
        0.9983465608465608,
        0.9983465608465608,
        0.9983465608465608,
        0.9983465608465608,
        0.9983465608465608
    ]
}