{
    "train_loss": [
        0.3861471811930339,
        0.17490683098634083,
        0.11245948448777199,
        0.08204525013764699,
        0.07073891622324785,
        0.08076634096602599,
        0.05968532885114352,
        0.05044114639361699,
        0.04041850542028745,
        0.04325475245714187,
        0.035806103112796944,
        0.034702206899722414,
        0.03079254093269507,
        0.029760119691491126,
        0.032296448728690544,
        0.020136108808219432,
        0.016991834621876478,
        0.01627224382633964,
        0.015662956268837055,
        0.014931544382125139,
        0.04712553462013602,
        0.020499116803208987,
        0.013356647764643034,
        0.012040129738549392,
        0.009670030248040954,
        0.008421709217752019,
        0.007006726196656625,
        0.0053553814844538765,
        0.004377588039884964,
        0.0035849246196448803,
        0.0031405501688520116,
        0.0025642082405587037,
        0.002383551117964089,
        0.0020775537006556986,
        0.0018736696025977533,
        0.0017468515240276854,
        0.001624258553298811,
        0.0015223035433640083,
        0.0014348434594770273,
        0.001376181763286392,
        0.0012926933045188586,
        0.0012274400020639102,
        0.0012911474720264475,
        0.0011241011088714004,
        0.0010717078034455578,
        0.0010307585238479079,
        0.0009834198358779152,
        0.0009483039029873908,
        0.0009143453130188088,
        0.000880151967673252
    ],
    "val_loss": [
        0.20413923636078835,
        0.1336873397231102,
        0.08469348587095737,
        0.06584648694843054,
        0.06334662716835737,
        0.04468327667564154,
        0.05229300307109952,
        0.07153802597895265,
        0.07916090963408351,
        0.097617904888466,
        0.09476626222021878,
        0.1135864625684917,
        0.06968923890963197,
        0.10478097014129162,
        0.07075423828791827,
        0.051579375518485904,
        0.0760070598917082,
        0.06616785726509988,
        0.05772498657461256,
        0.06844381138216704,
        0.0767414482543245,
        0.042906202957965434,
        0.049603566993027925,
        0.061582131194882095,
        0.06625866377726197,
        0.08335199498105794,
        0.06330478511517867,
        0.06485145952319726,
        0.06402082910062745,
        0.05854408291634172,
        0.06636975292349234,
        0.06081017653923482,
        0.06494773260783404,
        0.0648589541669935,
        0.0690505797683727,
        0.06985132981208153,
        0.065557167341467,
        0.06697932133101858,
        0.06756301326095127,
        0.06949499563779682,
        0.07290282525354996,
        0.06993289908859879,
        0.06779028763412498,
        0.07623330416390672,
        0.07361841818783432,
        0.07073175377445295,
        0.0736992418387672,
        0.07218838918197434,
        0.07246212438622024,
        0.07241330953547731
    ],
    "val_mcc": [
        0.9253193580085162,
        0.9461948805559043,
        0.9636589114684625,
        0.9626596790042581,
        0.9814164735593364,
        0.962998132394131,
        0.9626596790042581,
        0.9266325832219493,
        0.9266325832219493,
        0.9266325832219493,
        0.9266325832219493,
        0.9266325832219493,
        0.9444083040750081,
        0.9266325832219493,
        0.9266325832219493,
        0.9444083040750081,
        0.9266325832219493,
        0.9266325832219493,
        0.9266325832219493,
        0.9266325832219493,
        0.9266325832219493,
        0.9626596790042581,
        0.9444083040750081,
        0.9444083040750081,
        0.9444083040750081,
        0.9266325832219493,
        0.9444083040750081,
        0.9444083040750081,
        0.9444083040750081,
        0.9444083040750081,
        0.9444083040750081,
        0.9444083040750081,
        0.9444083040750081,
        0.9444083040750081,
        0.9444083040750081,
        0.9444083040750081,
        0.9444083040750081,
        0.9444083040750081,
        0.9444083040750081,
        0.9444083040750081,
        0.9444083040750081,
        0.9444083040750081,
        0.9444083040750081,
        0.9444083040750081,
        0.9444083040750081,
        0.9444083040750081,
        0.9444083040750081,
        0.9444083040750081,
        0.9444083040750081,
        0.9444083040750081
    ],
    "val_auroc": [
        0.99737962659679,
        0.998689813298395,
        0.9990173599737963,
        0.9986898132983951,
        0.9990173599737964,
        0.9996724533245988,
        0.9990173599737963,
        0.9990173599737964,
        0.9990173599737964,
        0.998689813298395,
        0.9990173599737964,
        0.9990173599737964,
        0.9990173599737964,
        0.9990173599737964,
        0.9990173599737964,
        0.9990173599737964,
        0.9990173599737964,
        0.9990173599737964,
        0.9990173599737964,
        0.9990173599737964,
        0.9990173599737964,
        0.9990173599737964,
        0.9990173599737964,
        0.9990173599737964,
        0.9990173599737964,
        0.9990173599737964,
        0.9993449066491975,
        0.9993449066491975,
        0.9993449066491975,
        0.9993449066491975,
        0.9993449066491975,
        0.9993449066491975,
        0.9993449066491975,
        0.9993449066491975,
        0.9990173599737964,
        0.9990173599737964,
        0.9990173599737964,
        0.9990173599737964,
        0.9990173599737964,
        0.9990173599737964,
        0.9990173599737964,
        0.9990173599737964,
        0.9990173599737964,
        0.9990173599737964,
        0.9990173599737964,
        0.9990173599737964,
        0.9990173599737964,
        0.9990173599737964,
        0.9990173599737964,
        0.9990173599737964
    ]
}