{
    "train_loss": [
        0.6163958430290222,
        0.5082620024681092,
        0.4638130009174347,
        0.40798080563545225,
        0.3820883333683014,
        0.35409803986549376,
        0.34425858557224276,
        0.307658976316452,
        0.3078576743602753,
        0.284067901968956,
        0.3497328355908394,
        0.4385667979717255,
        0.3309504300355911,
        0.36019414067268374,
        0.2979260444641113,
        0.2729097843170166,
        0.24956746995449067,
        0.21348869502544404,
        0.19270632714033126,
        0.19845549315214156,
        0.17709482163190843,
        0.14084470719099046,
        0.1162686824798584,
        0.09561636596918106,
        0.09387994408607483,
        0.10519452970474959,
        0.09630085825920105,
        0.08370916396379471,
        0.1171263124793768,
        0.11693125814199448,
        0.09135547280311584,
        0.10152575336396694,
        0.06254552081227302,
        0.0700799573212862,
        0.08534374013543129,
        0.058684729784727094,
        0.06108918655663729,
        0.056503856414929034,
        0.040481490828096864,
        0.024616894591599704,
        0.022551251016557215,
        0.02102907616645098,
        0.012963146972469985,
        0.021987175825051962,
        0.03916695108637214,
        0.013004451291635633,
        0.010107607860118151,
        0.005834568617865443,
        0.002845009882003069,
        0.0021487140329554677
    ],
    "val_loss": [
        0.7561343908309937,
        0.6291384398937225,
        0.7071152925491333,
        0.525011420249939,
        0.462450236082077,
        0.4468536153435707,
        0.4273403286933899,
        0.4152558147907257,
        0.39362434297800064,
        0.36561480164527893,
        0.33008134365081787,
        0.4110080748796463,
        0.6416480094194412,
        0.4723775088787079,
        0.37657006084918976,
        0.3205910921096802,
        0.29844583570957184,
        0.2943030074238777,
        0.2922493666410446,
        0.27432313561439514,
        0.27895816415548325,
        0.23739314824342728,
        0.1898455172777176,
        0.1824796125292778,
        0.3052214775234461,
        0.15244323760271072,
        0.14187270775437355,
        0.18415745347738266,
        0.17935914918780327,
        0.22751522809267044,
        0.2894129231572151,
        0.13570138439536095,
        0.16550741624087095,
        0.14394856989383698,
        0.4049304388463497,
        0.10160553827881813,
        0.18735212087631226,
        0.1454671025276184,
        0.11139431223273277,
        0.30271612852811813,
        0.09931665286421776,
        0.0690120980143547,
        0.16276082023978233,
        0.09927041176706553,
        0.3302222490310669,
        0.28285304829478264,
        0.2616158351302147,
        0.22543847188353539,
        0.3482206352055073,
        0.41060945205390453
    ],
    "val_mcc": [
        0.0,
        0.0,
        0.0,
        0.596551724137931,
        0.7040523099688075,
        0.596551724137931,
        0.626368234149017,
        0.5013774130780401,
        0.6758915427189726,
        0.626368234149017,
        0.5813183589761798,
        0.5161953896062844,
        0.27625312572654126,
        0.7964766161036996,
        0.7427813527082074,
        0.626368234149017,
        0.6758915427189726,
        0.626368234149017,
        0.7310344827586207,
        0.5813183589761798,
        0.8650936924831861,
        0.8063854544320416,
        0.8655172413793103,
        0.8655172413793103,
        0.7933632757799682,
        0.9368793661451105,
        0.8655172413793103,
        0.8808303292720552,
        0.8063854544320416,
        0.7847060257179307,
        0.7933632757799682,
        0.9368793661451105,
        0.9327379053088816,
        0.8808303292720552,
        0.7933632757799682,
        0.9368793661451105,
        0.8655172413793103,
        0.8655172413793103,
        0.9368793661451105,
        0.8655172413793103,
        0.9368793661451105,
        0.9368793661451105,
        0.8655172413793103,
        0.8808303292720552,
        0.8655172413793103,
        0.8655172413793103,
        0.8655172413793103,
        0.8655172413793103,
        0.8655172413793103,
        0.8655172413793103
    ],
    "val_auroc": [
        0.906896551724138,
        0.9137931034482758,
        0.9275862068965517,
        0.9241379310344828,
        0.9275862068965517,
        0.9379310344827586,
        0.9448275862068964,
        0.9482758620689655,
        0.9517241379310345,
        0.9551724137931035,
        0.9655172413793104,
        0.9482758620689655,
        0.9724137931034483,
        0.9724137931034483,
        0.9724137931034483,
        0.9620689655172413,
        0.9724137931034483,
        0.9620689655172414,
        0.9620689655172414,
        0.9655172413793104,
        0.9827586206896552,
        0.9793103448275863,
        0.9931034482758622,
        0.9931034482758622,
        0.9931034482758622,
        0.9931034482758622,
        0.9931034482758622,
        0.9896551724137932,
        0.993103448275862,
        0.9758620689655173,
        0.9931034482758622,
        0.9931034482758622,
        1.0,
        0.9931034482758622,
        0.9896551724137931,
        0.9931034482758622,
        0.993103448275862,
        0.9931034482758622,
        0.9931034482758622,
        0.9931034482758622,
        0.996551724137931,
        0.996551724137931,
        0.996551724137931,
        0.996551724137931,
        0.993103448275862,
        0.996551724137931,
        0.996551724137931,
        0.996551724137931,
        0.996551724137931,
        0.9896551724137932
    ]
}