{
    "train_loss": [
        0.6244002640247345,
        0.5450587332248688,
        0.42070468664169314,
        0.39374417066574097,
        0.34354472160339355,
        0.32417809665203096,
        0.3200774729251862,
        0.2807101845741272,
        0.2703455775976181,
        0.23248892426490783,
        0.23346594870090484,
        0.20184089690446855,
        0.18470470011234283,
        0.1605753242969513,
        0.14525971859693526,
        0.1209210842847824,
        0.1251966178417206,
        0.10656993314623833,
        0.07829411402344703,
        0.06782038118690252,
        0.11478548534214497,
        0.10136217251420021,
        0.08317922428250313,
        0.16831574104726316,
        0.11443700082600117,
        0.09841826930642128,
        0.07141443602740764,
        0.0688576964661479,
        0.054178136959671976,
        0.038764016795903446,
        0.03335531447082758,
        0.025802074000239372,
        0.02090834006667137,
        0.036989641236141325,
        0.12457471303641796,
        0.17655759826302528,
        0.1189513422548771,
        0.15739186704158784,
        0.11966298967599868,
        0.05941421687602997,
        0.04643231490626931,
        0.04406535923480988,
        0.02304916474968195,
        0.01823304882273078,
        0.010210082493722438,
        0.009008378861472011,
        0.005518403882160783,
        0.0033824665239080786,
        0.0028099937597289683,
        0.002059780468698591
    ],
    "val_loss": [
        0.7448075115680695,
        0.6325338929891586,
        0.9336605295538902,
        0.6541493982076645,
        0.6568004339933395,
        0.8168067112565041,
        0.9104906022548676,
        0.5372764319181442,
        1.0601680614054203,
        0.8037227243185043,
        1.1134024895727634,
        1.0008730217814445,
        0.7827002853155136,
        1.028731107711792,
        0.6977436691522598,
        0.8701442070305347,
        0.5779426991939545,
        0.7359927371144295,
        0.5517261624336243,
        1.081725537776947,
        0.6144067943096161,
        0.6158578395843506,
        0.6153734177350998,
        0.6022329479455948,
        0.7268167212605476,
        0.7351942956447601,
        0.71293605864048,
        0.6192678958177567,
        0.616521805524826,
        0.6164011359214783,
        0.5979202389717102,
        0.5619944930076599,
        0.5073739290237427,
        0.5564139485359192,
        1.8589489161968231,
        0.5834067612886429,
        0.9380683116614819,
        0.4601546674966812,
        0.2909204438328743,
        0.874126834794879,
        0.7380034402012825,
        0.5566893815994263,
        0.5743675529956818,
        0.4823029264807701,
        0.40686316788196564,
        0.423139750957489,
        0.4481828510761261,
        0.4362291097640991,
        0.4424513876438141,
        0.46536828577518463
    ],
    "val_mcc": [
        0.0,
        0.5756983337031395,
        0.0,
        0.33742359105871017,
        0.2833927613306989,
        0.33742359105871017,
        0.47739999005770767,
        0.33218191941495984,
        0.47739999005770767,
        0.4288179941188207,
        0.47739999005770767,
        0.5756983337031395,
        0.4288179941188207,
        0.47739999005770767,
        0.49044126607370664,
        0.5633809715656511,
        0.6622918857059334,
        0.5742432269069425,
        0.6622918857059334,
        0.5742432269069425,
        0.6758915427189726,
        0.7535992817105361,
        0.596551724137931,
        0.6622918857059334,
        0.6539886462510549,
        0.6539886462510549,
        0.6758915427189726,
        0.6758915427189726,
        0.6220793828931237,
        0.7058865787567897,
        0.7058865787567897,
        0.7058865787567897,
        0.7058865787567897,
        0.6220793828931237,
        0.27625312572654126,
        0.5398777456939363,
        0.6530471562110152,
        0.5742432269069425,
        0.7058865787567897,
        0.7261354744623948,
        0.7310344827586207,
        0.626368234149017,
        0.6758915427189726,
        0.7535992817105361,
        0.7535992817105361,
        0.7535992817105361,
        0.7535992817105361,
        0.7535992817105361,
        0.7535992817105361,
        0.7535992817105361
    ],
    "val_auroc": [
        0.8689655172413793,
        0.8517241379310345,
        0.8413793103448276,
        0.8344827586206897,
        0.8448275862068966,
        0.8482758620689655,
        0.8586206896551725,
        0.8551724137931034,
        0.8517241379310345,
        0.8413793103448276,
        0.8310344827586207,
        0.8482758620689655,
        0.8551724137931035,
        0.8827586206896552,
        0.8999999999999999,
        0.906896551724138,
        0.903448275862069,
        0.9172413793103449,
        0.9172413793103448,
        0.9137931034482758,
        0.9241379310344827,
        0.9206896551724139,
        0.9344827586206897,
        0.9103448275862069,
        0.903448275862069,
        0.903448275862069,
        0.9241379310344827,
        0.9344827586206896,
        0.9275862068965517,
        0.9379310344827586,
        0.9413793103448276,
        0.9448275862068967,
        0.9517241379310346,
        0.9517241379310345,
        0.8586206896551725,
        0.906896551724138,
        0.9275862068965517,
        0.9448275862068966,
        0.9517241379310345,
        0.9413793103448276,
        0.9620689655172413,
        0.9620689655172413,
        0.9620689655172414,
        0.9551724137931035,
        0.9482758620689655,
        0.9482758620689655,
        0.9517241379310345,
        0.9655172413793103,
        0.9689655172413794,
        0.9620689655172414
    ]
}