{
    "train_loss": [
        0.6294975876808167,
        0.5230246543884277,
        0.479448127746582,
        0.43268142342567445,
        0.38426589369773867,
        0.3538316607475281,
        0.3453795790672302,
        0.3065297603607178,
        0.3046128064393997,
        0.2704211711883545,
        0.2593336671590805,
        0.24878450632095336,
        0.24387465119361879,
        0.2487463966012001,
        0.2449603796005249,
        0.242979234457016,
        0.21101242154836655,
        0.17876559346914292,
        0.17831186950206757,
        0.1593733511865139,
        0.14483015462756157,
        0.12491477467119694,
        0.11042652428150176,
        0.09733289033174515,
        0.09583621099591255,
        0.17382472157478332,
        0.1365728035569191,
        0.15464755818247794,
        0.13441128581762313,
        0.10701334550976753,
        0.10244492515921592,
        0.09211303144693375,
        0.06418118253350258,
        0.04603790994733572,
        0.0631062320433557,
        0.03819980975240469,
        0.03867669254541397,
        0.03726835064589977,
        0.04213326815515757,
        0.04689144026488066,
        0.04182933222036809,
        0.04933874132111669,
        0.03144097495824098,
        0.013923389650881291,
        0.014626021310687066,
        0.004897971078753472,
        0.0051460130605846645,
        0.0038700344040989874,
        0.0029294098261743785,
        0.0021042194683104755
    ],
    "val_loss": [
        0.7788984328508377,
        0.627726748585701,
        0.6689062416553497,
        0.6613029837608337,
        0.5928197354078293,
        0.6698038727045059,
        0.6462784558534622,
        0.5036215782165527,
        0.5380719900131226,
        0.4602039009332657,
        0.4778097867965698,
        0.3792835623025894,
        0.6111167371273041,
        0.3882449269294739,
        0.45596377551555634,
        0.4280361235141754,
        0.4275986850261688,
        0.3479935824871063,
        0.3836086317896843,
        0.25796985626220703,
        0.24453122913837433,
        0.30978576093912125,
        0.26735761016607285,
        0.36419016867876053,
        0.15881847962737083,
        0.3745107799768448,
        0.2276715524494648,
        0.28035179525613785,
        0.41044217348098755,
        0.38924437016248703,
        0.18744996190071106,
        0.3572153002023697,
        0.2184206135571003,
        0.273955300450325,
        0.16816434729844332,
        0.45133787393569946,
        0.08597730286419392,
        0.38213783502578735,
        0.20387990958988667,
        0.228711549192667,
        0.20804693177342415,
        0.41186390072107315,
        0.15270013362169266,
        0.27363452315330505,
        0.2358303666114807,
        0.18406973034143448,
        0.216819042339921,
        0.38022463396191597,
        0.4477853514254093,
        0.3602306693792343
    ],
    "val_mcc": [
        0.0,
        0.0,
        0.0,
        0.3959251908590267,
        0.3017528239044001,
        0.38214458357880815,
        0.38214458357880815,
        0.4006264686689075,
        0.4915960401250875,
        0.47739999005770767,
        0.5756983337031395,
        0.49044126607370664,
        0.4915960401250875,
        0.4006264686689075,
        0.4915960401250875,
        0.4915960401250875,
        0.5756983337031395,
        0.5633809715656511,
        0.5756983337031395,
        0.6434589410887032,
        0.6434589410887032,
        0.7261354744623948,
        0.7261354744623948,
        0.5756983337031395,
        0.8655172413793103,
        0.5756983337031395,
        0.8650936924831861,
        0.7261354744623948,
        0.6434589410887032,
        0.6530471562110152,
        0.8650936924831861,
        0.6530471562110152,
        0.7933632757799682,
        0.7964766161036996,
        0.9327379053088816,
        0.6530471562110152,
        0.9327379053088816,
        0.7964766161036996,
        0.8650936924831861,
        0.7964766161036996,
        0.7964766161036996,
        0.7964766161036996,
        0.8650936924831861,
        0.7933632757799682,
        0.7933632757799682,
        0.7964766161036996,
        0.7964766161036996,
        0.7964766161036996,
        0.7964766161036996,
        0.7964766161036996
    ],
    "val_auroc": [
        0.8068965517241379,
        0.8172413793103448,
        0.8275862068965517,
        0.8344827586206897,
        0.8379310344827586,
        0.8448275862068965,
        0.8586206896551724,
        0.8517241379310345,
        0.8620689655172414,
        0.8620689655172413,
        0.8689655172413793,
        0.8793103448275862,
        0.9137931034482759,
        0.9137931034482759,
        0.9241379310344827,
        0.9310344827586207,
        0.9310344827586207,
        0.9172413793103448,
        0.9827586206896552,
        0.9827586206896552,
        0.9862068965517241,
        0.9896551724137931,
        0.9931034482758622,
        0.9931034482758622,
        0.9896551724137932,
        0.9793103448275863,
        0.996551724137931,
        0.9931034482758622,
        0.9689655172413794,
        0.996551724137931,
        1.0,
        0.996551724137931,
        0.9896551724137931,
        1.0,
        1.0,
        0.996551724137931,
        1.0,
        1.0,
        1.0,
        1.0,
        1.0,
        1.0,
        0.996551724137931,
        0.9827586206896552,
        0.9896551724137931,
        1.0,
        1.0,
        1.0,
        1.0,
        1.0
    ]
}