{
    "train_loss": [
        0.4934950530529022,
        0.440000855922699,
        0.3757048785686493,
        0.3379194110631943,
        0.30885727107524874,
        0.3034910410642624,
        0.3571632757782936,
        0.30906408429145815,
        0.26570579409599304,
        0.23858563154935836,
        0.20054669976234435,
        0.19673179388046264,
        0.18050019294023514,
        0.15581142604351045,
        0.1209668830037117,
        0.14086192548274995,
        0.12771130800247193,
        0.11579390987753868,
        0.12268160432577133,
        0.11295037120580673,
        0.07712031602859497,
        0.05407863557338714,
        0.05490306876599789,
        0.06529701426625252,
        0.15368740782141685,
        0.11057551950216293,
        0.07115132436156273,
        0.04659645147621631,
        0.0392668679356575,
        0.013594577414914965,
        0.009258816670626401,
        0.006300968630239367,
        0.004274791618809104,
        0.0029525991529226305,
        0.06824887646362185,
        0.1548229344189167,
        0.0809865191578865,
        0.10437754392623902,
        0.0944815918803215,
        0.04867517873644829,
        0.04971573073416948,
        0.020670008566230535,
        0.026488902559503914,
        0.029288348811678588,
        0.07621346749365329,
        0.055858494341373445,
        0.03077299389988184,
        0.0218850135570392,
        0.013110717688687146,
        0.00878993070218712
    ],
    "val_loss": [
        0.5099222362041473,
        0.5848173201084137,
        0.46608109772205353,
        0.4617452695965767,
        0.4080548733472824,
        0.4964529350399971,
        0.42248086631298065,
        0.3976600915193558,
        0.4901052713394165,
        0.38818465173244476,
        0.47521020099520683,
        0.37532175332307816,
        0.4593668766319752,
        0.4464324861764908,
        0.32452500239014626,
        0.47299448400735855,
        0.5120673459023237,
        0.4383423328399658,
        0.5025681853294373,
        0.4908231496810913,
        0.46451093535870314,
        0.40516771748661995,
        0.3924787640571594,
        0.612176978494972,
        0.49964408576488495,
        0.5241159945726395,
        0.516732707619667,
        0.46161290525924414,
        0.4459649743512273,
        0.44470217637717724,
        0.4941818527877331,
        0.4995243735611439,
        0.5003837216645479,
        0.5147001966834068,
        0.5518495598807931,
        0.3770994022488594,
        0.4763166420161724,
        0.6002428159117699,
        0.4624129645526409,
        0.46938854083418846,
        0.4967035632580519,
        0.5259049087762833,
        0.5854549258947372,
        0.5616846717894077,
        0.6575744673609734,
        0.6166559308767319,
        0.7454073876142502,
        0.6531530134379864,
        0.6881478279829025,
        0.6193531304597855
    ],
    "val_mcc": [
        0.5163977794943222,
        0.6172133998483676,
        0.5181036310903636,
        0.7001400420140049,
        0.7001400420140049,
        0.7001400420140049,
        0.7001400420140049,
        0.6098241729265262,
        0.7001400420140049,
        0.776762650398282,
        0.7001400420140049,
        0.8539125638299665,
        0.8539125638299665,
        0.9274777915203366,
        0.9274777915203366,
        0.7933632757799682,
        0.8539125638299665,
        0.6454972243679028,
        0.8539125638299665,
        0.8555555555555555,
        0.9274777915203366,
        0.9274777915203366,
        0.9274777915203366,
        0.8539125638299665,
        0.6897247020435424,
        0.9274777915203366,
        0.7933632757799682,
        0.9274777915203366,
        0.9274777915203366,
        0.9274777915203366,
        0.9274777915203366,
        0.9274777915203366,
        0.9274777915203366,
        0.9274777915203366,
        0.9274777915203366,
        0.7933632757799682,
        0.9274777915203366,
        0.7386222109866251,
        0.9274777915203366,
        0.9274777915203366,
        0.9274777915203366,
        0.9274777915203366,
        0.7933632757799682,
        0.8555555555555555,
        0.7386222109866251,
        0.8555555555555555,
        0.7386222109866251,
        0.8555555555555555,
        0.7933632757799682,
        0.8555555555555555
    ],
    "val_auroc": [
        0.8925925925925926,
        0.8851851851851853,
        0.8962962962962964,
        0.9111111111111112,
        0.9333333333333333,
        0.9481481481481482,
        0.9481481481481482,
        0.9481481481481482,
        0.9481481481481482,
        0.9481481481481482,
        0.9222222222222222,
        0.9555555555555555,
        0.9333333333333332,
        0.937037037037037,
        0.9777777777777777,
        0.937037037037037,
        0.9555555555555555,
        0.9481481481481482,
        0.9407407407407407,
        0.9333333333333332,
        0.9407407407407407,
        0.9777777777777777,
        0.9777777777777777,
        0.9666666666666666,
        0.9407407407407407,
        0.937037037037037,
        0.9555555555555555,
        0.9777777777777777,
        0.974074074074074,
        0.9777777777777777,
        0.9703703703703703,
        0.9703703703703703,
        0.9703703703703703,
        0.9777777777777777,
        0.9555555555555555,
        0.9666666666666668,
        0.9592592592592593,
        0.9555555555555555,
        0.9629629629629629,
        0.9592592592592593,
        0.9629629629629629,
        0.9666666666666666,
        0.9703703703703703,
        0.9777777777777777,
        0.9518518518518518,
        0.9185185185185185,
        0.937037037037037,
        0.9333333333333333,
        0.9703703703703703,
        0.974074074074074
    ]
}