{
    "train_loss": [
        0.6313847422599792,
        0.5114396750926972,
        0.45356090664863585,
        0.41489622592926023,
        0.37385888695716857,
        0.3496936738491058,
        0.3280997067689896,
        0.3027395784854889,
        0.2783692479133606,
        0.2662545442581177,
        0.23189762830734253,
        0.22157372236251832,
        0.18096277117729187,
        0.2737418971955776,
        0.15334755182266235,
        0.1246150329709053,
        0.08951315134763718,
        0.07336807772517204,
        0.04124110452830791,
        0.05542957112193107,
        0.029621116071939468,
        0.0595539428293705,
        0.0348751287907362,
        0.046372891031205656,
        0.031907874159514904,
        0.04906034991145134,
        0.03159142164513469,
        0.032164505869150165,
        0.09219130529090762,
        0.06741230525076389,
        0.09664051998406649,
        0.07945666164159775,
        0.06586827430874109,
        0.028645496629178525,
        0.04462084015831351,
        0.0704223319888115,
        0.03586221402511001,
        0.028637954033911228,
        0.017947466112673283,
        0.008404352329671383,
        0.004003837681375444,
        0.0046876195119693875,
        0.002095979684963822,
        0.0023141578305512665,
        0.0021455361973494293,
        0.0017678715055808425,
        0.0015507472679018974,
        0.0013404199853539467,
        0.0012088632676750422,
        0.0011373539920896292
    ],
    "val_loss": [
        0.5451047718524933,
        0.5114107728004456,
        0.49033960700035095,
        0.40488241612911224,
        0.4216984957456589,
        0.386131152510643,
        0.37610676884651184,
        0.39107784628868103,
        0.4157419800758362,
        0.4536942094564438,
        0.4622040092945099,
        0.5008006542921066,
        0.5316333770751953,
        0.5035069435834885,
        0.4795384407043457,
        0.4255671352148056,
        0.44194887578487396,
        0.44557197391986847,
        0.4689241349697113,
        0.44703350961208344,
        0.515458419919014,
        0.5582450479269028,
        0.40795278549194336,
        0.443030521273613,
        0.6512827277183533,
        0.6337267607450485,
        0.6312215030193329,
        0.51666459441185,
        0.6825334131717682,
        0.26776139438152313,
        0.3463805466890335,
        0.41611091792583466,
        0.33655788004398346,
        0.5189219415187836,
        0.33177460730075836,
        0.437210276722908,
        0.6463715732097626,
        0.5192909091711044,
        0.5202954262495041,
        0.5359579920768738,
        0.5427071452140808,
        0.5101386830210686,
        0.49356621503829956,
        0.5095081180334091,
        0.5124929249286652,
        0.5194795876741409,
        0.5261077880859375,
        0.5362428948283195,
        0.5484184250235558,
        0.5615840256214142
    ],
    "val_mcc": [
        0.0,
        0.0,
        0.0,
        0.4681408379492694,
        0.5146140167221416,
        0.6033815244679472,
        0.6539886462510549,
        0.6539886462510549,
        0.6539886462510549,
        0.776762650398282,
        0.6454972243679028,
        0.6172133998483676,
        0.6454972243679028,
        0.5666666666666667,
        0.5181036310903636,
        0.5666666666666667,
        0.6098241729265262,
        0.6260475092762272,
        0.6098241729265262,
        0.6953288019758299,
        0.6539886462510549,
        0.6953288019758299,
        0.6953288019758299,
        0.5666666666666667,
        0.5181036310903636,
        0.6897247020435424,
        0.5181036310903636,
        0.7386222109866251,
        0.5181036310903636,
        0.6539886462510549,
        0.6953288019758299,
        0.7386222109866251,
        0.7933632757799682,
        0.5181036310903636,
        0.7933632757799682,
        0.8555555555555555,
        0.6098241729265262,
        0.6260475092762272,
        0.7386222109866251,
        0.6260475092762272,
        0.6260475092762272,
        0.6260475092762272,
        0.7386222109866251,
        0.7386222109866251,
        0.7386222109866251,
        0.7386222109866251,
        0.7111111111111111,
        0.7111111111111111,
        0.7111111111111111,
        0.776762650398282
    ],
    "val_auroc": [
        0.8962962962962964,
        0.9037037037037037,
        0.9037037037037037,
        0.9074074074074074,
        0.9148148148148147,
        0.925925925925926,
        0.9333333333333333,
        0.9296296296296296,
        0.9296296296296296,
        0.9185185185185186,
        0.9185185185185185,
        0.9111111111111112,
        0.9148148148148149,
        0.9,
        0.9037037037037037,
        0.925925925925926,
        0.9296296296296296,
        0.9370370370370371,
        0.9481481481481482,
        0.9592592592592593,
        0.9481481481481482,
        0.9333333333333333,
        0.9481481481481482,
        0.9592592592592593,
        0.9296296296296296,
        0.9481481481481482,
        0.9444444444444444,
        0.9481481481481482,
        0.9481481481481482,
        0.9629629629629629,
        0.9629629629629629,
        0.962962962962963,
        0.9703703703703704,
        0.9703703703703703,
        0.9740740740740741,
        0.9666666666666667,
        0.9444444444444444,
        0.9407407407407408,
        0.9481481481481482,
        0.9592592592592593,
        0.9629629629629629,
        0.9703703703703703,
        0.9740740740740741,
        0.9703703703703704,
        0.9703703703703704,
        0.9703703703703704,
        0.9703703703703704,
        0.9777777777777779,
        0.9740740740740741,
        0.9703703703703703
    ]
}