{
    "train_loss": [
        0.4867462754249573,
        0.19355385154485702,
        0.0867012593895197,
        0.04411979950964451,
        0.029514217376708986,
        0.13614666778594256,
        0.12894421759992838,
        0.07633418906480074,
        0.028334596380591392,
        0.029067005217075347,
        0.01801180178299546,
        0.009081257181242109,
        0.00644597252830863,
        0.0055938078556209804,
        0.004843992227688432,
        0.004275570856407285,
        0.0038592669647186995,
        0.0035136079648509623,
        0.003217692021280527,
        0.0029660256812348964,
        0.002741604414768517,
        0.0025512812309898434,
        0.0023759770905599,
        0.002224886929616332,
        0.0020822636550292374,
        0.0019591510412283243,
        0.0018452161457389593,
        0.0017405719729140401,
        0.0016459791222587228,
        0.001559267472475767,
        0.0014798773219808937,
        0.0014051126898266375,
        0.0013366397935897112,
        0.0012739175581373274,
        0.0012151671457104386,
        0.0011600105208344758,
        0.001109353930223733,
        0.0010619259031955154,
        0.0010171457717660815,
        0.0009757883846759797,
        0.0009369949635583908,
        0.0009002646722365171,
        0.0008653508848510683,
        0.0008335051126778126,
        0.0008031252596993,
        0.0007742015470284969,
        0.0007477044477127492,
        0.0007218463812023401,
        0.0006978995690587908,
        0.0006749378342647105
    ],
    "val_loss": [
        0.3169773419698079,
        0.12575047463178635,
        0.06763510468105476,
        0.07353141779700915,
        0.10539806075394154,
        0.2003032866244515,
        0.10380792369445165,
        0.04801687225699425,
        0.0241832141764462,
        0.019553409423679113,
        0.013326378694425026,
        0.009873101177314917,
        0.01206005496593813,
        0.012185172255461415,
        0.008111824359123906,
        0.006721281989788015,
        0.00642389222048223,
        0.006480254310493668,
        0.006298679742030799,
        0.006178362372641762,
        0.006106125734125574,
        0.006126268223548929,
        0.006193294965972503,
        0.005984483286738396,
        0.006061959934110443,
        0.0060369994801779585,
        0.006067212360600631,
        0.006230910502684613,
        0.006375413349208732,
        0.006434364360757172,
        0.006408234088060756,
        0.006561747402884066,
        0.00676406966522336,
        0.00695329753216356,
        0.007079985768844684,
        0.007343699340708554,
        0.007609458562607567,
        0.007726421036447088,
        0.008038353562975923,
        0.008225141985652348,
        0.00847237283596769,
        0.008846823067869991,
        0.009118274707968036,
        0.009439459051160762,
        0.009674204959689328,
        0.00997436725689719,
        0.010508232798504954,
        0.010477308504050598,
        0.011207675250868002,
        0.011001201084582135
    ],
    "val_mcc": [
        0.9473309334313418,
        0.9738516810963534,
        0.9738516810963534,
        0.9738516810963534,
        0.9009798587550961,
        0.8958064164776166,
        1.0,
        0.9486832980505139,
        1.0,
        0.9738516810963534,
        1.0,
        1.0,
        1.0,
        1.0,
        1.0,
        1.0,
        1.0,
        1.0,
        1.0,
        1.0,
        1.0,
        1.0,
        1.0,
        1.0,
        1.0,
        1.0,
        1.0,
        1.0,
        1.0,
        1.0,
        1.0,
        1.0,
        1.0,
        1.0,
        1.0,
        1.0,
        1.0,
        1.0,
        1.0,
        1.0,
        0.9738516810963534,
        0.9738516810963534,
        0.9738516810963534,
        0.9738516810963534,
        0.9738516810963534,
        0.9738516810963534,
        0.9738516810963534,
        0.9738516810963534,
        0.9738516810963534,
        0.9738516810963534
    ],
    "val_auroc": [
        1.0,
        1.0,
        1.0,
        0.98,
        1.0,
        1.0,
        1.0,
        1.0,
        1.0,
        1.0,
        1.0,
        1.0,
        1.0,
        1.0,
        1.0,
        1.0,
        1.0,
        1.0,
        1.0,
        1.0,
        1.0,
        1.0,
        1.0,
        1.0,
        1.0,
        1.0,
        1.0,
        1.0,
        1.0,
        1.0,
        1.0,
        1.0,
        1.0,
        1.0,
        1.0,
        1.0,
        1.0,
        1.0,
        1.0,
        1.0,
        1.0,
        1.0,
        1.0,
        1.0,
        1.0,
        1.0,
        1.0,
        1.0,
        1.0,
        1.0
    ]
}