{
    "train_loss": [
        0.5249783098697662,
        0.223996901512146,
        0.09074359014630318,
        0.03893733248114586,
        0.03615969829261303,
        0.05807963982224464,
        0.02025664383545518,
        0.020362277701497077,
        0.01975810257717967,
        0.009673861134797335,
        0.006768475146964192,
        0.005871420493349433,
        0.005043324921280146,
        0.004449744359590113,
        0.003997971280477941,
        0.0036324697779491545,
        0.0033164985943585634,
        0.0030505334259942176,
        0.0028182352893054486,
        0.002616435755044222,
        0.002436067769303918,
        0.0022742938017472625,
        0.0021303665125742555,
        0.0019995024194940925,
        0.0018813629634678365,
        0.0017728170496411622,
        0.0016751192160882056,
        0.0015843333210796117,
        0.0015025315689854324,
        0.0014273013337515294,
        0.0013583626132458448,
        0.0012940002256073059,
        0.0012346743256784975,
        0.00117987641133368,
        0.0011286256951279939,
        0.001080763986101374,
        0.0010361062770243735,
        0.000994649255881086,
        0.0009552896488457918,
        0.0009189403092022986,
        0.0008836423861794174,
        0.0008513496839441359,
        0.0008206903701648116,
        0.0007917877228464931,
        0.0007644034165423363,
        0.0007382816693279892,
        0.0007139266410376877,
        0.0006903013330884278,
        0.0006684185354970396,
        0.0006472350505646318
    ],
    "val_loss": [
        0.346600999434789,
        0.15107367436091104,
        0.08426669115821521,
        0.07408664375543594,
        0.20666208863258362,
        0.09295777790248394,
        0.07033110658327739,
        0.05884280055761337,
        0.08150354276100795,
        0.05305728937188784,
        0.05232999132325252,
        0.05410988861694932,
        0.055779367219656706,
        0.05673048800478379,
        0.05741410174717506,
        0.05778587190434337,
        0.05822779874627789,
        0.058979870906720556,
        0.059617312625050545,
        0.05990238472198447,
        0.060749951439599194,
        0.06116588778483371,
        0.06186502225076159,
        0.06241832301020622,
        0.06287939458464582,
        0.06314316834323108,
        0.06371721532195807,
        0.06400603769967954,
        0.06447978620417416,
        0.064942759849752,
        0.06533557603446145,
        0.0656893535827597,
        0.06609905169655879,
        0.06654810734714071,
        0.06696161806272964,
        0.06733011198230088,
        0.06768796014754723,
        0.0679844468832016,
        0.06843019959827264,
        0.06878671182009082,
        0.06913477108658601,
        0.06946895907943447,
        0.06978053560790916,
        0.07008054957259446,
        0.07038683289041121,
        0.07077872093456487,
        0.07111616781912744,
        0.07135412046530594,
        0.07165904440140973,
        0.07198394796190162
    ],
    "val_mcc": [
        0.9738516810963534,
        0.9738516810963534,
        0.9738516810963534,
        0.9738516810963534,
        0.8783100656536799,
        0.9486832980505139,
        0.9466666666666667,
        0.9738516810963534,
        0.9244162777371754,
        0.9738516810963534,
        0.9738516810963534,
        0.9738516810963534,
        0.9738516810963534,
        0.9738516810963534,
        0.9738516810963534,
        0.9738516810963534,
        0.9738516810963534,
        0.9738516810963534,
        0.9738516810963534,
        0.9738516810963534,
        0.9738516810963534,
        0.9738516810963534,
        0.9738516810963534,
        0.9738516810963534,
        0.9738516810963534,
        0.9738516810963534,
        0.9738516810963534,
        0.9738516810963534,
        0.9738516810963534,
        0.9738516810963534,
        0.9738516810963534,
        0.9738516810963534,
        0.9738516810963534,
        0.9738516810963534,
        0.9738516810963534,
        0.9738516810963534,
        0.9738516810963534,
        0.9738516810963534,
        0.9738516810963534,
        0.9738516810963534,
        0.9738516810963534,
        0.9738516810963534,
        0.9738516810963534,
        0.9738516810963534,
        0.9738516810963534,
        0.9738516810963534,
        0.9738516810963534,
        0.9738516810963534,
        0.9738516810963534,
        0.9738516810963534
    ],
    "val_auroc": [
        0.998,
        0.9986666666666667,
        0.9986666666666667,
        0.982,
        0.9873333333333333,
        0.9926666666666666,
        0.9973333333333334,
        0.998,
        0.9986666666666667,
        0.9986666666666667,
        0.9986666666666667,
        0.9986666666666667,
        0.9986666666666667,
        0.9986666666666667,
        0.9986666666666667,
        0.9993333333333333,
        0.9993333333333333,
        0.9993333333333333,
        0.9993333333333333,
        0.9993333333333333,
        0.9993333333333333,
        0.9993333333333333,
        0.9993333333333333,
        0.9993333333333333,
        0.9993333333333333,
        0.9993333333333333,
        0.9993333333333333,
        0.9993333333333333,
        0.9993333333333333,
        0.9993333333333333,
        0.9993333333333333,
        0.9993333333333333,
        0.9993333333333333,
        0.9993333333333333,
        0.9993333333333333,
        0.9993333333333333,
        0.9993333333333333,
        0.9993333333333333,
        0.9993333333333333,
        0.9993333333333333,
        0.9993333333333333,
        0.9993333333333333,
        0.9993333333333333,
        0.9993333333333333,
        0.9993333333333333,
        0.9993333333333333,
        0.9993333333333333,
        0.9993333333333333,
        0.9993333333333333,
        0.9993333333333333
    ]
}