{
    "train_loss": [
        0.4716531693935394,
        0.19898805320262908,
        0.09435611627995968,
        0.05631412174552679,
        0.023391849547624587,
        0.014809855818748474,
        0.014517717342823745,
        0.015547418873757124,
        0.1053092110902071,
        0.053332329262048006,
        0.029244493693113327,
        0.013111772015690804,
        0.00924433539621532,
        0.010731021873652935,
        0.007770312577486038,
        0.013096457510255278,
        0.007975907530635595,
        0.0047562192659825085,
        0.0028335003647953273,
        0.002565418207086623,
        0.0023594734957441688,
        0.0021840291796252132,
        0.0020329211140051482,
        0.0018998570274561643,
        0.0017808130360208452,
        0.0016747020767070354,
        0.0015792369958944619,
        0.0014917468302883207,
        0.001412719371728599,
        0.0013399187242612242,
        0.0012732414645142854,
        0.0012115438701584935,
        0.0011550720315426587,
        0.0011020723963156343,
        0.001053403125843033,
        0.0010081444401293994,
        0.0009653866814915091,
        0.0009260333434212952,
        0.0008888599695637822,
        0.0008539905422367156,
        0.0008214727742597461,
        0.0007907559571322054,
        0.000761896773474291,
        0.0007344840734731406,
        0.0007088178303092718,
        0.0006843796814791858,
        0.0006615400430746377,
        0.0006393675867002457,
        0.0006187002290971577,
        0.0005988382559735328
    ],
    "val_loss": [
        0.3376310169696808,
        0.1258023182551066,
        0.08544999236861865,
        0.05585380643606186,
        0.03125852936257919,
        0.03473278476546208,
        0.053194344975054264,
        0.05650463871036967,
        0.04318946010122696,
        0.029896957178910572,
        0.032115997125705086,
        0.13078323689599833,
        0.026460166399677593,
        0.06013769827162226,
        0.004807378398254514,
        0.024069824100782473,
        0.012346834487592181,
        0.03445697839682301,
        0.0072208303802957135,
        0.004400554539946218,
        0.0042744674331819015,
        0.004150064623293777,
        0.003934324447376032,
        0.0037383143013964095,
        0.003584603041720887,
        0.003470311018948754,
        0.0033847035374492407,
        0.003316484314079086,
        0.0032677172760789595,
        0.003233950526919216,
        0.003217629506252706,
        0.0031785558094270527,
        0.003178855481867989,
        0.003152040260223051,
        0.0031506490583221116,
        0.003159535389083127,
        0.0031577448244206607,
        0.0031496906691851714,
        0.003126646081606547,
        0.003137233182011793,
        0.003132777967645476,
        0.003135926458829393,
        0.00314008262163649,
        0.003178178759602209,
        0.00318781544532006,
        0.003197773728364458,
        0.0032189556125861904,
        0.0032404391774131605,
        0.0032373654539696872,
        0.0032581590057816356
    ],
    "val_mcc": [
        0.8958064164776166,
        0.9738516810963534,
        0.973505222533836,
        0.973505222533836,
        0.9738516810963534,
        0.973505222533836,
        0.9738516810963534,
        0.9738516810963534,
        0.973505222533836,
        0.973505222533836,
        0.9738516810963534,
        0.9473309334313418,
        0.9738516810963534,
        0.973505222533836,
        1.0,
        0.973505222533836,
        0.9738516810963534,
        0.9738516810963534,
        1.0,
        1.0,
        1.0,
        1.0,
        1.0,
        1.0,
        1.0,
        1.0,
        1.0,
        1.0,
        1.0,
        1.0,
        1.0,
        1.0,
        1.0,
        1.0,
        1.0,
        1.0,
        1.0,
        1.0,
        1.0,
        1.0,
        1.0,
        1.0,
        1.0,
        1.0,
        1.0,
        1.0,
        1.0,
        1.0,
        1.0,
        1.0
    ],
    "val_auroc": [
        1.0,
        1.0,
        1.0,
        1.0,
        1.0,
        0.9993333333333333,
        1.0,
        0.9893333333333333,
        1.0,
        1.0,
        1.0,
        1.0,
        1.0,
        1.0,
        1.0,
        1.0,
        1.0,
        1.0,
        1.0,
        1.0,
        1.0,
        1.0,
        1.0,
        1.0,
        1.0,
        1.0,
        1.0,
        1.0,
        1.0,
        1.0,
        1.0,
        1.0,
        1.0,
        1.0,
        1.0,
        1.0,
        1.0,
        1.0,
        1.0,
        1.0,
        1.0,
        1.0,
        1.0,
        1.0,
        1.0,
        1.0,
        1.0,
        1.0,
        1.0,
        1.0
    ]
}