{
    "train_loss": [
        0.48369728922843935,
        0.17049860283732415,
        0.07223183251917362,
        0.03266796097159386,
        0.043431448936462405,
        0.05560022573918104,
        0.02711105290800333,
        0.013665660191327334,
        0.008584370603784919,
        0.00669292826205492,
        0.005617717374116182,
        0.004855200368911028,
        0.00428078668192029,
        0.0038204626878723504,
        0.003440300188958645,
        0.00312730735167861,
        0.002861268795095384,
        0.0026283047860488295,
        0.00242795676458627,
        0.0022466537542641164,
        0.002086832234635949,
        0.001945000560954213,
        0.0018183047650381923,
        0.0017044857377186418,
        0.001602891879156232,
        0.0015092581161297858,
        0.001424723328091204,
        0.0013468919089064002,
        0.0012763644102960826,
        0.0012110423878766597,
        0.001151198265142739,
        0.0010954909026622771,
        0.0010445132153108715,
        0.0009968638827558608,
        0.0009524522407446057,
        0.0009111555002164096,
        0.0008726851141545921,
        0.0008364370441995561,
        0.00080290453042835,
        0.0007712158898357302,
        0.0007415363565087318,
        0.0007135757827199995,
        0.0006871735211461782,
        0.0006623544031754136,
        0.0006389734044205397,
        0.0006165828090161085,
        0.0005957053799647838,
        0.0005757189297582954,
        0.0005569493980146945,
        0.0005388960707932711
    ],
    "val_loss": [
        0.27475551267464954,
        0.11774563044309616,
        0.049195616195599236,
        0.06111230639119943,
        0.044396119813124336,
        0.10347182055314381,
        0.04457572071502606,
        0.045291136329372726,
        0.055495727652062975,
        0.054888872895389795,
        0.055244741340478264,
        0.05563001288101077,
        0.05600104356805483,
        0.056255656449745096,
        0.05661018472164869,
        0.05705248176430663,
        0.05759041259686152,
        0.058027624152600765,
        0.05843679063643018,
        0.05886135595695426,
        0.05921085656154901,
        0.05952244671061635,
        0.06004382386648407,
        0.06045717218269905,
        0.06075991806574166,
        0.061270850244909525,
        0.06168207483521352,
        0.06216248939745128,
        0.0625466840962569,
        0.06294359255116433,
        0.06341991814163823,
        0.06377055721047024,
        0.06414464277137692,
        0.06456186234330137,
        0.06492238452968498,
        0.06520803986738126,
        0.06564684598318611,
        0.06600445357616991,
        0.06636314804200083,
        0.0666886859301788,
        0.06691790928986545,
        0.06729967537103221,
        0.0676348961230057,
        0.06788411480374634,
        0.06824589406217758,
        0.06851948023540899,
        0.06879320901740964,
        0.0690841482913432,
        0.06933145403551559,
        0.06964004676168163
    ],
    "val_mcc": [
        0.9738516810963534,
        0.9738516810963534,
        1.0,
        0.9738516810963534,
        0.9738516810963534,
        0.9244162777371754,
        0.9738516810963534,
        0.9738516810963534,
        0.9738516810963534,
        0.9738516810963534,
        0.9738516810963534,
        0.9738516810963534,
        0.9738516810963534,
        0.9738516810963534,
        0.9738516810963534,
        0.9738516810963534,
        0.9738516810963534,
        0.9738516810963534,
        0.9738516810963534,
        0.9738516810963534,
        0.9738516810963534,
        0.9738516810963534,
        0.9738516810963534,
        0.9738516810963534,
        0.9738516810963534,
        0.9738516810963534,
        0.9738516810963534,
        0.9738516810963534,
        0.9738516810963534,
        0.9738516810963534,
        0.9738516810963534,
        0.9738516810963534,
        0.9738516810963534,
        0.9738516810963534,
        0.9738516810963534,
        0.9738516810963534,
        0.9738516810963534,
        0.9738516810963534,
        0.9738516810963534,
        0.9738516810963534,
        0.9738516810963534,
        0.9738516810963534,
        0.9738516810963534,
        0.9738516810963534,
        0.9738516810963534,
        0.9738516810963534,
        0.9738516810963534,
        0.9738516810963534,
        0.9738516810963534,
        0.9738516810963534
    ],
    "val_auroc": [
        1.0,
        1.0,
        1.0,
        1.0,
        1.0,
        1.0,
        0.9986666666666667,
        1.0,
        0.9833333333333333,
        1.0,
        1.0,
        1.0,
        1.0,
        1.0,
        1.0,
        1.0,
        1.0,
        1.0,
        1.0,
        1.0,
        1.0,
        1.0,
        1.0,
        1.0,
        1.0,
        1.0,
        1.0,
        1.0,
        1.0,
        1.0,
        1.0,
        1.0,
        1.0,
        1.0,
        1.0,
        1.0,
        1.0,
        1.0,
        1.0,
        1.0,
        1.0,
        1.0,
        1.0,
        1.0,
        1.0,
        1.0,
        1.0,
        1.0,
        1.0,
        1.0
    ]
}