{
    "train_loss": [
        0.4984444171190262,
        0.20444107800722122,
        0.08853580020368099,
        0.08328542411327362,
        0.04601804688572884,
        0.03732191901654005,
        0.023454742133617403,
        0.010825270786881447,
        0.008816805202513933,
        0.006823092279955745,
        0.005743082333356142,
        0.004919869033619762,
        0.004342106636613607,
        0.0038695524213835596,
        0.003482774551957846,
        0.003158093267120421,
        0.002874967711977661,
        0.0026333349989727138,
        0.0024219202110543846,
        0.0022435072110965847,
        0.0020803703810088336,
        0.0019392534159123898,
        0.001811999292112887,
        0.0016999886720441282,
        0.0015949318883940577,
        0.0015028446796350181,
        0.0014183319988660514,
        0.0013409482082352043,
        0.0012708313763141633,
        0.0012060105451382696,
        0.0011459066648967565,
        0.001090856862720102,
        0.0010396703786682338,
        0.0009924966783728451,
        0.0009481920336838811,
        0.0009074281086213886,
        0.0008691439579706639,
        0.000833780161337927,
        0.0008000852423720062,
        0.0007685141230467707,
        0.0007390148413833231,
        0.000711359188426286,
        0.000684994028415531,
        0.0006606506474781781,
        0.0006374804070219398,
        0.0006152762682177127,
        0.0005943671218119562,
        0.0005745189089793711,
        0.000555882218759507,
        0.000538248650263995
    ],
    "val_loss": [
        0.31112002829710644,
        0.12411337594191234,
        0.06136678407589594,
        0.039155161629120507,
        0.02633966753880183,
        0.06957474971810977,
        0.03388082981109619,
        0.009763041511178017,
        0.013888665785392126,
        0.02427688706666231,
        0.01977047324180603,
        0.014228967484086752,
        0.011916423682123423,
        0.012337403682370981,
        0.013040764257311821,
        0.01387599048515161,
        0.014515421508500973,
        0.015439508948475122,
        0.015570226280639568,
        0.016221978468820453,
        0.01695207638355593,
        0.01750745748480161,
        0.018155369830007356,
        0.018371679975340765,
        0.018221836381902296,
        0.018685615466286738,
        0.019087459853229422,
        0.019511325983330607,
        0.020457199192605913,
        0.02065730665344745,
        0.02034334558993578,
        0.02031834066535036,
        0.020865430822595954,
        0.02093602647073567,
        0.021159780405772228,
        0.021562635122487944,
        0.021434834615016978,
        0.022209953477916617,
        0.022171346625934046,
        0.022448218194767833,
        0.022659830555009346,
        0.02294541895389557,
        0.02302278714099278,
        0.02325288704984511,
        0.02329704452616473,
        0.023555528139695525,
        0.023715966536353033,
        0.02369897523506855,
        0.02390262597085287,
        0.024235480232164264
    ],
    "val_mcc": [
        0.973505222533836,
        1.0,
        0.973505222533836,
        1.0,
        1.0,
        0.9244162777371754,
        0.9738516810963534,
        1.0,
        1.0,
        0.9738516810963534,
        0.9738516810963534,
        0.9738516810963534,
        0.9738516810963534,
        0.9738516810963534,
        0.9738516810963534,
        0.9738516810963534,
        0.9738516810963534,
        0.9738516810963534,
        0.9738516810963534,
        0.9738516810963534,
        0.9738516810963534,
        0.9738516810963534,
        0.9738516810963534,
        0.9738516810963534,
        0.9738516810963534,
        0.9738516810963534,
        0.9738516810963534,
        0.9738516810963534,
        0.9738516810963534,
        0.9738516810963534,
        0.9738516810963534,
        0.9738516810963534,
        0.9738516810963534,
        0.9738516810963534,
        0.9738516810963534,
        0.9738516810963534,
        0.9738516810963534,
        0.9738516810963534,
        0.9738516810963534,
        0.9738516810963534,
        0.9738516810963534,
        0.9738516810963534,
        0.9738516810963534,
        0.9738516810963534,
        0.9738516810963534,
        0.9738516810963534,
        0.9738516810963534,
        0.9738516810963534,
        0.9738516810963534,
        0.9738516810963534
    ],
    "val_auroc": [
        1.0,
        1.0,
        1.0,
        1.0,
        1.0,
        1.0,
        1.0,
        1.0,
        1.0,
        1.0,
        1.0,
        1.0,
        1.0,
        1.0,
        1.0,
        1.0,
        1.0,
        1.0,
        1.0,
        1.0,
        1.0,
        1.0,
        1.0,
        1.0,
        1.0,
        1.0,
        1.0,
        1.0,
        1.0,
        1.0,
        1.0,
        1.0,
        1.0,
        1.0,
        1.0,
        1.0,
        1.0,
        1.0,
        1.0,
        1.0,
        1.0,
        1.0,
        1.0,
        1.0,
        1.0,
        1.0,
        1.0,
        1.0,
        1.0,
        1.0
    ]
}