{
    "train_loss": [
        0.38844352022365286,
        0.14339363043782888,
        0.08038609886231522,
        0.048460226488748086,
        0.03497260452800051,
        0.033546728793428175,
        0.02427732144025396,
        0.017756458141202865,
        0.021006168252184848,
        0.025815698971402727,
        0.00954833393054152,
        0.039351623945145145,
        0.02010024575456218,
        0.009081119821294796,
        0.007906107096156726,
        0.006551006679526634,
        0.007094117976117155,
        0.00865062273859857,
        0.008262292345063071,
        0.008184427857351559,
        0.0045137274045609285,
        0.00334051669240041,
        0.003612466837727913,
        0.0036849802728048183,
        0.0031851707128764785,
        0.0029030890812767516,
        0.0036840241691270086,
        0.002973070618787056,
        0.005646615520634913,
        0.005199129244526072,
        0.00357758116364561,
        0.0036368773617141414,
        0.0030919443077571623,
        0.0034865828965848777,
        0.0028855295189445045,
        0.0030010917982036954,
        0.0028237145763543798,
        0.002581794553272495,
        0.0029762115874392395,
        0.0027506791046579128,
        0.0030013411795624524,
        0.002662341253232659,
        0.0029385256851431527,
        0.00270968789408033,
        0.002579675542788377,
        0.0034123701752159156,
        0.0029845746210884062,
        0.0027719967349387137,
        0.00293709143301789,
        0.003158128646545164
    ],
    "val_loss": [
        0.17008650981421983,
        0.12550728568541153,
        0.07028150970914535,
        0.07830965658649802,
        0.06233619331448738,
        0.06446695510697152,
        0.05982590559870005,
        0.07793833847972564,
        0.06336042661236466,
        0.07105350481080157,
        0.06680303169663862,
        0.061606167796916064,
        0.07385506741827287,
        0.0731250459003994,
        0.06416342242196801,
        0.08270229722880426,
        0.06878078060565583,
        0.07099225906962861,
        0.06372171750886732,
        0.0653534139585515,
        0.07423875516438525,
        0.07528136607808326,
        0.07446223032560997,
        0.07562617653768809,
        0.07609882664317931,
        0.08289726866340581,
        0.076997015060832,
        0.07893272569292874,
        0.07830545662831614,
        0.08693354554114714,
        0.09372276529133419,
        0.0845803694303738,
        0.08641719947107569,
        0.09199775548924143,
        0.0875059555666147,
        0.08740519239446647,
        0.08717412499312818,
        0.09069849992270715,
        0.0887040665407507,
        0.09010945846083425,
        0.0898995643393781,
        0.09469355568009112,
        0.09099813498427725,
        0.09088490031691825,
        0.09376711434768888,
        0.09429788349942621,
        0.09144652497395457,
        0.09130524144581743,
        0.09923857645610822,
        0.09609221613209229
    ],
    "val_mcc": [
        0.8814170996062735,
        0.8602071602974327,
        0.9357120017927751,
        0.9176995196016708,
        0.9499163107367199,
        0.9490138409300448,
        0.942913914545746,
        0.9223344238281012,
        0.9387606821230009,
        0.9493381939194748,
        0.9495809403092013,
        0.9356901152072211,
        0.9366213050735147,
        0.9562383051892519,
        0.9432527830722174,
        0.9378213087451752,
        0.9492670767709935,
        0.9429327431976492,
        0.9553726834576977,
        0.942913914545746,
        0.9562383051892519,
        0.9429327431976492,
        0.9495809403092013,
        0.9495809403092013,
        0.9362404379392986,
        0.9495809403092013,
        0.9429327431976492,
        0.9429327431976492,
        0.9495809403092013,
        0.9562383051892519,
        0.943631046741099,
        0.9362404379392986,
        0.9429327431976492,
        0.9369533138338643,
        0.9429327431976492,
        0.9429327431976492,
        0.9429327431976492,
        0.9429327431976492,
        0.9362404379392986,
        0.9429327431976492,
        0.9362404379392986,
        0.9369533138338643,
        0.9362404379392986,
        0.9429327431976492,
        0.9429327431976492,
        0.9429327431976492,
        0.9495809403092013,
        0.9429327431976492,
        0.9429327431976492,
        0.9369533138338643
    ],
    "val_auroc": [
        0.9909196490241857,
        0.9966526694915533,
        0.9976056830421799,
        0.9973969481754198,
        0.998075566072614,
        0.9977702910259573,
        0.998174513269719,
        0.9980727775104814,
        0.9985727386983908,
        0.9978450626320404,
        0.9980595366406458,
        0.998120950125137,
        0.9975856441215057,
        0.9977934472609139,
        0.9983729973992848,
        0.9979232705412816,
        0.9981496240716615,
        0.998240053494673,
        0.9984290848128318,
        0.9983506390901155,
        0.997948612363169,
        0.998071178348945,
        0.9980544748628696,
        0.9980788948872895,
        0.9981645979045978,
        0.9980141558980845,
        0.9982168972597162,
        0.9981705880997644,
        0.9981753111955064,
        0.9976346857408543,
        0.9979712961145265,
        0.9984076582310145,
        0.9984796545148112,
        0.9981603340526086,
        0.9982739164006152,
        0.9983262157557339,
        0.998321492659992,
        0.99838277565288,
        0.9982893527872658,
        0.9982739164006152,
        0.9983262157557339,
        0.9980385709575622,
        0.9982417765278893,
        0.9982936133292934,
        0.9981757704392592,
        0.9983459126844121,
        0.9982241479343849,
        0.9983369290466427,
        0.9977877891278585,
        0.99812520073728
    ]
}