{
    "train_loss": [
        0.31689187373828004,
        0.11570520709372228,
        0.06860834523966466,
        0.04615029922031142,
        0.02864450210256985,
        0.03496129710779146,
        0.028300880672220415,
        0.015893130755069217,
        0.014454771628758559,
        0.007984650128357182,
        0.0070837758873865285,
        0.006163949926202703,
        0.005121963913552463,
        0.005851382287262284,
        0.0057795842057438915,
        0.004977253108841574,
        0.0051769084826379114,
        0.004533324982427682,
        0.004602368453763322,
        0.003652072277704806,
        0.003622994081794146,
        0.0039317995416004795,
        0.003976030210819941,
        0.003976172501333403,
        0.0039025807884711496,
        0.004108890317621882,
        0.003177403300974725,
        0.003611653058518035,
        0.010848314682435658,
        0.0186693493122692,
        0.02833328116685152,
        0.017445089484681375,
        0.008287932574199254,
        0.013153703666089481,
        0.06027852157044604,
        0.013518872531777661,
        0.009784549667663803,
        0.005439989542571345,
        0.0038817036693217233,
        0.0032274230811540124,
        0.005403601442662033,
        0.0033329570573254453,
        0.002959526444303467,
        0.0028912075477246953,
        0.0032579173496708755,
        0.002672901133404661,
        0.00238511293597791,
        0.0027938101441207066,
        0.002385875067745844,
        0.0024556988917336436
    ],
    "val_loss": [
        0.14795420704675571,
        0.09058507498619812,
        0.06929158036863166,
        0.10149250934565705,
        0.07580953314235168,
        0.09274626318697951,
        0.0644852462657062,
        0.08901393329142593,
        0.07601931118240048,
        0.08346236139602427,
        0.08086409549702823,
        0.06912192069492969,
        0.07355135843265868,
        0.07494604125219796,
        0.10632471226667153,
        0.07079635859866228,
        0.07310509194316442,
        0.09056891431412493,
        0.07993609484505473,
        0.07160788325355887,
        0.07937207828529479,
        0.07511828986649302,
        0.07938817749007805,
        0.07932825976396478,
        0.08543260973497777,
        0.08830401460519559,
        0.07169610157247266,
        0.09720425795655631,
        0.09632152687741577,
        0.1350078656770555,
        0.09411135731196348,
        0.06915049596552438,
        0.04410448529025806,
        0.2703015005234712,
        0.08105865310062654,
        0.08066049723752908,
        0.0656257848313544,
        0.07686648728382092,
        0.06874664586419905,
        0.08168101475868232,
        0.08295982416763893,
        0.07743945290115205,
        0.07837969843395902,
        0.07767041928595322,
        0.074118479552843,
        0.08694610575184925,
        0.0819659081966425,
        0.0860033781050983,
        0.08172733606677086,
        0.10342250557576856
    ],
    "val_mcc": [
        0.8425832539079797,
        0.9087269357616008,
        0.9151712083383106,
        0.9099200464709646,
        0.9218719591279144,
        0.9230802335714082,
        0.9151548911703632,
        0.9158690963537627,
        0.9357897404242441,
        0.9427488104808558,
        0.9355787722303668,
        0.9490304120906934,
        0.9355787722303668,
        0.9429309080049649,
        0.9221049161253106,
        0.9421387007706379,
        0.9552238285189186,
        0.9355787722303668,
        0.9421387007706379,
        0.9552238285189186,
        0.9421387007706379,
        0.9486868875801716,
        0.9490304120906934,
        0.9421387007706379,
        0.9354340921193967,
        0.9354340921193967,
        0.9552238285189186,
        0.9221049161253106,
        0.9226720890061101,
        0.9105090497183366,
        0.9217413023632369,
        0.9219076712791373,
        0.9490304120906934,
        0.8892862997692307,
        0.9299046153677953,
        0.929397701287664,
        0.9557169217531379,
        0.9424592032825898,
        0.9424592032825898,
        0.9225051555341773,
        0.9424592032825898,
        0.9357370906564018,
        0.9424592032825898,
        0.9290040304901355,
        0.9424592032825898,
        0.9290040304901355,
        0.9424592032825898,
        0.9290040304901355,
        0.9424592032825898,
        0.9089173605391728
    ],
    "val_auroc": [
        0.990789741095771,
        0.9962452621645651,
        0.9983490498584638,
        0.9970248823541921,
        0.9984034109288332,
        0.9966047841731859,
        0.9988900073752275,
        0.9973346393731538,
        0.9986848194434591,
        0.997180861932042,
        0.9984143456500196,
        0.998357912934515,
        0.9986038428318545,
        0.9984112612687422,
        0.9971249827089265,
        0.9985674457270624,
        0.9984629741984666,
        0.9983458086725014,
        0.9983814045415446,
        0.9988727141537961,
        0.9985833430124466,
        0.9987775649450041,
        0.9983336167817748,
        0.9986896697208424,
        0.9984671075588527,
        0.9984932572364119,
        0.9986112239981261,
        0.9983379649525155,
        0.9971159957611956,
        0.9975581134027264,
        0.9970475464123906,
        0.9986313702406724,
        0.9989828338855626,
        0.9860155843640012,
        0.9961826277535005,
        0.9969872280798596,
        0.9981209600550217,
        0.9983587108603023,
        0.9986142141307669,
        0.9984401533355829,
        0.9980873086494725,
        0.998369424151211,
        0.9986296505174176,
        0.998315861006629,
        0.9986824124262507,
        0.9981833862756547,
        0.9986515396529495,
        0.9983402810310489,
        0.9987068324506708,
        0.9982274999187913
    ]
}