{
    "train_loss": [
        0.34775750528745075,
        0.11944878842957594,
        0.07925863645073992,
        0.0605121114877639,
        0.02646632482194238,
        0.02686243431634028,
        0.014478381164803135,
        0.014858009751791272,
        0.015160804981995304,
        0.007923820317955688,
        0.004146778953899802,
        0.004771046104401143,
        0.003644837631361076,
        0.003022109771134435,
        0.0028054323392333806,
        0.002245616669016373,
        0.0021833472600081695,
        0.002490564621068727,
        0.0017839140868831978,
        0.0017537528436622342,
        0.003021506976909694,
        0.001313133780193446,
        0.0011671318988427865,
        0.0012486003017531605,
        0.0016539021318614552,
        0.0015365320994331138,
        0.0012737739264223448,
        0.0012582488009313776,
        0.0013922985965985357,
        0.0008722155379709202,
        0.0007746707209056088,
        0.0008359073802205751,
        0.002101224066589364,
        0.0024217466347585693,
        0.0011513439070161742,
        0.0014681948856984188,
        0.0009808458988926658,
        0.0008001154159568681,
        0.0008484899593626054,
        0.0006168278213307429,
        0.0017327911000730065,
        0.0006694954077425387,
        0.0005282915196100172,
        0.0004089935315884456,
        0.0008055738936592308,
        0.0034098751949150703,
        0.07980131626418033,
        0.028873879413974162,
        0.02184840871982656,
        0.016912595368787017
    ],
    "val_loss": [
        0.2593895960599184,
        0.15525605609374388,
        0.14013791673018464,
        0.1430293836497835,
        0.14083970391324588,
        0.14650068783001707,
        0.13199112568483023,
        0.13891615106591157,
        0.140647743113472,
        0.16698807578567149,
        0.1533726087156018,
        0.15196134273511624,
        0.15777051071303763,
        0.17056451809392975,
        0.16692506547510025,
        0.167413911501561,
        0.1773072364760862,
        0.1735233098443132,
        0.17527963715422498,
        0.19100824301754724,
        0.18525682954662312,
        0.18580761413094088,
        0.18342602226454932,
        0.19148844676133844,
        0.18608080919200023,
        0.18575830088957446,
        0.19950621501525997,
        0.18870754494803674,
        0.19546086980595387,
        0.20118097340049904,
        0.20181672068377207,
        0.20118520595133305,
        0.1953205395283086,
        0.20728526265988226,
        0.1834304298510168,
        0.1985079106437167,
        0.21636044927644044,
        0.20644460774981002,
        0.21061139364844297,
        0.22431998409930592,
        0.21237295647448004,
        0.21823632437268056,
        0.21965472657809318,
        0.22998216333871824,
        0.2190160857574353,
        0.26820272393940414,
        0.1892570247374741,
        0.21415726142004132,
        0.2081665562618582,
        0.2294488244720664
    ],
    "val_mcc": [
        0.7188998680215128,
        0.9093290468743623,
        0.9093584189909022,
        0.9289520198391132,
        0.9225779291045616,
        0.9288852209709985,
        0.9288008327322284,
        0.9289520198391132,
        0.922760943992538,
        0.9351694773805285,
        0.9352489491503386,
        0.9352489491503386,
        0.9352489491503386,
        0.9351694773805285,
        0.9352489491503386,
        0.9352489491503386,
        0.9351694773805285,
        0.9351694773805285,
        0.9352489491503386,
        0.9351694773805285,
        0.9352489491503386,
        0.9351694773805285,
        0.9352489491503386,
        0.9352489491503386,
        0.9352489491503386,
        0.9352489491503386,
        0.9351694773805285,
        0.9352489491503386,
        0.9352489491503386,
        0.9286428195158538,
        0.9352489491503386,
        0.9352489491503386,
        0.9351694773805285,
        0.9351694773805285,
        0.9352489491503386,
        0.9352489491503386,
        0.9352850505895273,
        0.9352489491503386,
        0.9352489491503386,
        0.9418041191412337,
        0.9352489491503386,
        0.9352489491503386,
        0.9352489491503386,
        0.9418041191412337,
        0.9352489491503386,
        0.8833364022208039,
        0.8840489590769277,
        0.8904501305327661,
        0.9220207300308461,
        0.915399700410192
    ],
    "val_auroc": [
        0.9715805655854842,
        0.9866749097985653,
        0.9876781048863239,
        0.9855582414209955,
        0.9888496416538007,
        0.9890795715756058,
        0.9912641641002544,
        0.9910338853999203,
        0.9922100443945796,
        0.9888117963570909,
        0.9892100317156475,
        0.9906183130055758,
        0.9903347560984529,
        0.9896116660163182,
        0.9896753122120581,
        0.9898388340222931,
        0.9892301341438371,
        0.989418250284452,
        0.9897436815035396,
        0.9892169437082815,
        0.9890997310579982,
        0.9883470353019873,
        0.9882966365960061,
        0.9878883214962532,
        0.9897084309364542,
        0.989237103190674,
        0.9890250262693921,
        0.9893536252370421,
        0.9883618381389255,
        0.9880836378772568,
        0.9880830043275445,
        0.9887575392986322,
        0.98920617336317,
        0.9883561361915135,
        0.9909734069527426,
        0.9894680154407208,
        0.987683270676011,
        0.9881126100014207,
        0.9867342796873264,
        0.9867034639682278,
        0.9879781173695523,
        0.9873817431833875,
        0.987047154020571,
        0.9868232678715637,
        0.9889957088432707,
        0.989208938922182,
        0.9884618105271622,
        0.9829803944733868,
        0.9847835930219372,
        0.9832832194733351
    ]
}