{
    "train_loss": [
        0.31451611572669613,
        0.1253214488495831,
        0.07242864184081554,
        0.05387475915874044,
        0.03586485697370437,
        0.02696229932674517,
        0.019709998597304716,
        0.026139465078746003,
        0.027735050256726228,
        0.013351220407963006,
        0.007215856221996041,
        0.00998961741829084,
        0.006001037365489605,
        0.009918818501453777,
        0.0047945552144449686,
        0.003608709503034199,
        0.008065758628718969,
        0.004369670337904676,
        0.003794965083889784,
        0.0042757169360777844,
        0.0034474717025727,
        0.003658597293704386,
        0.003882914889901359,
        0.011670430673230267,
        0.013882496150607174,
        0.035618321463482934,
        0.020994575465684413,
        0.019781594697161817,
        0.02271073660867168,
        0.00432557707110256,
        0.00536827905751933,
        0.003776591213762812,
        0.0021546846069718916,
        0.0027636637516681934,
        0.0021208506510043256,
        0.0020690365502526184,
        0.0041420037237171695,
        0.004005043187606605,
        0.002423391255972631,
        0.0020701339316373277,
        0.0027235683344904965,
        0.0030763194137290594,
        0.004684671828592265,
        0.0024164266320036,
        0.0026837280087487736,
        0.0024966939988560087,
        0.002251104278575103,
        0.0019819654000996336,
        0.004745465498975439,
        0.0027485996554417027
    ],
    "val_loss": [
        0.16042819432914257,
        0.10556524862269205,
        0.10948673602459687,
        0.08501657670629877,
        0.0815232318917489,
        0.07294396670269114,
        0.10380176977404128,
        0.08192471404618118,
        0.08628109038025807,
        0.08870850841464874,
        0.10439751995519535,
        0.13473985077247821,
        0.08703972223156597,
        0.08819279050866109,
        0.08298841565348473,
        0.0869738292421971,
        0.07953434796893687,
        0.08416760451291339,
        0.08317032263689075,
        0.08434687675980967,
        0.08141989561201106,
        0.09017125842105347,
        0.08480415185061117,
        0.10838191647781059,
        0.10127595769881736,
        0.0843567080217846,
        0.07770879673833926,
        0.09733580499336572,
        0.06063002317075318,
        0.06975496851373464,
        0.07679692892686164,
        0.07548909070049246,
        0.07821152349606564,
        0.07872632821584245,
        0.08031118152913612,
        0.08899148424955326,
        0.08935151506011607,
        0.08483645412304343,
        0.08571884763361075,
        0.0883041277767396,
        0.08703132665609051,
        0.0899041072291636,
        0.1031329751141519,
        0.08856260008620406,
        0.08922826495784518,
        0.088089089605871,
        0.09017908840295215,
        0.09355666364782726,
        0.09162668525511565,
        0.09568353432197389
    ],
    "val_mcc": [
        0.8813819136749032,
        0.9284172265287981,
        0.9108826908030391,
        0.9548021912204189,
        0.9548434655220738,
        0.9482194468194062,
        0.936572385890786,
        0.9484033973053213,
        0.9484033973053213,
        0.9615495631295176,
        0.9369503707737225,
        0.9373696005569471,
        0.9482768352004499,
        0.9423932112356775,
        0.9486204490697819,
        0.9483527814366216,
        0.9481731848183914,
        0.9547744359210986,
        0.9547744359210986,
        0.9482282295623329,
        0.9547744359210986,
        0.9483993825901752,
        0.9482194468194062,
        0.9417984310838996,
        0.9252280522923781,
        0.9353354306795337,
        0.9483981852351816,
        0.9352489491503386,
        0.9613254940826564,
        0.9547053375171993,
        0.9547053375171993,
        0.9547624798432428,
        0.9547053375171993,
        0.9547624798432428,
        0.9547624798432428,
        0.9548434655220738,
        0.9548434655220738,
        0.948191723536967,
        0.9547624798432428,
        0.9481731848183914,
        0.9547624798432428,
        0.948191723536967,
        0.9483527814366216,
        0.9547624798432428,
        0.9547053375171993,
        0.9547624798432428,
        0.9547624798432428,
        0.9481731848183914,
        0.9547624798432428,
        0.9481731848183914
    ],
    "val_auroc": [
        0.9890084636642911,
        0.9949050567054686,
        0.9960349940022791,
        0.9955515248000522,
        0.9953101808869284,
        0.9970726054883691,
        0.9969363228391971,
        0.9971817224138783,
        0.9963921835491686,
        0.9980398858848193,
        0.9965003093346283,
        0.9978625772837496,
        0.9972535948259952,
        0.996235610926001,
        0.9972130511209709,
        0.996461430823761,
        0.9964858508481811,
        0.9974597888739822,
        0.9970235572490975,
        0.997166748580942,
        0.9971869080633345,
        0.9966815364857297,
        0.9976976635509428,
        0.9975801131700918,
        0.9983082451702335,
        0.996405473901817,
        0.9945636387506923,
        0.9977230896915817,
        0.997981130470858,
        0.9976669989680732,
        0.9975800321613018,
        0.9977218259021184,
        0.99755814302577,
        0.9976005303257288,
        0.9975923479237082,
        0.9972838745539789,
        0.9972748909162096,
        0.9976331327521694,
        0.9975323287202835,
        0.9975773774007336,
        0.9976719335642082,
        0.9974705831736811,
        0.9971716864870386,
        0.9972808645615686,
        0.9973804114239141,
        0.9975943724445256,
        0.9976205626264799,
        0.9974163492849533,
        0.9975498301321465,
        0.9976258820775007
    ]
}