{
    "train_loss": [
        0.36333964737477126,
        0.13476401135428911,
        0.08171779776198997,
        0.0494962306348262,
        0.03809029616725942,
        0.025286364903742517,
        0.023954122894253856,
        0.024344219475837977,
        0.015045569127391058,
        0.027130217200869486,
        0.019162306421936524,
        0.012112818634637666,
        0.010021854808588547,
        0.013258602709457692,
        0.01001085795373742,
        0.007312332832952961,
        0.005662431144392704,
        0.004939889999891252,
        0.0040740577894245724,
        0.0034582229949322667,
        0.007901269556087855,
        0.03601398978315518,
        0.022265278985422035,
        0.010041539991679773,
        0.010277277462861363,
        0.01576658268674725,
        0.006545953375246393,
        0.005552610647336459,
        0.003174912670753353,
        0.004002342847040079,
        0.004232836344103648,
        0.0037914828712086158,
        0.003922565048452708,
        0.004002751051302766,
        0.0029898484670546305,
        0.002854440335391296,
        0.003629407449302057,
        0.007307721013839236,
        0.003668027937237639,
        0.006657700408848339,
        0.003818267107244874,
        0.0032972489681452753,
        0.004911221949037604,
        0.0033414853874597205,
        0.003967847510432842,
        0.007702219540381823,
        0.04048394358202737,
        0.02377344530005185,
        0.014637158178461337,
        0.00847271208207261
    ],
    "val_loss": [
        0.19298622850328684,
        0.10734540144247669,
        0.09940682288392313,
        0.08322239499206521,
        0.06956446648109704,
        0.09572312476146701,
        0.07105842914565333,
        0.0806204499552093,
        0.06799529410948578,
        0.08590562017551358,
        0.06969784056335422,
        0.07353991295635101,
        0.08260727064667403,
        0.06979997773721282,
        0.08267392782207546,
        0.06122061155162685,
        0.06528652930449295,
        0.06823485887071001,
        0.06359884468890543,
        0.06315062885031304,
        0.07259325426067724,
        0.0647869139793329,
        0.05124924662024049,
        0.06344073104472565,
        0.0785694705534427,
        0.057507227192088194,
        0.0466007681778657,
        0.05101865210963297,
        0.05139382918943219,
        0.04929215051041475,
        0.04733990554398458,
        0.05371482485315937,
        0.04616132007816175,
        0.04871535818866895,
        0.04669431337372641,
        0.055053564322016815,
        0.04780461236649509,
        0.04804232481780803,
        0.038048278280387295,
        0.04301603983445342,
        0.040701479616862865,
        0.04304476466274666,
        0.042263025680767896,
        0.04234707644289821,
        0.04425483707940917,
        0.04354086048702551,
        0.04156580592513949,
        0.04506508809676494,
        0.050828752906194756,
        0.05625969562035087
    ],
    "val_mcc": [
        0.8613677028638967,
        0.8853435042609092,
        0.9054330432815282,
        0.9301087986057435,
        0.9370263168610532,
        0.9239058083738418,
        0.9437894160349186,
        0.9234154916924324,
        0.9490383591048419,
        0.9380004122676611,
        0.9422259727275661,
        0.9499979347170547,
        0.9357943416247559,
        0.9492704499782583,
        0.9293330561773809,
        0.9681060668763031,
        0.9427301308602319,
        0.9552005759561214,
        0.9616656669859551,
        0.9552005759561214,
        0.9487090443752939,
        0.9492609361862635,
        0.943396125138192,
        0.9365843266055311,
        0.9424582360776198,
        0.9552005759561214,
        0.9616834950520059,
        0.9683712017046232,
        0.9616656669859551,
        0.9681060668763031,
        0.9681060668763031,
        0.9616656669859551,
        0.9681060668763031,
        0.9616656669859551,
        0.9616656669859551,
        0.9681562608261786,
        0.9616656669859551,
        0.9616656669859551,
        0.9616834950520059,
        0.96179669514205,
        0.9616656669859551,
        0.9616656669859551,
        0.9616656669859551,
        0.9552005759561214,
        0.9616656669859551,
        0.9621191220330899,
        0.9680538521807469,
        0.9620974697348147,
        0.9424816468534364,
        0.955367051323147
    ],
    "val_auroc": [
        0.9829251504891282,
        0.9932200186379824,
        0.994824367955717,
        0.9951595663823748,
        0.996949266093185,
        0.9965626094786716,
        0.9961609362955356,
        0.9955232234848128,
        0.9966591641410557,
        0.996464179366867,
        0.9972436637303973,
        0.9974054395140586,
        0.9957665373622362,
        0.9968132444781533,
        0.996615869468714,
        0.9970851540083777,
        0.9971425124985354,
        0.9973346390203043,
        0.9975653265643557,
        0.997105917134033,
        0.9977318961542432,
        0.9978088978864745,
        0.9985208478178924,
        0.9973344284478308,
        0.9975598976081853,
        0.9974094344183088,
        0.997876328722722,
        0.9981118702291659,
        0.99827939256986,
        0.9982935466478162,
        0.9976469415825328,
        0.9984379022918796,
        0.9981827476473356,
        0.998435649137211,
        0.9986958249287033,
        0.9986615428750362,
        0.9987809165809959,
        0.9988755356895739,
        0.9991097166359891,
        0.9986158747356924,
        0.9990282386983941,
        0.998886423705888,
        0.9988023449605689,
        0.9988000918059002,
        0.9988684887286791,
        0.9992104299546553,
        0.9991879285119424,
        0.9990307191937848,
        0.9987682300914572,
        0.9991253984585295
    ]
}