{
    "train_loss": [
        0.6436481326818466,
        0.5415139608085155,
        0.47167349234223366,
        0.45504211261868477,
        0.4118494354188442,
        0.39203278720378876,
        0.3755635656416416,
        0.36969320103526115,
        0.3400436155498028,
        0.34120307490229607,
        0.32844607159495354,
        0.3097308315336704,
        0.2973603829741478,
        0.29588772915303707,
        0.303580891340971,
        0.2866557240486145,
        0.28796212002635,
        0.2724795285612345,
        0.24581163562834263,
        0.22771444357931614,
        0.2108814138919115,
        0.23989468067884445,
        0.2285368237644434,
        0.22560299560427666,
        0.20332243666052818,
        0.20061943400651217,
        0.22932685166597366,
        0.18622196651995182,
        0.20116639230400324,
        0.19190169498324394,
        0.19846591725945473,
        0.2004111409187317,
        0.18343848455697298,
        0.1853283140808344,
        0.16122994013130665,
        0.17198390886187553,
        0.18429784290492535,
        0.15905766747891903,
        0.16398607939481735,
        0.16992094554007053,
        0.1876710606738925,
        0.15540711861103773,
        0.13250994496047497,
        0.13113779295235872,
        0.14686973858624697,
        0.13220555428415537,
        0.13514809124171734,
        0.16444542119279504,
        0.16823571547865868,
        0.13541099475696683
    ],
    "val_loss": [
        0.6577782332897186,
        0.5795043110847473,
        0.5044871270656586,
        0.46621371805667877,
        0.4521852731704712,
        0.4437699168920517,
        0.4368139058351517,
        0.43389497697353363,
        0.43408718705177307,
        0.432888925075531,
        0.4357161223888397,
        0.4389764368534088,
        0.4486810266971588,
        0.45219628512859344,
        0.45427632331848145,
        0.45547541975975037,
        0.4563499093055725,
        0.46140235662460327,
        0.46508723497390747,
        0.47334249317646027,
        0.4812810570001602,
        0.48741912841796875,
        0.4979303777217865,
        0.5023358017206192,
        0.5105491578578949,
        0.5245425999164581,
        0.5452858507633209,
        0.554485023021698,
        0.5395515114068985,
        0.5472649782896042,
        0.5582792907953262,
        0.5520967543125153,
        0.5457911193370819,
        0.5442887544631958,
        0.5692417621612549,
        0.5697973370552063,
        0.5901902467012405,
        0.6157744079828262,
        0.6350978761911392,
        0.6381427645683289,
        0.6497692465782166,
        0.661321222782135,
        0.6812926232814789,
        0.6809522807598114,
        0.6425238996744156,
        0.6396626383066177,
        0.6492871046066284,
        0.6912394165992737,
        0.6984076797962189,
        0.7053582221269608
    ],
    "val_mcc": [
        0.6038961038961039,
        0.6371165579527096,
        0.6371165579527096,
        0.6371165579527096,
        0.6371165579527096,
        0.6371165579527096,
        0.6371165579527096,
        0.6371165579527096,
        0.6371165579527096,
        0.6371165579527096,
        0.6371165579527096,
        0.6371165579527096,
        0.6030710063455536,
        0.6030710063455536,
        0.6030710063455536,
        0.5700355973915344,
        0.5700355973915344,
        0.5700355973915344,
        0.5700355973915344,
        0.5723555466420381,
        0.5064806629719167,
        0.5723555466420381,
        0.6038961038961039,
        0.5700355973915344,
        0.5723555466420381,
        0.541534658916836,
        0.5113295384991638,
        0.5113295384991638,
        0.5113295384991638,
        0.5113295384991638,
        0.5475174757500252,
        0.541534658916836,
        0.5064806629719167,
        0.475730646578336,
        0.475730646578336,
        0.5064806629719167,
        0.5113295384991638,
        0.475730646578336,
        0.40584415584415584,
        0.4375701823786445,
        0.5064806629719167,
        0.4375701823786445,
        0.4375701823786445,
        0.4375701823786445,
        0.47186147186147187,
        0.47186147186147187,
        0.5064806629719167,
        0.541534658916836,
        0.5771335508376638,
        0.541534658916836
    ],
    "val_auroc": [
        0.8744588744588745,
        0.8766233766233766,
        0.8809523809523809,
        0.8766233766233766,
        0.8712121212121212,
        0.8766233766233766,
        0.8777056277056277,
        0.8777056277056277,
        0.8787878787878789,
        0.8798701298701299,
        0.8777056277056277,
        0.8755411255411256,
        0.8744588744588744,
        0.8744588744588744,
        0.8679653679653679,
        0.8712121212121212,
        0.8701298701298701,
        0.8658008658008658,
        0.8679653679653679,
        0.8625541125541125,
        0.8668831168831169,
        0.867965367965368,
        0.8690476190476191,
        0.8679653679653679,
        0.8668831168831168,
        0.8603896103896105,
        0.8603896103896105,
        0.8528138528138529,
        0.8582251082251082,
        0.854978354978355,
        0.8571428571428572,
        0.8571428571428572,
        0.8625541125541125,
        0.8625541125541125,
        0.8528138528138528,
        0.8603896103896105,
        0.8484848484848486,
        0.8409090909090909,
        0.8376623376623377,
        0.8311688311688312,
        0.8311688311688312,
        0.8344155844155844,
        0.8376623376623377,
        0.8311688311688312,
        0.8506493506493507,
        0.8528138528138528,
        0.8484848484848485,
        0.8409090909090908,
        0.8419913419913421,
        0.8441558441558441
    ]
}