{
    "train_loss": [
        0.6376869827508926,
        0.5684509202837944,
        0.4649874232709408,
        0.43875299394130707,
        0.42827122658491135,
        0.4070272631943226,
        0.3775527961552143,
        0.3958789221942425,
        0.360928226262331,
        0.35884067229926586,
        0.3582625426352024,
        0.33759210258722305,
        0.33732951432466507,
        0.2980224620550871,
        0.3239693306386471,
        0.3019782640039921,
        0.302096389234066,
        0.2724838349968195,
        0.2769566122442484,
        0.2954603675752878,
        0.26582050137221813,
        0.25066063553094864,
        0.2299181930720806,
        0.2614835351705551,
        0.2524511404335499,
        0.23751036264002323,
        0.29501260071992874,
        0.21358191594481468,
        0.2300550565123558,
        0.21722275204956532,
        0.22775366343557835,
        0.19925529323518276,
        0.19004725385457277,
        0.2026602290570736,
        0.18746128119528294,
        0.20015503745526075,
        0.20390212908387184,
        0.18063749372959137,
        0.21881862543523312,
        0.17250402737408876,
        0.21471155993640423,
        0.21620242670178413,
        0.1484977239742875,
        0.18603046610951424,
        0.19219431560486555,
        0.18043202813714743,
        0.1580317635089159,
        0.17932871729135513,
        0.15013034269213676,
        0.18323023337870836
    ],
    "val_loss": [
        0.6628749966621399,
        0.5742225050926208,
        0.4744919240474701,
        0.41170746088027954,
        0.3822023421525955,
        0.36376918852329254,
        0.35951271653175354,
        0.34984079003334045,
        0.34770582616329193,
        0.355292871594429,
        0.3599631190299988,
        0.35826487839221954,
        0.3516607880592346,
        0.34818004071712494,
        0.34942203760147095,
        0.3366050720214844,
        0.33605286478996277,
        0.3395553231239319,
        0.3473152220249176,
        0.3620493859052658,
        0.35575027763843536,
        0.3404257595539093,
        0.3233131617307663,
        0.3314218074083328,
        0.34236451983451843,
        0.35399550199508667,
        0.3613710552453995,
        0.38611121475696564,
        0.3820319324731827,
        0.3651686906814575,
        0.3700621724128723,
        0.38298754394054413,
        0.37129777669906616,
        0.36921223998069763,
        0.39258700609207153,
        0.4024899750947952,
        0.393898606300354,
        0.3756086528301239,
        0.3734120726585388,
        0.3682396709918976,
        0.3546295613050461,
        0.3462025374174118,
        0.37522318959236145,
        0.3863549828529358,
        0.3973660320043564,
        0.4068422168493271,
        0.3975496143102646,
        0.38792549073696136,
        0.3991541862487793,
        0.4133303761482239
    ],
    "val_mcc": [
        0.27524094128159016,
        0.700718555132154,
        0.7824675324675324,
        0.7451421267603893,
        0.738946695932336,
        0.738946695932336,
        0.7359307359307359,
        0.7687337199108693,
        0.7687337199108693,
        0.7699801976524022,
        0.7687337199108693,
        0.7687337199108693,
        0.7359307359307359,
        0.7359307359307359,
        0.7687337199108693,
        0.7687337199108693,
        0.7687337199108693,
        0.770900069261196,
        0.7361174128087679,
        0.6699134199134199,
        0.7361174128087679,
        0.7361174128087679,
        0.8026406160403751,
        0.8026406160403751,
        0.7025010124044243,
        0.7025010124044243,
        0.7025010124044243,
        0.7041053139822809,
        0.7025010124044243,
        0.7359307359307359,
        0.7361174128087679,
        0.7361174128087679,
        0.7361174128087679,
        0.7025010124044243,
        0.6699134199134199,
        0.6699134199134199,
        0.7025010124044243,
        0.7025010124044243,
        0.7361174128087679,
        0.7361174128087679,
        0.7361174128087679,
        0.7361174128087679,
        0.7025010124044243,
        0.6699134199134199,
        0.6699134199134199,
        0.6362683048979794,
        0.6695942095771606,
        0.6362683048979794,
        0.6362683048979794,
        0.6699134199134199
    ],
    "val_auroc": [
        0.9437229437229437,
        0.9512987012987012,
        0.9469696969696969,
        0.9523809523809524,
        0.9502164502164502,
        0.9458874458874459,
        0.9393939393939393,
        0.9393939393939393,
        0.9383116883116883,
        0.9339826839826839,
        0.9307359307359307,
        0.9264069264069263,
        0.9307359307359307,
        0.933982683982684,
        0.9274891774891775,
        0.9318181818181819,
        0.9285714285714286,
        0.9253246753246754,
        0.9231601731601732,
        0.9134199134199135,
        0.9166666666666666,
        0.9177489177489178,
        0.9296536796536797,
        0.9264069264069265,
        0.9177489177489178,
        0.9177489177489178,
        0.920995670995671,
        0.9036796536796537,
        0.9101731601731602,
        0.9177489177489178,
        0.9145021645021645,
        0.9112554112554113,
        0.9177489177489178,
        0.9177489177489178,
        0.9101731601731602,
        0.9047619047619048,
        0.9025974025974026,
        0.9145021645021645,
        0.9145021645021645,
        0.9134199134199135,
        0.922077922077922,
        0.9242424242424243,
        0.9090909090909091,
        0.9025974025974026,
        0.908008658008658,
        0.908008658008658,
        0.9069264069264069,
        0.9145021645021645,
        0.9134199134199134,
        0.9058441558441559
    ]
}