{
    "train_loss": [
        0.6361600458621979,
        0.5197518393397331,
        0.4511248581111431,
        0.4286946542561054,
        0.3993876203894615,
        0.39450060576200485,
        0.3645363636314869,
        0.3314363546669483,
        0.35704516619443893,
        0.33809989504516125,
        0.30724632926285267,
        0.3028722554445267,
        0.31547784619033337,
        0.28724989481270313,
        0.2903846465051174,
        0.2557777352631092,
        0.24302414804697037,
        0.2791622653603554,
        0.2532883733510971,
        0.28246381878852844,
        0.2516751177608967,
        0.20798187516629696,
        0.2629972267895937,
        0.23172814957797527,
        0.24839738383889198,
        0.22055536694824696,
        0.21662023570388556,
        0.19038358982652426,
        0.23264906369149685,
        0.21050502732396126,
        0.1957741342484951,
        0.16460254229605198,
        0.20499744080007076,
        0.19708400033414364,
        0.18854709155857563,
        0.15502336900681257,
        0.17986440379172564,
        0.15720270480960608,
        0.16790616791695356,
        0.14586921920999885,
        0.1451888233423233,
        0.128767104819417,
        0.15296813938766718,
        0.1517006536014378,
        0.16112028248608112,
        0.1350509379990399,
        0.1395293865352869,
        0.16920943651348352,
        0.14997601648792624,
        0.13949618069455028
    ],
    "val_loss": [
        0.6511731445789337,
        0.5574440956115723,
        0.47824257612228394,
        0.43952576816082,
        0.4260406494140625,
        0.4197104573249817,
        0.4153321534395218,
        0.41305825114250183,
        0.407853364944458,
        0.4092469811439514,
        0.40799373388290405,
        0.40867868065834045,
        0.4015928953886032,
        0.4013098478317261,
        0.4020145535469055,
        0.4095417559146881,
        0.42019425332546234,
        0.4236696809530258,
        0.43715882301330566,
        0.4404025375843048,
        0.4316512197256088,
        0.4226989597082138,
        0.42689165472984314,
        0.43766120076179504,
        0.447955384850502,
        0.4714532941579819,
        0.4877692759037018,
        0.5024824291467667,
        0.5007231533527374,
        0.5083981901407242,
        0.49219295382499695,
        0.465093195438385,
        0.47509291768074036,
        0.481627956032753,
        0.5137721002101898,
        0.5118973702192307,
        0.532730370759964,
        0.5624258518218994,
        0.5753479599952698,
        0.5438044518232346,
        0.5223704278469086,
        0.5425184518098831,
        0.5507101267576218,
        0.5636229068040848,
        0.5921684354543686,
        0.5984295606613159,
        0.5923726558685303,
        0.5715104937553406,
        0.5606820285320282,
        0.5467033982276917
    ],
    "val_mcc": [
        0.4530333378893934,
        0.502518907629606,
        0.5959595959595959,
        0.5959595959595959,
        0.6287372835939984,
        0.5640760748177662,
        0.4969241611489845,
        0.4969241611489845,
        0.561131124067762,
        0.561131124067762,
        0.561131124067762,
        0.5286195286195287,
        0.561131124067762,
        0.5945883900105631,
        0.5945883900105631,
        0.5286195286195287,
        0.5286195286195287,
        0.5959595959595959,
        0.561131124067762,
        0.5286195286195287,
        0.5640760748177662,
        0.5640760748177662,
        0.5640760748177662,
        0.4969241611489845,
        0.5286195286195287,
        0.5640760748177662,
        0.5640760748177662,
        0.5286195286195287,
        0.561131124067762,
        0.5286195286195287,
        0.5286195286195287,
        0.5959595959595959,
        0.5959595959595959,
        0.561131124067762,
        0.5286195286195287,
        0.5640760748177662,
        0.561131124067762,
        0.5959595959595959,
        0.5640760748177662,
        0.5286195286195287,
        0.5607501255725158,
        0.6632996632996633,
        0.6632996632996633,
        0.6287372835939984,
        0.561131124067762,
        0.561131124067762,
        0.6312279884865479,
        0.6983799021553296,
        0.667045768100612,
        0.7340855437891157
    ],
    "val_auroc": [
        0.8608305274971942,
        0.8720538720538721,
        0.8754208754208754,
        0.8810325476992144,
        0.8832772166105499,
        0.8832772166105499,
        0.8832772166105499,
        0.8877665544332211,
        0.888888888888889,
        0.8832772166105499,
        0.8877665544332211,
        0.8967452300785633,
        0.89337822671156,
        0.8967452300785634,
        0.8933782267115601,
        0.8945005611672278,
        0.8866442199775533,
        0.8877665544332211,
        0.8821548821548821,
        0.8821548821548821,
        0.8888888888888888,
        0.8821548821548821,
        0.8810325476992144,
        0.8866442199775533,
        0.8866442199775534,
        0.8742985409652075,
        0.8698092031425365,
        0.8630751964085297,
        0.8630751964085298,
        0.8653198653198653,
        0.8787878787878788,
        0.877665544332211,
        0.8787878787878788,
        0.8720538720538721,
        0.8653198653198653,
        0.866442199775533,
        0.8619528619528619,
        0.8552188552188552,
        0.8585858585858586,
        0.8653198653198653,
        0.8653198653198653,
        0.866442199775533,
        0.8675645342312008,
        0.8675645342312008,
        0.8585858585858585,
        0.856341189674523,
        0.8597081930415265,
        0.872053872053872,
        0.8799102132435466,
        0.8799102132435466
    ]
}