{
    "train_loss": [
        0.61060681194067,
        0.5041973106563091,
        0.4484415054321289,
        0.4308350868523121,
        0.4016650542616844,
        0.3878690153360367,
        0.3907783254981041,
        0.3514054846018553,
        0.3540255930274725,
        0.34287792071700096,
        0.3296402208507061,
        0.3198496289551258,
        0.3080780357122421,
        0.32547939009964466,
        0.27149543911218643,
        0.2830383721739054,
        0.2761325594037771,
        0.2563955206423998,
        0.2649001441895962,
        0.2723061665892601,
        0.25189453549683094,
        0.2445965614169836,
        0.22648006677627563,
        0.24202888272702694,
        0.23529297672212124,
        0.2539677619934082,
        0.2561574876308441,
        0.2060497272759676,
        0.21054224111139774,
        0.2115496601909399,
        0.19138798955827951,
        0.19750122353434563,
        0.21878841519355774,
        0.19347486831247807,
        0.19320802204310894,
        0.1648807916790247,
        0.18333278596401215,
        0.2004684330895543,
        0.1786190802231431,
        0.16194690484553576,
        0.19220047071576118,
        0.19448549672961235,
        0.15891269966959953,
        0.17751354351639748,
        0.18490905687212944,
        0.1457145567983389,
        0.1348466333001852,
        0.17636482790112495,
        0.13928290735930204,
        0.1593737369403243
    ],
    "val_loss": [
        0.6502019464969635,
        0.5735240876674652,
        0.49467630684375763,
        0.45017461478710175,
        0.42524974048137665,
        0.41145792603492737,
        0.40688708424568176,
        0.4005357623100281,
        0.39557601511478424,
        0.3950756639242172,
        0.3909187316894531,
        0.4005032181739807,
        0.40672430396080017,
        0.41365987062454224,
        0.4066440910100937,
        0.4041779339313507,
        0.40828222036361694,
        0.4075797200202942,
        0.41128993034362793,
        0.405761256814003,
        0.4096538871526718,
        0.41992101073265076,
        0.41652554273605347,
        0.41414549946784973,
        0.42079687118530273,
        0.4199320673942566,
        0.4137658476829529,
        0.424118310213089,
        0.428645983338356,
        0.4281772971153259,
        0.43152302503585815,
        0.4277414083480835,
        0.44168733060359955,
        0.4440237432718277,
        0.46702080965042114,
        0.467978835105896,
        0.4449843615293503,
        0.44916170835494995,
        0.4638829380273819,
        0.48176100850105286,
        0.48521001636981964,
        0.48043501377105713,
        0.47703756392002106,
        0.49168652296066284,
        0.50361068546772,
        0.5041893720626831,
        0.47856563329696655,
        0.47087226808071136,
        0.45737311244010925,
        0.4444785565137863
    ],
    "val_mcc": [
        0.6473388749701496,
        0.6030710063455536,
        0.6699134199134199,
        0.673142683593836,
        0.7041053139822809,
        0.7359307359307359,
        0.7687337199108693,
        0.7041053139822809,
        0.7041053139822809,
        0.673142683593836,
        0.7687337199108693,
        0.6695942095771606,
        0.7025010124044243,
        0.7359307359307359,
        0.7359307359307359,
        0.7025010124044243,
        0.7025010124044243,
        0.6699134199134199,
        0.6362683048979794,
        0.6362683048979794,
        0.6695942095771606,
        0.6695942095771606,
        0.6695942095771606,
        0.6695942095771606,
        0.6695942095771606,
        0.6362683048979794,
        0.6699134199134199,
        0.6362683048979794,
        0.6030710063455536,
        0.6362683048979794,
        0.6362683048979794,
        0.6699134199134199,
        0.6371165579527096,
        0.6371165579527096,
        0.6030710063455536,
        0.6030710063455536,
        0.6699134199134199,
        0.6699134199134199,
        0.6699134199134199,
        0.6362683048979794,
        0.6699134199134199,
        0.6371165579527096,
        0.6362683048979794,
        0.6362683048979794,
        0.6371165579527096,
        0.6371165579527096,
        0.6362683048979794,
        0.6699134199134199,
        0.7041053139822809,
        0.7041053139822809
    ],
    "val_auroc": [
        0.8809523809523809,
        0.9015151515151515,
        0.9090909090909093,
        0.9123376623376623,
        0.9155844155844156,
        0.9166666666666667,
        0.9145021645021646,
        0.9177489177489178,
        0.9177489177489178,
        0.9112554112554112,
        0.9123376623376624,
        0.9036796536796536,
        0.8971861471861472,
        0.8971861471861472,
        0.9015151515151515,
        0.9004329004329005,
        0.8993506493506493,
        0.9004329004329004,
        0.8993506493506495,
        0.8961038961038961,
        0.8928571428571428,
        0.8852813852813852,
        0.8896103896103896,
        0.8885281385281384,
        0.8863636363636364,
        0.8744588744588744,
        0.8831168831168831,
        0.8841991341991342,
        0.8733766233766234,
        0.8809523809523809,
        0.8863636363636364,
        0.8906926406926406,
        0.8787878787878788,
        0.8777056277056278,
        0.8701298701298702,
        0.8755411255411255,
        0.8831168831168832,
        0.8896103896103895,
        0.8809523809523809,
        0.8722943722943723,
        0.8755411255411255,
        0.8766233766233766,
        0.882034632034632,
        0.8712121212121212,
        0.8766233766233765,
        0.8787878787878789,
        0.8852813852813853,
        0.8831168831168831,
        0.8874458874458875,
        0.8917748917748918
    ]
}