{
    "train_loss": [
        0.6193986758589745,
        0.5413460955023766,
        0.469233226031065,
        0.42176902294158936,
        0.399118036031723,
        0.4103720337152481,
        0.3769473060965538,
        0.36158350110054016,
        0.3532275427132845,
        0.3278077095746994,
        0.31387148052453995,
        0.3008265309035778,
        0.3169076405465603,
        0.32827415503561497,
        0.3019713442772627,
        0.28127738274633884,
        0.27008724212646484,
        0.28051782958209515,
        0.24536733701825142,
        0.24812923558056355,
        0.27099962159991264,
        0.2278385255485773,
        0.2503880672156811,
        0.222513722255826,
        0.22648302279412746,
        0.18192479107528925,
        0.19284354895353317,
        0.22460235841572285,
        0.19694521464407444,
        0.18929574359208345,
        0.2050262615084648,
        0.16737805679440498,
        0.2259191107004881,
        0.18792490102350712,
        0.15989996306598186,
        0.168889912776649,
        0.18412961345165968,
        0.1793128065764904,
        0.1655429396778345,
        0.1492110313847661,
        0.1366616552695632,
        0.17148739378899336,
        0.18301416095346212,
        0.1835331441834569,
        0.16675954405218363,
        0.1684887818992138,
        0.10398164903745055,
        0.13825962226837873,
        0.1493457993492484,
        0.12979617156088352
    ],
    "val_loss": [
        0.6509664356708527,
        0.5562776029109955,
        0.4771777242422104,
        0.44133460521698,
        0.4324181526899338,
        0.42619262635707855,
        0.4260435253381729,
        0.4284163564443588,
        0.42750272154808044,
        0.43411287665367126,
        0.4405101239681244,
        0.44925306737422943,
        0.4545193016529083,
        0.45078399777412415,
        0.4578719139099121,
        0.4759909361600876,
        0.4838310331106186,
        0.5024452805519104,
        0.504607617855072,
        0.49420760571956635,
        0.5046635121107101,
        0.5216341316699982,
        0.5522451251745224,
        0.5417053252458572,
        0.538914144039154,
        0.5412484109401703,
        0.532908633351326,
        0.5395185649394989,
        0.5576206147670746,
        0.5624910742044449,
        0.5668176710605621,
        0.5499543994665146,
        0.5779716968536377,
        0.6304218173027039,
        0.6354395002126694,
        0.6290876865386963,
        0.6265168190002441,
        0.6473273783922195,
        0.6176365613937378,
        0.6231837719678879,
        0.6401283890008926,
        0.6534183323383331,
        0.6735066622495651,
        0.6552045047283173,
        0.6502073258161545,
        0.6633462607860565,
        0.6719301044940948,
        0.6890937387943268,
        0.6829409450292587,
        0.6960084736347198
    ],
    "val_mcc": [
        0.4991650425568579,
        0.5680190375273113,
        0.6324555320336759,
        0.7054429982194027,
        0.7054429982194027,
        0.7054429982194027,
        0.7054429982194027,
        0.7054429982194027,
        0.7054429982194027,
        0.7054429982194027,
        0.7054429982194027,
        0.7054429982194027,
        0.6747699033149638,
        0.7054429982194027,
        0.7054429982194027,
        0.6747699033149638,
        0.7054429982194027,
        0.6682922888477266,
        0.6682922888477266,
        0.6324555320336759,
        0.5640760748177662,
        0.600099198148979,
        0.600099198148979,
        0.636731017873357,
        0.7054429982194027,
        0.6682922888477266,
        0.6324555320336759,
        0.5640760748177662,
        0.5640760748177662,
        0.6324555320336759,
        0.636731017873357,
        0.636731017873357,
        0.6747699033149638,
        0.5646924393157821,
        0.5303491306562569,
        0.5640760748177662,
        0.5646924393157821,
        0.5646924393157821,
        0.5646924393157821,
        0.6054442283168511,
        0.6324555320336759,
        0.600099198148979,
        0.600099198148979,
        0.6054442283168511,
        0.6054442283168511,
        0.5680190375273113,
        0.4969293465978882,
        0.4969293465978882,
        0.4969293465978882,
        0.5319061074502314
    ],
    "val_auroc": [
        0.8571428571428572,
        0.8816964285714286,
        0.8772321428571429,
        0.8716517857142857,
        0.8694196428571429,
        0.8638392857142857,
        0.8638392857142857,
        0.8660714285714285,
        0.8638392857142857,
        0.859375,
        0.8549107142857143,
        0.8526785714285714,
        0.8560267857142857,
        0.8537946428571428,
        0.8515624999999999,
        0.8426339285714286,
        0.8459821428571429,
        0.8325892857142857,
        0.8337053571428571,
        0.8459821428571429,
        0.8370535714285714,
        0.8225446428571429,
        0.8169642857142857,
        0.8225446428571428,
        0.8337053571428572,
        0.8348214285714286,
        0.8426339285714286,
        0.8392857142857143,
        0.8292410714285714,
        0.8359375,
        0.8404017857142857,
        0.8504464285714286,
        0.8359375,
        0.8180803571428572,
        0.8180803571428571,
        0.8158482142857143,
        0.8158482142857143,
        0.8191964285714286,
        0.8258928571428572,
        0.8258928571428571,
        0.828125,
        0.8258928571428571,
        0.8203124999999999,
        0.8448660714285714,
        0.8392857142857143,
        0.8415178571428572,
        0.8303571428571428,
        0.828125,
        0.828125,
        0.8426339285714285
    ]
}