{
    "train_loss": [
        0.5426371712927465,
        0.19959148630085918,
        0.14256980439165123,
        0.10471719950092612,
        0.07742481461415689,
        0.06841878582619959,
        0.04805366565576858,
        0.047691808470214404,
        0.05140453051879174,
        0.03509880534666418,
        0.022771992371417582,
        0.02549642064453413,
        0.020726657343200512,
        0.018799053265764896,
        0.020698197714173822,
        0.042700275239810626,
        0.02647878459861709,
        0.021407363013605827,
        0.020626278484188434,
        0.013350053828347612,
        0.00984520191343984,
        0.011047462051027213,
        0.006881021436398711,
        0.005477806756971404,
        0.007898949236496937,
        0.010005657616097273,
        0.006952542084036395,
        0.0065143642972947825,
        0.0048956516170788,
        0.00389982190218116,
        0.003855304505796758,
        0.003924482145790804,
        0.004395465766181049,
        0.005086418727134717,
        0.006754152233177727,
        0.005374537128200582,
        0.004008991071411098,
        0.004601998298312537,
        0.005166623564609499,
        0.004871120356256142,
        0.0038554814161249886,
        0.0035631596417968264,
        0.0036998984497687262,
        0.0041462459603617725,
        0.005910201739256822,
        0.030916908475639368,
        0.04221443446887726,
        0.03373942223562928,
        0.040157062859550396,
        0.023246587297223783
    ],
    "val_loss": [
        0.27924066808606895,
        0.15453817888296076,
        0.11501895110788089,
        0.08323405985720456,
        0.07863588624500803,
        0.07832848107708353,
        0.07019752355492008,
        0.07920387310774199,
        0.10114945193553078,
        0.07687208967815552,
        0.06849759136925318,
        0.08947132155299187,
        0.08965958750507395,
        0.0769909915397875,
        0.06757552101043984,
        0.05283460845904691,
        0.06712960011126208,
        0.07912048768983888,
        0.09758055391388812,
        0.07183112479729711,
        0.07826349693849417,
        0.06051902800183078,
        0.06507197069419947,
        0.06357411680593421,
        0.06856745955467757,
        0.05546237480302807,
        0.06860437448319447,
        0.07990637322447063,
        0.06810446183330246,
        0.07049981032469077,
        0.07041532674234727,
        0.07522568749742017,
        0.0749260759486268,
        0.07227876677435623,
        0.07566531484189909,
        0.0709708209303374,
        0.07446043047093553,
        0.0819554977143915,
        0.0754820362022396,
        0.07513633882419006,
        0.07890929666090025,
        0.08246929349219759,
        0.07361559811085629,
        0.0862405495141242,
        0.07535229864671626,
        0.11007950058306701,
        0.13156296412593552,
        0.08697227584655463,
        0.06426693258981686,
        0.11980842207516876
    ],
    "val_mcc": [
        0.823772700976669,
        0.860231527468919,
        0.8935512905284418,
        0.9365379011308785,
        0.9493725117250018,
        0.9128919654532116,
        0.9398220569859745,
        0.9174939404314124,
        0.91135500096792,
        0.9330033797928853,
        0.9617665801210926,
        0.9191061926593473,
        0.9502965980254975,
        0.9554363703848601,
        0.9553726834576977,
        0.9487956460515281,
        0.9617665801210926,
        0.9554363703848601,
        0.9337078321824634,
        0.9628506390612389,
        0.9426561528320156,
        0.9617665801210926,
        0.9617665801210926,
        0.9551980808673787,
        0.968565412020153,
        0.9617665801210926,
        0.9683264276295364,
        0.9622266181792319,
        0.9683264276295364,
        0.9683264276295364,
        0.9683264276295364,
        0.9619734012214888,
        0.9683264276295364,
        0.9617665801210926,
        0.9683264276295364,
        0.9487627716326592,
        0.9683264276295364,
        0.9553726834576977,
        0.9487627716326592,
        0.9487627716326592,
        0.9622266181792319,
        0.9553726834576977,
        0.9551980808673787,
        0.9551674251785768,
        0.9617665801210926,
        0.9110320280229416,
        0.8724168933311445,
        0.9493381939194748,
        0.9429231942385361,
        0.9103064258162653
    ],
    "val_auroc": [
        0.9867372200117849,
        0.9889718818680934,
        0.9948753355161587,
        0.9958222020669335,
        0.9968500004634895,
        0.9972910856757192,
        0.9959054782072639,
        0.996844577000558,
        0.9960782619731386,
        0.996228834637865,
        0.9951200495332095,
        0.9959939368536994,
        0.9962227270243312,
        0.9957985667284546,
        0.9970595167062292,
        0.9983634306460827,
        0.9964437908933439,
        0.9964095760655209,
        0.995900289247846,
        0.9956114995669486,
        0.9968808533770215,
        0.9978041473119764,
        0.9982126367176888,
        0.997980615124369,
        0.9962750263794499,
        0.9988207435508273,
        0.9970051523258984,
        0.9960801221178809,
        0.9968070101883285,
        0.9971927992928755,
        0.9971211350711903,
        0.9969943184732712,
        0.9965317868194549,
        0.9971160732934138,
        0.9961439393096186,
        0.998267799023807,
        0.9972382840473477,
        0.9968429364645024,
        0.9979119476552478,
        0.9978712933183896,
        0.9970527087255059,
        0.9974636117683495,
        0.9980615884260121,
        0.9980324519257732,
        0.9980042239831555,
        0.9961818350406082,
        0.9970910833934074,
        0.9956194408455324,
        0.9977541509621556,
        0.995816312740326
    ]
}