{
    "train_loss": [
        0.5127775834666358,
        0.2304226329067239,
        0.16264468214164177,
        0.09305748543529599,
        0.07891177829286014,
        0.09484594320464465,
        0.07661630156346494,
        0.04101191814212749,
        0.044262513492463365,
        0.03739330658033766,
        0.041632552260395,
        0.03646300639526022,
        0.02040879306366184,
        0.014400028679692358,
        0.0142995477222872,
        0.013021971036559317,
        0.009918709677920022,
        0.01285564262178485,
        0.016832699462409235,
        0.009477664572100534,
        0.01000507525815111,
        0.008073478694617128,
        0.006084980402698016,
        0.007038365823164996,
        0.006790549162326864,
        0.011893000579827154,
        0.03135563736712491,
        0.01810540920080341,
        0.02371765649230737,
        0.04068625454480449,
        0.035420164581241635,
        0.030489270295085455,
        0.018795352924994572,
        0.009209769763940669,
        0.006262219802010804,
        0.0043350326164660075,
        0.0037719900886899,
        0.00719222062670505,
        0.00956305627834,
        0.004345918242944646,
        0.005821442223990474,
        0.006300435004285882,
        0.013726111658023135,
        0.004307736820515452,
        0.004112705774012419,
        0.003479269402709583,
        0.004732876199273893,
        0.0029864857507938586,
        0.0035850434710651084,
        0.0041816267528500045
    ],
    "val_loss": [
        0.27081235285316196,
        0.1741012032809002,
        0.13659814785101584,
        0.09314330384534385,
        0.15831097814121417,
        0.08163973645839308,
        0.07877091961979334,
        0.1035821005269619,
        0.07031922047359071,
        0.08511996774801187,
        0.11830526906331736,
        0.08251928862383855,
        0.06343091571138107,
        0.08108715425311987,
        0.06500623589298422,
        0.06097453224772055,
        0.07876208709785715,
        0.06995670289532947,
        0.05367883071968598,
        0.05974287836995375,
        0.048288913256588524,
        0.0658062512354393,
        0.07595705722425398,
        0.07034012067223168,
        0.06149405529140495,
        0.06394422028513093,
        0.07874870202171483,
        0.059563629171212336,
        0.08227864120687757,
        0.08309114372449196,
        0.12440087543966781,
        0.0814630292734364,
        0.06545989401430623,
        0.085519584103687,
        0.08700295584692087,
        0.07541549714161581,
        0.0793837101331779,
        0.07463785230356734,
        0.0735189858657707,
        0.07549152545626774,
        0.08068590154912922,
        0.08009474019698766,
        0.09200607671144619,
        0.0990103271532072,
        0.08648597093477813,
        0.10315037931910151,
        0.08695380347801672,
        0.09309456601476995,
        0.08854196579029251,
        0.09050823189526065
    ],
    "val_mcc": [
        0.6954667765357755,
        0.888855183721814,
        0.9164710157644207,
        0.9483981852351816,
        0.8832047560321631,
        0.9548871897940573,
        0.9419715732901481,
        0.9485779612860326,
        0.9547355232818815,
        0.9417164668169594,
        0.9392140044252232,
        0.9681849209213675,
        0.9485058920650139,
        0.9616579925142426,
        0.9678547747715293,
        0.9743138530370441,
        0.9679766291261527,
        0.9743138530370441,
        0.9743138530370441,
        0.9743138530370441,
        0.9743138530370441,
        0.9743138530370441,
        0.9678547747715293,
        0.9743138530370441,
        0.9678547747715293,
        0.954875850371517,
        0.9548871897940573,
        0.9612523285368817,
        0.9490659819978886,
        0.9423515360302209,
        0.9384249807312433,
        0.9491387376451664,
        0.9743138530370441,
        0.9618834838932848,
        0.9681849209213675,
        0.9743138530370441,
        0.9679766291261527,
        0.9743138530370441,
        0.9743138530370441,
        0.9679407242561534,
        0.9743138530370441,
        0.9551180638922376,
        0.9679766291261527,
        0.9616579925142426,
        0.9613878649482576,
        0.9616579925142426,
        0.9743138530370441,
        0.9743138530370441,
        0.9743138530370441,
        0.9743138530370441
    ],
    "val_auroc": [
        0.9783685222942012,
        0.9903273137870858,
        0.9934528502696761,
        0.9970760022385988,
        0.9956884088507878,
        0.9984888628928199,
        0.9980345401207164,
        0.9977079590539605,
        0.9966910953785909,
        0.9925405539412516,
        0.9982757566855883,
        0.999031787876198,
        0.9937008138289358,
        0.9982629520563853,
        0.992681315086157,
        0.9956546617895743,
        0.9959595915342735,
        0.9977475577917868,
        0.9975820180806574,
        0.9994881822934367,
        0.9960117703276737,
        0.9980106669687624,
        0.9981930241077622,
        0.9962376712342237,
        0.998209610342081,
        0.9974024395739054,
        0.9988610625156124,
        0.9946197398999912,
        0.9985497906538656,
        0.9988122224667723,
        0.9986618877821313,
        0.9990565465826524,
        0.9965035491135628,
        0.9975770702446763,
        0.9984048762888049,
        0.9984112084759679,
        0.998146718257772,
        0.998286450283338,
        0.9978590718046195,
        0.9976207279540215,
        0.9976979131972362,
        0.9966054426289522,
        0.9979238107938246,
        0.997703095536731,
        0.9978693225418138,
        0.9977935249597425,
        0.9977505545443508,
        0.9978204791830123,
        0.9972562448695736,
        0.9974140647323968
    ]
}