{
    "train_loss": [
        0.4960227821160246,
        0.20278193118671575,
        0.12076991141118386,
        0.09852961844040288,
        0.06120696712147306,
        0.04563518556231564,
        0.03814975408561252,
        0.03700170892773679,
        0.028218593607932604,
        0.03303724093604143,
        0.024575507527010307,
        0.017039251453415664,
        0.021475072653696838,
        0.020080554027420778,
        0.00884419379548894,
        0.0045722115965974,
        0.00321704661150256,
        0.003988982645010024,
        0.0031016566413368477,
        0.002538202514255385,
        0.001987221061157201,
        0.0015989546297566482,
        0.006050420270723946,
        0.01836469312871082,
        0.01746631274430978,
        0.011173678116864283,
        0.005505638999575576,
        0.021142367501010152,
        0.02920449382832481,
        0.01039157188238783,
        0.017063703261859093,
        0.004549691056362698,
        0.0020427809951663084,
        0.008770151308487618,
        0.011371780515657048,
        0.0406227474822016,
        0.005118859942605788,
        0.0015272132435779054,
        0.0010351691439777991,
        0.0013285157843643833,
        0.004499490204950605,
        0.0011816725693481406,
        0.0011038766848893526,
        0.001425834964282802,
        0.0016582354441602041,
        0.0008557448123206592,
        0.0006628501447536379,
        0.0011936585093887213,
        0.004991045921525694,
        0.015195340930572624
    ],
    "val_loss": [
        0.29056218905108316,
        0.21544004803789513,
        0.18591018227328146,
        0.1525422983603286,
        0.14544503344222903,
        0.1484345346356609,
        0.16550090140663087,
        0.17749932716833428,
        0.16609100303113727,
        0.15918022993719205,
        0.14317711214036016,
        0.17057657495440384,
        0.20464559009997174,
        0.18655843710959225,
        0.17437068634899333,
        0.17476957382418082,
        0.18056327103321174,
        0.18676614485489804,
        0.1802443425445485,
        0.18712258122936223,
        0.1947823539563355,
        0.1966468132803649,
        0.17812570134369057,
        0.18502764632077223,
        0.18944654053068785,
        0.19814409786028722,
        0.1934132368509641,
        0.16301224891295923,
        0.2022790635923489,
        0.21406733335503045,
        0.19147927898406383,
        0.19734475412406027,
        0.2001473473428632,
        0.21217571515964145,
        0.17393765790412935,
        0.20218029380443373,
        0.20445060257978703,
        0.20471802770667377,
        0.20816950501310721,
        0.2045745027717203,
        0.20488138409616244,
        0.20692698514332214,
        0.20972835271719045,
        0.21762314899439975,
        0.21666293568237702,
        0.22363491057382948,
        0.21756478265732376,
        0.25226761420812444,
        0.19228514065720706,
        0.24246549618380545
    ],
    "val_mcc": [
        0.6600769889929108,
        0.8558749094162961,
        0.8955639477613313,
        0.9159844348616413,
        0.9221350070214743,
        0.9096323952180726,
        0.8828441624852077,
        0.8959689890152563,
        0.9219943986700861,
        0.9039655556379519,
        0.9288277920645548,
        0.8777173136295208,
        0.8541389095365951,
        0.9098524353457907,
        0.9286003140105199,
        0.9286428195158538,
        0.9351694773805285,
        0.9220255185245616,
        0.9352489491503386,
        0.9352489491503386,
        0.9220201454803852,
        0.9352489491503386,
        0.9355133642748662,
        0.9098611066911645,
        0.9224392418478904,
        0.9094369899598922,
        0.9417281500960385,
        0.8973967459973108,
        0.8977140483909685,
        0.9023140965632027,
        0.9352489491503386,
        0.9286712174319802,
        0.9289520198391132,
        0.922215691243386,
        0.9418444323720333,
        0.8955594812187067,
        0.9286428195158538,
        0.9286428195158538,
        0.9286003140105199,
        0.9418444323720333,
        0.9286428195158538,
        0.9286428195158538,
        0.9352489491503386,
        0.9153965088798061,
        0.9286428195158538,
        0.9220201454803852,
        0.9352489491503386,
        0.9022082810078269,
        0.9288728399823153,
        0.8766409760316964
    ],
    "val_auroc": [
        0.9770613939773729,
        0.9769059727715863,
        0.9832510714109729,
        0.9846282124910815,
        0.9851908988621197,
        0.9872336877160673,
        0.980969859600571,
        0.9816285228958427,
        0.987086899966418,
        0.9797613028933307,
        0.9848027736526598,
        0.9859194901060144,
        0.9829300165786415,
        0.9800274088228705,
        0.9825229115241108,
        0.9782481883896516,
        0.9810585295807893,
        0.9793679014289601,
        0.9846648820786769,
        0.9811586934430395,
        0.980369768268273,
        0.9828993749988925,
        0.9879429809108723,
        0.9881529259894647,
        0.9861677393918491,
        0.9809689078468397,
        0.9715453435637095,
        0.9866862410408456,
        0.9841687890065193,
        0.9868362271135673,
        0.9827470859208729,
        0.9814068856746715,
        0.9849213104565706,
        0.9769470400088102,
        0.9851490549580552,
        0.987660459909622,
        0.9823895718832617,
        0.9844647855477288,
        0.9875837974176761,
        0.9845407003815568,
        0.9851319491158192,
        0.9856074234618317,
        0.9827155225436565,
        0.9855447561177618,
        0.9833283119681419,
        0.9863213556002371,
        0.9841272598299019,
        0.9865853865746801,
        0.9844015417081492,
        0.984127322552561
    ]
}