{
    "train_loss": [
        0.4877853539806825,
        0.17986460243938146,
        0.15076064525379074,
        0.11421407334058097,
        0.0898538291307718,
        0.08051726722192985,
        0.05732310131295688,
        0.07458505319017503,
        0.04877538284873245,
        0.049442685614512476,
        0.03427866303913847,
        0.05387833093603452,
        0.02902539916060589,
        0.026178404930289143,
        0.02628451111053841,
        0.024106697862778134,
        0.013789373424111141,
        0.008809653322613385,
        0.00797910076518612,
        0.006110671235041486,
        0.005577263721972014,
        0.0060371793749962105,
        0.006000367411481285,
        0.0056527911791043285,
        0.0052230593886364385,
        0.004823816692805849,
        0.004477461016870587,
        0.00433659312828375,
        0.0050354548379632266,
        0.005066855880108455,
        0.004398446426084438,
        0.003534251658021714,
        0.01168930444206732,
        0.04864405977908367,
        0.053054444116747215,
        0.017011959532047278,
        0.008640138949246009,
        0.006551874327231888,
        0.006927383245999442,
        0.004717125057208317,
        0.004273183154442382,
        0.005358305070533081,
        0.003980397026343444,
        0.006015769202484215,
        0.010180692274675326,
        0.042577499528070564,
        0.03697313945654228,
        0.016193063428444374,
        0.01131997646815661,
        0.007579580606909952
    ],
    "val_loss": [
        0.2175414844283036,
        0.15918395348957606,
        0.14658124379015394,
        0.0943867823641215,
        0.11591424821277282,
        0.10818266798742115,
        0.07229019160981157,
        0.09120914253539272,
        0.07456290459127299,
        0.07472386264375278,
        0.053707467716386806,
        0.07336100706431482,
        0.06833241477475635,
        0.06323023733317054,
        0.0473461484611367,
        0.050534408331649114,
        0.040591178291444,
        0.05244460456222961,
        0.055057510741919814,
        0.04767545812813166,
        0.05145198122357085,
        0.047726313132443465,
        0.05121746790246107,
        0.04396695584416323,
        0.05318760011869017,
        0.04494214872517789,
        0.04842706849844295,
        0.04709751014265099,
        0.05014492353594895,
        0.054777620690791604,
        0.04873531862644346,
        0.057658930548184016,
        0.05291145669928353,
        0.15499523308660304,
        0.08441098216072922,
        0.0736065325992448,
        0.05400496856184743,
        0.08175414767174516,
        0.059095881305568455,
        0.0674735444866071,
        0.07197539350246578,
        0.06483327637553364,
        0.07084898624400791,
        0.06837392933396456,
        0.0879243811588302,
        0.12265749259469365,
        0.07209235537032198,
        0.08815949411239542,
        0.0668987002198784,
        0.09251768128888216
    ],
    "val_mcc": [
        0.8436105154539633,
        0.8476130459417882,
        0.8574460111447357,
        0.9164157626260846,
        0.8903215133337229,
        0.8845068561077613,
        0.9438453965189403,
        0.9032964021818852,
        0.929397701287664,
        0.9250113918605567,
        0.9551656716846977,
        0.9289096375832051,
        0.9419606137061379,
        0.9562256965426214,
        0.9485689305472631,
        0.9554237760438838,
        0.9618792205483703,
        0.9553345175356507,
        0.9557777588347318,
        0.9557777588347318,
        0.9618792205483703,
        0.9557777588347318,
        0.955249140452974,
        0.9614873771975372,
        0.9486097730342651,
        0.9618792205483703,
        0.9618792205483703,
        0.954891901101364,
        0.955249140452974,
        0.9557777588347318,
        0.955249140452974,
        0.9618792205483703,
        0.9549521998902197,
        0.8717491791466673,
        0.9302511443625332,
        0.9383088842974627,
        0.948426257403751,
        0.9419073690258397,
        0.9490304120906934,
        0.9490304120906934,
        0.9490304120906934,
        0.9486797465756237,
        0.935627300593355,
        0.9549521998902197,
        0.9366833365051326,
        0.9161314805758537,
        0.9358891556075246,
        0.9314903190178132,
        0.9555902242186062,
        0.9322584402299127
    ],
    "val_auroc": [
        0.9849610689836736,
        0.9864159881857036,
        0.9874166902011791,
        0.993986462863135,
        0.992272969249209,
        0.9925930000084858,
        0.9947394840613342,
        0.994008081085576,
        0.9951742008434344,
        0.9975628497383143,
        0.9978708638642909,
        0.9976657964942408,
        0.9974052347559611,
        0.9986677772753491,
        0.9987690438609492,
        0.9986806827731115,
        0.9990865041784094,
        0.9988824990273143,
        0.9989005901745331,
        0.9990064559841952,
        0.9988954045250767,
        0.9988620008628873,
        0.9983056168893577,
        0.9990042637773415,
        0.9984354335498025,
        0.9989078474691248,
        0.9986283900379159,
        0.9989836384312731,
        0.9987140914002431,
        0.9988783656669283,
        0.9989322674935449,
        0.9989447071276313,
        0.9985499376952763,
        0.996059462102484,
        0.9969477103508234,
        0.9970389805625123,
        0.998971195487225,
        0.9985184751866193,
        0.9991401945046329,
        0.998950231459122,
        0.9989511565665509,
        0.9989403227139239,
        0.9987649948193148,
        0.9982544574520226,
        0.9986098230971364,
        0.9938826523154107,
        0.9973625120839293,
        0.9977044352886995,
        0.9974663128683793,
        0.9984728829436648
    ]
}