{
    "train_loss": [
        0.4805470400110439,
        0.18255073565092902,
        0.14003706399213384,
        0.11955499604206395,
        0.0834045457670948,
        0.0640092250218408,
        0.0654446015789829,
        0.031141428492480406,
        0.05031515055560266,
        0.028618811383946903,
        0.03512523564751501,
        0.061740359261252535,
        0.02631490874207682,
        0.03132841839774132,
        0.04442519894844197,
        0.02492739217511068,
        0.012750711354547766,
        0.008840160034769387,
        0.013288799515942595,
        0.007737183488508755,
        0.008853377630994483,
        0.006103063187630916,
        0.006147125179672407,
        0.006173925633818187,
        0.005657808331845983,
        0.005271939284284599,
        0.006243929763311624,
        0.005609383447639023,
        0.00534760395897104,
        0.006300037063300368,
        0.005363102863797125,
        0.006400461058580765,
        0.012069804025857054,
        0.03716631751093599,
        0.041255795403331935,
        0.02675123568904517,
        0.01361848384301454,
        0.028677645765667507,
        0.009769522162430265,
        0.07105118984408262,
        0.02382625313906896,
        0.011128931129523725,
        0.011117729454309921,
        0.008743922310208695,
        0.005127721759318201,
        0.004603773692333898,
        0.0046267933018195135,
        0.004419862042090649,
        0.0038293484599476128,
        0.0037615009779175227
    ],
    "val_loss": [
        0.21157727071217128,
        0.13240146770008973,
        0.1310088398001556,
        0.08782628571082439,
        0.07200769055634737,
        0.09695478369082723,
        0.052155172668530474,
        0.05271239771640727,
        0.03962211670919454,
        0.04325036916582446,
        0.04978235006897843,
        0.027529012195632925,
        0.03994143851533798,
        0.03900082760290908,
        0.063407880935951,
        0.041143275739159435,
        0.03977165939951582,
        0.03858113881350229,
        0.040515340972758294,
        0.044159384889228805,
        0.046763646418444944,
        0.03902990445827267,
        0.03590708731956381,
        0.034457505526786135,
        0.048495604841653925,
        0.03731902499982555,
        0.03823978593988743,
        0.04357782433362445,
        0.04117333182823911,
        0.054701947673623054,
        0.05024670411720373,
        0.049183644705668224,
        0.04586111533301716,
        0.07751659151732124,
        0.11261550391334042,
        0.047154402320822034,
        0.05307757781702094,
        0.03880165784669641,
        0.051021820310519876,
        0.06554475487168279,
        0.048695703565109785,
        0.03636088823675111,
        0.03897210421980292,
        0.039051059564891535,
        0.04120780409097539,
        0.04380165965682993,
        0.04175061946131921,
        0.04021733102854341,
        0.03918155284606785,
        0.04151240523736176
    ],
    "val_mcc": [
        0.833915954396939,
        0.8738142529168331,
        0.8361797712140829,
        0.9433882512449435,
        0.9495349302066131,
        0.9316939946816649,
        0.9617335470192494,
        0.9494750438104763,
        0.9681583254290215,
        0.9681677943821451,
        0.9616693760604819,
        0.9745036404753553,
        0.9809099928623352,
        0.9680902439413235,
        0.9296788278774293,
        0.9680902439413235,
        0.9681677943821451,
        0.9809099928623352,
        0.9680902439413235,
        0.9680902439413235,
        0.9617084932772507,
        0.9680902439413235,
        0.9745036404753553,
        0.9809099928623352,
        0.9681677943821451,
        0.9809099928623352,
        0.9745036404753553,
        0.9680902439413235,
        0.9617335470192494,
        0.9680902439413235,
        0.9680902439413235,
        0.9682014848624737,
        0.9746194405552742,
        0.9303818898671736,
        0.8810180141138376,
        0.9616272140684341,
        0.9680902439413235,
        0.9620126917263591,
        0.9682518573470769,
        0.9426461042102828,
        0.9560315202353861,
        0.9745036404753553,
        0.9809495995348959,
        0.9746194405552742,
        0.9680902439413235,
        0.9680902439413235,
        0.9745036404753553,
        0.9745036404753553,
        0.9745036404753553,
        0.9745036404753553
    ],
    "val_auroc": [
        0.9841659596360146,
        0.9930692344147197,
        0.9909328633121782,
        0.9964190394526399,
        0.9969636174596704,
        0.995198154024326,
        0.9979436659180857,
        0.9978699603514699,
        0.9985792927069147,
        0.9978555488805986,
        0.9991065708866804,
        0.9993920161131654,
        0.997903473555354,
        0.9988112673191033,
        0.997118393051098,
        0.9983864875955031,
        0.998614634487997,
        0.9980492800195865,
        0.9968863316112931,
        0.9983266486099547,
        0.9982910661524252,
        0.998037743517603,
        0.998827674551728,
        0.9984243833638676,
        0.9979647766967964,
        0.9985896525498932,
        0.9984561849221439,
        0.9983665869605143,
        0.9984955482789261,
        0.9933087810194241,
        0.9962317051662398,
        0.9972519962921332,
        0.9982332095929055,
        0.9974594885546567,
        0.996683042912046,
        0.9974580243987629,
        0.9977436368098035,
        0.9982998213781848,
        0.9980584430545679,
        0.9973252619803255,
        0.9990853096916629,
        0.9947830960073877,
        0.9969040644001531,
        0.9982860617737258,
        0.9970622950094082,
        0.9963856868590727,
        0.997375229289057,
        0.9979539355009238,
        0.9977959406165153,
        0.9975599611968757
    ]
}