{
    "train_loss": [
        0.22732662951404398,
        0.1256007497960871,
        0.10559310984205116,
        0.09131777455860918,
        0.07813642030073838,
        0.06793746673925356,
        0.06294962831518867,
        0.059879551281813874,
        0.06112889340147376,
        0.049589042816395784,
        0.04515441399152306,
        0.041451513597911056,
        0.03604221072005616,
        0.028429023709825495,
        0.02268725951117548,
        0.021179269173775207,
        0.022597061613024296,
        0.05279620686037974,
        0.029914630312387915,
        0.04315817210061306,
        0.036657688207924366,
        0.02471869754795493,
        0.022945587470365517,
        0.01777476609938524,
        0.016672199880386786,
        0.028906814293639563,
        0.027139641905457458,
        0.02437617229191925,
        0.009829529174815187,
        0.006502364744929681,
        0.025964185984445397,
        0.01603556944544173,
        0.007178321131505072,
        0.007149135734917681,
        0.005650778225654821,
        0.008842051029205322,
        0.008230432752911425,
        0.010889508518051694,
        0.009903543373432265,
        0.007988532901932062,
        0.0045241507243851875,
        0.003658718621326526,
        0.0035831703665859427,
        0.00205088478700914,
        0.006591446464881301,
        0.016445157666980362,
        0.007253742278077301,
        0.005226787285540591,
        0.002364917306377637,
        0.002819706066061785
    ],
    "val_loss": [
        0.1144482201586167,
        0.08165552172188957,
        0.07528806718376775,
        0.07339185002880792,
        0.07313704071566463,
        0.08399286773055792,
        0.07379418483469635,
        0.08267790575822194,
        0.09047582931816578,
        0.09096874591584007,
        0.08536754315719008,
        0.10688214896557231,
        0.09035233792383224,
        0.10108037106692791,
        0.09270281203013535,
        0.10070781433023512,
        0.14898686720213541,
        0.11967645525389041,
        0.10829426371492445,
        0.13774410183153427,
        0.125920437053234,
        0.15498808895548186,
        0.1383353851075905,
        0.1134527075337246,
        0.10756614047568291,
        0.12250641380281498,
        0.10133753433668365,
        0.10766432702560753,
        0.11823171981086489,
        0.1140977246274512,
        0.1247975510195829,
        0.13424823751847725,
        0.16188095058411514,
        0.15002439639526224,
        0.1502243550203275,
        0.14074217852612492,
        0.13507419700423876,
        0.1692990217015904,
        0.12644089556609592,
        0.1440192103436857,
        0.1383284256432186,
        0.14050529161977465,
        0.157396632952441,
        0.15314765908806294,
        0.1526502970397511,
        0.16666087172355523,
        0.16928561047340432,
        0.15945927877813423,
        0.16458032841849976,
        0.16511244580821463
    ],
    "val_mcc": [
        0.5096471914376256,
        0.6854365268376295,
        0.7085227272727272,
        0.645743840298938,
        0.7342244874330721,
        0.5441594827174123,
        0.7678008319191324,
        0.5062910315390183,
        0.645743840298938,
        0.5062910315390183,
        0.7342244874330721,
        0.4270329760737674,
        0.7342244874330721,
        0.5062910315390183,
        0.7085227272727272,
        0.645743840298938,
        0.4270329760737674,
        0.6744860186581717,
        0.5441594827174123,
        0.44257512513588665,
        0.5062910315390183,
        0.4270329760737674,
        0.5062910315390183,
        0.7085227272727272,
        0.5441594827174123,
        0.7085227272727272,
        0.7085227272727272,
        0.645743840298938,
        0.5786882152809495,
        0.7678008319191324,
        0.5786882152809495,
        0.645743840298938,
        0.5786882152809495,
        0.5786882152809495,
        0.5786882152809495,
        0.7085227272727272,
        0.645743840298938,
        0.5062910315390183,
        0.7085227272727272,
        0.645743840298938,
        0.645743840298938,
        0.7085227272727272,
        0.5786882152809495,
        0.7085227272727272,
        0.6113636363636363,
        0.645743840298938,
        0.645743840298938,
        0.645743840298938,
        0.645743840298938,
        0.645743840298938
    ],
    "val_auroc": [
        0.9903409090909091,
        0.9846590909090909,
        0.9806818181818182,
        0.9852272727272727,
        0.9812500000000001,
        0.9801136363636364,
        0.98125,
        0.9829545454545454,
        0.9795454545454546,
        0.98125,
        0.9789772727272728,
        0.9727272727272727,
        0.9789772727272728,
        0.9789772727272728,
        0.9789772727272726,
        0.9784090909090909,
        0.9664772727272728,
        0.9670454545454545,
        0.9732954545454545,
        0.9607954545454545,
        0.978409090909091,
        0.9693181818181817,
        0.9767045454545454,
        0.9761363636363636,
        0.9772727272727273,
        0.9698863636363637,
        0.977840909090909,
        0.9784090909090909,
        0.9761363636363636,
        0.9801136363636365,
        0.9732954545454545,
        0.9732954545454545,
        0.9732954545454544,
        0.9755681818181818,
        0.9721590909090909,
        0.9744318181818181,
        0.9755681818181818,
        0.9715909090909091,
        0.975,
        0.9744318181818182,
        0.977840909090909,
        0.9738636363636364,
        0.9738636363636364,
        0.9761363636363637,
        0.9670454545454545,
        0.9727272727272729,
        0.96875,
        0.9704545454545455,
        0.9698863636363637,
        0.9715909090909091
    ]
}