{
    "train_loss": [
        0.20873109251260757,
        0.09290369735522704,
        0.06745983753353357,
        0.057551050960848275,
        0.05411775456741452,
        0.04467341437173838,
        0.048982494341378864,
        0.041658745210787114,
        0.03394275380891155,
        0.031236229041083294,
        0.031963628748516465,
        0.04895359838635407,
        0.06300875076770106,
        0.03343217343684624,
        0.0261891280639578,
        0.019153824732215566,
        0.01436335599811917,
        0.013708814026110551,
        0.024208929664878684,
        0.011071768816856837,
        0.010465983814686875,
        0.007918302893151784,
        0.014311901447151533,
        0.03279663499746344,
        0.015699502419341694,
        0.010826772036538883,
        0.006347061222186312,
        0.010809626250358468,
        0.0037799565140052105,
        0.0024600962351541966,
        0.0018623743850515564,
        0.0019027804334076461,
        0.0012975073021318,
        0.004547935865544291,
        0.018349046488186683,
        0.022015535182700576,
        0.006016972644085234,
        0.004359514288477261,
        0.02213324423990509,
        0.007747792898126962,
        0.006930694929906167,
        0.004601878143809948,
        0.0015806181108928286,
        0.0010613211005957883,
        0.0007532808165044778,
        0.0006137570830601776,
        0.0005131203605825166,
        0.0004736476337050342,
        0.00040968976959861306,
        0.00036946605674033475
    ],
    "val_loss": [
        0.14147615619003773,
        0.14057697836930552,
        0.16258305280158916,
        0.17179350128086904,
        0.19990299354928234,
        0.1976174368367841,
        0.22557806487505636,
        0.22439107081542412,
        0.24143971448453763,
        0.24328758402649933,
        0.2438348110493583,
        0.22362941371587416,
        0.2187270342061917,
        0.2468745225147965,
        0.24789064647241807,
        0.2730786697648,
        0.273247574873191,
        0.30197692548972555,
        0.29229343271193403,
        0.2926110078891118,
        0.31748412058126024,
        0.3214695391555627,
        0.3462955630869449,
        0.3071141727268696,
        0.3137535092973849,
        0.3225577351549873,
        0.31978935905984446,
        0.3338862818976243,
        0.34022308332350804,
        0.34929731188215857,
        0.36071460104237,
        0.3660816006474003,
        0.3547232357474665,
        0.41894033282005694,
        0.34627283240358037,
        0.3376109383801425,
        0.39036349384938757,
        0.38625619379308773,
        0.3862331206400995,
        0.3667100852932587,
        0.3810099398518408,
        0.39492634776979685,
        0.39869502383468597,
        0.40181822381418897,
        0.40505457188313204,
        0.4082150479468207,
        0.4104063422940574,
        0.4136711361097696,
        0.4153957189470627,
        0.41738934049135423
    ],
    "val_mcc": [
        0.37909530606580194,
        0.5064552788726858,
        0.44278660624354294,
        0.3654188590462732,
        0.44278660624354294,
        0.3654188590462732,
        0.394794855085661,
        0.394794855085661,
        0.41727837380011296,
        0.30694760390069437,
        0.41727837380011296,
        0.42453584115423343,
        0.4646460420168239,
        0.4272095352695313,
        0.3654188590462732,
        0.3654188590462732,
        0.28078090590350974,
        0.3412408778783571,
        0.41727837380011296,
        0.28078090590350974,
        0.3412408778783571,
        0.09621290848090852,
        0.25870910733836316,
        0.1866856725318574,
        0.41727837380011296,
        0.09621290848090852,
        0.39361809238809775,
        0.44278660624354294,
        0.44278660624354294,
        0.3654188590462732,
        0.44278660624354294,
        0.44278660624354294,
        0.39361809238809775,
        0.35669979450447714,
        0.20931764798590516,
        0.3388235309124364,
        0.3412408778783571,
        0.25870910733836316,
        0.3388235309124364,
        0.39361809238809775,
        0.3654188590462732,
        0.3654188590462732,
        0.3654188590462732,
        0.3654188590462732,
        0.3654188590462732,
        0.3654188590462732,
        0.3654188590462732,
        0.3654188590462732,
        0.3654188590462732,
        0.3654188590462732
    ],
    "val_auroc": [
        0.9130434782608696,
        0.8994918125352909,
        0.8944099378881988,
        0.8277809147374365,
        0.8588368153585546,
        0.8080180688876343,
        0.8690005646527386,
        0.8356860530773573,
        0.8452851496329756,
        0.7893845285149632,
        0.8712591756070016,
        0.8402032749858837,
        0.7967250141163185,
        0.8927159796725014,
        0.8904573687182382,
        0.8842461885940147,
        0.841897233201581,
        0.8486730660643704,
        0.8819875776397517,
        0.8616600790513834,
        0.8356860530773574,
        0.8447204968944099,
        0.7922077922077922,
        0.8306041784302653,
        0.8396386222473179,
        0.8294748729531338,
        0.8712591756070017,
        0.8260869565217391,
        0.8588368153585545,
        0.8543195934500283,
        0.8430265386787126,
        0.8368153585544891,
        0.870694522868436,
        0.7775268210050819,
        0.753811405985319,
        0.7442123094297007,
        0.7809147374364765,
        0.7922077922077922,
        0.8260869565217391,
        0.7295313382269905,
        0.7634105025409375,
        0.7741389045736872,
        0.7910784867306607,
        0.8114059853190289,
        0.8238283455674761,
        0.8300395256916997,
        0.8379446640316206,
        0.8407679277244494,
        0.8458498023715415,
        0.8509316770186336
    ]
}