{
    "train_loss": [
        0.24158639020540498,
        0.1131660316816785,
        0.09100586819377812,
        0.0889592148702253,
        0.07161725401370363,
        0.07681448960846121,
        0.07558392818001183,
        0.05682916930792006,
        0.04692557936703617,
        0.04833523327992721,
        0.034998520658436144,
        0.045796708817678417,
        0.036168809345161375,
        0.039817011301321065,
        0.02495028917804699,
        0.023670676635281943,
        0.024534664434296163,
        0.0240831236270341,
        0.020528873344036667,
        0.016618272839960726,
        0.0161674468386495,
        0.010999528664714571,
        0.014515249606285413,
        0.01942901644559408,
        0.029510402157691053,
        0.009513602150201967,
        0.006532585999759083,
        0.004509108236313544,
        0.005564962821980854,
        0.006827822124416178,
        0.006237664360179968,
        0.005474692274054343,
        0.004108361477847211,
        0.007171413719003216,
        0.010018959536947395,
        0.014722790607431141,
        0.011302592801670968,
        0.011347832233613271,
        0.006874719862852627,
        0.0033900567690249195,
        0.0038394130232601046,
        0.0014123155124252662,
        0.0014407759788975288,
        0.004448986538839315,
        0.004778306484778031,
        0.0021201294240943917,
        0.002089063763626407,
        0.0011084536064035174,
        0.0007058339552631052,
        0.0005492895361385308
    ],
    "val_loss": [
        0.16809729610880217,
        0.15170524145166078,
        0.14341825246810913,
        0.14537883953501782,
        0.1543964110314846,
        0.14480997528880835,
        0.15353301726281643,
        0.16124766940871874,
        0.15813171366850534,
        0.15370261172453561,
        0.17408763617277145,
        0.17792615480720997,
        0.19554579940934977,
        0.16866515204310417,
        0.20412503803769746,
        0.19226136927803358,
        0.1779160499572754,
        0.2018445059657097,
        0.20952779178818068,
        0.21478641281525293,
        0.23774069050947824,
        0.23729346444209418,
        0.22329209248224893,
        0.23204492405056953,
        0.24338216707110405,
        0.23807025762895742,
        0.2423932465414206,
        0.26153800388177234,
        0.2588454683621724,
        0.2620454753438632,
        0.24846912175416946,
        0.2565507193406423,
        0.2612347366909186,
        0.25503705566128093,
        0.23530977964401245,
        0.26217610388994217,
        0.2304098947594563,
        0.2807441142698129,
        0.29042060176531476,
        0.2894003788630168,
        0.28679855975011986,
        0.29305084608495235,
        0.29409596386055153,
        0.292763185997804,
        0.2952186477681001,
        0.2894067031641801,
        0.29462527856230736,
        0.2974897734820843,
        0.2993970960378647,
        0.3017795942723751
    ],
    "val_mcc": [
        0.2925624203538385,
        0.611518915866742,
        0.47212861075418316,
        0.5788383624620932,
        0.6746219776463768,
        0.37909530606580194,
        0.5443323346087288,
        0.5788383624620932,
        0.6746219776463768,
        0.4272095352695313,
        0.47212861075418316,
        0.5064552788726858,
        0.7912066263371264,
        0.5064552788726858,
        0.4272095352695313,
        0.5443323346087288,
        0.611518915866742,
        0.37909530606580194,
        0.47212861075418316,
        0.611518915866742,
        0.5443323346087288,
        0.5443323346087288,
        0.5443323346087288,
        0.6746219776463768,
        0.5443323346087288,
        0.5788383624620932,
        0.5788383624620932,
        0.5443323346087288,
        0.5443323346087288,
        0.5443323346087288,
        0.5443323346087288,
        0.47212861075418316,
        0.5443323346087288,
        0.4272095352695313,
        0.5064552788726858,
        0.5443323346087288,
        0.4272095352695313,
        0.5443323346087288,
        0.5443323346087288,
        0.5443323346087288,
        0.5443323346087288,
        0.5443323346087288,
        0.5443323346087288,
        0.5443323346087288,
        0.5443323346087288,
        0.5443323346087288,
        0.5443323346087288,
        0.5443323346087288,
        0.5443323346087288,
        0.5443323346087288
    ],
    "val_auroc": [
        0.8955392433653304,
        0.8949745906267645,
        0.9599096555618295,
        0.9655561829474874,
        0.8921513269339356,
        0.9570863918690006,
        0.8989271597967251,
        0.9486166007905137,
        0.9486166007905138,
        0.950875211744777,
        0.9491812535290796,
        0.9548277809147374,
        0.9000564652738565,
        0.9599096555618294,
        0.96386222473179,
        0.9553924336533032,
        0.9553924336533033,
        0.9604743083003953,
        0.9576510446075663,
        0.945793337097685,
        0.9390175042348954,
        0.9136081309994352,
        0.92772444946358,
        0.9090909090909091,
        0.9395821569734613,
        0.9474872953133823,
        0.9457933370976849,
        0.9435347261434217,
        0.9412761151891587,
        0.9345002823263693,
        0.9333709768492378,
        0.9435347261434218,
        0.9429700734048561,
        0.9203839638622247,
        0.9627329192546583,
        0.9435347261434217,
        0.9254658385093167,
        0.9294184076792772,
        0.9254658385093169,
        0.9361942405420667,
        0.9333709768492375,
        0.9339356295878035,
        0.9339356295878035,
        0.9378881987577639,
        0.9350649350649352,
        0.9277244494635799,
        0.9339356295878034,
        0.9333709768492376,
        0.9345002823263693,
        0.9384528514963297
    ]
}