{
    "train_loss": [
        0.24083204770630057,
        0.11179050176658413,
        0.08535635335878893,
        0.0868088583546606,
        0.07799479513513771,
        0.06970352840355852,
        0.05719437191940167,
        0.06402042442509397,
        0.05674197266555645,
        0.051225476347925986,
        0.05428025892681696,
        0.04805616479875012,
        0.038572935768487776,
        0.0311933462719687,
        0.03505174709822644,
        0.031605678208341655,
        0.028483377314511348,
        0.024488031208007174,
        0.02850499474020167,
        0.027201497181191702,
        0.01840923495844684,
        0.021440331850581886,
        0.012638901265084067,
        0.023284854748370973,
        0.02324663386786018,
        0.019570039460880005,
        0.03208141732135449,
        0.026016893637874586,
        0.019661359338153325,
        0.0151054167363327,
        0.012709225563660519,
        0.018423388979334213,
        0.013990394908680835,
        0.013574472789266358,
        0.01305534746180373,
        0.010295745937831023,
        0.008380501871050166,
        0.010521855058455416,
        0.006716623299077831,
        0.006398924339340407,
        0.010991869182775687,
        0.016857237798500468,
        0.013413497508736327,
        0.026924164879760196,
        0.011440085486604155,
        0.006195887309414419,
        0.0036703109508380294,
        0.011646342828912153,
        0.005309119134008969,
        0.0023285607100908897
    ],
    "val_loss": [
        0.13395444179574648,
        0.10652453203996022,
        0.11428190534934402,
        0.10158338335653146,
        0.10664447816088796,
        0.09943426431467135,
        0.10267677437514067,
        0.11315779069749017,
        0.12348802108317614,
        0.09432952338829637,
        0.12318195914849639,
        0.12290228825683396,
        0.09834764727080862,
        0.1412667635207375,
        0.1028500790707767,
        0.12416306204007317,
        0.10919679142534733,
        0.14403241919353604,
        0.16191608955462775,
        0.10854564871018131,
        0.1413462288522472,
        0.15605958721910915,
        0.1283823394527038,
        0.14150730114973462,
        0.1439605134849747,
        0.1359502635896206,
        0.12596555116275945,
        0.10200127382995561,
        0.1374334723999103,
        0.1345017421990633,
        0.14376516547054052,
        0.10322456958238035,
        0.14753583756585917,
        0.16865338167796531,
        0.16588212798039118,
        0.1464649708941579,
        0.16997112954656282,
        0.16267767548561096,
        0.1741404061516126,
        0.1353034940548241,
        0.1420212208540761,
        0.1511874496936798,
        0.1662762466488251,
        0.1995208083341519,
        0.16632231511175632,
        0.1534358405818542,
        0.167785140996178,
        0.1643230157593886,
        0.15969592332839966,
        0.16641183197498322
    ],
    "val_mcc": [
        0.378939692104056,
        0.6442872472102531,
        0.5062910315390183,
        0.6113636363636363,
        0.5786882152809495,
        0.6744860186581717,
        0.6744860186581717,
        0.5927906769790553,
        0.6854365268376295,
        0.6854365268376295,
        0.645743840298938,
        0.6854365268376295,
        0.6744860186581717,
        0.6676347517199427,
        0.6172321067240548,
        0.7320427040114359,
        0.6191668677752271,
        0.6191668677752271,
        0.547333863896855,
        0.6854365268376295,
        0.6676347517199427,
        0.6191668677752271,
        0.5786882152809495,
        0.5786882152809495,
        0.5786882152809495,
        0.6191668677752271,
        0.6113636363636363,
        0.6676347517199427,
        0.5786882152809495,
        0.5786882152809495,
        0.6191668677752271,
        0.645743840298938,
        0.5786882152809495,
        0.6191668677752271,
        0.6113636363636363,
        0.5543500069874341,
        0.5786882152809495,
        0.4878563921362504,
        0.4878563921362504,
        0.5786882152809495,
        0.6191668677752271,
        0.6191668677752271,
        0.6676347517199427,
        0.5142045454545454,
        0.6676347517199427,
        0.6191668677752271,
        0.6676347517199427,
        0.5786882152809495,
        0.6191668677752271,
        0.6191668677752271
    ],
    "val_auroc": [
        0.9568181818181818,
        0.9693181818181817,
        0.9477272727272728,
        0.9681818181818181,
        0.9659090909090908,
        0.9659090909090909,
        0.95,
        0.9289772727272727,
        0.8806818181818182,
        0.9386363636363637,
        0.9107954545454546,
        0.8755681818181819,
        0.9630681818181819,
        0.8909090909090909,
        0.9647727272727273,
        0.9619318181818182,
        0.9625,
        0.9482954545454546,
        0.921590909090909,
        0.9664772727272727,
        0.9653409090909091,
        0.9494318181818181,
        0.9693181818181819,
        0.9721590909090909,
        0.9534090909090909,
        0.9607954545454545,
        0.9727272727272728,
        0.9857954545454546,
        0.9670454545454547,
        0.9698863636363636,
        0.9721590909090909,
        0.9823863636363637,
        0.975,
        0.9670454545454545,
        0.9721590909090909,
        0.9761363636363637,
        0.96875,
        0.9721590909090909,
        0.9715909090909091,
        0.9767045454545454,
        0.9761363636363636,
        0.9607954545454546,
        0.96875,
        0.9284090909090909,
        0.9471590909090909,
        0.9568181818181819,
        0.9596590909090911,
        0.9505681818181818,
        0.9602272727272727,
        0.9625
    ]
}