{
    "train_loss": [
        0.24414066055958922,
        0.11410302076150071,
        0.0914830577305772,
        0.08158330517736348,
        0.0791841120543805,
        0.06653282016685064,
        0.06512488208880479,
        0.0576582346111536,
        0.05067480080337687,
        0.049596933499825274,
        0.034688582495701586,
        0.028850858322006057,
        0.030271531484851785,
        0.04723078096602959,
        0.0383011742325669,
        0.025234753371809016,
        0.02263614140577953,
        0.022045926222662358,
        0.01624755852919241,
        0.010951764357741922,
        0.012872003418372267,
        0.01416479175730439,
        0.013038724393647333,
        0.011543745222628455,
        0.010710219947875223,
        0.012817160352080298,
        0.02238150306220632,
        0.019734495142157273,
        0.017799773380498995,
        0.011595559646428394,
        0.02302117183254185,
        0.026486265070905738,
        0.02129570314586586,
        0.019564993534004316,
        0.012524270931449295,
        0.007458459932505238,
        0.008633284662871367,
        0.004508008778264577,
        0.004045272115366639,
        0.00771663439147894,
        0.009022046962358714,
        0.007721263184397354,
        0.004895740241574293,
        0.012195645820942114,
        0.014210605144564232,
        0.009747775525531986,
        0.010085699805958111,
        0.01633339358721225,
        0.007852069426338527,
        0.003789496980805945
    ],
    "val_loss": [
        0.14750010768572488,
        0.09835600294172764,
        0.10580734039346378,
        0.07728501517946522,
        0.1368827358043442,
        0.10172501765191555,
        0.12597913993522525,
        0.11680503996709983,
        0.13087635448512933,
        0.13425368179256716,
        0.14372462267056108,
        0.14211397214482227,
        0.18494450595850745,
        0.1436482610879466,
        0.14409494555244842,
        0.16203682404011488,
        0.1505214013159275,
        0.15696259075775743,
        0.14877455743650594,
        0.17444660669813553,
        0.19210094027221203,
        0.1724124305571119,
        0.16407015981773534,
        0.19928494243261716,
        0.16671461363633475,
        0.18278490589000285,
        0.17455065933366617,
        0.22401711181737483,
        0.19917409494519234,
        0.20755731764559945,
        0.2165595106780529,
        0.17603007704019547,
        0.17684632920039198,
        0.18954943648229042,
        0.2085176055940489,
        0.21657677025844654,
        0.2246545278467238,
        0.22352351931234202,
        0.21024502984558543,
        0.23186007452507815,
        0.22071396574998894,
        0.21111638036866984,
        0.2036486336340507,
        0.22273880429565907,
        0.2606263013246159,
        0.23070439168562493,
        0.17983320479591688,
        0.16549279789129892,
        0.1876412391041716,
        0.1969168771368762
    ],
    "val_mcc": [
        0.2925624203538385,
        0.6192924653572738,
        0.5474714666383683,
        0.6192924653572738,
        0.46832941383896765,
        0.5443323346087288,
        0.4272095352695313,
        0.5443323346087288,
        0.5788383624620932,
        0.5813462701261382,
        0.5788383624620932,
        0.5813462701261382,
        0.5813462701261382,
        0.6192924653572738,
        0.5143986448334275,
        0.5064552788726858,
        0.6458780629739146,
        0.611518915866742,
        0.6458780629739146,
        0.5788383624620932,
        0.5545438139255907,
        0.5788383624620932,
        0.611518915866742,
        0.47212861075418316,
        0.5813462701261382,
        0.5788383624620932,
        0.46832941383896765,
        0.5813462701261382,
        0.5064552788726858,
        0.6458780629739146,
        0.44278660624354294,
        0.5143986448334275,
        0.6444415858343575,
        0.5064552788726858,
        0.6192924653572738,
        0.5929791276098924,
        0.5929791276098924,
        0.5305025272375369,
        0.5143986448334275,
        0.5545438139255907,
        0.5143986448334275,
        0.44278660624354294,
        0.5443323346087288,
        0.48807056260589954,
        0.5305025272375369,
        0.44278660624354294,
        0.5545438139255907,
        0.39361809238809775,
        0.3654188590462732,
        0.47212861075418316
    ],
    "val_auroc": [
        0.9474872953133823,
        0.9774138904573687,
        0.9762845849802372,
        0.9853190287972897,
        0.9700734048560135,
        0.974025974025974,
        0.9706380575945792,
        0.9728966685488425,
        0.9627329192546583,
        0.9599096555618294,
        0.9316770186335404,
        0.9582156973461322,
        0.955957086391869,
        0.9576510446075663,
        0.924901185770751,
        0.9215132693393564,
        0.9576510446075663,
        0.9661208356860531,
        0.9503105590062112,
        0.9440993788819876,
        0.9316770186335402,
        0.9294184076792772,
        0.9712027103331452,
        0.9333709768492378,
        0.9576510446075664,
        0.9706380575945793,
        0.9017504234895539,
        0.9655561829474874,
        0.948051948051948,
        0.9463579898362506,
        0.9102202145680406,
        0.9452286843591191,
        0.955957086391869,
        0.945793337097685,
        0.9260304912478826,
        0.9418407679277244,
        0.9373235460191982,
        0.9254658385093167,
        0.9514398644833427,
        0.9282891022021457,
        0.955957086391869,
        0.9525691699604742,
        0.9469226425748165,
        0.9282891022021457,
        0.9051383399209486,
        0.9079616036137775,
        0.9734613212874084,
        0.9469226425748165,
        0.9582156973461322,
        0.9582156973461322
    ]
}