{
    "train_loss": [
        0.6647881120443344,
        0.4625196047127247,
        0.3896865751594305,
        0.3507244810461998,
        0.3214147798717022,
        0.31371000595390797,
        0.2936519142240286,
        0.28321932815015316,
        0.26893214881420135,
        0.2639443017542362,
        0.22662345878779888,
        0.21651430428028107,
        0.2125190938822925,
        0.21951598674058914,
        0.26934634055942297,
        0.19381091091781855,
        0.17391010839492083,
        0.13540964107960463,
        0.12570290686562657,
        0.1380054671317339,
        0.12047174479812384,
        0.10946618556044996,
        0.1257326437626034,
        0.12304649921134114,
        0.08772903308272362,
        0.07730187871493399,
        0.05391986924223602,
        0.04146528954152018,
        0.03457913396414369,
        0.022377644025254995,
        0.024426588090136647,
        0.016674944199621677,
        0.019187822588719428,
        0.016748463094700128,
        0.015227836382109672,
        0.012166403757873923,
        0.03537377453176305,
        0.05638997670030221,
        0.27730756701203063,
        0.2414565086364746,
        0.19994000159204006,
        0.1281448877416551,
        0.09244327200576663,
        0.04422059282660484,
        0.021077607525512576,
        0.012522355536930263,
        0.009177407817333005,
        0.007765903093968518,
        0.008981053884781431,
        0.010119405847945018
    ],
    "val_loss": [
        0.5678053200244904,
        0.4557139575481415,
        0.4679727405309677,
        0.47708097100257874,
        0.4750448018312454,
        0.5230454653501511,
        0.5178614556789398,
        0.5410058498382568,
        0.5796711295843124,
        0.6260772943496704,
        0.5962496399879456,
        0.6244058758020401,
        0.6812409162521362,
        0.8384011387825012,
        0.69399294257164,
        0.7258656322956085,
        0.7312712669372559,
        0.761242613196373,
        0.890436589717865,
        0.8099664449691772,
        0.9209351539611816,
        0.8449680954217911,
        0.9660816788673401,
        0.9428809285163879,
        0.9612776041030884,
        0.9109117090702057,
        1.0640130937099457,
        1.0580607056617737,
        1.087832272052765,
        1.2099609673023224,
        1.1897889077663422,
        1.2377696633338928,
        1.260367512702942,
        1.3678648471832275,
        1.4273210167884827,
        1.3715596795082092,
        1.4428279995918274,
        1.2307048439979553,
        0.8533309996128082,
        0.5909571349620819,
        0.6193648278713226,
        0.7633774876594543,
        0.8516730666160583,
        1.1658793985843658,
        1.3000118136405945,
        1.3832285702228546,
        1.4423917531967163,
        1.4135355949401855,
        1.5757267475128174,
        1.501723289489746
    ],
    "val_mcc": [
        0.3717285470231047,
        0.6049759218314941,
        0.6362683048979794,
        0.6409597843503038,
        0.6030710063455536,
        0.6371165579527096,
        0.6038961038961039,
        0.6030710063455536,
        0.5723555466420381,
        0.5113295384991638,
        0.5365478031139463,
        0.5723555466420381,
        0.541534658916836,
        0.48630447593069215,
        0.5038028898850895,
        0.5038028898850895,
        0.5378787878787878,
        0.6030710063455536,
        0.5183982683982684,
        0.4455255261606639,
        0.47186147186147187,
        0.5700355973915344,
        0.5559204302180297,
        0.4816425920799038,
        0.5113295384991638,
        0.5723555466420381,
        0.5183982683982684,
        0.5475174757500252,
        0.541534658916836,
        0.4896877227115848,
        0.5113295384991638,
        0.5113295384991638,
        0.541534658916836,
        0.4816425920799038,
        0.5113295384991638,
        0.5113295384991638,
        0.5559204302180297,
        0.5113295384991638,
        0.5278234485917683,
        0.5771335508376638,
        0.6038961038961039,
        0.5475174757500252,
        0.6382304303121595,
        0.5183982683982684,
        0.5475174757500252,
        0.5183982683982684,
        0.5475174757500252,
        0.5475174757500252,
        0.4896877227115848,
        0.541534658916836
    ],
    "val_auroc": [
        0.8798701298701299,
        0.8787878787878788,
        0.8863636363636362,
        0.8733766233766234,
        0.8755411255411256,
        0.854978354978355,
        0.8452380952380952,
        0.8354978354978354,
        0.8365800865800866,
        0.8333333333333334,
        0.829004329004329,
        0.8560606060606062,
        0.8452380952380952,
        0.8430735930735931,
        0.8192640692640693,
        0.8138528138528138,
        0.8322510822510822,
        0.816017316017316,
        0.8333333333333333,
        0.816017316017316,
        0.8073593073593073,
        0.8116883116883118,
        0.8246753246753247,
        0.7954545454545454,
        0.8290043290043291,
        0.816017316017316,
        0.8333333333333334,
        0.829004329004329,
        0.8192640692640693,
        0.8268398268398269,
        0.8214285714285714,
        0.8116883116883117,
        0.8311688311688312,
        0.814935064935065,
        0.8170995670995671,
        0.8268398268398268,
        0.8333333333333334,
        0.8257575757575758,
        0.8192640692640693,
        0.803030303030303,
        0.8376623376623376,
        0.8365800865800865,
        0.8246753246753247,
        0.8181818181818181,
        0.8095238095238095,
        0.8041125541125541,
        0.8062770562770563,
        0.8160173160173161,
        0.8133116883116882,
        0.8170995670995671
    ]
}