{
    "train_loss": [
        0.6643591150641441,
        0.4743313081562519,
        0.38793502002954483,
        0.37614262476563454,
        0.3574523292481899,
        0.36245404928922653,
        0.32086234726011753,
        0.3128840699791908,
        0.32511463947594166,
        0.3093250673264265,
        0.30011782981455326,
        0.26754418201744556,
        0.28814577870070934,
        0.23135611787438393,
        0.2189791463315487,
        0.228748869150877,
        0.2676200494170189,
        0.2090658638626337,
        0.18498231936246157,
        0.1804047478362918,
        0.15617501875385642,
        0.13382603973150253,
        0.12084860913455486,
        0.11779151484370232,
        0.10268393997102976,
        0.12579782796092331,
        0.09846210712566972,
        0.09579228237271309,
        0.09237545635551214,
        0.07859338819980621,
        0.07048307836521417,
        0.07642477547051385,
        0.062005794781725854,
        0.15258545195683837,
        0.138839699793607,
        0.12121396337170154,
        0.07917141215875745,
        0.054803919745609164,
        0.053640717873349786,
        0.058349476428702474,
        0.12516449019312859,
        0.11157905869185925,
        0.07304622163064778,
        0.0422287680557929,
        0.10339341958751902,
        0.053358263219706714,
        0.030985375749878585,
        0.0234374069259502,
        0.012934663885971531,
        0.007216970785520971
    ],
    "val_loss": [
        0.539194792509079,
        0.3918546885251999,
        0.3622090369462967,
        0.38343967497348785,
        0.4353300929069519,
        0.396326407790184,
        0.39304016530513763,
        0.4466610699892044,
        0.4517974257469177,
        0.45854049921035767,
        0.44604693353176117,
        0.421834260225296,
        0.5046897232532501,
        0.4391523003578186,
        0.49865876138210297,
        0.581384927034378,
        0.4593997448682785,
        0.49974292516708374,
        0.5157654881477356,
        0.5666760504245758,
        0.5682626217603683,
        0.5035567581653595,
        0.6089648902416229,
        0.6290925443172455,
        0.6826827526092529,
        0.7783586084842682,
        0.7505702376365662,
        0.7129563093185425,
        0.6737614274024963,
        0.6385375261306763,
        0.6806468665599823,
        0.658364474773407,
        0.6875114738941193,
        0.8048528730869293,
        0.7419669926166534,
        0.6436317265033722,
        0.6149820983409882,
        0.7354157865047455,
        0.6628076732158661,
        0.9842624664306641,
        0.7976595163345337,
        0.6727522313594818,
        0.7666051387786865,
        0.7049892842769623,
        0.719094455242157,
        0.7766754627227783,
        0.7958990633487701,
        0.8015841543674469,
        0.7713742256164551,
        0.7411865592002869
    ],
    "val_mcc": [
        0.6591420219838034,
        0.6699134199134199,
        0.6699134199134199,
        0.6723181321083574,
        0.6792672430902679,
        0.6723181321083574,
        0.7025010124044243,
        0.7173670909562075,
        0.6429375631761639,
        0.6723181321083574,
        0.6371165579527096,
        0.6695942095771606,
        0.6409597843503038,
        0.6699134199134199,
        0.6371165579527096,
        0.6098460287075423,
        0.6362683048979794,
        0.6362683048979794,
        0.6699134199134199,
        0.6409597843503038,
        0.6699134199134199,
        0.7025010124044243,
        0.6723181321083574,
        0.6723181321083574,
        0.6362683048979794,
        0.5581302130911286,
        0.6362683048979794,
        0.6362683048979794,
        0.6695942095771606,
        0.607338671255336,
        0.7041053139822809,
        0.7687337199108693,
        0.6429375631761639,
        0.5881037475297186,
        0.6302614482575669,
        0.6429375631761639,
        0.7088392059568465,
        0.7088392059568465,
        0.6382304303121595,
        0.5725516185815528,
        0.5771335508376638,
        0.6504329004329005,
        0.6409597843503038,
        0.6429375631761639,
        0.6481275457848015,
        0.607338671255336,
        0.7041053139822809,
        0.6699134199134199,
        0.7040083136069528,
        0.6699134199134199
    ],
    "val_auroc": [
        0.9047619047619048,
        0.9047619047619048,
        0.9177489177489176,
        0.9004329004329005,
        0.8982683982683983,
        0.8993506493506493,
        0.9004329004329005,
        0.8961038961038961,
        0.9047619047619048,
        0.8777056277056277,
        0.8809523809523809,
        0.8917748917748918,
        0.8896103896103896,
        0.8885281385281385,
        0.8852813852813853,
        0.8766233766233766,
        0.8766233766233765,
        0.8744588744588744,
        0.8744588744588745,
        0.8820346320346321,
        0.8679653679653679,
        0.8852813852813852,
        0.8712121212121212,
        0.8593073593073592,
        0.867965367965368,
        0.8614718614718615,
        0.8495670995670995,
        0.8690476190476191,
        0.8733766233766234,
        0.8777056277056279,
        0.8733766233766234,
        0.8787878787878787,
        0.9025974025974026,
        0.856060606060606,
        0.880952380952381,
        0.8961038961038962,
        0.8928571428571429,
        0.8841991341991341,
        0.8885281385281386,
        0.8690476190476191,
        0.8722943722943723,
        0.8593073593073594,
        0.8733766233766233,
        0.8939393939393939,
        0.8993506493506493,
        0.8701298701298701,
        0.8733766233766235,
        0.8777056277056277,
        0.8798701298701299,
        0.8917748917748917
    ]
}