{
    "train_loss": [
        0.7022362723946571,
        0.5493986941874027,
        0.378149988129735,
        0.36873147636651993,
        0.3389148283749819,
        0.3297084104269743,
        0.31155700236558914,
        0.3289765641093254,
        0.2822355618700385,
        0.296199057251215,
        0.3144496539607644,
        0.348739817738533,
        0.2867381777614355,
        0.26849405374377966,
        0.24866392835974693,
        0.22630271688103676,
        0.20259471610188484,
        0.20729959104210138,
        0.18572469288483262,
        0.17741879168897867,
        0.15078100096434355,
        0.14339816197752953,
        0.11282444116659462,
        0.12369713839143515,
        0.11337229306809604,
        0.0878754616715014,
        0.0968454668764025,
        0.08095564087852836,
        0.056391221936792135,
        0.05268081068061292,
        0.05300572013948113,
        0.04255546227796003,
        0.033980471664108336,
        0.030861818755511194,
        0.03138693777145818,
        0.04101578568224795,
        0.1316184054594487,
        0.0988213405944407,
        0.05857684975489974,
        0.027142206497956067,
        0.025121591112110764,
        0.03288512412109412,
        0.03758344029483851,
        0.11839481582865119,
        0.10215004673227668,
        0.048411138472147286,
        0.09323286241851747,
        0.12622301967348903,
        0.09215026115998626,
        0.06619422975927591
    ],
    "val_loss": [
        0.5991198122501373,
        0.4726735055446625,
        0.44039152562618256,
        0.4745585024356842,
        0.4208323657512665,
        0.42009228467941284,
        0.4957222044467926,
        0.4506497383117676,
        0.43326447904109955,
        0.4984598606824875,
        0.5274718850851059,
        0.4674268513917923,
        0.49731969833374023,
        0.49024952948093414,
        0.5260502994060516,
        0.5333008617162704,
        0.5336434096097946,
        0.5362430512905121,
        0.5791822373867035,
        0.5693005323410034,
        0.6520591676235199,
        0.7130322158336639,
        0.6691907644271851,
        0.7328892350196838,
        0.6989160180091858,
        0.6717049479484558,
        0.6791166961193085,
        0.8437401950359344,
        0.8496250808238983,
        0.9859046339988708,
        1.0385853052139282,
        0.9055518507957458,
        1.0498734414577484,
        0.9729403853416443,
        1.1236236691474915,
        0.9224586486816406,
        0.9301025569438934,
        0.8248237073421478,
        1.0241547226905823,
        1.121675044298172,
        1.1460621356964111,
        1.3104731440544128,
        1.0518635213375092,
        0.8546251952648163,
        0.8683314025402069,
        0.9940806329250336,
        1.0229730606079102,
        0.9558054804801941,
        0.7602225542068481,
        0.8168227970600128
    ],
    "val_mcc": [
        0.43362909039199393,
        0.6287372835939984,
        0.5959595959595959,
        0.5640760748177662,
        0.5959595959595959,
        0.6649284750350865,
        0.6067099699809587,
        0.5640760748177662,
        0.6291342872277006,
        0.5329662167236046,
        0.6701647842208115,
        0.7021511854826284,
        0.655779747404493,
        0.6649284750350865,
        0.6161616161616161,
        0.5945883900105631,
        0.6312279884865479,
        0.6312279884865479,
        0.6326312661279128,
        0.6737497456694624,
        0.5607501255725158,
        0.539670194292455,
        0.5286195286195287,
        0.5960239698501034,
        0.6649284750350865,
        0.48148148148148145,
        0.5103545438827408,
        0.4923659639173309,
        0.5640760748177662,
        0.5205674283520202,
        0.49265895172303803,
        0.4935249645415256,
        0.5205674283520202,
        0.502518907629606,
        0.41414141414141414,
        0.4355163866123252,
        0.5044296328024895,
        0.4726304186039513,
        0.48148148148148145,
        0.4726304186039513,
        0.4726304186039513,
        0.48148148148148145,
        0.5960239698501034,
        0.4935249645415256,
        0.42470599286468796,
        0.539670194292455,
        0.6067099699809587,
        0.5064481131096255,
        0.4935249645415256,
        0.4659264410351009
    ],
    "val_auroc": [
        0.8877665544332211,
        0.8877665544332211,
        0.8900112233445566,
        0.9001122334455668,
        0.898989898989899,
        0.8967452300785634,
        0.8978675645342312,
        0.8956228956228957,
        0.8855218855218855,
        0.8742985409652075,
        0.8765432098765432,
        0.8810325476992144,
        0.8787878787878788,
        0.8686868686868686,
        0.8742985409652076,
        0.8765432098765432,
        0.8597081930415262,
        0.8742985409652075,
        0.8664421997755332,
        0.8754208754208754,
        0.8484848484848484,
        0.8428731762065095,
        0.8641975308641975,
        0.8395061728395061,
        0.8585858585858586,
        0.8855218855218855,
        0.877665544332211,
        0.8294051627384961,
        0.8698092031425365,
        0.8473625140291807,
        0.850729517396184,
        0.8698092031425364,
        0.8686868686868686,
        0.8675645342312008,
        0.8574635241301908,
        0.8709315375982043,
        0.835016835016835,
        0.8338945005611672,
        0.8406285072951739,
        0.8294051627384961,
        0.8496071829405163,
        0.8338945005611672,
        0.8574635241301908,
        0.8226711560044894,
        0.8641975308641975,
        0.8529741863075196,
        0.856341189674523,
        0.8103254769921436,
        0.8338945005611672,
        0.8574635241301908
    ]
}