{
    "train_loss": [
        0.6901983097195625,
        0.5461537875235081,
        0.42694780975580215,
        0.3722306005656719,
        0.36600238271057606,
        0.35623759776353836,
        0.3261210434138775,
        0.3080579796805978,
        0.3222615085542202,
        0.3037715721875429,
        0.28794934041798115,
        0.2971126101911068,
        0.26180628687143326,
        0.2464009616523981,
        0.22716467641294003,
        0.2147612189874053,
        0.20159746147692204,
        0.18079705815762281,
        0.1662817532196641,
        0.15708962827920914,
        0.17500281613320112,
        0.1468093367293477,
        0.20070825889706612,
        0.11428545229136944,
        0.10386287164874375,
        0.10170315252617002,
        0.08813693653792143,
        0.07655052561312914,
        0.07827041228301823,
        0.05842890567146242,
        0.07138772774487734,
        0.10128053044900298,
        0.1352616879157722,
        0.09978564362972975,
        0.09958097618073225,
        0.0991577614331618,
        0.06987900496460497,
        0.07642242417205125,
        0.05478249816223979,
        0.04393377079395577,
        0.04987447906751186,
        0.02761917727184482,
        0.026439970592036843,
        0.024431475583696738,
        0.04457990446826443,
        0.09774039010517299,
        0.04041009664069861,
        0.0736110401339829,
        0.03813762101344764,
        0.015577112004393712
    ],
    "val_loss": [
        0.6308055222034454,
        0.45402945578098297,
        0.37720926105976105,
        0.3873567283153534,
        0.37062302231788635,
        0.39566469192504883,
        0.3785199224948883,
        0.4193398505449295,
        0.3999815732240677,
        0.4459145814180374,
        0.3733457773923874,
        0.45792677998542786,
        0.4749426990747452,
        0.44955793023109436,
        0.4355631172657013,
        0.43630629777908325,
        0.4557225704193115,
        0.5555055439472198,
        0.5884788930416107,
        0.6568966954946518,
        0.6549884527921677,
        0.7084466367959976,
        0.6105536967515945,
        0.6065575331449509,
        0.6378783583641052,
        0.8002252131700516,
        0.7285699844360352,
        0.748523160815239,
        0.7619960755109787,
        0.8322699964046478,
        0.738842636346817,
        0.6753061562776566,
        0.860762283205986,
        0.6907895505428314,
        0.7124212980270386,
        0.7633551061153412,
        0.8255302757024765,
        0.6403662264347076,
        0.6799989640712738,
        0.9966692328453064,
        0.8433599770069122,
        0.9829490184783936,
        0.9981330335140228,
        1.0114289224147797,
        0.9413910210132599,
        0.9190776944160461,
        0.7508716732263565,
        0.8529233634471893,
        0.8262766897678375,
        0.9420162439346313
    ],
    "val_mcc": [
        0.0,
        0.6651785714285714,
        0.7326009177709311,
        0.7440955783130765,
        0.7326009177709311,
        0.7144230637176704,
        0.7679817174694635,
        0.7144230637176704,
        0.6983799021553296,
        0.6850606073292244,
        0.6983799021553296,
        0.7144230637176704,
        0.7144230637176704,
        0.6747699033149638,
        0.6747699033149638,
        0.6651836553993731,
        0.597766393027815,
        0.636731017873357,
        0.6747699033149638,
        0.636731017873357,
        0.6054442283168511,
        0.6559304988834465,
        0.6141922686399942,
        0.6324555320336759,
        0.636731017873357,
        0.6850606073292244,
        0.6324555320336759,
        0.636731017873357,
        0.6747699033149638,
        0.600099198148979,
        0.5646924393157821,
        0.597766393027815,
        0.6443815868826047,
        0.6269527317837896,
        0.5640760748177662,
        0.5646924393157821,
        0.636731017873357,
        0.6324555320336759,
        0.5680190375273113,
        0.600099198148979,
        0.636731017873357,
        0.6443815868826047,
        0.5303491306562569,
        0.6141922686399942,
        0.597766393027815,
        0.6559304988834465,
        0.597766393027815,
        0.636731017873357,
        0.597766393027815,
        0.6747699033149638
    ],
    "val_auroc": [
        0.921875,
        0.9207589285714286,
        0.9162946428571428,
        0.9185267857142857,
        0.9107142857142857,
        0.9040178571428572,
        0.9084821428571428,
        0.9029017857142857,
        0.90625,
        0.9073660714285714,
        0.9118303571428572,
        0.9084821428571428,
        0.9029017857142857,
        0.8939732142857143,
        0.9017857142857142,
        0.9118303571428571,
        0.8816964285714286,
        0.8861607142857142,
        0.8928571428571429,
        0.8772321428571428,
        0.8716517857142857,
        0.8805803571428572,
        0.8716517857142858,
        0.8761160714285714,
        0.8749999999999999,
        0.8995535714285714,
        0.8805803571428571,
        0.8694196428571429,
        0.8805803571428572,
        0.8839285714285714,
        0.8805803571428571,
        0.8794642857142857,
        0.8805803571428572,
        0.8962053571428572,
        0.890625,
        0.8839285714285714,
        0.8928571428571429,
        0.8872767857142857,
        0.8850446428571429,
        0.8761160714285714,
        0.8761160714285714,
        0.8828125,
        0.8895089285714286,
        0.8917410714285714,
        0.890625,
        0.8872767857142858,
        0.8939732142857143,
        0.8939732142857143,
        0.8883928571428571,
        0.8861607142857142
    ]
}