{
    "train_loss": [
        0.6381011083722115,
        0.4334532544016838,
        0.3903167396783829,
        0.42005399614572525,
        0.3849349282681942,
        0.38265522196888924,
        0.35803209245204926,
        0.34346284344792366,
        0.3220886178314686,
        0.31200655922293663,
        0.2983460761606693,
        0.3207922549918294,
        0.27506097219884396,
        0.24549979157745838,
        0.22528608050197363,
        0.2269796570762992,
        0.22343133203685284,
        0.17239708825945854,
        0.22106172051280737,
        0.15926472935825586,
        0.2011933820322156,
        0.16470901295542717,
        0.16725904308259487,
        0.14714910741895437,
        0.10690280050039291,
        0.1300908294506371,
        0.14175626914948225,
        0.1438924865797162,
        0.11430879309773445,
        0.10065090307034552,
        0.08206361019983888,
        0.0709838499315083,
        0.12229899014346302,
        0.09494330966845155,
        0.08388578984886408,
        0.0720590790733695,
        0.0750214490108192,
        0.1148671000264585,
        0.2688976339995861,
        0.17535258922725916,
        0.17361329216510057,
        0.1411752668209374,
        0.09322854224592447,
        0.04887802270241082,
        0.03987144964048639,
        0.027018968685297295,
        0.02684267098084092,
        0.030139878828777,
        0.024266386462841183,
        0.01918901427416131
    ],
    "val_loss": [
        0.4273425042629242,
        0.3670165091753006,
        0.3175959885120392,
        0.38265909254550934,
        0.3297499716281891,
        0.33159491419792175,
        0.3363015502691269,
        0.3417404294013977,
        0.3359026461839676,
        0.41585999727249146,
        0.3557085245847702,
        0.4052903652191162,
        0.3885391056537628,
        0.4241136163473129,
        0.45288586616516113,
        0.44818921387195587,
        0.46905364096164703,
        0.5020985156297684,
        0.48431603610515594,
        0.47548912465572357,
        0.4530121386051178,
        0.5126067698001862,
        0.4084108918905258,
        0.43787285685539246,
        0.5236861705780029,
        0.5808906853199005,
        0.521292120218277,
        0.6745535433292389,
        0.45980192720890045,
        0.48071369528770447,
        0.6160320937633514,
        0.6748664975166321,
        0.730318546295166,
        0.6167813539505005,
        0.5014697164297104,
        0.6035461127758026,
        0.5762248635292053,
        0.6773093938827515,
        0.517288476228714,
        0.5476273000240326,
        0.5702945291996002,
        0.7454957962036133,
        0.6284274756908417,
        0.5860629975795746,
        0.5752650797367096,
        0.6189183294773102,
        0.6933035850524902,
        0.7639409303665161,
        0.7105720341205597,
        0.6992465555667877
    ],
    "val_mcc": [
        0.804750708270836,
        0.6883858452309196,
        0.7396603423852208,
        0.6608698550549827,
        0.770900069261196,
        0.7451421267603893,
        0.7451421267603893,
        0.7087415755146639,
        0.7359307359307359,
        0.6608698550549827,
        0.8070025526620842,
        0.7164502164502164,
        0.6429375631761639,
        0.6429375631761639,
        0.5844155844155844,
        0.673142683593836,
        0.5844155844155844,
        0.607183863152047,
        0.7040083136069528,
        0.6699134199134199,
        0.7040083136069528,
        0.673142683593836,
        0.7361174128087679,
        0.7087415755146639,
        0.673142683593836,
        0.6038961038961039,
        0.7396603423852208,
        0.5278234485917683,
        0.6699134199134199,
        0.7359307359307359,
        0.7041053139822809,
        0.6429375631761639,
        0.5844155844155844,
        0.6362683048979794,
        0.7359307359307359,
        0.7087415755146639,
        0.7040083136069528,
        0.6409597843503038,
        0.7041053139822809,
        0.5669350438236677,
        0.678355435247432,
        0.5559204302180297,
        0.6133923594201466,
        0.673142683593836,
        0.7041053139822809,
        0.6699134199134199,
        0.673142683593836,
        0.673142683593836,
        0.6382304303121595,
        0.673142683593836
    ],
    "val_auroc": [
        0.9361471861471862,
        0.9523809523809523,
        0.9458874458874459,
        0.9415584415584416,
        0.9318181818181819,
        0.935064935064935,
        0.9285714285714286,
        0.9253246753246753,
        0.9242424242424242,
        0.9166666666666666,
        0.9264069264069265,
        0.9058441558441558,
        0.908008658008658,
        0.893939393939394,
        0.8939393939393938,
        0.8939393939393938,
        0.8917748917748918,
        0.8977272727272727,
        0.893939393939394,
        0.8993506493506493,
        0.9134199134199134,
        0.8896103896103896,
        0.933982683982684,
        0.9264069264069263,
        0.9058441558441559,
        0.8852813852813852,
        0.9145021645021646,
        0.8820346320346321,
        0.9199134199134198,
        0.9199134199134198,
        0.9015151515151515,
        0.9231601731601731,
        0.9112554112554112,
        0.8982683982683983,
        0.9209956709956709,
        0.920995670995671,
        0.9090909090909091,
        0.9123376623376623,
        0.9004329004329004,
        0.8971861471861472,
        0.9101731601731602,
        0.8896103896103895,
        0.8809523809523809,
        0.9155844155844155,
        0.9199134199134199,
        0.9112554112554112,
        0.9155844155844155,
        0.9209956709956709,
        0.9123376623376623,
        0.9188311688311688
    ]
}