{
    "train_loss": [
        0.6052985265851021,
        0.43835777416825294,
        0.38108988478779793,
        0.3522246852517128,
        0.3270043898373842,
        0.27861232310533524,
        0.2579229958355427,
        0.22954598907381296,
        0.23762479797005653,
        0.19228144269436598,
        0.17636834178119898,
        0.17481474485248327,
        0.14797437749803066,
        0.14083923026919365,
        0.15478705894201994,
        0.10305461194366217,
        0.09240637486800551,
        0.07301966473460197,
        0.06473759887740016,
        0.05671416874974966,
        0.04920441680587828,
        0.04636315838433802,
        0.040481232572346926,
        0.03299806034192443,
        0.030339187243953347,
        0.024297958007082343,
        0.021964372601360083,
        0.02093380386941135,
        0.01614656625315547,
        0.014170610811561346,
        0.011560338258277625,
        0.010036936262622476,
        0.00978101120563224,
        0.007699768582824618,
        0.006866337382234633,
        0.006277095875702798,
        0.005706289899535477,
        0.005306366481818259,
        0.004971810500137508,
        0.004653498937841505,
        0.004363554384326562,
        0.004150014079641551,
        0.004016155144199729,
        0.003718886582646519,
        0.003589678352000192,
        0.00341193113126792,
        0.0032429099082946777,
        0.00312545828637667,
        0.002983358222991228,
        0.0028739556146319956
    ],
    "val_loss": [
        0.5267461389303207,
        0.47515155375003815,
        0.4604983627796173,
        0.4626845419406891,
        0.46483665704727173,
        0.4825412184000015,
        0.5001455545425415,
        0.545788899064064,
        0.5416737943887711,
        0.5388751327991486,
        0.6216854453086853,
        0.5782580077648163,
        0.6017531305551529,
        0.6254714131355286,
        0.5998612344264984,
        0.6343379467725754,
        0.6458901464939117,
        0.707118570804596,
        0.6821814775466919,
        0.7099415063858032,
        0.7303492426872253,
        0.7299441397190094,
        0.7592740654945374,
        0.7669955790042877,
        0.8006445467472076,
        0.7775473296642303,
        0.7726088166236877,
        0.7703851461410522,
        0.7828536331653595,
        0.7918965518474579,
        0.7997169196605682,
        0.7978249490261078,
        0.8089655339717865,
        0.8106670379638672,
        0.8120052516460419,
        0.8228805363178253,
        0.8338274955749512,
        0.8451659083366394,
        0.8528551459312439,
        0.8566213250160217,
        0.8642230331897736,
        0.8714852333068848,
        0.8794732093811035,
        0.8811419606208801,
        0.8849909901618958,
        0.8931135833263397,
        0.8974794149398804,
        0.9022959470748901,
        0.9087430834770203,
        0.9137177765369415
    ],
    "val_mcc": [
        0.5700355973915344,
        0.6030710063455536,
        0.6030710063455536,
        0.6371165579527096,
        0.6030710063455536,
        0.6371165579527096,
        0.6038961038961039,
        0.5183982683982684,
        0.5771335508376638,
        0.6049759218314941,
        0.5000432881694244,
        0.6038961038961039,
        0.5702248022984665,
        0.5559204302180297,
        0.5700355973915344,
        0.5771335508376638,
        0.6030710063455536,
        0.5183982683982684,
        0.6038961038961039,
        0.5771335508376638,
        0.6038961038961039,
        0.6038961038961039,
        0.5475174757500252,
        0.5700355973915344,
        0.5771335508376638,
        0.5700355973915344,
        0.6038961038961039,
        0.6382304303121595,
        0.6362683048979794,
        0.607338671255336,
        0.607338671255336,
        0.6382304303121595,
        0.6699134199134199,
        0.6382304303121595,
        0.6699134199134199,
        0.6699134199134199,
        0.6699134199134199,
        0.6699134199134199,
        0.6699134199134199,
        0.6699134199134199,
        0.6699134199134199,
        0.6699134199134199,
        0.6699134199134199,
        0.6699134199134199,
        0.6699134199134199,
        0.6699134199134199,
        0.6699134199134199,
        0.6699134199134199,
        0.6699134199134199,
        0.6699134199134199
    ],
    "val_auroc": [
        0.8831168831168832,
        0.8690476190476191,
        0.8733766233766234,
        0.8658008658008658,
        0.8658008658008658,
        0.8668831168831168,
        0.8744588744588744,
        0.8777056277056277,
        0.882034632034632,
        0.8593073593073592,
        0.8722943722943722,
        0.8593073593073592,
        0.8463203463203464,
        0.8777056277056277,
        0.8625541125541125,
        0.8733766233766234,
        0.8593073593073594,
        0.8603896103896104,
        0.8603896103896104,
        0.8636363636363636,
        0.8560606060606062,
        0.8506493506493507,
        0.8582251082251081,
        0.8398268398268399,
        0.8441558441558442,
        0.8441558441558442,
        0.8528138528138528,
        0.8593073593073592,
        0.8625541125541125,
        0.8614718614718614,
        0.8668831168831168,
        0.8679653679653678,
        0.8679653679653679,
        0.8679653679653679,
        0.8712121212121213,
        0.8712121212121212,
        0.8679653679653679,
        0.8668831168831168,
        0.8658008658008658,
        0.8679653679653679,
        0.8668831168831168,
        0.8679653679653679,
        0.8690476190476191,
        0.8712121212121211,
        0.8722943722943723,
        0.8722943722943723,
        0.8701298701298701,
        0.8712121212121211,
        0.8712121212121212,
        0.8722943722943722
    ]
}