{
    "train_loss": [
        0.6532882750034332,
        0.5275154113769531,
        0.4508185312151909,
        0.41861171647906303,
        0.3896568603813648,
        0.36651962250471115,
        0.3371439389884472,
        0.3231107573956251,
        0.29989724420011044,
        0.30983814783394337,
        0.26872461661696434,
        0.25003352016210556,
        0.20977322850376368,
        0.19794864021241665,
        0.1745411902666092,
        0.18410512898117304,
        0.1430025864392519,
        0.12573300208896399,
        0.11369196325540543,
        0.0747178066521883,
        0.05424265842884779,
        0.0418488800060004,
        0.031108330003917217,
        0.03360274760052562,
        0.032053659204393625,
        0.04461991530843079,
        0.04026147536933422,
        0.03367083834018558,
        0.023653823300264776,
        0.022107726894319057,
        0.038892418844625354,
        0.058558661257848144,
        0.08457095187623054,
        0.07452228933107108,
        0.030090187210589647,
        0.021265236660838127,
        0.01420392282307148,
        0.008795390196610242,
        0.007847649860195816,
        0.005981971276924014,
        0.0049176960601471364,
        0.004463771998416632,
        0.004054918186739087,
        0.0038716319540981203,
        0.0036583096953108907,
        0.003483655513264239,
        0.0033442855637986213,
        0.003212396608432755,
        0.0031191406887955964,
        0.0029671156662516296
    ],
    "val_loss": [
        0.557213544845581,
        0.457470640540123,
        0.3949625790119171,
        0.3708284944295883,
        0.3637053966522217,
        0.35254500806331635,
        0.33851444721221924,
        0.33787398040294647,
        0.3834119439125061,
        0.31317138671875,
        0.3998243808746338,
        0.32663801312446594,
        0.3528476059436798,
        0.3347156345844269,
        0.4858643561601639,
        0.32739028334617615,
        0.3433370590209961,
        0.4434197396039963,
        0.3869192749261856,
        0.40349069237709045,
        0.3808961361646652,
        0.4633394032716751,
        0.3877471089363098,
        0.5530842244625092,
        0.3900197148323059,
        0.41815657913684845,
        0.5881489813327789,
        0.4329947829246521,
        0.5697538554668427,
        0.4411861151456833,
        0.6041507422924042,
        0.5913486480712891,
        0.4204885810613632,
        0.566021054983139,
        0.4870360344648361,
        0.5346577763557434,
        0.6219825148582458,
        0.4842551499605179,
        0.4828736335039139,
        0.5244728624820709,
        0.5557851791381836,
        0.5746821165084839,
        0.5829643905162811,
        0.591410756111145,
        0.5975012481212616,
        0.6045139133930206,
        0.6130980849266052,
        0.6190959215164185,
        0.6255536377429962,
        0.6317121684551239
    ],
    "val_mcc": [
        0.7359307359307359,
        0.7087415755146639,
        0.7745455878531639,
        0.7745455878531639,
        0.7164502164502164,
        0.7451421267603893,
        0.7745455878531639,
        0.738946695932336,
        0.6883858452309196,
        0.7687337199108693,
        0.6338267994779108,
        0.7687337199108693,
        0.7041053139822809,
        0.7359307359307359,
        0.5943466518233755,
        0.7687337199108693,
        0.7687337199108693,
        0.6221531377244747,
        0.673142683593836,
        0.6429375631761639,
        0.7041053139822809,
        0.673142683593836,
        0.7687337199108693,
        0.673142683593836,
        0.7687337199108693,
        0.7025010124044243,
        0.6429375631761639,
        0.7359307359307359,
        0.673142683593836,
        0.770900069261196,
        0.6133923594201466,
        0.673142683593836,
        0.7173670909562075,
        0.6133923594201466,
        0.6695942095771606,
        0.7359307359307359,
        0.6133923594201466,
        0.7687337199108693,
        0.7687337199108693,
        0.7687337199108693,
        0.7359307359307359,
        0.7359307359307359,
        0.7359307359307359,
        0.7359307359307359,
        0.7359307359307359,
        0.7359307359307359,
        0.7359307359307359,
        0.7041053139822809,
        0.7041053139822809,
        0.7041053139822809
    ],
    "val_auroc": [
        0.9523809523809523,
        0.9318181818181818,
        0.9285714285714286,
        0.9372294372294372,
        0.9393939393939394,
        0.9318181818181818,
        0.9318181818181819,
        0.9307359307359307,
        0.9296536796536796,
        0.9264069264069263,
        0.9231601731601731,
        0.9231601731601731,
        0.920995670995671,
        0.9264069264069263,
        0.9285714285714286,
        0.9318181818181818,
        0.920995670995671,
        0.9209956709956709,
        0.9188311688311689,
        0.922077922077922,
        0.9242424242424243,
        0.922077922077922,
        0.9188311688311689,
        0.9177489177489178,
        0.9253246753246753,
        0.9199134199134199,
        0.9318181818181818,
        0.9393939393939393,
        0.9123376623376623,
        0.9383116883116883,
        0.935064935064935,
        0.9004329004329004,
        0.9415584415584416,
        0.9253246753246754,
        0.9199134199134199,
        0.9166666666666666,
        0.9372294372294372,
        0.9415584415584415,
        0.935064935064935,
        0.9329004329004329,
        0.9329004329004329,
        0.9318181818181819,
        0.9296536796536796,
        0.9274891774891776,
        0.9274891774891776,
        0.9264069264069265,
        0.9264069264069265,
        0.9264069264069265,
        0.9264069264069265,
        0.9264069264069265
    ]
}