{
    "train_loss": [
        0.5946991890668869,
        0.45951197296380997,
        0.4058421365916729,
        0.37721624970436096,
        0.34034680388867855,
        0.3155932389199734,
        0.2839861083775759,
        0.255173372104764,
        0.2269084919244051,
        0.18698562867939472,
        0.18686462938785553,
        0.15105995628982782,
        0.12081901961937547,
        0.10741321090608835,
        0.11650050058960915,
        0.0866355262696743,
        0.07567504793405533,
        0.07282911660149693,
        0.06220839265733957,
        0.0625283548142761,
        0.045388781698420644,
        0.03848754893988371,
        0.033537656301632524,
        0.02871239371597767,
        0.03065406158566475,
        0.020734456134960055,
        0.01814731420017779,
        0.017668920452706516,
        0.013417535345070064,
        0.010985844535753131,
        0.009371852152980864,
        0.00813248660415411,
        0.007487693219445646,
        0.00670269678812474,
        0.006683458166662604,
        0.005806168133858591,
        0.00548554741544649,
        0.0049992791609838605,
        0.005046478065196425,
        0.004453555069630966,
        0.004177316935965791,
        0.0039919575792737305,
        0.003934980079066008,
        0.0036144981859251857,
        0.003471683361567557,
        0.003287444997113198,
        0.0031413833203259856,
        0.003018504532519728,
        0.0029021718073636293,
        0.0027753570466302335
    ],
    "val_loss": [
        0.4905911386013031,
        0.41434629261493683,
        0.3939293771982193,
        0.37601178884506226,
        0.38032810389995575,
        0.38230104744434357,
        0.3716808259487152,
        0.3708161264657974,
        0.3722373992204666,
        0.45087379217147827,
        0.3878719061613083,
        0.3999987095594406,
        0.42754702270030975,
        0.4752303957939148,
        0.4603571593761444,
        0.4598124325275421,
        0.5037185549736023,
        0.5050593614578247,
        0.5030844956636429,
        0.5401332229375839,
        0.5268888771533966,
        0.5769152343273163,
        0.5660270750522614,
        0.6014269590377808,
        0.6020279675722122,
        0.5626367330551147,
        0.5931804180145264,
        0.5697425901889801,
        0.5790608525276184,
        0.5774489343166351,
        0.5754729211330414,
        0.5756847560405731,
        0.583186149597168,
        0.5994227230548859,
        0.6063165962696075,
        0.5773952603340149,
        0.6033983677625656,
        0.630750834941864,
        0.6403742730617523,
        0.6220607757568359,
        0.6275080442428589,
        0.6426092386245728,
        0.6478899419307709,
        0.6406333446502686,
        0.6511352956295013,
        0.6630939841270447,
        0.6671917140483856,
        0.6679596602916718,
        0.6743712723255157,
        0.6832079589366913
    ],
    "val_mcc": [
        0.6695942095771606,
        0.6723181321083574,
        0.7025010124044243,
        0.7025010124044243,
        0.673142683593836,
        0.673142683593836,
        0.6723181321083574,
        0.7041053139822809,
        0.6695942095771606,
        0.6133923594201466,
        0.7041053139822809,
        0.6699134199134199,
        0.7041053139822809,
        0.6881512618769879,
        0.7041053139822809,
        0.6699134199134199,
        0.6699134199134199,
        0.6699134199134199,
        0.6699134199134199,
        0.6429375631761639,
        0.6699134199134199,
        0.6699134199134199,
        0.6699134199134199,
        0.6699134199134199,
        0.6699134199134199,
        0.6699134199134199,
        0.6382304303121595,
        0.6699134199134199,
        0.6382304303121595,
        0.6382304303121595,
        0.6382304303121595,
        0.6382304303121595,
        0.6382304303121595,
        0.6382304303121595,
        0.6382304303121595,
        0.7025010124044243,
        0.6382304303121595,
        0.6382304303121595,
        0.6382304303121595,
        0.6699134199134199,
        0.6699134199134199,
        0.6382304303121595,
        0.6382304303121595,
        0.6699134199134199,
        0.6699134199134199,
        0.6382304303121595,
        0.6382304303121595,
        0.6382304303121595,
        0.6382304303121595,
        0.6382304303121595
    ],
    "val_auroc": [
        0.932900432900433,
        0.9361471861471861,
        0.9253246753246753,
        0.9264069264069265,
        0.9285714285714285,
        0.9177489177489178,
        0.9166666666666666,
        0.9155844155844156,
        0.9101731601731602,
        0.9123376623376623,
        0.9036796536796536,
        0.9155844155844156,
        0.9199134199134199,
        0.9166666666666667,
        0.9025974025974025,
        0.9177489177489178,
        0.9058441558441559,
        0.9112554112554112,
        0.9199134199134199,
        0.8982683982683982,
        0.908008658008658,
        0.9004329004329004,
        0.9112554112554112,
        0.9058441558441559,
        0.9155844155844156,
        0.9155844155844157,
        0.908008658008658,
        0.9145021645021646,
        0.9145021645021645,
        0.9123376623376623,
        0.9166666666666667,
        0.9188311688311688,
        0.9188311688311688,
        0.9188311688311688,
        0.9199134199134198,
        0.920995670995671,
        0.9199134199134199,
        0.9199134199134199,
        0.9209956709956709,
        0.9264069264069263,
        0.9264069264069263,
        0.9264069264069263,
        0.9264069264069263,
        0.9253246753246753,
        0.9253246753246753,
        0.9264069264069263,
        0.9264069264069263,
        0.9264069264069263,
        0.9264069264069263,
        0.9264069264069263
    ]
}