{
    "train_loss": [
        0.6290223449468613,
        0.4805196411907673,
        0.4137931317090988,
        0.37842872738838196,
        0.33891431987285614,
        0.308818057179451,
        0.27634562738239765,
        0.25350424088537693,
        0.24468805082142353,
        0.2038363367319107,
        0.17750876955688,
        0.16246696468442678,
        0.1463968576863408,
        0.13277830462902784,
        0.1177182151004672,
        0.0991687010973692,
        0.09175123367458582,
        0.08803049800917506,
        0.0720286313444376,
        0.08996349084191024,
        0.0735711706802249,
        0.06583529524505138,
        0.048480644123628736,
        0.04488155338913202,
        0.02941714646294713,
        0.02633087197318673,
        0.021081833401694894,
        0.01725956948939711,
        0.015378505340777338,
        0.011685102828778327,
        0.010050830198451877,
        0.008534369466360658,
        0.007841433747671545,
        0.006757086142897606,
        0.006176477763801813,
        0.005613414628896862,
        0.00523774279281497,
        0.0048478065291419625,
        0.004554769140668213,
        0.004486521997023374,
        0.004100880993064493,
        0.0038723775069229305,
        0.0036310463619884104,
        0.0035038653877563775,
        0.003265292732976377,
        0.0032178858236875385,
        0.0029845586395822465,
        0.0028634887712541968,
        0.0027249414124526083,
        0.0026231784431729466
    ],
    "val_loss": [
        0.5392333567142487,
        0.45268164575099945,
        0.40796877443790436,
        0.39446821808815,
        0.39174884557724,
        0.39716674387454987,
        0.39771072566509247,
        0.4370002746582031,
        0.44008032977581024,
        0.45760880410671234,
        0.4643024355173111,
        0.4786389023065567,
        0.5216978192329407,
        0.505376011133194,
        0.532593697309494,
        0.5623777061700821,
        0.5227806866168976,
        0.5675451010465622,
        0.5762047171592712,
        0.5514834970235825,
        0.5383126139640808,
        0.5672943741083145,
        0.56060990691185,
        0.6248073279857635,
        0.6164716929197311,
        0.6433535516262054,
        0.6908202916383743,
        0.6721557676792145,
        0.7251448929309845,
        0.7019016742706299,
        0.7165713906288147,
        0.7215639352798462,
        0.7290704399347305,
        0.7241179049015045,
        0.7434073686599731,
        0.7447959631681442,
        0.7564487010240555,
        0.7579813003540039,
        0.7622767090797424,
        0.7683829963207245,
        0.7970198839902878,
        0.7897805720567703,
        0.7827732861042023,
        0.8005865812301636,
        0.8091018199920654,
        0.8072521686553955,
        0.8266248404979706,
        0.8300561606884003,
        0.8249011039733887,
        0.8263786137104034
    ],
    "val_mcc": [
        0.7054429982194027,
        0.7054429982194027,
        0.7054429982194027,
        0.7054429982194027,
        0.7054429982194027,
        0.7002186247515697,
        0.7002186247515697,
        0.6747699033149638,
        0.636731017873357,
        0.5680190375273113,
        0.600099198148979,
        0.600099198148979,
        0.600099198148979,
        0.6324555320336759,
        0.600099198148979,
        0.6850606073292244,
        0.5640760748177662,
        0.6054442283168511,
        0.6559304988834465,
        0.6054442283168511,
        0.5640760748177662,
        0.6559304988834465,
        0.6682922888477266,
        0.6443815868826047,
        0.6443815868826047,
        0.6443815868826047,
        0.5743401100475389,
        0.5743401100475389,
        0.6141922686399942,
        0.6141922686399942,
        0.6141922686399942,
        0.6141922686399942,
        0.6141922686399942,
        0.6141922686399942,
        0.6141922686399942,
        0.6141922686399942,
        0.6141922686399942,
        0.6141922686399942,
        0.6141922686399942,
        0.6141922686399942,
        0.6141922686399942,
        0.6141922686399942,
        0.6443815868826047,
        0.6141922686399942,
        0.6141922686399942,
        0.6443815868826047,
        0.6141922686399942,
        0.6141922686399942,
        0.6443815868826047,
        0.6443815868826047
    ],
    "val_auroc": [
        0.8939732142857142,
        0.8950892857142857,
        0.9174107142857142,
        0.9084821428571428,
        0.9207589285714286,
        0.8995535714285714,
        0.9029017857142857,
        0.8962053571428571,
        0.8917410714285714,
        0.8895089285714287,
        0.8850446428571429,
        0.8928571428571429,
        0.8694196428571428,
        0.8783482142857143,
        0.8850446428571428,
        0.8828125,
        0.8828125,
        0.8772321428571429,
        0.9006696428571428,
        0.8828125,
        0.8816964285714286,
        0.8973214285714286,
        0.888392857142857,
        0.8816964285714286,
        0.8828125,
        0.8839285714285714,
        0.8805803571428571,
        0.8850446428571428,
        0.890625,
        0.8939732142857143,
        0.8984375,
        0.9017857142857143,
        0.8984375,
        0.9040178571428572,
        0.9040178571428572,
        0.90625,
        0.9084821428571429,
        0.9107142857142857,
        0.9095982142857143,
        0.9095982142857143,
        0.9073660714285714,
        0.9107142857142857,
        0.9095982142857143,
        0.9095982142857143,
        0.9095982142857143,
        0.9084821428571428,
        0.9095982142857143,
        0.9095982142857143,
        0.9084821428571428,
        0.9084821428571428
    ]
}