{
    "train_loss": [
        0.5803848952054977,
        0.4481676258146763,
        0.38211632892489433,
        0.3692612051963806,
        0.3529580794274807,
        0.3134288527071476,
        0.2992197461426258,
        0.276448518037796,
        0.2510314453393221,
        0.23186759650707245,
        0.2062540864571929,
        0.18599453940987587,
        0.16130808740854263,
        0.13612747564911842,
        0.1179505274631083,
        0.11108187818899751,
        0.0952326999977231,
        0.07234314153902233,
        0.058984838193282485,
        0.04862359422259033,
        0.04025279148481786,
        0.0426053109113127,
        0.037085632560774684,
        0.03605342470109463,
        0.04010427661705762,
        0.04368100268766284,
        0.03204533620737493,
        0.024177803192287683,
        0.02250629896298051,
        0.030668243416585028,
        0.0451321309665218,
        0.02081581170205027,
        0.017135235015302896,
        0.015215889317914844,
        0.014462309773080051,
        0.011407740239519626,
        0.005992619728203863,
        0.0059180386597290635,
        0.004512386454734951,
        0.004001420806162059,
        0.0037279115931596607,
        0.0034623030805960298,
        0.00321753163007088,
        0.003066683013457805,
        0.002924973436165601,
        0.002791651670122519,
        0.002685640094568953,
        0.0025792712694965303,
        0.0024742855166550726,
        0.0023770747939124703
    ],
    "val_loss": [
        0.4886692315340042,
        0.45586735010147095,
        0.41214221715927124,
        0.4107375741004944,
        0.38620539009571075,
        0.376370906829834,
        0.38333988189697266,
        0.37530167400836945,
        0.3757063001394272,
        0.36870385706424713,
        0.3670932799577713,
        0.34931883215904236,
        0.36955544352531433,
        0.3592008724808693,
        0.35570022463798523,
        0.37940341234207153,
        0.4029701203107834,
        0.39152707159519196,
        0.40584196150302887,
        0.4114510416984558,
        0.45432569086551666,
        0.4339406192302704,
        0.5008981823921204,
        0.45568110048770905,
        0.47231239080429077,
        0.5227100551128387,
        0.5625407248735428,
        0.5504532307386398,
        0.6783564984798431,
        0.6344400346279144,
        0.5830839723348618,
        0.614558532834053,
        0.6719554364681244,
        0.7418555617332458,
        0.6778306812047958,
        0.6668997257947922,
        0.6615808755159378,
        0.6480699479579926,
        0.645625114440918,
        0.6502179801464081,
        0.6576537787914276,
        0.6650871634483337,
        0.670785054564476,
        0.6756649315357208,
        0.6803101748228073,
        0.6837735921144485,
        0.6881706863641739,
        0.6920124292373657,
        0.6950454413890839,
        0.6988085508346558
    ],
    "val_mcc": [
        0.6632996632996633,
        0.6067099699809587,
        0.6326312661279128,
        0.6067099699809587,
        0.5945883900105631,
        0.5945883900105631,
        0.6000059924121083,
        0.5959595959595959,
        0.6312279884865479,
        0.667045768100612,
        0.7340855437891157,
        0.6983799021553296,
        0.6983799021553296,
        0.7304943077272633,
        0.7306397306397306,
        0.6983799021553296,
        0.667045768100612,
        0.7304943077272633,
        0.6983799021553296,
        0.6983799021553296,
        0.7021511854826284,
        0.7639496026464712,
        0.6365239496641676,
        0.7304943077272633,
        0.7021511854826284,
        0.667045768100612,
        0.5775064575515225,
        0.7410080177880776,
        0.5775064575515225,
        0.5695214286468868,
        0.6649284750350865,
        0.6625413488689132,
        0.5959595959595959,
        0.5607501255725158,
        0.5640760748177662,
        0.6000059924121083,
        0.5960239698501034,
        0.5960239698501034,
        0.6963434431202348,
        0.6963434431202348,
        0.6963434431202348,
        0.6963434431202348,
        0.6963434431202348,
        0.6963434431202348,
        0.6963434431202348,
        0.6963434431202348,
        0.6963434431202348,
        0.6963434431202348,
        0.6963434431202348,
        0.6963434431202348
    ],
    "val_auroc": [
        0.8978675645342311,
        0.9057239057239057,
        0.8978675645342312,
        0.9214365881032548,
        0.9191919191919192,
        0.9191919191919192,
        0.9180695847362514,
        0.9225589225589226,
        0.9315375982042648,
        0.9259259259259259,
        0.9270482603815937,
        0.9326599326599326,
        0.9281705948372615,
        0.9281705948372615,
        0.924803591470258,
        0.9214365881032547,
        0.9225589225589225,
        0.9169472502805835,
        0.9169472502805835,
        0.9169472502805835,
        0.9191919191919191,
        0.9180695847362513,
        0.9079685746352413,
        0.9191919191919191,
        0.9191919191919191,
        0.9102132435465768,
        0.8945005611672279,
        0.9012345679012346,
        0.8731762065095398,
        0.8978675645342312,
        0.8945005611672279,
        0.8933782267115601,
        0.8832772166105499,
        0.8709315375982043,
        0.8900112233445566,
        0.9001122334455668,
        0.9023569023569022,
        0.909090909090909,
        0.9113355780022447,
        0.9102132435465768,
        0.9102132435465768,
        0.9079685746352413,
        0.9079685746352413,
        0.9090909090909091,
        0.9068462401795735,
        0.9057239057239057,
        0.9057239057239057,
        0.9046015712682378,
        0.9046015712682379,
        0.9046015712682379
    ]
}