{
    "train_loss": [
        0.5242119699716568,
        0.3536061614751816,
        0.28589943796396255,
        0.23669910579919815,
        0.20470932722091675,
        0.1784225136041641,
        0.14947249367833138,
        0.1279720664024353,
        0.12164664715528488,
        0.1021119624376297,
        0.09834389239549637,
        0.09093876481056214,
        0.0784907016903162,
        0.08125565946102142,
        0.0907930176705122,
        0.06413893103599548,
        0.07248411662876605,
        0.09114006459712982,
        0.05910154283046722,
        0.05385102890431881,
        0.08094362448900938,
        0.03910432793200016,
        0.04264935627579689,
        0.042192522436380386,
        0.03075090665370226,
        0.038113372027873994,
        0.026886340975761414,
        0.024861936829984187,
        0.026574631128460167,
        0.020521090552210807,
        0.022812467813491822,
        0.02355586290359497,
        0.01592018287628889,
        0.025720886327326296,
        0.01588177876546979,
        0.026393653824925423,
        0.019549026107415556,
        0.019146906165406107,
        0.011879849620163441,
        0.013467970862984657,
        0.021512728882953525,
        0.00924395746551454,
        0.012807822832837702,
        0.019104528054594994,
        0.009607452061027288,
        0.011354615446180105,
        0.015041909273713827,
        0.023954401863738893,
        0.016161785740405322,
        0.010159926349297166
    ],
    "val_loss": [
        0.588451067606608,
        0.4087597479422887,
        0.30757736414670944,
        0.24555052320162454,
        0.20335634549458823,
        0.17550022900104523,
        0.1504626323779424,
        0.12863426903883615,
        0.11259899536768596,
        0.10124976933002472,
        0.09674027810494105,
        0.08892182509104411,
        0.08171192308266957,
        0.07572223742802937,
        0.07023011644681294,
        0.07007492085297902,
        0.06415314475695293,
        0.05474026997884115,
        0.04997945576906204,
        0.052052283038695656,
        0.0436527319252491,
        0.04224800318479538,
        0.044506619373957314,
        0.03934217492739359,
        0.042659129947423935,
        0.040501839170853295,
        0.04044738598167896,
        0.03772892554601034,
        0.03721775487065315,
        0.0398307703435421,
        0.04079193249344826,
        0.043031688779592514,
        0.04123622799913088,
        0.050975303476055465,
        0.04372324204693238,
        0.034661683874825634,
        0.022628202413519222,
        0.03494884508351485,
        0.033890133102734886,
        0.030439117923378944,
        0.0315252710133791,
        0.0373106130088369,
        0.0424452635149161,
        0.035234168792764343,
        0.023031233499447506,
        0.030619739244381588,
        0.039149093286444746,
        0.03403734602034092,
        0.029734433473398287,
        0.038950552543004356
    ],
    "val_mcc": [
        0.5222329678670935,
        0.6659416347320275,
        0.8143450710459553,
        0.8783100656536799,
        0.8783100656536799,
        0.9009798587550961,
        0.9486832980505139,
        0.9738516810963534,
        0.9738516810963534,
        0.9738516810963534,
        0.9738516810963534,
        0.9738516810963534,
        0.9738516810963534,
        0.9738516810963534,
        0.9738516810963534,
        0.9738516810963534,
        0.9738516810963534,
        0.9738516810963534,
        0.9738516810963534,
        0.9738516810963534,
        0.9738516810963534,
        0.9738516810963534,
        0.9738516810963534,
        0.9738516810963534,
        0.9738516810963534,
        0.9738516810963534,
        0.9738516810963534,
        0.9738516810963534,
        0.9738516810963534,
        0.9738516810963534,
        0.9486832980505139,
        0.9738516810963534,
        0.9738516810963534,
        0.9244162777371754,
        0.9738516810963534,
        0.9738516810963534,
        0.9738516810963534,
        0.9738516810963534,
        0.9738516810963534,
        0.9738516810963534,
        0.9738516810963534,
        0.9738516810963534,
        0.9738516810963534,
        0.9738516810963534,
        0.9738516810963534,
        0.9738516810963534,
        0.9486832980505139,
        0.9486832980505139,
        0.9738516810963534,
        0.9738516810963534
    ],
    "val_auroc": [
        1.0,
        1.0,
        1.0,
        1.0,
        1.0,
        1.0,
        1.0,
        1.0,
        1.0,
        1.0,
        1.0,
        1.0,
        1.0,
        1.0,
        1.0,
        1.0,
        1.0,
        1.0,
        1.0,
        1.0,
        1.0,
        1.0,
        1.0,
        1.0,
        1.0,
        1.0,
        1.0,
        1.0,
        1.0,
        1.0,
        1.0,
        1.0,
        1.0,
        1.0,
        1.0,
        1.0,
        1.0,
        1.0,
        1.0,
        1.0,
        1.0,
        1.0,
        1.0,
        1.0,
        1.0,
        1.0,
        1.0,
        1.0,
        1.0,
        1.0
    ]
}