{
    "train_loss": [
        0.6166251122951507,
        0.4056849151849747,
        0.33567031025886535,
        0.2761747032403946,
        0.23092417567968368,
        0.20797659009695052,
        0.18932226300239563,
        0.16368768066167833,
        0.14503022506833077,
        0.12332716211676598,
        0.12026714831590653,
        0.09847272709012031,
        0.09647897854447365,
        0.10551729872822761,
        0.07864441461861134,
        0.0654117327183485,
        0.07980021089315414,
        0.06409203559160233,
        0.05140489935874939,
        0.049985827319324015,
        0.03964347690343857,
        0.042744434997439386,
        0.05001684930175543,
        0.03601034115999937,
        0.03459429852664471,
        0.032153543643653394,
        0.045622219890356065,
        0.03230529204010964,
        0.028313098940998316,
        0.02714795870706439,
        0.024263888131827116,
        0.04605969553813338,
        0.02227423544973135,
        0.02193564996123314,
        0.021529735159128906,
        0.039965571090579036,
        0.014326759614050388,
        0.0420634051784873,
        0.015229428000748158,
        0.029428137838840483,
        0.024884566478431226,
        0.01711490685120225,
        0.016169701283797622,
        0.0218852911144495,
        0.02469076537527144,
        0.010728765791282058,
        0.01605244316160679,
        0.011246212944388389,
        0.014927452569827438,
        0.013623569859191775
    ],
    "val_loss": [
        0.6155982613563538,
        0.43694833914438885,
        0.3158239970604579,
        0.2611553793152173,
        0.22423853973547617,
        0.19786925117174783,
        0.1744562735160192,
        0.15928437809149423,
        0.14603945116202036,
        0.13571809232234955,
        0.12480384111404419,
        0.11803859720627467,
        0.11156416187683742,
        0.11080589890480042,
        0.1059841588139534,
        0.09871334830919902,
        0.09564604858557384,
        0.09405544151862462,
        0.09460046639045079,
        0.09357914080222447,
        0.09022330492734909,
        0.08819185694058736,
        0.0916990414261818,
        0.09276136755943298,
        0.09356290598710378,
        0.09049775699774425,
        0.09027490019798279,
        0.09882035106420517,
        0.10215781380732854,
        0.10107296705245972,
        0.11882960299650829,
        0.11319286127885182,
        0.1040708248813947,
        0.10511249055465062,
        0.1203258956472079,
        0.1250499039888382,
        0.1147705465555191,
        0.10901154826084773,
        0.11082129428784053,
        0.12185287723938625,
        0.10671263933181763,
        0.10642419755458832,
        0.11449024081230164,
        0.1130464772383372,
        0.10162476946910222,
        0.10510646551847458,
        0.10334301988283794,
        0.10627094159523646,
        0.12139155715703964,
        0.12245343873898189
    ],
    "val_mcc": [
        0.8783100656536799,
        0.7745966692414834,
        0.8143450710459553,
        0.8783100656536799,
        0.9009798587550961,
        0.9009798587550961,
        0.9244162777371754,
        0.9486832980505139,
        0.9244162777371754,
        0.9486832980505139,
        0.9486832980505139,
        0.9486832980505139,
        0.9486832980505139,
        0.9244162777371754,
        0.9486832980505139,
        0.9486832980505139,
        0.9486832980505139,
        0.9486832980505139,
        0.9486832980505139,
        0.9486832980505139,
        0.9486832980505139,
        0.9486832980505139,
        0.9486832980505139,
        0.9486832980505139,
        0.9486832980505139,
        0.9486832980505139,
        0.9486832980505139,
        0.9486832980505139,
        0.9486832980505139,
        0.9486832980505139,
        0.9486832980505139,
        0.9486832980505139,
        0.9486832980505139,
        0.9486832980505139,
        0.9486832980505139,
        0.9244162777371754,
        0.9486832980505139,
        0.9486832980505139,
        0.9486832980505139,
        0.9486832980505139,
        0.9486832980505139,
        0.9486832980505139,
        0.9486832980505139,
        0.9486832980505139,
        0.9486832980505139,
        0.9486832980505139,
        0.9486832980505139,
        0.9486832980505139,
        0.9486832980505139,
        0.9486832980505139
    ],
    "val_auroc": [
        0.9873333333333333,
        0.9886666666666667,
        0.9913333333333334,
        0.9933333333333334,
        0.9933333333333334,
        0.9946666666666667,
        0.9946666666666667,
        0.994,
        0.994,
        0.994,
        0.994,
        0.994,
        0.994,
        0.994,
        0.994,
        0.9946666666666667,
        0.994,
        0.994,
        0.9933333333333334,
        0.9926666666666666,
        0.9926666666666666,
        0.9913333333333334,
        0.99,
        0.99,
        0.99,
        0.9906666666666666,
        0.9893333333333333,
        0.9886666666666667,
        0.9886666666666667,
        0.988,
        0.9873333333333334,
        0.9866666666666667,
        0.9873333333333334,
        0.9873333333333334,
        0.9873333333333333,
        0.986,
        0.984,
        0.984,
        0.9873333333333333,
        0.9893333333333333,
        0.9886666666666667,
        0.9886666666666667,
        0.9886666666666667,
        0.9886666666666667,
        0.9893333333333333,
        0.9906666666666667,
        0.9913333333333334,
        0.9913333333333334,
        0.9886666666666667,
        0.9866666666666667
    ]
}