{
    "train_loss": [
        0.6539109349250793,
        0.41360750496387483,
        0.3162207454442978,
        0.27109389901161196,
        0.2509778991341591,
        0.22326733767986298,
        0.18660707920789718,
        0.18049611747264863,
        0.14669912159442902,
        0.1392024502158165,
        0.12219629883766174,
        0.1100573293864727,
        0.10409429669380188,
        0.08792958110570907,
        0.07276423871517182,
        0.0859734520316124,
        0.084731949493289,
        0.07864368557929993,
        0.06285901181399822,
        0.05589037984609604,
        0.06950805056840181,
        0.04872576333582401,
        0.05941697284579277,
        0.07118257638067008,
        0.05792075321078301,
        0.03534222114831209,
        0.03381974156945944,
        0.03723442032933235,
        0.028809573501348495,
        0.038314832001924516,
        0.03973974511027336,
        0.028826584108173847,
        0.053894365951418874,
        0.029875161312520503,
        0.024408317543566226,
        0.022528597991913556,
        0.03466200865805149,
        0.019006132800132036,
        0.03273465344682336,
        0.02448607636615634,
        0.020154717937111856,
        0.020203852374106646,
        0.02942972183227539,
        0.01226241234689951,
        0.011423563165590168,
        0.02569332839921117,
        0.023272225633263588,
        0.01762952022254467,
        0.008110792934894561,
        0.014605053653940558
    ],
    "val_loss": [
        0.6233888864517212,
        0.432029922803243,
        0.29714533189932507,
        0.23735254257917404,
        0.20172305156787237,
        0.17326357712348303,
        0.15199048817157745,
        0.1362407331665357,
        0.12297245860099792,
        0.10584711283445358,
        0.09406208743651708,
        0.08555400123198827,
        0.07587907711664836,
        0.06894273310899734,
        0.06724551320075989,
        0.05932114770015081,
        0.05347023159265518,
        0.04780224213997523,
        0.04535582785805067,
        0.04273482163747152,
        0.03698620821038882,
        0.03417568653821945,
        0.034880792101224266,
        0.03559925779700279,
        0.028564605861902237,
        0.02690546028316021,
        0.026365652680397034,
        0.026361838604013126,
        0.02531320850054423,
        0.02361322691043218,
        0.023802484075228374,
        0.02004266281922658,
        0.022596049432953198,
        0.017958678926030796,
        0.015465817724665007,
        0.015314539894461632,
        0.015347924704353014,
        0.016308700665831566,
        0.014965568979581198,
        0.014201872671643892,
        0.012533195627232393,
        0.012392060831189156,
        0.015290246965984503,
        0.012875871732831001,
        0.01048580619196097,
        0.010614318773150444,
        0.015021492106219133,
        0.012233256051937738,
        0.009353552324076494,
        0.00848727331807216
    ],
    "val_mcc": [
        0.9214426752509267,
        0.8350432906725839,
        0.8563488385776753,
        0.9244162777371754,
        0.9486832980505139,
        0.9738516810963534,
        0.9738516810963534,
        1.0,
        1.0,
        1.0,
        1.0,
        1.0,
        1.0,
        1.0,
        1.0,
        1.0,
        1.0,
        1.0,
        1.0,
        1.0,
        1.0,
        1.0,
        1.0,
        1.0,
        1.0,
        1.0,
        1.0,
        1.0,
        1.0,
        1.0,
        1.0,
        1.0,
        1.0,
        1.0,
        1.0,
        1.0,
        1.0,
        1.0,
        1.0,
        1.0,
        1.0,
        1.0,
        1.0,
        1.0,
        1.0,
        1.0,
        1.0,
        1.0,
        1.0,
        1.0
    ],
    "val_auroc": [
        1.0,
        1.0,
        1.0,
        1.0,
        1.0,
        1.0,
        1.0,
        1.0,
        1.0,
        1.0,
        1.0,
        1.0,
        1.0,
        1.0,
        1.0,
        1.0,
        1.0,
        1.0,
        1.0,
        1.0,
        1.0,
        1.0,
        1.0,
        1.0,
        1.0,
        1.0,
        1.0,
        1.0,
        1.0,
        1.0,
        1.0,
        1.0,
        1.0,
        1.0,
        1.0,
        1.0,
        1.0,
        1.0,
        1.0,
        1.0,
        1.0,
        1.0,
        1.0,
        1.0,
        1.0,
        1.0,
        1.0,
        1.0,
        1.0,
        1.0
    ]
}