{
    "train_loss": [
        0.5401801228523254,
        0.4327566623687744,
        0.3717764407396317,
        0.3100258857011795,
        0.2830656304955482,
        0.22640161216259003,
        0.1975744590163231,
        0.17503224611282348,
        0.1555106058716774,
        0.1460207723081112,
        0.12646436244249343,
        0.11543928608298301,
        0.10530148148536682,
        0.0817369744181633,
        0.0785925917327404,
        0.08358202986419201,
        0.1026702269911766,
        0.06118353568017483,
        0.06709303297102451,
        0.05732905529439449,
        0.047646965086460116,
        0.05707777161151171,
        0.05868135169148445,
        0.04176322091370821,
        0.04633705746382475,
        0.03219855837523937,
        0.03724788259714842,
        0.04941746983677149,
        0.03035440370440483,
        0.03964470159262419,
        0.04509759210050106,
        0.031241428665816785,
        0.03592076525092125,
        0.021105413604527713,
        0.03194797048345208,
        0.03056702110916376,
        0.0481049963273108,
        0.025485753547400236,
        0.02607660721987486,
        0.03983936132863164,
        0.015509544499218464,
        0.016414057509973646,
        0.03279749061912298,
        0.016474094334989788,
        0.018155376659706235,
        0.015353808039799332,
        0.020174720045179128,
        0.026578753581270577,
        0.017409357661381363,
        0.025577789824455976
    ],
    "val_loss": [
        0.6332622369130453,
        0.500542402267456,
        0.3964388271172841,
        0.32730694611867267,
        0.2662438948949178,
        0.22923576831817627,
        0.20009238024552664,
        0.17218027512232462,
        0.1502340758840243,
        0.13212076326211294,
        0.11389761914809544,
        0.10036026189724605,
        0.0917220413684845,
        0.09003210812807083,
        0.08202569683392842,
        0.0776364083091418,
        0.06760516514380772,
        0.071185402572155,
        0.061881775657335915,
        0.05645829190810522,
        0.053039255241552986,
        0.048743889977534614,
        0.04756982376178106,
        0.048957193891207375,
        0.04268162573377291,
        0.040134675800800323,
        0.03713513041536013,
        0.04136595750848452,
        0.04261391734083494,
        0.03214226166407267,
        0.040827649335066475,
        0.04352831840515137,
        0.03581624974807104,
        0.028743368883927662,
        0.03209474931160609,
        0.029603257154424984,
        0.03084038446346919,
        0.033205319195985794,
        0.031037135670582455,
        0.027193995813528698,
        0.03296178827683131,
        0.03361330119272073,
        0.03320386136571566,
        0.030142308523257572,
        0.030220423514644306,
        0.025881001104911167,
        0.021657714620232582,
        0.017047190417846043,
        0.017292871450384457,
        0.01650158812602361
    ],
    "val_mcc": [
        0.3253956867279843,
        0.6659416347320275,
        0.8143450710459553,
        0.8563488385776753,
        0.9009798587550961,
        0.9009798587550961,
        0.9009798587550961,
        0.9009798587550961,
        0.9244162777371754,
        0.9244162777371754,
        0.9486832980505139,
        0.9486832980505139,
        0.9738516810963534,
        0.9738516810963534,
        0.9738516810963534,
        0.9486832980505139,
        0.9738516810963534,
        0.9486832980505139,
        0.9738516810963534,
        0.9738516810963534,
        0.9486832980505139,
        0.9738516810963534,
        0.9738516810963534,
        0.9738516810963534,
        0.9738516810963534,
        0.9738516810963534,
        0.9738516810963534,
        0.9738516810963534,
        0.9738516810963534,
        0.9738516810963534,
        0.9738516810963534,
        0.9738516810963534,
        0.9738516810963534,
        0.9738516810963534,
        0.9738516810963534,
        0.9738516810963534,
        0.9738516810963534,
        0.9738516810963534,
        0.9738516810963534,
        0.9738516810963534,
        0.9738516810963534,
        0.9738516810963534,
        0.9738516810963534,
        0.9738516810963534,
        0.9738516810963534,
        0.9738516810963534,
        0.9738516810963534,
        1.0,
        1.0,
        1.0
    ],
    "val_auroc": [
        1.0,
        1.0,
        1.0,
        0.9993333333333333,
        1.0,
        1.0,
        1.0,
        1.0,
        1.0,
        1.0,
        1.0,
        1.0,
        1.0,
        1.0,
        1.0,
        1.0,
        1.0,
        1.0,
        1.0,
        1.0,
        1.0,
        1.0,
        1.0,
        1.0,
        1.0,
        1.0,
        1.0,
        1.0,
        1.0,
        1.0,
        1.0,
        1.0,
        1.0,
        1.0,
        1.0,
        1.0,
        1.0,
        1.0,
        1.0,
        1.0,
        1.0,
        1.0,
        1.0,
        1.0,
        1.0,
        1.0,
        1.0,
        1.0,
        1.0,
        1.0
    ]
}