{
    "train_loss": [
        0.5383805483579636,
        0.36726827919483185,
        0.2996143877506256,
        0.25870339274406434,
        0.2279898077249527,
        0.18891012370586396,
        0.1664626866579056,
        0.15914266929030418,
        0.1375647485256195,
        0.11732774078845978,
        0.10728305354714393,
        0.10877794697880745,
        0.08062270730733871,
        0.08477585092186928,
        0.07406673468649387,
        0.06848256438970565,
        0.06423527747392654,
        0.05235117226839066,
        0.052008005976676944,
        0.047695303335785866,
        0.04194378592073918,
        0.052757378481328485,
        0.04283841419965029,
        0.03220598511397839,
        0.06295788064599037,
        0.050727885030210015,
        0.03720756210386753,
        0.027530395425856113,
        0.02457440076395869,
        0.04061290882527828,
        0.027268527261912822,
        0.0272929216735065,
        0.025396077800542115,
        0.017370533384382724,
        0.022096160985529422,
        0.03118330044671893,
        0.061680260393768546,
        0.01587273459881544,
        0.021451125107705592,
        0.015730566810816526,
        0.014794477540999652,
        0.02212962443009019,
        0.010321386996656657,
        0.0127746706828475,
        0.01372947134077549,
        0.010499122459441424,
        0.009640137292444706,
        0.010027631465345622,
        0.02528852680698037,
        0.00988709656521678
    ],
    "val_loss": [
        0.5870964924494425,
        0.4110085070133209,
        0.30003024637699127,
        0.24138508488734564,
        0.19930686553319296,
        0.16975508133570352,
        0.14480786522229513,
        0.12558961908022562,
        0.12255920966466267,
        0.11000477025906245,
        0.09831034392118454,
        0.0905317837993304,
        0.08752591411272685,
        0.08041264116764069,
        0.0748149777452151,
        0.07281704992055893,
        0.06874836484591167,
        0.06597514947255452,
        0.06108500435948372,
        0.061076611280441284,
        0.059215171883503594,
        0.05682544782757759,
        0.05655047297477722,
        0.05581761648257574,
        0.05333138878146807,
        0.05069320586820444,
        0.061598134537537895,
        0.05765531460444132,
        0.05688213681181272,
        0.061922417332728706,
        0.05950953935583433,
        0.06059538138409456,
        0.06244781737526258,
        0.06105757256348928,
        0.059530205403765045,
        0.05324629756311575,
        0.051597834254304566,
        0.049620884781082474,
        0.055950501933693886,
        0.05955944334467252,
        0.06040666252374649,
        0.05995638916889826,
        0.058074637005726494,
        0.061111116160949074,
        0.0588795921454827,
        0.06024845875799656,
        0.05910089984536171,
        0.05603507750978073,
        0.05435347184538841,
        0.05827623481551806
    ],
    "val_mcc": [
        0.6659416347320275,
        0.7942098153317111,
        0.8783100656536799,
        0.9009798587550961,
        0.9486832980505139,
        0.9486832980505139,
        0.9486832980505139,
        0.9738516810963534,
        0.9486832980505139,
        0.9738516810963534,
        0.9738516810963534,
        0.9738516810963534,
        0.9738516810963534,
        0.9738516810963534,
        0.9738516810963534,
        0.9738516810963534,
        0.9738516810963534,
        0.9738516810963534,
        0.9738516810963534,
        0.9738516810963534,
        0.9738516810963534,
        0.9738516810963534,
        0.9738516810963534,
        0.9738516810963534,
        0.9738516810963534,
        0.9738516810963534,
        0.9738516810963534,
        0.9738516810963534,
        0.9738516810963534,
        0.9738516810963534,
        0.9738516810963534,
        0.9738516810963534,
        0.9738516810963534,
        0.9738516810963534,
        0.9738516810963534,
        0.9738516810963534,
        0.9738516810963534,
        0.9738516810963534,
        0.9738516810963534,
        0.9738516810963534,
        0.9738516810963534,
        0.9738516810963534,
        0.9738516810963534,
        0.9738516810963534,
        0.9738516810963534,
        0.9738516810963534,
        0.9738516810963534,
        0.9738516810963534,
        0.9738516810963534,
        0.9738516810963534
    ],
    "val_auroc": [
        0.9946666666666667,
        0.9973333333333334,
        1.0,
        1.0,
        1.0,
        1.0,
        1.0,
        1.0,
        1.0,
        1.0,
        1.0,
        1.0,
        0.9993333333333333,
        1.0,
        1.0,
        1.0,
        1.0,
        1.0,
        1.0,
        1.0,
        1.0,
        1.0,
        1.0,
        0.9986666666666667,
        0.9993333333333333,
        0.9986666666666667,
        1.0,
        1.0,
        0.9986666666666667,
        0.998,
        0.9966666666666667,
        0.9966666666666667,
        0.9966666666666667,
        0.9966666666666667,
        0.9966666666666667,
        0.998,
        0.9986666666666667,
        0.998,
        0.9973333333333334,
        0.998,
        0.9973333333333334,
        0.998,
        0.998,
        0.998,
        0.9993333333333333,
        0.9986666666666667,
        0.9986666666666667,
        0.9966666666666667,
        0.9973333333333334,
        0.9966666666666667
    ]
}